y_true,proba,proba_calibrated,calibration_method,seed
1,0.998986360968619,1.0,isotonic,62
1,0.9997946273890426,1.0,isotonic,62
0,0.03493519133982988,0.017857142857142856,isotonic,62
0,0.12649809502056603,0.15789473684210525,isotonic,62
0,0.5501718034561361,0.5862068965517241,isotonic,62
1,0.9980285110731648,1.0,isotonic,62
0,0.23813822887821684,0.23469387755102042,isotonic,62
1,0.9983487246435128,1.0,isotonic,62
1,0.9999588900746752,1.0,isotonic,62
1,0.9999492478347081,1.0,isotonic,62
1,0.9815947073740262,1.0,isotonic,62
1,0.9999105320602455,1.0,isotonic,62
0,0.41088220965991923,0.34782608695652173,isotonic,62
1,0.9985796063550045,1.0,isotonic,62
1,0.39614215293649346,0.32432432432432434,isotonic,62
0,0.05469886377876989,0.029914529914529916,isotonic,62
0,0.7486201700415385,0.5862068965517241,isotonic,62
1,0.2931188778635182,0.3157894736842105,isotonic,62
0,0.1513754596028813,0.18269230769230768,isotonic,62
1,0.9973097061722354,1.0,isotonic,62
0,0.41584570670293314,0.34782608695652173,isotonic,62
1,0.7097268908459775,0.5862068965517241,isotonic,62
0,0.5728026242791161,0.5862068965517241,isotonic,62
0,0.12158200527551058,0.1092436974789916,isotonic,62
1,0.5687952988901027,0.5862068965517241,isotonic,62
0,0.5745647098899461,0.5862068965517241,isotonic,62
1,0.7219012079752108,0.5862068965517241,isotonic,62
0,0.24469498835715417,0.23469387755102042,isotonic,62
1,0.9815947073740262,1.0,isotonic,62
1,0.9998798054341692,1.0,isotonic,62
0,0.05932088300035342,0.029914529914529916,isotonic,62
1,0.9371311093648493,0.9,isotonic,62
0,0.11771075533619284,0.1092436974789916,isotonic,62
0,0.24206824383596656,0.23469387755102042,isotonic,62
1,0.8108107356562687,0.7142857142857143,isotonic,62
1,0.9986889236419557,1.0,isotonic,62
1,0.9999502441498849,1.0,isotonic,62
1,0.999958290484314,1.0,isotonic,62
0,0.0433709494693046,0.029914529914529916,isotonic,62
0,0.05328861516475842,0.029914529914529916,isotonic,62
0,0.15440558912582622,0.18269230769230768,isotonic,62
1,0.5461818317084758,0.5862068965517241,isotonic,62
0,0.43675438971441216,0.34782608695652173,isotonic,62
0,0.279046082640719,0.23469387755102042,isotonic,62
0,0.017131443907110962,0.0,isotonic,62
0,0.05167290705832913,0.029914529914529916,isotonic,62
0,0.02401651993997553,0.0,isotonic,62
0,0.21163258096112147,0.2138728323699422,isotonic,62
0,0.4593699123438853,0.34782608695652173,isotonic,62
0,0.04243902571069837,0.029914529914529916,isotonic,62
0,0.21049191645200852,0.2138728323699422,isotonic,62
1,0.9971426475970127,1.0,isotonic,62
0,0.5341090484568242,0.38095238095238093,isotonic,62
1,0.3097252827375776,0.3157894736842105,isotonic,62
1,0.08134210870422541,0.03125,isotonic,62
0,0.015426769960032498,0.0,isotonic,62
1,0.9677457958142422,1.0,isotonic,62
0,0.15411314167270485,0.18269230769230768,isotonic,62
0,0.12427002705559959,0.1092436974789916,isotonic,62
1,0.9984300473813412,1.0,isotonic,62
1,0.9994302629604712,1.0,isotonic,62
0,0.11955402876320916,0.1092436974789916,isotonic,62
1,0.5885408437226504,0.5862068965517241,isotonic,62
0,0.05153746890526039,0.029914529914529916,isotonic,62
1,0.2129724088169656,0.2138728323699422,isotonic,62
1,0.6506035999033927,0.5862068965517241,isotonic,62
0,0.017493362685709297,0.0,isotonic,62
1,0.08407363989691392,0.043478260869565216,isotonic,62
1,0.9999290808741257,1.0,isotonic,62
0,0.41725709995000665,0.34782608695652173,isotonic,62
1,0.997694842964605,1.0,isotonic,62
1,0.9987944735466141,1.0,isotonic,62
1,0.999828188440807,1.0,isotonic,62
1,0.9999476625947671,1.0,isotonic,62
1,0.9962541885201122,1.0,isotonic,62
1,0.9980357755718813,1.0,isotonic,62
0,0.07531943955095056,0.029914529914529916,isotonic,62
0,0.279519197611868,0.23469387755102042,isotonic,62
1,0.9998668406979041,1.0,isotonic,62
0,0.7688007899239877,0.5862068965517241,isotonic,62
0,0.0784221092680684,0.03125,isotonic,62
1,0.9999758882921608,1.0,isotonic,62
0,0.11454044299122322,0.1092436974789916,isotonic,62
0,0.03992676957566606,0.029914529914529916,isotonic,62
1,0.999301817411005,1.0,isotonic,62
0,0.27371128826215846,0.23469387755102042,isotonic,62
0,0.18578676923579876,0.2138728323699422,isotonic,62
1,0.20347670717393385,0.2138728323699422,isotonic,62
0,0.06858212760069336,0.029914529914529916,isotonic,62
1,0.9999564417735881,1.0,isotonic,62
0,0.26415650290518866,0.23469387755102042,isotonic,62
1,0.9959559143773706,1.0,isotonic,62
1,0.999481003470067,1.0,isotonic,62
0,0.04284257943246816,0.029914529914529916,isotonic,62
1,0.9998303878975067,1.0,isotonic,62
1,0.9997305829487133,1.0,isotonic,62
0,0.2860805345351383,0.26792961434102214,isotonic,62
0,0.17129097635399065,0.2138728323699422,isotonic,62
1,0.9953429796673021,1.0,isotonic,62
0,0.09680077817365193,0.1,isotonic,62
0,0.041251113947082606,0.029914529914529916,isotonic,62
0,0.22141184917573023,0.23469387755102042,isotonic,62
1,0.9997951108433026,1.0,isotonic,62
1,0.9936603944117114,1.0,isotonic,62
0,0.4269988519161256,0.34782608695652173,isotonic,62
1,0.9932234006259568,1.0,isotonic,62
0,0.08169284178684115,0.043478260869565216,isotonic,62
0,0.14846011944041984,0.18269230769230768,isotonic,62
1,0.9995978639778202,1.0,isotonic,62
0,0.012688533131850161,0.0,isotonic,62
0,0.1963648339133805,0.2138728323699422,isotonic,62
1,0.9999763943233191,1.0,isotonic,62
1,0.08795073899914593,0.043478260869565216,isotonic,62
0,0.4376425532542584,0.34782608695652173,isotonic,62
1,0.16124394585607185,0.2138728323699422,isotonic,62
0,0.048662553008813475,0.029914529914529916,isotonic,62
1,0.9999320968039499,1.0,isotonic,62
0,0.03724812544160425,0.020868480865044253,isotonic,62
0,0.24620884498749387,0.23469387755102042,isotonic,62
0,0.008872752708923154,0.0,isotonic,62
0,0.25654898408529014,0.23469387755102042,isotonic,62
0,0.06812043824976736,0.029914529914529916,isotonic,62
1,0.9978493933533188,1.0,isotonic,62
1,0.5495852718079807,0.5862068965517241,isotonic,62
0,0.08089876593449673,0.03125,isotonic,62
0,0.05540539774828727,0.029914529914529916,isotonic,62
1,0.9999536033117625,1.0,isotonic,62
0,0.04299600396021335,0.029914529914529916,isotonic,62
1,0.33200571217198593,0.3157894736842105,isotonic,62
0,0.26265065688094913,0.23469387755102042,isotonic,62
1,0.9997815048257845,1.0,isotonic,62
1,0.9984656532451502,1.0,isotonic,62
1,0.8465735230273806,0.9,isotonic,62
0,0.1829919380195604,0.2138728323699422,isotonic,62
0,0.01669430992580858,0.0,isotonic,62
0,0.03313342384068355,0.017857142857142856,isotonic,62
0,0.21553526549424779,0.23469387755102042,isotonic,62
1,0.9961272356671462,1.0,isotonic,62
1,0.9990367556928836,1.0,isotonic,62
1,0.9815947073740262,1.0,isotonic,62
1,0.9983127122367038,1.0,isotonic,62
1,0.9978792168774203,1.0,isotonic,62
0,0.15832500120994267,0.2138728323699422,isotonic,62
0,0.0739037763711316,0.029914529914529916,isotonic,62
0,0.2776110374641575,0.23469387755102042,isotonic,62
1,0.9963902822557481,1.0,isotonic,62
0,0.04721862180198431,0.029914529914529916,isotonic,62
0,0.13955957245833012,0.18269230769230768,isotonic,62
1,0.9815947073740262,1.0,isotonic,62
1,0.9964429316574629,1.0,isotonic,62
1,0.9969395766288291,1.0,isotonic,62
0,0.12191896625585666,0.1092436974789916,isotonic,62
0,0.08166383226847562,0.043478260869565216,isotonic,62
0,0.0727834270725675,0.029914529914529916,isotonic,62
1,0.9881714422672766,1.0,isotonic,62
1,0.9815947073740262,1.0,isotonic,62
0,0.08028493516176112,0.03125,isotonic,62
0,0.019127790934943836,0.0,isotonic,62
0,0.33609853619789526,0.3157894736842105,isotonic,62
1,0.9999556160963821,1.0,isotonic,62
1,0.992840945643569,1.0,isotonic,62
1,0.39292239926499495,0.32432432432432434,isotonic,62
0,0.11766396335875318,0.1092436974789916,isotonic,62
1,0.9999900539915191,1.0,isotonic,62
0,0.4549109979930113,0.34782608695652173,isotonic,62
0,0.009740693318887916,0.0,isotonic,62
0,0.5501722964658416,0.5862068965517241,isotonic,62
0,0.09289405414027925,0.043478260869565216,isotonic,62
1,0.11854232921085889,0.1092436974789916,isotonic,62
0,0.029153360409439843,0.017857142857142856,isotonic,62
0,0.2515849206578866,0.23469387755102042,isotonic,62
1,0.9976616237961242,1.0,isotonic,62
1,0.9815947073740262,1.0,isotonic,62
1,0.9998979250270178,1.0,isotonic,62
1,0.5410964270764207,0.5,isotonic,62
0,0.07732128020488879,0.03125,isotonic,62
0,0.3230085406349545,0.3157894736842105,isotonic,62
0,0.23986133403617746,0.23469387755102042,isotonic,62
0,0.1229566425923682,0.1092436974789916,isotonic,62
1,0.9325975822980672,0.9,isotonic,62
1,0.9815947073740262,1.0,isotonic,62
1,0.09117417700216254,0.043478260869565216,isotonic,62
0,0.5782590045636986,0.5862068965517241,isotonic,62
1,0.999820019022163,1.0,isotonic,62
1,0.9956247093796312,1.0,isotonic,62
1,0.9999379409026481,1.0,isotonic,62
0,0.06953541847648925,0.029914529914529916,isotonic,62
1,0.5228342480615884,0.38095238095238093,isotonic,62
1,0.9987354564293288,1.0,isotonic,62
0,0.09894154338201745,0.1092436974789916,isotonic,62
1,0.4986811750536264,0.38095238095238093,isotonic,62
0,0.7096439365546013,0.5862068965517241,isotonic,62
0,0.059425695218894826,0.029914529914529916,isotonic,62
0,0.21649118137825618,0.23469387755102042,isotonic,62
1,0.22505536741701668,0.23469387755102042,isotonic,62
0,0.061404579691067496,0.029914529914529916,isotonic,62
1,0.9980749905768227,1.0,isotonic,62
0,0.31347059260899385,0.3157894736842105,isotonic,62
1,0.7858543068781622,0.5884027481754298,isotonic,62
1,0.9998752316129471,1.0,isotonic,62
0,0.1854507973298776,0.2138728323699422,isotonic,62
0,0.34087859124858416,0.3157894736842105,isotonic,62
0,0.09175332354761914,0.043478260869565216,isotonic,62
1,0.999954702363723,1.0,isotonic,62
0,0.10458401175194257,0.1092436974789916,isotonic,62
1,0.9993389164018014,1.0,isotonic,62
1,0.9988693841259527,1.0,isotonic,62
0,0.040662183799007025,0.029914529914529916,isotonic,62
0,0.7566020562493976,0.5862068965517241,isotonic,62
0,0.9204566102989428,0.9,isotonic,62
1,0.9950737960292914,1.0,isotonic,62
1,0.9973705028621596,1.0,isotonic,62
0,0.21768901690052395,0.23469387755102042,isotonic,62
0,0.0786802023995493,0.03125,isotonic,62
1,0.9999511825629248,1.0,isotonic,62
1,0.9999287935785423,1.0,isotonic,62
1,0.9980674098650442,1.0,isotonic,62
1,0.9983304919956908,1.0,isotonic,62
0,0.17007014823989405,0.2138728323699422,isotonic,62
0,0.12913021732965152,0.18269230769230768,isotonic,62
0,0.17845890508220227,0.2138728323699422,isotonic,62
0,0.03296870713120371,0.017857142857142856,isotonic,62
1,0.9815947073740262,1.0,isotonic,62
0,0.27063370356617245,0.23469387755102042,isotonic,62
0,0.042825825673397835,0.029914529914529916,isotonic,62
0,0.6031104743280279,0.5862068965517241,isotonic,62
0,0.25063413880706126,0.23469387755102042,isotonic,62
1,0.4012412443687622,0.34782608695652173,isotonic,62
0,0.2720192741063325,0.23469387755102042,isotonic,62
0,0.49466209228183294,0.38095238095238093,isotonic,62
0,0.21831426294458894,0.23469387755102042,isotonic,62
1,0.9639270678789478,1.0,isotonic,62
1,0.9999600288565165,1.0,isotonic,62
0,0.2705810142305412,0.23469387755102042,isotonic,62
0,0.6039025027837961,0.5862068965517241,isotonic,62
0,0.013330123037514078,0.0,isotonic,62
1,0.9998064697606059,1.0,isotonic,62
1,0.9990948356273378,1.0,isotonic,62
0,0.37992374484976904,0.3157894736842105,isotonic,62
1,0.417062252349431,0.34782608695652173,isotonic,62
1,0.9815947073740262,1.0,isotonic,62
0,0.15361535174261653,0.18269230769230768,isotonic,62
1,0.9974661120502591,1.0,isotonic,62
0,0.019328424317305713,0.0,isotonic,62
1,0.9998213231535042,1.0,isotonic,62
1,0.9980190454092774,1.0,isotonic,62
1,0.5163218983309155,0.38095238095238093,isotonic,62
1,0.9985001221592005,1.0,isotonic,62
1,0.21938581817428662,0.23469387755102042,isotonic,62
1,0.9815947073740262,1.0,isotonic,62
1,0.9984466106256135,1.0,isotonic,62
1,0.07865779730461872,0.03125,isotonic,62
0,0.046239675104618246,0.029914529914529916,isotonic,62
0,0.07697348566513713,0.03125,isotonic,62
1,0.45669012058316033,0.34782608695652173,isotonic,62
0,0.05041580568731366,0.029914529914529916,isotonic,62
1,0.999374109289835,1.0,isotonic,62
1,0.3482697375770342,0.3157894736842105,isotonic,62
0,0.2330843597772714,0.23469387755102042,isotonic,62
1,0.9974138341674272,1.0,isotonic,62
1,0.1352349671611784,0.18269230769230768,isotonic,62
1,0.3172520062828953,0.3157894736842105,isotonic,62
0,0.04148107156011112,0.029914529914529916,isotonic,62
1,0.43075054405695534,0.34782608695652173,isotonic,62
1,0.9998651778163627,1.0,isotonic,62
1,0.9987279000236549,1.0,isotonic,62
1,0.9999094309693428,1.0,isotonic,62
0,0.08177104398830486,0.043478260869565216,isotonic,62
1,0.9989359010606383,1.0,isotonic,62
0,0.18517108165095972,0.2138728323699422,isotonic,62
1,0.4329172809269583,0.34782608695652173,isotonic,62
1,0.9984981410123549,1.0,isotonic,62
0,0.0753741108945178,0.029914529914529916,isotonic,62
1,0.6924306294995827,0.5862068965517241,isotonic,62
1,0.9989797930892065,1.0,isotonic,62
1,0.9975378177458962,1.0,isotonic,62
1,0.9985071637880099,1.0,isotonic,62
1,0.16922764875958266,0.2138728323699422,isotonic,62
0,0.1880582721629114,0.2138728323699422,isotonic,62
0,0.1477017315370777,0.18269230769230768,isotonic,62
1,0.9998090540610198,1.0,isotonic,62
1,0.32596060500070445,0.3157894736842105,isotonic,62
0,0.12454639021919162,0.1092436974789916,isotonic,62
1,0.9972859231493519,1.0,isotonic,62
0,0.1425774333939434,0.18269230769230768,isotonic,62
0,0.031144836672827,0.017857142857142856,isotonic,62
1,0.35786795029848106,0.3157894736842105,isotonic,62
0,0.13479368723954632,0.18269230769230768,isotonic,62
0,0.05742808299326763,0.029914529914529916,isotonic,62
1,0.9974593947867,1.0,isotonic,62
0,0.0356927157199535,0.017857142857142856,isotonic,62
1,0.9942290924443006,1.0,isotonic,62
0,0.01657484296779885,0.0,isotonic,62
1,0.9999762384454306,1.0,isotonic,62
0,0.17436778338183756,0.2138728323699422,isotonic,62
1,0.9999465161442475,1.0,isotonic,62
0,0.009671516203409797,0.0,isotonic,62
0,0.11769363671481618,0.1092436974789916,isotonic,62
0,0.08682435770433965,0.043478260869565216,isotonic,62
1,0.582119084408611,0.5862068965517241,isotonic,62
1,0.08818795636599708,0.043478260869565216,isotonic,62
0,0.0242087606152035,0.0,isotonic,62
0,0.1767033359998827,0.2138728323699422,isotonic,62
1,0.9980543718221243,1.0,isotonic,62
1,0.997479267162135,1.0,isotonic,62
0,0.20686155995528427,0.2138728323699422,isotonic,62
1,0.9998909435829955,1.0,isotonic,62
0,0.3309774234072777,0.3157894736842105,isotonic,62
1,0.998535849614604,1.0,isotonic,62
0,0.15449476725590988,0.18269230769230768,isotonic,62
1,0.38212726759128685,0.32432432432432434,isotonic,62
1,0.2545170185561109,0.23469387755102042,isotonic,62
0,0.024412096488011254,0.0,isotonic,62
1,0.9970942684717962,1.0,isotonic,62
0,0.014656774092766927,0.0,isotonic,62
0,0.3568550933674405,0.3157894736842105,isotonic,62
0,0.0851895920893142,0.043478260869565216,isotonic,62
0,0.06289601663200786,0.029914529914529916,isotonic,62
1,0.9999254453240188,1.0,isotonic,62
1,0.9792153137305247,1.0,isotonic,62
1,0.19325252243717653,0.2138728323699422,isotonic,62
0,0.6423039272682894,0.5862068965517241,isotonic,62
1,0.9999353275449472,1.0,isotonic,62
1,0.9999552521405756,1.0,isotonic,62
1,0.734291835039646,0.5862068965517241,isotonic,62
1,0.9989135848842964,1.0,isotonic,62
1,0.5106971900271561,0.38095238095238093,isotonic,62
1,0.7152159719437912,0.5862068965517241,isotonic,62
0,0.15993706974079025,0.2138728323699422,isotonic,62
0,0.050731384320766855,0.029914529914529916,isotonic,62
1,0.023096020888107353,0.0,isotonic,62
0,0.1524128860209823,0.18269230769230768,isotonic,62
1,0.9985521838038556,1.0,isotonic,62
0,0.1265032362083528,0.15789473684210525,isotonic,62
1,0.9971035297053796,1.0,isotonic,62
1,0.2874542113368724,0.3157894736842105,isotonic,62
0,0.20651003117881814,0.2138728323699422,isotonic,62
1,0.9998728445913841,1.0,isotonic,62
0,0.05970384863471367,0.029914529914529916,isotonic,62
1,0.9987807904182541,1.0,isotonic,62
1,0.9998437883028477,1.0,isotonic,62
1,0.9998806738678099,1.0,isotonic,62
0,0.01992604380300248,0.0,isotonic,62
0,0.20039272485953033,0.2138728323699422,isotonic,62
1,0.9982751925750363,1.0,isotonic,62
0,0.3048386379936692,0.3157894736842105,isotonic,62
0,0.01897555477141069,0.0,isotonic,62
1,0.3101153303900543,0.3157894736842105,isotonic,62
0,0.3569567064523736,0.3157894736842105,isotonic,62
0,0.0838847315854218,0.043478260869565216,isotonic,62
0,0.5251319318994762,0.38095238095238093,isotonic,62
0,0.034904138343725646,0.017857142857142856,isotonic,62
1,0.07484960781902841,0.029914529914529916,isotonic,62
0,0.12070146773918704,0.1092436974789916,isotonic,62
1,0.9980755133809567,1.0,isotonic,62
0,0.041493982060023415,0.029914529914529916,isotonic,62
0,0.06255134021098259,0.029914529914529916,isotonic,62
1,0.09010294625884116,0.043478260869565216,isotonic,62
0,0.38827990569169263,0.32432432432432434,isotonic,62
1,0.9973532457195583,1.0,isotonic,62
1,0.9999096010073948,1.0,isotonic,62
0,0.03235176007980709,0.017857142857142856,isotonic,62
1,0.9990891114488415,1.0,isotonic,62
0,0.016043842163969913,0.0,isotonic,62
1,0.5115519576726331,0.38095238095238093,isotonic,62
0,0.06840049348860013,0.029914529914529916,isotonic,62
1,0.36209621577488244,0.3157894736842105,isotonic,62
1,0.5998201643400032,0.5862068965517241,isotonic,62
1,0.9998937029338387,1.0,isotonic,62
0,0.03396174976981537,0.017857142857142856,isotonic,62
0,0.011440049984524168,0.0,isotonic,62
1,0.37679427535854076,0.3157894736842105,isotonic,62
0,0.2222115659064239,0.23469387755102042,isotonic,62
0,0.4409753021630288,0.34782608695652173,isotonic,62
1,0.9974304092070506,1.0,isotonic,62
0,0.3917511155434839,0.32432432432432434,isotonic,62
0,0.1358950522050356,0.18269230769230768,isotonic,62
0,0.5417205879762969,0.5,isotonic,62
0,0.05851990323054164,0.029914529914529916,isotonic,62
1,0.4941579341210422,0.38095238095238093,isotonic,62
0,0.04568636579599713,0.029914529914529916,isotonic,62
0,0.06469643840631564,0.029914529914529916,isotonic,62
0,0.28665203361751446,0.3157894736842105,isotonic,62
0,0.3179611742622127,0.3157894736842105,isotonic,62
0,0.060420759241848004,0.029914529914529916,isotonic,62
1,0.9996823206856151,1.0,isotonic,62
0,0.07397955067063496,0.029914529914529916,isotonic,62
1,0.9815947073740262,1.0,isotonic,62
1,0.9953874066308794,1.0,isotonic,62
1,0.12984388950061998,0.18269230769230768,isotonic,62
1,0.4819092971769388,0.38095238095238093,isotonic,62
1,0.9988626502824764,1.0,isotonic,62
0,0.054846562633742144,0.029914529914529916,isotonic,62
1,0.3349193759630982,0.3157894736842105,isotonic,62
1,0.9986495904530718,1.0,isotonic,62
0,0.37760884879977,0.3157894736842105,isotonic,62
1,0.9999413949512489,1.0,isotonic,62
0,0.30384470795774227,0.3157894736842105,isotonic,62
1,0.9959507295675907,1.0,isotonic,62
1,0.998739358674183,1.0,isotonic,62
0,0.10278233672999466,0.1092436974789916,isotonic,62
0,0.16157729398283732,0.2138728323699422,isotonic,62
0,0.18463560191407785,0.2138728323699422,isotonic,62
0,0.1347330018113491,0.18269230769230768,isotonic,62
0,0.10141184961810133,0.1092436974789916,isotonic,62
0,0.014557793299394292,0.0,isotonic,62
0,0.2307067076121119,0.23469387755102042,isotonic,62
0,0.1940887800452902,0.2138728323699422,isotonic,62
0,0.19098226864427048,0.2138728323699422,isotonic,62
0,0.028037337263401435,0.017857142857142856,isotonic,62
0,0.1209276775955095,0.1092436974789916,isotonic,62
0,0.17424635754476384,0.2138728323699422,isotonic,62
1,0.9815947073740262,1.0,isotonic,62
0,0.08691294687658056,0.043478260869565216,isotonic,62
1,0.9998915284181814,1.0,isotonic,62
0,0.09595218385595183,0.07142857142857142,isotonic,62
0,0.7649109397849176,0.5862068965517241,isotonic,62
0,0.3805656832883385,0.32432432432432434,isotonic,62
0,0.16091545644926009,0.2138728323699422,isotonic,62
1,0.9976881532624305,1.0,isotonic,62
0,0.13616423331221195,0.18269230769230768,isotonic,62
0,0.006589402948281406,0.0,isotonic,62
1,0.07239803919291045,0.029914529914529916,isotonic,62
1,0.8413990731107089,0.9,isotonic,62
1,0.9981816467063874,1.0,isotonic,62
0,0.26934273272621206,0.23469387755102042,isotonic,62
1,0.9991990800873451,1.0,isotonic,62
0,0.1411380309493886,0.18269230769230768,isotonic,62
1,0.3874325059887775,0.32432432432432434,isotonic,62
1,0.9987508701518423,1.0,isotonic,62
0,0.27821585949314237,0.23469387755102042,isotonic,62
0,0.1704331833502271,0.2138728323699422,isotonic,62
1,0.21879186960905264,0.23469387755102042,isotonic,62
1,0.14985455928840835,0.18269230769230768,isotonic,62
0,0.15513172632909386,0.18269230769230768,isotonic,62
0,0.05973700374457007,0.029914529914529916,isotonic,62
0,0.31322663318241767,0.3157894736842105,isotonic,62
0,0.1399311733883733,0.18269230769230768,isotonic,62
1,0.2547892844188419,0.23469387755102042,isotonic,62
1,0.6756064260013094,0.5862068965517241,isotonic,62
0,0.31531807716694316,0.3157894736842105,isotonic,62
1,0.9982928068721816,1.0,isotonic,62
0,0.06475249100066979,0.029914529914529916,isotonic,62
1,0.999973778766337,1.0,isotonic,62
1,0.9988282908310611,1.0,isotonic,62
0,0.4476811466046591,0.34782608695652173,isotonic,62
0,0.12728122431845568,0.15789473684210525,isotonic,62
1,0.9990773309215676,1.0,isotonic,62
0,0.2075404247551546,0.2138728323699422,isotonic,62
0,0.38742118224001154,0.32432432432432434,isotonic,62
0,0.006619209882329407,0.0,isotonic,62
0,0.4497189183524966,0.34782608695652173,isotonic,62
0,0.08347159109045611,0.043478260869565216,isotonic,62
0,0.15679450059272826,0.2138728323699422,isotonic,62
0,0.07934196038617192,0.03125,isotonic,62
1,0.6983922338747603,0.5862068965517241,isotonic,62
0,0.21197634514466426,0.2138728323699422,isotonic,62
0,0.2279623286236488,0.23469387755102042,isotonic,62
0,0.03714013385610562,0.017857142857142856,isotonic,62
0,0.1748451719171186,0.2138728323699422,isotonic,62
0,0.1308245724836644,0.18269230769230768,isotonic,62
0,0.47591012980533975,0.35,isotonic,62
1,0.9988782149411856,1.0,isotonic,62
1,0.9988551794099552,1.0,isotonic,62
0,0.07011419636518948,0.029914529914529916,isotonic,62
0,0.009420441974974934,0.0,isotonic,62
1,0.996853085855296,1.0,isotonic,62
1,0.2725319551949883,0.23469387755102042,isotonic,62
1,0.5080336495649003,0.38095238095238093,isotonic,62
1,0.1962047749664734,0.2138728323699422,isotonic,62
0,0.19808063125592648,0.2138728323699422,isotonic,62
1,0.14351302327531348,0.18269230769230768,isotonic,62
1,0.9980180343678864,1.0,isotonic,62
0,0.3072819567893686,0.3157894736842105,isotonic,62
1,0.13902827878159826,0.18269230769230768,isotonic,62
0,0.057632825536380626,0.029914529914529916,isotonic,62
0,0.16097099453419053,0.2138728323699422,isotonic,62
0,0.10269759377989009,0.1092436974789916,isotonic,62
1,0.9281270878314679,0.9,isotonic,62
1,0.6167784429922514,0.5862068965517241,isotonic,62
1,0.9999720160643532,1.0,isotonic,62
1,0.9742222227589037,1.0,isotonic,62
0,0.08857292445545714,0.043478260869565216,isotonic,62
1,0.16059072031558125,0.2138728323699422,isotonic,62
0,0.10255250632054899,0.1092436974789916,isotonic,62
0,0.14402215636314897,0.18269230769230768,isotonic,62
1,0.3529174855102115,0.3157894736842105,isotonic,62
0,0.10171607522341339,0.1092436974789916,isotonic,62
0,0.14175823231347717,0.18269230769230768,isotonic,62
1,0.4633090455320569,0.34988987650763503,isotonic,62
0,0.07185856329947238,0.029914529914529916,isotonic,62
0,0.13650652599732627,0.18269230769230768,isotonic,62
0,0.44397115477465576,0.34782608695652173,isotonic,62
1,0.9980919540439418,1.0,isotonic,62
0,0.031154441989128073,0.017857142857142856,isotonic,62
1,0.999938206313341,1.0,isotonic,62
1,0.9984073207587244,1.0,isotonic,62
0,0.20816067766693644,0.2138728323699422,isotonic,62
0,0.09348716291571509,0.04640361991671562,isotonic,62
0,0.39460107422332774,0.32432432432432434,isotonic,62
0,0.03154721350647585,0.017857142857142856,isotonic,62
0,0.06519988038615196,0.029914529914529916,isotonic,62
0,0.4894180055803825,0.38095238095238093,isotonic,62
0,0.3772609971839016,0.3157894736842105,isotonic,62
1,0.40116286193272804,0.34782608695652173,isotonic,62
1,0.2868976825089129,0.3157894736842105,isotonic,62
0,0.05321773035337908,0.029914529914529916,isotonic,62
1,0.9997307335591692,1.0,isotonic,62
0,0.08765224041777703,0.043478260869565216,isotonic,62
0,0.47844595895897024,0.38095238095238093,isotonic,62
0,0.18301355551054233,0.2138728323699422,isotonic,62
0,0.07698347784249658,0.03125,isotonic,62
0,0.08947853093490732,0.043478260869565216,isotonic,62
1,0.9992330280466588,1.0,isotonic,62
1,0.9999514550649079,1.0,isotonic,62
1,0.10757592507882988,0.1092436974789916,isotonic,62
1,0.9998170173813155,1.0,isotonic,62
1,0.9999294074462156,1.0,isotonic,62
1,0.9977131590844449,1.0,isotonic,62
0,0.2884840180642305,0.3157894736842105,isotonic,62
1,0.24049615380774728,0.23469387755102042,isotonic,62
1,0.9998975495162102,1.0,isotonic,62
0,0.27029358279031046,0.23469387755102042,isotonic,62
0,0.054640298039414205,0.029914529914529916,isotonic,62
0,0.1302015563417606,0.18269230769230768,isotonic,62
0,0.08928840278266326,0.043478260869565216,isotonic,62
0,0.010742635933470341,0.0,isotonic,62
1,0.999986754579532,1.0,isotonic,62
1,0.9997226800144938,1.0,isotonic,62
1,0.24187217606272438,0.23469387755102042,isotonic,62
0,0.07183241866463169,0.029914529914529916,isotonic,62
1,0.9815947073740262,1.0,isotonic,62
1,0.9989102158857661,1.0,isotonic,62
0,0.10251482082915578,0.1092436974789916,isotonic,62
1,0.998414508977688,1.0,isotonic,62
0,0.01804868161793569,0.0,isotonic,62
0,0.3144058008473613,0.3157894736842105,isotonic,62
1,0.9815947073740262,1.0,isotonic,62
1,0.8633691866724496,0.9,isotonic,62
0,0.17058977569035058,0.2138728323699422,isotonic,62
0,0.5234830542582695,0.38095238095238093,isotonic,62
1,0.9982505434846539,1.0,isotonic,62
1,0.9999036833723671,1.0,isotonic,62
1,0.9999022299343765,1.0,isotonic,62
0,0.15989023183438797,0.2138728323699422,isotonic,62
1,0.9815947073740262,1.0,isotonic,62
1,0.999928425396127,1.0,isotonic,62
1,0.14715777504315103,0.18269230769230768,isotonic,62
0,0.34746742359629434,0.3157894736842105,isotonic,62
1,0.9975325271089449,1.0,isotonic,62
1,0.9877042899967453,1.0,isotonic,62
1,0.8629895829165705,0.9,isotonic,62
0,0.15953286275856368,0.2138728323699422,isotonic,62
0,0.14238719649869672,0.18269230769230768,isotonic,62
0,0.0360849012103692,0.017857142857142856,isotonic,62
0,0.09558367090589022,0.07142857142857142,isotonic,62
0,0.17726971824206472,0.2138728323699422,isotonic,62
1,0.9964185252470356,1.0,isotonic,62
1,0.26724045411416714,0.23469387755102042,isotonic,62
1,0.9998027053455755,1.0,isotonic,62
0,0.017219282566779237,0.0,isotonic,62
1,0.29716637529320356,0.3157894736842105,isotonic,62
0,0.5713873471037417,0.5862068965517241,isotonic,62
1,0.8747400668396047,0.9,isotonic,62
1,0.9983238330140475,1.0,isotonic,62
1,0.9986699417000016,1.0,isotonic,62
0,0.09219866762635426,0.043478260869565216,isotonic,62
0,0.26190960216591885,0.23469387755102042,isotonic,62
0,0.069808101284321,0.029914529914529916,isotonic,62
1,0.9985095940055796,1.0,isotonic,62
1,0.9999549173652377,1.0,isotonic,62
0,0.1122856315202371,0.1092436974789916,isotonic,62
0,0.30104063109378854,0.3157894736842105,isotonic,62
1,0.9997983527407233,1.0,isotonic,62
0,0.08809052497184881,0.043478260869565216,isotonic,62
0,0.25962872076969923,0.23469387755102042,isotonic,62
1,0.9986384534190091,1.0,isotonic,62
1,0.9999455279908123,1.0,isotonic,62
0,0.43277273214412837,0.34782608695652173,isotonic,62
1,0.2494194779607076,0.23469387755102042,isotonic,62
0,0.2683760684338339,0.23469387755102042,isotonic,62
0,0.2027552818667508,0.2138728323699422,isotonic,62
0,0.20020999038842502,0.2138728323699422,isotonic,62
0,0.04807529027737115,0.029914529914529916,isotonic,62
1,0.9815947073740262,1.0,isotonic,62
0,0.038810694175539014,0.029914529914529916,isotonic,62
0,0.13245809471727124,0.18269230769230768,isotonic,62
0,0.29029349139224336,0.3157894736842105,isotonic,62
1,0.9815947073740262,1.0,isotonic,62
0,0.1623177605971425,0.2138728323699422,isotonic,62
0,0.07181027901844768,0.029914529914529916,isotonic,62
1,0.3219091427606915,0.3157894736842105,isotonic,62
1,0.9815947073740262,1.0,isotonic,62
0,0.08693701614230773,0.043478260869565216,isotonic,62
1,0.998540097248421,1.0,isotonic,62
0,0.2415490099301709,0.23469387755102042,isotonic,62
1,0.9983634902204901,1.0,isotonic,62
1,0.42560448497604986,0.34782608695652173,isotonic,62
0,0.5027103573363821,0.38095238095238093,isotonic,62
1,0.9999429854139982,1.0,isotonic,62
0,0.026769269065911944,0.017857142857142856,isotonic,62
0,0.11991230845393032,0.1092436974789916,isotonic,62
0,0.11576275432869211,0.1092436974789916,isotonic,62
0,0.04051136715158136,0.029914529914529916,isotonic,62
1,0.999894192004014,1.0,isotonic,62
0,0.15180974950582243,0.18269230769230768,isotonic,62
0,0.03981563197379726,0.029914529914529916,isotonic,62
0,0.13691553600064793,0.18269230769230768,isotonic,62
1,0.9999207154272731,1.0,isotonic,62
1,0.9953569079750155,1.0,isotonic,62
0,0.19640198182901394,0.2138728323699422,isotonic,62
1,0.28169075570927377,0.23469387755102042,isotonic,62
1,0.9815947073740262,1.0,isotonic,62
1,0.9998822336669864,1.0,isotonic,62
1,0.9980410337237483,1.0,isotonic,62
0,0.05164715721080017,0.029914529914529916,isotonic,62
0,0.11886324266032647,0.1092436974789916,isotonic,62
0,0.1607371609492136,0.2138728323699422,isotonic,62
0,0.12532854862897422,0.15789473684210525,isotonic,62
1,0.16849599028983786,0.2138728323699422,isotonic,62
1,0.9969808954012909,1.0,isotonic,62
1,0.9989324637337679,1.0,isotonic,62
1,0.9997643652234119,1.0,isotonic,62
1,0.9997708744749971,1.0,isotonic,62
1,0.7275542703020355,0.5862068965517241,isotonic,62
0,0.1973055879085971,0.2138728323699422,isotonic,62
1,0.9980665785549993,1.0,isotonic,62
0,0.045990041688773214,0.029914529914529916,isotonic,62
1,0.1024925469257578,0.1092436974789916,isotonic,62
0,0.05019809018538779,0.029914529914529916,isotonic,62
1,0.9987436497924649,1.0,isotonic,62
1,0.9958046242702434,1.0,isotonic,62
1,0.9985503711261461,1.0,isotonic,62
0,0.17722490019202133,0.2138728323699422,isotonic,62
1,0.9960279686718663,1.0,isotonic,62
1,0.9989716430208704,1.0,isotonic,62
1,0.9992265892690693,1.0,isotonic,62
1,0.9999474655490432,1.0,isotonic,62
0,0.10389419341455639,0.1092436974789916,isotonic,62
0,0.1750868799237395,0.2138728323699422,isotonic,62
1,0.1209570560826655,0.1092436974789916,isotonic,62
0,0.006867845498830191,0.0,isotonic,62
1,0.9997913001589716,1.0,isotonic,62
0,0.05301810684722437,0.029914529914529916,isotonic,62
1,0.7015888764028213,0.5862068965517241,isotonic,62
0,0.3501517942173494,0.3157894736842105,isotonic,62
0,0.2839539717571883,0.23469387755102042,isotonic,62
1,0.995515745957135,1.0,isotonic,62
1,0.9980589471376745,1.0,isotonic,62
0,0.019629036264135424,0.0,isotonic,62
0,0.0781511958180436,0.03125,isotonic,62
1,0.9982297626062943,1.0,isotonic,62
0,0.1479812142929594,0.18269230769230768,isotonic,62
1,0.9973314971387288,1.0,isotonic,62
1,0.5481715098907661,0.5862068965517241,isotonic,62
0,0.030774829678947194,0.017857142857142856,isotonic,62
0,0.4068632690229834,0.34782608695652173,isotonic,62
1,0.9981286965497722,1.0,isotonic,62
1,0.9999699834172021,1.0,isotonic,62
0,0.13829259782226536,0.18269230769230768,isotonic,62
0,0.5460203141616297,0.5862068965517241,isotonic,62
1,0.9937194089766466,1.0,isotonic,62
0,0.053603473291972875,0.029914529914529916,isotonic,62
0,0.4098458935321419,0.34782608695652173,isotonic,62
1,0.9979770108613485,1.0,isotonic,62
0,0.021277665782163398,0.0,isotonic,62
1,0.9958274709146293,1.0,isotonic,62
1,0.9998529093539322,1.0,isotonic,62
1,0.9998100945356777,1.0,isotonic,62
1,0.6613787033324966,0.5862068965517241,isotonic,62
1,0.3842442762728218,0.32432432432432434,isotonic,62
1,0.9815947073740262,1.0,isotonic,62
0,0.11727247025760108,0.1092436974789916,isotonic,62
1,0.9999703047654626,1.0,isotonic,62
0,0.09714675767387913,0.1,isotonic,62
0,0.20709485229647084,0.2138728323699422,isotonic,62
0,0.8009225243736894,0.7142857142857143,isotonic,62
1,0.9998459294481578,1.0,isotonic,62
1,0.9999058573734078,1.0,isotonic,62
1,0.9999381563827663,1.0,isotonic,62
0,0.3122321707192953,0.3157894736842105,isotonic,62
0,0.34658459391790225,0.3157894736842105,isotonic,62
0,0.3225162801322118,0.3157894736842105,isotonic,62
1,0.9997917052149687,1.0,isotonic,62
0,0.3517842067707345,0.3157894736842105,isotonic,62
0,0.12947822150090268,0.18269230769230768,isotonic,62
1,0.999933257527197,1.0,isotonic,62
0,0.24308745525825126,0.23469387755102042,isotonic,62
0,0.07704791943508521,0.03125,isotonic,62
1,0.07213859244969782,0.029914529914529916,isotonic,62
0,0.49567270710341355,0.38095238095238093,isotonic,62
0,0.1402762832145171,0.18269230769230768,isotonic,62
0,0.329481458592628,0.3157894736842105,isotonic,62
1,0.07758044246695199,0.03125,isotonic,62
1,0.27086432645979597,0.23469387755102042,isotonic,62
0,0.2997372346471585,0.3157894736842105,isotonic,62
1,0.9968626197497441,1.0,isotonic,62
0,0.3413484788346738,0.3157894736842105,isotonic,62
1,0.9999634661239426,1.0,isotonic,62
0,0.27004193317670494,0.23469387755102042,isotonic,62
1,0.9993848472873738,1.0,isotonic,62
0,0.21520015965558625,0.23469387755102042,isotonic,62
0,0.0725472147635841,0.029914529914529916,isotonic,62
0,0.11018719444478031,0.1092436974789916,isotonic,62
1,0.4168359952303208,0.34782608695652173,isotonic,62
0,0.03600685565835776,0.017857142857142856,isotonic,62
1,0.9988848454759008,1.0,isotonic,62
0,0.13905777522982427,0.18269230769230768,isotonic,62
0,0.13941011840618608,0.18269230769230768,isotonic,62
1,0.9999758387366058,1.0,isotonic,62
1,0.9999768674563397,1.0,isotonic,62
1,0.7157835768441138,0.5862068965517241,isotonic,62
0,0.26129917696256805,0.23469387755102042,isotonic,62
0,0.32518076068469215,0.3157894736842105,isotonic,62
0,0.16271332024357357,0.2138728323699422,isotonic,62
1,0.998911060441479,1.0,isotonic,62
1,0.9959658376819895,1.0,isotonic,62
1,0.9980193911587184,1.0,isotonic,62
0,0.09565671723846576,0.07142857142857142,isotonic,62
0,0.04853507407512095,0.029914529914529916,isotonic,62
0,0.18265704663121257,0.2138728323699422,isotonic,62
1,0.9259701270380443,0.9,isotonic,62
0,0.41320949556060327,0.34782608695652173,isotonic,62
0,0.09793506068015385,0.1,isotonic,62
0,0.3479230197249715,0.3157894736842105,isotonic,62
0,0.12884226452098427,0.18269230769230768,isotonic,62
1,0.996865612723716,1.0,isotonic,62
0,0.33031335619550545,0.3157894736842105,isotonic,62
1,0.9815947073740262,1.0,isotonic,62
0,0.20730436107314298,0.2138728323699422,isotonic,62
1,0.9987479595711992,1.0,isotonic,62
1,0.9815947073740262,1.0,isotonic,62
0,0.08305911499991622,0.043478260869565216,isotonic,62
0,0.22995401951480773,0.23469387755102042,isotonic,62
0,0.05857306304655649,0.029914529914529916,isotonic,62
1,0.6095790063501249,0.5862068965517241,isotonic,62
1,0.9934902004319285,1.0,isotonic,62
1,0.9999567359513426,1.0,isotonic,62
0,0.14589976672643548,0.18269230769230768,isotonic,62
1,0.28348637399294446,0.23469387755102042,isotonic,62
1,0.9998961075822514,1.0,isotonic,62
0,0.5050901610147699,0.38095238095238093,isotonic,62
1,0.3886533147626249,0.32432432432432434,isotonic,62
1,0.20074356364390597,0.2138728323699422,isotonic,62
1,0.9998375954512161,1.0,isotonic,62
1,0.2400511881809336,0.23469387755102042,isotonic,62
1,0.9999758686345663,1.0,isotonic,62
0,0.11702641285376908,0.1092436974789916,isotonic,62
0,0.024495700656867864,0.0,isotonic,62
0,0.008525535941328453,0.0,isotonic,62
1,0.998691214112477,1.0,isotonic,62
0,0.06552442708338503,0.029914529914529916,isotonic,62
0,0.3692966894508382,0.3157894736842105,isotonic,62
1,0.0987614639774471,0.1092436974789916,isotonic,62
1,0.9978105039985075,1.0,isotonic,62
1,0.9964416296411196,1.0,isotonic,62
1,0.9966096195588607,1.0,isotonic,62
0,0.3866150331504363,0.32432432432432434,isotonic,62
0,0.07853064581052581,0.03125,isotonic,62
0,0.16743635483111968,0.2138728323699422,isotonic,62
1,0.2409486214604258,0.23469387755102042,isotonic,62
1,0.999858793350267,1.0,isotonic,62
0,0.055457917926252244,0.029914529914529916,isotonic,62
1,0.9999556224000816,1.0,isotonic,62
1,0.9988846026228992,1.0,isotonic,62
1,0.30733028419390557,0.3157894736842105,isotonic,62
1,0.19985907083861235,0.2138728323699422,isotonic,62
1,0.9966160311504603,1.0,isotonic,62
1,0.9985283040987427,1.0,isotonic,62
0,0.07365399750400303,0.029914529914529916,isotonic,62
1,0.9999528316997724,1.0,isotonic,62
1,0.9815947073740262,1.0,isotonic,62
0,0.03824322766035057,0.029914529914529916,isotonic,62
0,0.11105481790306833,0.1092436974789916,isotonic,62
0,0.28555492961984963,0.23469387755102042,isotonic,62
1,0.5084909348331097,0.38095238095238093,isotonic,62
0,0.21216753242503528,0.2138728323699422,isotonic,62
0,0.046236610301709904,0.029914529914529916,isotonic,62
1,0.1710349470831738,0.2138728323699422,isotonic,62
0,0.33974305252390585,0.3157894736842105,isotonic,62
0,0.04676024141765349,0.029914529914529916,isotonic,62
1,0.998921595803012,1.0,isotonic,62
1,0.9997145197406246,1.0,isotonic,62
1,0.9815947073740262,1.0,isotonic,62
1,0.9998711774718325,1.0,isotonic,62
0,0.025596651093981466,0.0,isotonic,62
1,0.9990166467988769,1.0,isotonic,62
1,0.4654299285561382,0.35,isotonic,62
0,0.1147761094934437,0.1092436974789916,isotonic,62
0,0.33410499495752466,0.3157894736842105,isotonic,62
1,0.9998672131544813,1.0,isotonic,62
1,0.9999487439825604,1.0,isotonic,62
0,0.22474529018902137,0.23469387755102042,isotonic,62
1,0.04821700147320775,0.029914529914529916,isotonic,62
1,0.9998597816985245,1.0,isotonic,62
0,0.40334796635664383,0.34782608695652173,isotonic,62
0,0.09768908374160654,0.1,isotonic,62
0,0.3146912718661558,0.3157894736842105,isotonic,62
1,0.3203807765886465,0.3157894736842105,isotonic,62
1,0.5601130325100901,0.5862068965517241,isotonic,62
1,0.37764052681973864,0.3157894736842105,isotonic,62
1,0.20484724275173694,0.2138728323699422,isotonic,62
0,0.1655351432834371,0.2138728323699422,isotonic,62
0,0.09728606838686114,0.1,isotonic,62
1,0.9979929421782465,1.0,isotonic,62
1,0.9168863038819648,0.9,isotonic,62
1,0.9995584163638558,1.0,isotonic,62
0,0.0468275991209244,0.029914529914529916,isotonic,62
0,0.14790812824520183,0.18269230769230768,isotonic,62
0,0.03557727828479286,0.017857142857142856,isotonic,62
1,0.9979838991530117,1.0,isotonic,62
0,0.012877824547432628,0.0,isotonic,62
0,0.098826354558034,0.1092436974789916,isotonic,62
0,0.0644087844518533,0.029914529914529916,isotonic,62
1,0.46645589970344414,0.35,isotonic,62
0,0.3979894626505959,0.32432432432432434,isotonic,62
1,0.46031889514985896,0.34782608695652173,isotonic,62
1,0.9986958992678443,1.0,isotonic,62
1,0.9998782935328134,1.0,isotonic,62
0,0.06967950477213913,0.029914529914529916,isotonic,62
0,0.01847294521522992,0.0,isotonic,62
1,0.0834249020003205,0.043478260869565216,isotonic,62
1,0.9815947073740262,1.0,isotonic,62
0,0.22283402259543308,0.23469387755102042,isotonic,62
0,0.06445680348717375,0.029914529914529916,isotonic,62
1,0.9999812118722088,1.0,isotonic,62
1,0.9972497009919951,1.0,isotonic,62
1,0.9990607337393572,1.0,isotonic,62
0,0.12195212631706673,0.1092436974789916,isotonic,62
0,0.5103037492163814,0.38095238095238093,isotonic,62
1,0.9994448768467491,1.0,isotonic,62
1,0.9980888481516029,1.0,isotonic,62
1,0.9985495051260889,1.0,isotonic,62
0,0.024875130784811975,0.0,isotonic,62
1,0.9999781788324882,1.0,isotonic,62
1,0.6012058476798232,0.5862068965517241,isotonic,62
1,0.9999509097152942,1.0,isotonic,62
1,0.3057195192126958,0.3157894736842105,isotonic,62
0,0.06982028788686719,0.029914529914529916,isotonic,62
1,0.9955789277393814,1.0,isotonic,62
1,0.4129106880525299,0.34782608695652173,isotonic,62
1,0.9954654138606268,1.0,isotonic,62
1,0.9980072055497764,1.0,isotonic,62
1,0.9981308017251154,1.0,isotonic,62
1,0.9999445059023855,1.0,isotonic,62
0,0.19506464807263205,0.2138728323699422,isotonic,62
0,0.09303431929356078,0.043478260869565216,isotonic,62
1,0.18265285011873217,0.2138728323699422,isotonic,62
0,0.06119837222276057,0.029914529914529916,isotonic,62
1,0.1811637931272491,0.2138728323699422,isotonic,62
1,0.15734184716113384,0.2138728323699422,isotonic,62
1,0.7164064107446906,0.5862068965517241,isotonic,62
1,0.9815947073740262,1.0,isotonic,62
0,0.08814486361302518,0.043478260869565216,isotonic,62
1,0.9997997075501183,1.0,isotonic,62
1,0.9999700833824304,1.0,isotonic,62
0,0.23175840884812718,0.23469387755102042,isotonic,62
0,0.20105220984904826,0.2138728323699422,isotonic,62
1,0.9987145672996534,1.0,isotonic,62
0,0.05290648883882284,0.029914529914529916,isotonic,62
0,0.035954346506551965,0.017857142857142856,isotonic,62
0,0.03800820053358512,0.029914529914529916,isotonic,62
1,0.8943040517984894,0.9,isotonic,62
0,0.033738243167655696,0.017857142857142856,isotonic,62
1,0.39598417179675693,0.32432432432432434,isotonic,62
1,0.9974908542760093,1.0,isotonic,62
0,0.040592518268783614,0.029914529914529916,isotonic,62
1,0.9985573322280845,1.0,isotonic,62
0,0.12194944372983561,0.1092436974789916,isotonic,62
0,0.05609316707180387,0.029914529914529916,isotonic,62
0,0.05928039206045497,0.029914529914529916,isotonic,62
1,0.41443500163391583,0.34782608695652173,isotonic,62
0,0.22917145864722516,0.23469387755102042,isotonic,62
1,0.9999570345543352,1.0,isotonic,62
1,0.9999835346010335,1.0,isotonic,62
0,0.03382720074722744,0.017857142857142856,isotonic,62
1,0.3293563885451173,0.3157894736842105,isotonic,62
0,0.03719457295936786,0.017857142857142856,isotonic,62
1,0.9999463879783226,1.0,isotonic,62
1,0.9999716229357517,1.0,isotonic,62
1,0.23485015638200757,0.23469387755102042,isotonic,62
0,0.15926569281930092,0.2138728323699422,isotonic,62
1,0.9999578299323064,1.0,isotonic,62
1,0.26696172063621576,0.23469387755102042,isotonic,62
0,0.012857083247596393,0.0,isotonic,62
0,0.11893030489543069,0.1092436974789916,isotonic,62
0,0.22284915329072902,0.23469387755102042,isotonic,62
1,0.9981393472247804,1.0,isotonic,62
0,0.12806262023738754,0.16054157011400846,isotonic,62
0,0.025744325045286717,0.0034702245963868132,isotonic,62
0,0.34893405189444,0.3157894736842105,isotonic,62
0,0.16875434846309684,0.2138728323699422,isotonic,62
0,0.3766314369911534,0.3157894736842105,isotonic,62
1,0.6380297094478865,0.5862068965517241,isotonic,62
1,0.9998580343067746,1.0,isotonic,62
0,0.6629479492447384,0.5862068965517241,isotonic,62
0,0.026088724011236977,0.016814207965141104,isotonic,62
1,0.9815947073740262,1.0,isotonic,62
1,0.3211745474037547,0.3157894736842105,isotonic,62
1,0.4191468377096769,0.34782608695652173,isotonic,62
1,0.09833169820591467,0.10067349573253759,isotonic,62
1,0.9993578469207707,1.0,isotonic,62
1,0.9964920988688104,1.0,isotonic,62
0,0.08507969243837708,0.043478260869565216,isotonic,62
0,0.2824472445716499,0.23469387755102042,isotonic,62
0,0.4035569163633536,0.34782608695652173,isotonic,62
0,0.015918421144876512,0.0,isotonic,62
1,0.9999576731659668,1.0,isotonic,62
1,0.9998710335533055,1.0,isotonic,62
1,0.9894924684658697,1.0,isotonic,62
0,0.23087020308261344,0.23469387755102042,isotonic,62
0,0.3056252421618751,0.3157894736842105,isotonic,62
1,0.9961799926038948,1.0,isotonic,62
1,0.9987817494126789,1.0,isotonic,62
0,0.05737278204863234,0.029914529914529916,isotonic,62
1,0.9989343233654551,1.0,isotonic,62
0,0.36656717757852975,0.3157894736842105,isotonic,62
0,0.2392409147378211,0.23469387755102042,isotonic,62
0,0.13754928979406547,0.18269230769230768,isotonic,62
1,0.9131862345319872,0.9,isotonic,62
0,0.12299110707159197,0.1092436974789916,isotonic,62
0,0.2913206294643122,0.3157894736842105,isotonic,62
0,0.18178731911113424,0.2138728323699422,isotonic,62
0,0.03665021151619302,0.017857142857142856,isotonic,62
0,0.20195137147237543,0.2138728323699422,isotonic,62
0,0.0368084188524445,0.017857142857142856,isotonic,62
0,0.05160546295743098,0.029914529914529916,isotonic,62
0,0.10456510711065597,0.1092436974789916,isotonic,62
1,0.9999476762386088,1.0,isotonic,62
0,0.2698799756133163,0.23469387755102042,isotonic,62
0,0.7072280236166743,0.5862068965517241,isotonic,62
1,0.9988254120673499,1.0,isotonic,62
1,0.9986513538114029,1.0,isotonic,62
1,0.9999370350574398,1.0,isotonic,62
1,0.5850502934190136,0.5862068965517241,isotonic,62
0,0.06669937415065862,0.029914529914529916,isotonic,62
0,0.03825637247848503,0.029914529914529916,isotonic,62
0,0.305646288790811,0.3157894736842105,isotonic,62
1,0.9990001307259477,1.0,isotonic,62
1,0.16586761310193024,0.2138728323699422,isotonic,62
0,0.36677409140395933,0.3157894736842105,isotonic,62
0,0.11064887556656706,0.1092436974789916,isotonic,62
1,0.16692420359299473,0.2138728323699422,isotonic,62
0,0.36226001433312915,0.3157894736842105,isotonic,62
1,0.48948187195105514,0.38095238095238093,isotonic,62
1,0.23231832534834093,0.23469387755102042,isotonic,62
0,0.04050305204610629,0.029914529914529916,isotonic,62
1,0.9948516823188926,1.0,isotonic,62
0,0.5472538208923861,0.5862068965517241,isotonic,62
1,0.9985067466650773,1.0,isotonic,62
0,0.3420437356047213,0.3157894736842105,isotonic,62
1,0.9975769277532828,1.0,isotonic,62
1,0.999902382437576,1.0,isotonic,62
0,0.19539059076677576,0.2138728323699422,isotonic,62
1,0.999830144338404,1.0,isotonic,62
0,0.1927195928133058,0.2138728323699422,isotonic,62
1,0.9997592385237255,1.0,isotonic,62
0,0.42859001916793144,0.34782608695652173,isotonic,62
0,0.08182206199697549,0.043478260869565216,isotonic,62
0,0.16763768743680718,0.2138728323699422,isotonic,62
1,0.9990225479947352,1.0,isotonic,62
0,0.07187844487492626,0.029914529914529916,isotonic,62
1,0.9983061241957931,1.0,isotonic,62
1,0.9999166266427282,1.0,isotonic,62
0,0.40369431977500037,0.34782608695652173,isotonic,62
1,0.227012845067059,0.23469387755102042,isotonic,62
1,0.9946922461690283,1.0,isotonic,62
1,0.9938872992709675,1.0,isotonic,62
1,0.35944583275807057,0.3157894736842105,isotonic,62
0,0.11039929602661183,0.1092436974789916,isotonic,62
1,0.415369805412188,0.34782608695652173,isotonic,62
0,0.22394937063765916,0.23469387755102042,isotonic,62
0,0.14645067669143993,0.18269230769230768,isotonic,62
0,0.34835020489415397,0.3157894736842105,isotonic,62
0,0.37338509420416444,0.3157894736842105,isotonic,62
1,0.9989026329317723,1.0,isotonic,62
0,0.02316557012485408,0.0,isotonic,62
1,0.9991993883326853,1.0,isotonic,62
1,0.4035050700610706,0.34782608695652173,isotonic,62
1,0.9994167858929593,1.0,isotonic,62
1,0.9995863564648626,1.0,isotonic,62
1,0.15485783441226358,0.18269230769230768,isotonic,62
0,0.06784045116770147,0.029914529914529916,isotonic,62
0,0.34980390422298985,0.3157894736842105,isotonic,62
0,0.3654901564305355,0.3157894736842105,isotonic,62
1,0.427135712011052,0.34782608695652173,isotonic,62
1,0.16799185152493068,0.2138728323699422,isotonic,62
1,0.9984217536920837,1.0,isotonic,62
0,0.20192335265054928,0.2138728323699422,isotonic,62
0,0.036706041020126215,0.017857142857142856,isotonic,62
1,0.9999417715123159,1.0,isotonic,62
0,0.2457168089935831,0.23469387755102042,isotonic,62
0,0.3131645624661174,0.3157894736842105,isotonic,62
0,0.03639568287222204,0.017857142857142856,isotonic,62
0,0.07327255321394341,0.029914529914529916,isotonic,62
1,0.9999217779751326,1.0,isotonic,62
0,0.11972438422215552,0.1092436974789916,isotonic,62
1,0.9989227499887032,1.0,isotonic,62
1,0.9999424538364612,1.0,isotonic,62
0,0.08171939503609099,0.043478260869565216,isotonic,62
0,0.07584144921371949,0.029914529914529916,isotonic,62
0,0.20380111379255947,0.2138728323699422,isotonic,62
1,0.9993990184891539,1.0,isotonic,62
1,0.7491299676235519,0.5862068965517241,isotonic,62
1,0.9986865261704131,1.0,isotonic,62
0,0.029182716486596615,0.017857142857142856,isotonic,62
1,0.9999727185381765,1.0,isotonic,62
1,0.9973761615231328,1.0,isotonic,62
0,0.4471258333139322,0.34782608695652173,isotonic,62
0,0.03109354358080105,0.017857142857142856,isotonic,62
1,0.996406147139322,1.0,isotonic,62
1,0.2055123559404316,0.2138728323699422,isotonic,62
1,0.07103062386310993,0.029914529914529916,isotonic,62
0,0.11688882653162654,0.1092436974789916,isotonic,62
1,0.9998814047843686,1.0,isotonic,62
1,0.1399865848177715,0.18269230769230768,isotonic,62
1,0.9998810543576944,1.0,isotonic,62
1,0.011523164776779091,0.0,isotonic,62
1,0.998342032731401,1.0,isotonic,62
0,0.040752159250368535,0.029914529914529916,isotonic,62
0,0.10447641314069045,0.1092436974789916,isotonic,62
1,0.9961436214314392,1.0,isotonic,62
1,0.9999725404242306,1.0,isotonic,62
1,0.9988351076831988,1.0,isotonic,62
0,0.20791281834909958,0.2138728323699422,isotonic,62
0,0.036097118022491916,0.017857142857142856,isotonic,62
1,0.9998832838586037,1.0,isotonic,62
1,0.27128028972184776,0.23469387755102042,isotonic,62
0,0.06651211860103448,0.029914529914529916,isotonic,62
1,0.9877762997700676,1.0,isotonic,62
0,0.05402737538701768,0.029914529914529916,isotonic,62
1,0.9999531637759244,1.0,isotonic,62
1,0.9998280379670508,1.0,isotonic,62
0,0.019095568129691515,0.0,isotonic,62
1,0.05033426513738389,0.029914529914529916,isotonic,62
0,0.04597691251965134,0.029914529914529916,isotonic,62
1,0.9815947073740262,1.0,isotonic,62
1,0.9963658756481243,1.0,isotonic,62
1,0.9971092721736647,1.0,isotonic,62
0,0.16153438192168687,0.2138728323699422,isotonic,62
0,0.050378254988344306,0.029914529914529916,isotonic,62
0,0.29782684582539865,0.3157894736842105,isotonic,62
0,0.13913530703274382,0.18269230769230768,isotonic,62
0,0.018544388222445703,0.0,isotonic,62
0,0.03701148235262116,0.017857142857142856,isotonic,62
1,0.9988009204912773,1.0,isotonic,62
0,0.2695724080066736,0.23469387755102042,isotonic,62
0,0.4198441796039685,0.34782608695652173,isotonic,62
1,0.3109136941364186,0.3157894736842105,isotonic,62
1,0.9999499281751861,1.0,isotonic,62
0,0.11999000228467673,0.1092436974789916,isotonic,62
1,0.9999374571627692,1.0,isotonic,62
0,0.06618133854667639,0.029914529914529916,isotonic,62
0,0.0443087042701956,0.029914529914529916,isotonic,62
1,0.9815947073740262,1.0,isotonic,62
1,0.998160666412111,1.0,isotonic,62
1,0.99980928109004,1.0,isotonic,62
1,0.9998058780427681,1.0,isotonic,62
0,0.19957953777157428,0.2138728323699422,isotonic,62
0,0.09484577853299628,0.07142857142857142,isotonic,62
1,0.9996741099076873,1.0,isotonic,62
1,0.47763003375982593,0.38095238095238093,isotonic,62
1,0.9815947073740262,1.0,isotonic,62
1,0.9997782540964519,1.0,isotonic,62
1,0.1567236121662611,0.2138728323699422,isotonic,62
1,0.9977346749723481,1.0,isotonic,62
1,0.9957292821503697,1.0,isotonic,62
1,0.9945086599198991,1.0,isotonic,62
0,0.27955723868290855,0.23469387755102042,isotonic,62
0,0.22166658450149457,0.23469387755102042,isotonic,62
0,0.3251129826030144,0.3157894736842105,isotonic,62
1,0.9815947073740262,1.0,isotonic,62
0,0.2212619156844908,0.23469387755102042,isotonic,62
0,0.13575529718387433,0.18269230769230768,isotonic,62
0,0.26324114902261697,0.23469387755102042,isotonic,62
1,0.9999816790987422,1.0,isotonic,62
0,0.12241336700705019,0.1092436974789916,isotonic,62
0,0.2623105856590236,0.23469387755102042,isotonic,62
1,0.44381923988272987,0.34782608695652173,isotonic,62
1,0.3482189494713596,0.3157894736842105,isotonic,62
0,0.08137397163433195,0.03125,isotonic,62
1,0.41367430096743746,0.34782608695652173,isotonic,62
0,0.16980415151158604,0.2138728323699422,isotonic,62
1,0.998485141519147,1.0,isotonic,62
0,0.019604442157328275,0.0,isotonic,62
0,0.020676058464612394,0.0,isotonic,62
1,0.38249028422884634,0.32432432432432434,isotonic,62
1,0.9985713940227304,1.0,isotonic,62
0,0.20957586985590698,0.2138728323699422,isotonic,62
1,0.9815947073740262,1.0,isotonic,62
0,0.3597503639097785,0.3157894736842105,isotonic,62
0,0.6682558935404926,0.5862068965517241,isotonic,62
0,0.03868250864404574,0.029914529914529916,isotonic,62
1,0.999711092982342,1.0,isotonic,62
1,0.08378493794145918,0.043478260869565216,isotonic,62
0,0.38219122450005233,0.32432432432432434,isotonic,62
1,0.9979285330332528,1.0,isotonic,62
0,0.385430433285873,0.32432432432432434,isotonic,62
1,0.9815947073740262,1.0,isotonic,62
1,0.11581797767258038,0.1092436974789916,isotonic,62
1,0.999849726857649,1.0,isotonic,62
0,0.04447363637064251,0.029914529914529916,isotonic,62
0,0.1484772826853364,0.18269230769230768,isotonic,62
1,0.9815947073740262,1.0,isotonic,62
1,0.8491522839903002,0.9,isotonic,62
0,0.30593355186574295,0.3157894736842105,isotonic,62
0,0.32579474530021146,0.3157894736842105,isotonic,62
0,0.11634820543731539,0.1092436974789916,isotonic,62
1,0.3778509778097595,0.3157894736842105,isotonic,62
0,0.2285746314233265,0.23469387755102042,isotonic,62
0,0.04565985252988234,0.029914529914529916,isotonic,62
1,0.9997788495397782,1.0,isotonic,62
0,0.06717797934963564,0.029914529914529916,isotonic,62
1,0.999950103368416,1.0,isotonic,62
1,0.9981970725280245,1.0,isotonic,62
1,0.9881492283846343,1.0,isotonic,62
0,0.04046633351214892,0.029914529914529916,isotonic,62
1,0.9999509115792381,1.0,isotonic,62
0,0.460458805567986,0.34782879297452757,isotonic,62
0,0.10485776957323872,0.1092436974789916,isotonic,62
1,0.9952850633765642,1.0,isotonic,62
0,0.11044409442532685,0.1092436974789916,isotonic,62
1,0.9976842706330336,1.0,isotonic,62
1,0.9997908014243801,1.0,isotonic,62
0,0.07814993212742129,0.03125,isotonic,62
0,0.08195371311628234,0.043478260869565216,isotonic,62
1,0.9975435763736706,1.0,isotonic,62
1,0.9989740694760024,1.0,isotonic,62
1,0.9999523888400502,1.0,isotonic,62
1,0.422742205200796,0.34782608695652173,isotonic,62
1,0.9999349865208652,1.0,isotonic,62
1,0.9999462064650094,1.0,isotonic,62
0,0.39316075088222346,0.32432432432432434,isotonic,62
1,0.14374848668762097,0.18269230769230768,isotonic,62
0,0.0704833238368598,0.029914529914529916,isotonic,62
0,0.018117989081111854,0.0,isotonic,62
1,0.9997621443924557,1.0,isotonic,62
0,0.38176641208884043,0.32432432432432434,isotonic,62
0,0.3851085252287329,0.32432432432432434,isotonic,62
0,0.017612727253635885,0.0,isotonic,62
1,0.9997528031358933,1.0,isotonic,62
0,0.4701174577137003,0.35,isotonic,62
1,0.9999662986914214,1.0,isotonic,62
1,0.9999196905772755,1.0,isotonic,62
0,0.4681950393631678,0.35,isotonic,62
1,0.9765727963482237,1.0,isotonic,62
1,0.8641343252492272,0.9,isotonic,62
1,0.9974297579434546,1.0,isotonic,62
0,0.5977831169679303,0.5862068965517241,isotonic,62
0,0.17599109810931238,0.2138728323699422,isotonic,62
1,0.9969297897650446,1.0,isotonic,62
0,0.2378434198147728,0.23469387755102042,isotonic,62
0,0.06325126504179208,0.029914529914529916,isotonic,62
1,0.10456201188455697,0.1092436974789916,isotonic,62
1,0.999948618717138,1.0,isotonic,62
1,0.9985080616636283,1.0,isotonic,62
0,0.42122878587229406,0.34782608695652173,isotonic,62
1,0.9999375488678827,1.0,isotonic,62
1,0.9999803826422554,1.0,isotonic,62
1,0.9972794652582371,1.0,isotonic,62
0,0.0925076767836931,0.043478260869565216,isotonic,62
1,0.5984328195918812,0.5862068965517241,isotonic,62
0,0.1387723480191064,0.18269230769230768,isotonic,62
1,0.46980045549566124,0.35,isotonic,62
0,0.13426250981245016,0.18269230769230768,isotonic,62
1,0.9815947073740262,1.0,isotonic,62
0,0.34681933992805153,0.3157894736842105,isotonic,62
1,0.9994662836046162,1.0,isotonic,62
0,0.16723711080823742,0.2138728323699422,isotonic,62
0,0.16988058235968542,0.2138728323699422,isotonic,62
0,0.05800223647866896,0.029914529914529916,isotonic,62
0,0.11869808648661803,0.1092436974789916,isotonic,62
1,0.998074743541803,1.0,isotonic,62
0,0.697749271083937,0.5862068965517241,isotonic,62
0,0.2458701094723285,0.23469387755102042,isotonic,62
1,0.9996160926837345,1.0,isotonic,62
0,0.053511322058011734,0.029914529914529916,isotonic,62
1,0.2804102113547567,0.23469387755102042,isotonic,62
1,0.9966521174926596,1.0,isotonic,62
0,0.05512996548782584,0.029914529914529916,isotonic,62
1,0.9967149843778221,1.0,isotonic,62
1,0.9815947073740262,1.0,isotonic,62
0,0.9567298076597126,0.9,isotonic,62
0,0.2704849011493302,0.23469387755102042,isotonic,62
1,0.9979918831088646,1.0,isotonic,62
1,0.427175070988284,0.34782608695652173,isotonic,62
0,0.2863223333082089,0.2950851839031462,isotonic,62
1,0.9975418991081797,1.0,isotonic,62
0,0.09094946561013549,0.043478260869565216,isotonic,62
1,0.9983665886101952,1.0,isotonic,62
0,0.03197727558919977,0.017857142857142856,isotonic,62
1,0.6756559659009865,0.5862068965517241,isotonic,62
1,0.9999511305140686,1.0,isotonic,62
0,0.4162608560332209,0.34782608695652173,isotonic,62
0,0.16543940125851228,0.2138728323699422,isotonic,62
0,0.013457803588531625,0.0,isotonic,62
0,0.017952196905153272,0.0,isotonic,62
0,0.09937649534000743,0.1092436974789916,isotonic,62
1,0.9999475146667121,1.0,isotonic,62
0,0.1797150906860747,0.2138728323699422,isotonic,62
0,0.9623413223302564,1.0,isotonic,62
1,0.9955020765972826,1.0,isotonic,62
0,0.03138230772130626,0.017857142857142856,isotonic,62
1,0.9999547223862737,1.0,isotonic,62
0,0.16661929620594995,0.2138728323699422,isotonic,62
1,0.9982231991276906,1.0,isotonic,62
1,0.526667750403534,0.38095238095238093,isotonic,62
1,0.14426604735376675,0.18269230769230768,isotonic,62
0,0.36580598989821717,0.3157894736842105,isotonic,62
1,0.9815947073740262,1.0,isotonic,62
0,0.0884028219665476,0.043478260869565216,isotonic,62
1,0.9987501235308374,1.0,isotonic,62
0,0.6444747753981126,0.5862068965517241,isotonic,62
0,0.1816662548972455,0.2138728323699422,isotonic,62
1,0.9997346007101962,1.0,isotonic,62
1,0.9979946710946054,1.0,isotonic,62
0,0.0609999172016493,0.029914529914529916,isotonic,62
1,0.997884816215247,1.0,isotonic,62
0,0.052400766821869296,0.029914529914529916,isotonic,62
0,0.09796046283993923,0.1,isotonic,62
0,0.5469676662556119,0.5862068965517241,isotonic,62
0,0.08083986136262598,0.03125,isotonic,62
1,0.9983968323957773,1.0,isotonic,62
1,0.9999340105320017,1.0,isotonic,62
1,0.998532283035189,1.0,isotonic,62
1,0.9980023488957656,1.0,isotonic,62
0,0.10162513663392914,0.1092436974789916,isotonic,62
1,0.23859091305450744,0.23469387755102042,isotonic,62
0,0.5035590383391472,0.38095238095238093,isotonic,62
1,0.28364063191155925,0.23469387755102042,isotonic,62
0,0.03585833135835919,0.017857142857142856,isotonic,62
0,0.2515082652536396,0.23469387755102042,isotonic,62
0,0.029152718066988922,0.017857142857142856,isotonic,62
0,0.288822101019416,0.3157894736842105,isotonic,62
0,0.11678223499560776,0.1092436974789916,isotonic,62
1,0.997047771729441,1.0,isotonic,62
1,0.9958034807624332,1.0,isotonic,62
0,0.5233133536704089,0.38095238095238093,isotonic,62
1,0.9977108407886318,1.0,isotonic,62
0,0.30646453529304557,0.3157894736842105,isotonic,62
0,0.2779703913415075,0.23469387755102042,isotonic,62
0,0.12691677055021527,0.15789473684210525,isotonic,62
1,0.9990465897430874,1.0,isotonic,62
1,0.9988554659997144,1.0,isotonic,62
1,0.37030192752132235,0.3157894736842105,isotonic,62
1,0.9989657915957054,1.0,isotonic,62
0,0.09047597355281904,0.043478260869565216,isotonic,62
0,0.4340487827822792,0.34782608695652173,isotonic,62
0,0.5344397023520034,0.38095238095238093,isotonic,62
0,0.22564788292363455,0.23469387755102042,isotonic,62
1,0.9815947073740262,1.0,isotonic,62
0,0.2600307376192531,0.23469387755102042,isotonic,62
0,0.08954733481964472,0.043478260869565216,isotonic,62
0,0.10190707462034812,0.1092436974789916,isotonic,62
0,0.013955993336828955,0.0,isotonic,62
0,0.06685194235768496,0.029914529914529916,isotonic,62
1,0.5630867116064165,0.5862068965517241,isotonic,62
1,0.568603767988801,0.5862068965517241,isotonic,62
0,0.17145365948594124,0.2138728323699422,isotonic,62
0,0.04237975886376284,0.029914529914529916,isotonic,62
0,0.20887027468320898,0.2138728323699422,isotonic,62
0,0.11444583298039948,0.1092436974789916,isotonic,62
1,0.9967260648826257,1.0,isotonic,62
0,0.053365431413424626,0.029914529914529916,isotonic,62
0,0.06456890748333306,0.029914529914529916,isotonic,62
0,0.0675479261575314,0.029914529914529916,isotonic,62
1,0.3930139616770629,0.32432432432432434,isotonic,62
0,0.4835149999696131,0.38095238095238093,isotonic,62
1,0.9891323665398833,1.0,isotonic,62
1,0.9815947073740262,1.0,isotonic,62
1,0.9947944608790444,1.0,isotonic,62
0,0.06666727230090316,0.029914529914529916,isotonic,62
1,0.3932787749239557,0.32432432432432434,isotonic,62
0,0.13972985018907885,0.18269230769230768,isotonic,62
0,0.1750902468418455,0.2138728323699422,isotonic,62
0,0.03247963250873692,0.017857142857142856,isotonic,62
1,0.058407128946849234,0.029914529914529916,isotonic,62
0,0.31155334220710673,0.3157894736842105,isotonic,62
1,0.9988149527418095,1.0,isotonic,62
0,0.10779930111205645,0.1092436974789916,isotonic,62
0,0.37735113741450627,0.3157894736842105,isotonic,62
0,0.005987961300775006,0.0,isotonic,62
0,0.023856116579370795,0.0,isotonic,62
1,0.9999720392755789,1.0,isotonic,62
1,0.23460494414151595,0.23469387755102042,isotonic,62
1,0.9969099864138486,1.0,isotonic,62
1,0.7546045727613386,0.5862068965517241,isotonic,62
0,0.5860525037987437,0.5862068965517241,isotonic,62
0,0.5653270947512341,0.5862068965517241,isotonic,62
0,0.12022887110210573,0.1092436974789916,isotonic,62
1,0.9815947073740262,1.0,isotonic,62
1,0.9815661584681533,1.0,isotonic,62
0,0.05115428411053575,0.029914529914529916,isotonic,62
1,0.999692404564656,1.0,isotonic,62
0,0.21371459088212974,0.23469387755102042,isotonic,62
1,0.8654639790138269,0.9,isotonic,62
0,0.029622732596280493,0.017857142857142856,isotonic,62
1,0.9998574287819331,1.0,isotonic,62
0,0.12602300739925956,0.15789473684210525,isotonic,62
0,0.3152221964331157,0.3157894736842105,isotonic,62
1,0.9990962328032733,1.0,isotonic,62
0,0.052868290772394425,0.029914529914529916,isotonic,62
0,0.1485564191945016,0.18269230769230768,isotonic,62
0,0.03161093509889036,0.017857142857142856,isotonic,62
1,0.06744427377494,0.029914529914529916,isotonic,62
1,0.9980931749444703,1.0,isotonic,62
1,0.29884553667358993,0.3157894736842105,isotonic,62
0,0.02059443618094913,0.0,isotonic,62
0,0.30836803349372066,0.3157894736842105,isotonic,62
1,0.16220155378310896,0.2138728323699422,isotonic,62
1,0.9939506989520382,1.0,isotonic,62
0,0.08042243455949298,0.03125,isotonic,62
0,0.10635564252737852,0.1092436974789916,isotonic,62
0,0.16014469863563127,0.2138728323699422,isotonic,62
0,0.24566866484675073,0.23469387755102042,isotonic,62
0,0.27411406414929723,0.23469387755102042,isotonic,62
1,0.9998499460462513,1.0,isotonic,62
1,0.1419526368747774,0.18269230769230768,isotonic,62
1,0.9999395783133598,1.0,isotonic,62
0,0.024254359812543275,0.0,isotonic,62
1,0.5532321627301706,0.5862068965517241,isotonic,62
1,0.9952251371462615,1.0,isotonic,62
1,0.9201262876914024,0.9,isotonic,62
1,0.39040008807297233,0.32432432432432434,isotonic,62
0,0.699834631328183,0.5862068965517241,isotonic,62
0,0.5223069603296157,0.38095238095238093,isotonic,62
0,0.07660461505894946,0.03125,isotonic,62
0,0.07420147476493107,0.029914529914529916,isotonic,62
0,0.08806131307437608,0.043478260869565216,isotonic,62
1,0.9999556929933353,1.0,isotonic,62
1,0.07049646906964845,0.029914529914529916,isotonic,62
0,0.011298266332092119,0.0,isotonic,62
1,0.9980948431645419,1.0,isotonic,62
0,0.4095565328040288,0.34782608695652173,isotonic,62
1,0.5943846664824836,0.5862068965517241,isotonic,62
0,0.02810595533388411,0.017857142857142856,isotonic,62
0,0.1437854370574562,0.18269230769230768,isotonic,62
1,0.9815947073740262,1.0,isotonic,62
1,0.9973308899853118,1.0,isotonic,62
0,0.3861420071389319,0.32432432432432434,isotonic,62
1,0.9980196765085979,1.0,isotonic,62
0,0.0622619860319778,0.029914529914529916,isotonic,62
1,0.9999246588308369,1.0,isotonic,62
0,0.10104051440244513,0.1092436974789916,isotonic,62
0,0.2549680028149923,0.23469387755102042,isotonic,62
1,0.9987028566197126,1.0,isotonic,62
1,0.9996558176079614,1.0,isotonic,62
0,0.12440764828119391,0.1092436974789916,isotonic,62
0,0.015997014265433138,0.0,isotonic,62
0,0.03246752570943229,0.017857142857142856,isotonic,62
0,0.02060889688786527,0.0,isotonic,62
1,0.9976686714071479,1.0,isotonic,62
1,0.9984718869378155,1.0,isotonic,62
1,0.9967035948068901,1.0,isotonic,62
0,0.40062641201494437,0.34782608695652173,isotonic,62
1,0.9999509351211793,1.0,isotonic,62
1,0.9951872581800563,1.0,isotonic,62
0,0.0643734890095654,0.029914529914529916,isotonic,62
0,0.41953984779374964,0.34782608695652173,isotonic,62
1,0.4813519257027104,0.38095238095238093,isotonic,62
0,0.12537968879213188,0.15789473684210525,isotonic,62
0,0.3861322282133528,0.32432432432432434,isotonic,62
0,0.08168445392920011,0.043478260869565216,isotonic,62
1,0.9815947073740262,1.0,isotonic,62
0,0.280344581774742,0.23469387755102042,isotonic,62
0,0.31898332287925313,0.3157894736842105,isotonic,62
0,0.07960075745492183,0.03125,isotonic,62
1,0.9999498997614038,1.0,isotonic,62
1,0.9985719028606148,1.0,isotonic,62
0,0.04956217002651657,0.029914529914529916,isotonic,62
0,0.40602112658441,0.34782608695652173,isotonic,62
0,0.12885863086790983,0.18269230769230768,isotonic,62
0,0.05753913021649385,0.029914529914529916,isotonic,62
1,0.6024829414967028,0.5862068965517241,isotonic,62
0,0.11126157571616288,0.1092436974789916,isotonic,62
0,0.07361105770741616,0.029914529914529916,isotonic,62
0,0.07630121364911079,0.03125,isotonic,62
0,0.013016764787946633,0.0,isotonic,62
0,0.4444364831936716,0.34782608695652173,isotonic,62
0,0.8486383281987978,0.9,isotonic,62
1,0.9999497987531072,1.0,isotonic,62
1,0.19057852348665819,0.2138728323699422,isotonic,62
1,0.9972395049410474,1.0,isotonic,62
0,0.04982021548298245,0.029914529914529916,isotonic,62
1,0.3889498881062151,0.32432432432432434,isotonic,62
0,0.05736942197064437,0.029914529914529916,isotonic,62
0,0.3689852788599008,0.3157894736842105,isotonic,62
0,0.06806358073952176,0.029914529914529916,isotonic,62
1,0.06670600134256434,0.029914529914529916,isotonic,62
1,0.9815947073740262,1.0,isotonic,62
0,0.36846582954716933,0.3157894736842105,isotonic,62
1,0.9948852193019722,1.0,isotonic,62
0,0.0632316308764028,0.029914529914529916,isotonic,62
1,0.9997023830543538,1.0,isotonic,62
0,0.023293810077101323,0.0,isotonic,62
0,0.4800453783783609,0.38095238095238093,isotonic,62
1,0.4124515223522536,0.34782608695652173,isotonic,62
0,0.10613895614657852,0.1092436974789916,isotonic,62
1,0.9982126150787497,1.0,isotonic,62
0,0.053477064963853425,0.029914529914529916,isotonic,62
1,0.3448549661754433,0.3157894736842105,isotonic,62
0,0.5067409660009995,0.38095238095238093,isotonic,62
0,0.2609940032360863,0.23469387755102042,isotonic,62
1,0.9995080299124007,1.0,isotonic,62
0,0.12776169164791892,0.15789473684210525,isotonic,62
0,0.013180316242848768,0.0,isotonic,62
1,0.999954320178515,1.0,isotonic,62
0,0.19857401710010036,0.2138728323699422,isotonic,62
0,0.03141645188637489,0.017857142857142856,isotonic,62
0,0.06667521314356266,0.029914529914529916,isotonic,62
1,0.9994035800982679,1.0,isotonic,62
0,0.28205672999707715,0.23469387755102042,isotonic,62
1,0.9997998125097922,1.0,isotonic,62
0,0.07494253258942449,0.029914529914529916,isotonic,62
0,0.07943462438839644,0.03125,isotonic,62
0,0.048109395225833136,0.029914529914529916,isotonic,62
0,0.05236915075877667,0.029914529914529916,isotonic,62
0,0.048040447840104604,0.029914529914529916,isotonic,62
0,0.18295120657293257,0.2138728323699422,isotonic,62
0,0.05676321373125935,0.029914529914529916,isotonic,62
1,0.9999067314427547,1.0,isotonic,62
1,0.999975167481738,1.0,isotonic,62
0,0.038235180621586484,0.029914529914529916,isotonic,62
1,0.0979539280284881,0.1,isotonic,62
1,0.24693145585398657,0.23469387755102042,isotonic,62
0,0.09615026190643683,0.07142857142857142,isotonic,62
1,0.27462651585799874,0.23469387755102042,isotonic,62
0,0.011769970887258277,0.0,isotonic,62
1,0.9963080694044546,1.0,isotonic,62
1,0.999892929679191,1.0,isotonic,62
1,0.9911368448292412,1.0,isotonic,62
1,0.9998264162944143,1.0,isotonic,62
1,0.9999525431600337,1.0,isotonic,62
1,0.9979289221111588,1.0,isotonic,62
1,0.999976966082482,1.0,isotonic,62
0,0.08034017725123947,0.03125,isotonic,62
1,0.9999229102882683,1.0,isotonic,62
0,0.15305702871223975,0.18269230769230768,isotonic,62
1,0.9987333185278063,1.0,isotonic,62
0,0.1638812704738106,0.2138728323699422,isotonic,62
0,0.21035686496715778,0.2138728323699422,isotonic,62
1,0.9815947073740262,1.0,isotonic,62
1,0.9999239756785264,1.0,isotonic,62
1,0.9952893818746932,1.0,isotonic,62
0,0.23240931116684846,0.23469387755102042,isotonic,62
1,0.9815947073740262,1.0,isotonic,62
0,0.06393615052641358,0.029914529914529916,isotonic,62
1,0.9997433135271216,1.0,isotonic,62
1,0.9985695837838102,1.0,isotonic,62
0,0.06753523427980615,0.029914529914529916,isotonic,62
0,0.3244023285106024,0.3157894736842105,isotonic,62
0,0.24106345933509088,0.23469387755102042,isotonic,62
0,0.07737697180701501,0.03125,isotonic,62
1,0.23572467432308478,0.23469387755102042,isotonic,62
0,0.3399057007343245,0.3157894736842105,isotonic,62
0,0.023728868458198767,0.0,isotonic,62
0,0.12468260369256104,0.11545007562612461,isotonic,62
0,0.40812784702599497,0.34782608695652173,isotonic,62
0,0.05278783344803696,0.029914529914529916,isotonic,62
0,0.0800140867321456,0.03125,isotonic,62
1,0.9963323395208348,1.0,isotonic,62
0,0.4610206510877443,0.34823507825700256,isotonic,62
1,0.9972526534674245,1.0,isotonic,62
1,0.31981079174856114,0.3157894736842105,isotonic,62
0,0.33279752093097836,0.3157894736842105,isotonic,62
0,0.0474570194657758,0.029914529914529916,isotonic,62
1,0.999953949472925,1.0,isotonic,62
1,0.9998038877723872,1.0,isotonic,62
1,0.9990495281683438,1.0,isotonic,62
0,0.0560291178093683,0.029914529914529916,isotonic,62
0,0.03904972356669044,0.029914529914529916,isotonic,62
0,0.039656419857824546,0.029914529914529916,isotonic,62
1,0.18987596494519854,0.2138728323699422,isotonic,62
0,0.03446802636480595,0.017857142857142856,isotonic,62
1,0.9958768286827648,1.0,isotonic,62
0,0.040393962904187584,0.029914529914529916,isotonic,62
0,0.3780860057856486,0.3157894736842105,isotonic,62
1,0.27999362256142174,0.23469387755102042,isotonic,62
1,0.997402331285426,1.0,isotonic,62
0,0.01654327995307547,0.0,isotonic,62
1,0.08531611814176107,0.043478260869565216,isotonic,62
1,0.9992856363140754,1.0,isotonic,62
1,0.9982693226576389,1.0,isotonic,62
0,0.03975981730754871,0.029914529914529916,isotonic,62
0,0.11299234745167666,0.1092436974789916,isotonic,62
0,0.05451193348548705,0.029914529914529916,isotonic,62
1,0.9980054234123656,1.0,isotonic,62
1,0.5576802319778255,0.5862068965517241,isotonic,62
1,0.9815947073740262,1.0,isotonic,62
0,0.2966891592068181,0.3157894736842105,isotonic,62
0,0.12828406537331044,0.17317939814431865,isotonic,62
1,0.9815947073740262,1.0,isotonic,62
1,0.9973227722084648,1.0,isotonic,62
1,0.9984435206614753,1.0,isotonic,62
0,0.2690230493449476,0.23469387755102042,isotonic,62
0,0.08430882026714842,0.043478260869565216,isotonic,62
1,0.999755424299934,1.0,isotonic,62
1,0.9999871223788007,1.0,isotonic,62
0,0.451357098150187,0.34782608695652173,isotonic,62
0,0.1382485820163664,0.18269230769230768,isotonic,62
1,0.9990191996773152,1.0,isotonic,62
0,0.011825872466203763,0.0,isotonic,62
1,0.9976890263785246,1.0,isotonic,62
1,0.9978798889487093,1.0,isotonic,62
1,0.9999566070981784,1.0,isotonic,62
0,0.44360110871245517,0.34782608695652173,isotonic,62
0,0.24238504638096972,0.23469387755102042,isotonic,62
1,0.9999505129118029,1.0,isotonic,62
1,0.9992320666736725,1.0,isotonic,62
0,0.2986072088590563,0.3157894736842105,isotonic,62
0,0.2344080085585909,0.23469387755102042,isotonic,62
1,0.9998640587062,1.0,isotonic,62
1,0.9999447230047617,1.0,isotonic,62
1,0.9972589843482973,1.0,isotonic,62
0,0.05680275315902195,0.029914529914529916,isotonic,62
1,0.32714975601060636,0.3157894736842105,isotonic,62
0,0.13657767317015576,0.18269230769230768,isotonic,62
1,0.3904310850446712,0.32432432432432434,isotonic,62
1,0.9815947073740262,1.0,isotonic,62
1,0.9905810845934402,1.0,isotonic,62
0,0.1492196226795992,0.18269230769230768,isotonic,62
1,0.9970578374051302,1.0,isotonic,62
1,0.9815947073740262,1.0,isotonic,62
1,0.9999430422824049,1.0,isotonic,62
0,0.08867872969648977,0.043478260869565216,isotonic,62
1,0.19190766062660744,0.2138728323699422,isotonic,62
1,0.9881200821726869,1.0,isotonic,62
1,0.9999476533715422,1.0,isotonic,62
1,0.9999021551190415,1.0,isotonic,62
0,0.12832431670500774,0.17547653330541138,isotonic,62
1,0.9992980527624359,1.0,isotonic,62
0,0.05069516718363546,0.029914529914529916,isotonic,62
1,0.8643479058290288,0.9,isotonic,62
1,0.9815947073740262,1.0,isotonic,62
0,0.21919668876242263,0.23469387755102042,isotonic,62
0,0.19390686141938615,0.2138728323699422,isotonic,62
0,0.2755237992812916,0.23469387755102042,isotonic,62
1,0.34296648638849697,0.3157894736842105,isotonic,62
1,0.17590823382626639,0.2138728323699422,isotonic,62
0,0.05219402614683152,0.029914529914529916,isotonic,62
0,0.30610718755868443,0.3157894736842105,isotonic,62
1,0.5543994676500119,0.5862068965517241,isotonic,62
0,0.014661909099429628,0.0,isotonic,62
0,0.28469664811352857,0.23469387755102042,isotonic,62
0,0.04218034147706037,0.029914529914529916,isotonic,62
0,0.026052386793300616,0.015406296560785643,isotonic,62
0,0.2704941121432956,0.23469387755102042,isotonic,62
0,0.4322063104470531,0.34782608695652173,isotonic,62
0,0.4067460983571328,0.34782608695652173,isotonic,62
1,0.25602456243831323,0.23469387755102042,isotonic,62
0,0.14002134604627953,0.18269230769230768,isotonic,62
1,0.9815947073740262,1.0,isotonic,62
1,0.9978232792266332,1.0,isotonic,62
1,0.9999426864346658,1.0,isotonic,62
1,0.9981477117732349,1.0,isotonic,62
0,0.08922497319920443,0.043478260869565216,isotonic,62
1,0.43783131663774266,0.34782608695652173,isotonic,62
1,0.4317958368583886,0.34782608695652173,isotonic,62
1,0.9999543813750107,1.0,isotonic,62
0,0.04471594824216133,0.029914529914529916,isotonic,62
0,0.24864545326296286,0.23469387755102042,isotonic,62
1,0.994714529829245,1.0,isotonic,62
1,0.9998522369630783,1.0,isotonic,62
1,0.9997936805466667,1.0,isotonic,62
0,0.048035926861099525,0.029914529914529916,isotonic,62
0,0.3201734898377208,0.3157894736842105,isotonic,62
0,0.06295105800733636,0.029914529914529916,isotonic,62
1,0.9999469146641239,1.0,isotonic,62
0,0.08892251152610468,0.043478260869565216,isotonic,62
0,0.044452843595303,0.029914529914529916,isotonic,62
1,0.14385234082211948,0.18269230769230768,isotonic,62
1,0.9998201333345357,1.0,isotonic,62
1,0.9988432673369448,1.0,isotonic,62
1,0.9959103635340889,1.0,isotonic,62
0,0.33822510189005456,0.3157894736842105,isotonic,62
1,0.9821038666248049,1.0,isotonic,62
1,0.997197271375008,1.0,isotonic,62
1,0.9815947073740262,1.0,isotonic,62
0,0.516737102599116,0.38095238095238093,isotonic,62
0,0.3876439247514195,0.32432432432432434,isotonic,62
1,0.9975234461718027,1.0,isotonic,62
1,0.9983322165176987,1.0,isotonic,62
0,0.015411372718284988,0.0,isotonic,62
1,0.9999484738665232,1.0,isotonic,62
1,0.7043523147000773,0.5862068965517241,isotonic,62
0,0.021369756599689,0.0,isotonic,62
0,0.17216339454081736,0.2138728323699422,isotonic,62
0,0.1773628460622352,0.2138728323699422,isotonic,62
1,0.9988693461458832,1.0,isotonic,62
1,0.996548597258666,1.0,isotonic,62
0,0.2843538265185858,0.23469387755102042,isotonic,62
1,0.9999304686429589,1.0,isotonic,62
0,0.019750799498918184,0.0,isotonic,62
0,0.2888102181140395,0.3157894736842105,isotonic,62
0,0.061503805230099205,0.029914529914529916,isotonic,62
1,0.308536690523356,0.3157894736842105,isotonic,62
1,0.9848469275980433,1.0,isotonic,62
1,0.9815947073740262,1.0,isotonic,62
1,0.9987537524896473,1.0,isotonic,62
1,0.9997459057883554,1.0,isotonic,62
0,0.32579974645758125,0.3157894736842105,isotonic,62
1,0.9999383878504355,1.0,isotonic,62
1,0.993047022755247,1.0,isotonic,62
0,0.5284194921237656,0.38095238095238093,isotonic,62
1,0.9992126151311036,1.0,isotonic,62
0,0.020687085149983804,0.0,isotonic,62
1,0.9952386565619296,1.0,isotonic,62
1,0.2310029939746509,0.23469387755102042,isotonic,62
1,0.9913399163209459,1.0,isotonic,62
1,0.9969287380040222,1.0,isotonic,62
0,0.04258131969700926,0.029914529914529916,isotonic,62
1,0.9990013679135856,1.0,isotonic,62
0,0.49675652160711253,0.38095238095238093,isotonic,62
0,0.03352278653721127,0.017857142857142856,isotonic,62
0,0.3502029638509463,0.3157894736842105,isotonic,62
1,0.9997991903408676,1.0,isotonic,62
0,0.03609017257089555,0.017857142857142856,isotonic,62
1,0.9999531463290544,1.0,isotonic,62
1,0.9996998329938279,1.0,isotonic,62
1,0.9988407790125273,1.0,isotonic,62
1,0.9972142196150285,1.0,isotonic,62
1,0.7148341450617663,0.5862068965517241,isotonic,62
1,0.9989194875619076,1.0,isotonic,62
1,0.9938838265599919,1.0,isotonic,62
1,0.9988199120776159,1.0,isotonic,62
1,0.991267466273585,1.0,isotonic,62
1,0.9999065360368136,1.0,isotonic,62
1,0.9975654142141933,1.0,isotonic,62
0,0.06399644003964997,0.029914529914529916,isotonic,62
1,0.9999720037161179,1.0,isotonic,62
0,0.4173828549786032,0.34782608695652173,isotonic,62
1,0.9971456392852842,1.0,isotonic,62
1,0.9989771190878682,1.0,isotonic,62
0,0.043468502265056504,0.029914529914529916,isotonic,62
1,0.2726175728712055,0.23469387755102042,isotonic,62
1,0.9996823757298704,1.0,isotonic,62
1,0.9999532340765628,1.0,isotonic,62
0,0.2959044368665984,0.3157894736842105,isotonic,62
0,0.041081988751797326,0.029914529914529916,isotonic,62
1,0.9985213130174826,1.0,isotonic,62
1,0.9998248187599164,1.0,isotonic,62
1,0.9815947073740262,1.0,isotonic,62
1,0.09113319516548522,0.043478260869565216,isotonic,62
0,0.09197161454112357,0.043478260869565216,isotonic,62
1,0.9957278675859836,1.0,isotonic,62
0,0.5235580397309197,0.38095238095238093,isotonic,62
0,0.127744751050392,0.15789473684210525,isotonic,62
0,0.0749696275182626,0.029914529914529916,isotonic,62
1,0.998117003963751,1.0,isotonic,62
1,0.9951625068873253,1.0,isotonic,62
0,0.6773576598980743,0.5862068965517241,isotonic,62
0,0.3239157617364865,0.3157894736842105,isotonic,62
0,0.10035750993047104,0.1092436974789916,isotonic,62
0,0.2944286311219523,0.3157894736842105,isotonic,62
1,0.9992492845352523,1.0,isotonic,62
0,0.009073803788208797,0.0,isotonic,62
0,0.4326715031586195,0.34782608695652173,isotonic,62
0,0.27036887974377116,0.23469387755102042,isotonic,62
1,0.9999581941712881,1.0,isotonic,62
0,0.12486032283077632,0.13571287578445637,isotonic,62
0,0.44216972504225854,0.34782608695652173,isotonic,62
1,0.9985255812468623,1.0,isotonic,62
1,0.9998909659665532,1.0,isotonic,62
1,0.9963225627177598,1.0,isotonic,62
0,0.44871810837889003,0.34782608695652173,isotonic,62
1,0.9998431985648798,1.0,isotonic,62
1,0.2174631200031154,0.23469387755102042,isotonic,62
1,0.3140859983274408,0.3157894736842105,isotonic,62
1,0.9815947073740262,1.0,isotonic,62
0,0.29187532933621113,0.3157894736842105,isotonic,62
0,0.02311707786957871,0.0,isotonic,62
1,0.9998520510904079,1.0,isotonic,62
1,0.6694092595838367,0.5862068965517241,isotonic,62
1,0.998067768950354,1.0,isotonic,62
1,0.9815947073740262,1.0,isotonic,62
0,0.1376985374583874,0.18269230769230768,isotonic,62
1,0.9987896938525255,1.0,isotonic,62
0,0.10723285045795487,0.1092436974789916,isotonic,62
0,0.2443079742420908,0.23469387755102042,isotonic,62
1,0.9346282466949791,0.9,isotonic,62
0,0.20166252001754373,0.2138728323699422,isotonic,62
0,0.26093668428421274,0.23469387755102042,isotonic,62
0,0.2347529072765416,0.23469387755102042,isotonic,62
0,0.15193467945289318,0.18269230769230768,isotonic,62
0,0.24819209407543955,0.23469387755102042,isotonic,62
0,0.263053676557484,0.23469387755102042,isotonic,62
1,0.5597775304749664,0.5862068965517241,isotonic,62
1,0.9964107692883809,1.0,isotonic,62
1,0.9815947073740262,1.0,isotonic,62
1,0.3965292611249066,0.32432432432432434,isotonic,62
0,0.2772582906891482,0.23469387755102042,isotonic,62
0,0.023185918130793737,0.0,isotonic,62
1,0.999879833860675,1.0,isotonic,62
1,0.9818555912245449,1.0,isotonic,62
1,0.3726022179506257,0.3157894736842105,isotonic,62
0,0.4149269782235932,0.34782608695652173,isotonic,62
0,0.1878771306869966,0.2138728323699422,isotonic,62
0,0.15259391998975272,0.18269230769230768,isotonic,62
0,0.3375891415893915,0.3157894736842105,isotonic,62
0,0.023459145103675114,0.0,isotonic,62
0,0.08701327952171214,0.043478260869565216,isotonic,62
1,0.9815947073740262,1.0,isotonic,62
0,0.014499373286919609,0.0,isotonic,62
0,0.150353852354064,0.18269230769230768,isotonic,62
0,0.03772901144182561,0.029914529914529916,isotonic,62
1,0.6789927560795417,0.5862068965517241,isotonic,62
0,0.21089434492517997,0.2138728323699422,isotonic,62
0,0.06590040637642697,0.029914529914529916,isotonic,62
1,0.999956136802773,1.0,isotonic,62
0,0.05723526668164144,0.029914529914529916,isotonic,62
0,0.13889808711275478,0.18269230769230768,isotonic,62
0,0.06926062920798517,0.029914529914529916,isotonic,62
0,0.05723052960908592,0.029914529914529916,isotonic,62
1,0.9986560493158613,1.0,isotonic,62
1,0.9989315254336976,1.0,isotonic,62
0,0.06352460742139875,0.029914529914529916,isotonic,62
0,0.4382139211356022,0.34782608695652173,isotonic,62
0,0.020719172223959997,0.0,isotonic,62
1,0.9992552040168611,1.0,isotonic,62
1,0.9965222609051522,1.0,isotonic,62
0,0.2508260643359661,0.23469387755102042,isotonic,62
1,0.9999433907718286,1.0,isotonic,62
1,0.4027366343629387,0.34782608695652173,isotonic,62
0,0.10914865645111428,0.1092436974789916,isotonic,62
0,0.0379296577420768,0.029914529914529916,isotonic,62
0,0.35989725738693706,0.3157894736842105,isotonic,62
0,0.6228239104340693,0.5862068965517241,isotonic,62
1,0.07387813075317096,0.029914529914529916,isotonic,62
0,0.15006629530806656,0.18269230769230768,isotonic,62
1,0.7546486328084336,0.5862068965517241,isotonic,62
0,0.2012704154335404,0.2138728323699422,isotonic,62
0,0.05586783448568846,0.029914529914529916,isotonic,62
1,0.9999615162655338,1.0,isotonic,62
0,0.1841873312916313,0.2138728323699422,isotonic,62
1,0.9815947073740262,1.0,isotonic,62
0,0.3392999571665163,0.3157894736842105,isotonic,62
0,0.025219179136891305,0.0,isotonic,62
1,0.9987973585596838,1.0,isotonic,62
0,0.38004616686089504,0.3197000597879213,isotonic,62
1,0.998745945286407,1.0,isotonic,62
0,0.3014421071134864,0.3157894736842105,isotonic,62
0,0.49495491228047134,0.38095238095238093,isotonic,62
0,0.16259663945542763,0.2138728323699422,isotonic,62
0,0.05188479413898978,0.029914529914529916,isotonic,62
1,0.26836417682368857,0.23469387755102042,isotonic,62
1,0.9945343304758899,1.0,isotonic,62
0,0.07798828901244159,0.03125,isotonic,62
0,0.539540952915734,0.38095238095238093,isotonic,62
0,0.062293106250564674,0.029914529914529916,isotonic,62
0,0.16305396087475865,0.2138728323699422,isotonic,62
1,0.9999178847582304,1.0,isotonic,62
0,0.028927688130563133,0.017857142857142856,isotonic,62
0,0.9616833472363037,1.0,isotonic,62
1,0.21846883603600784,0.23469387755102042,isotonic,62
1,0.9815947073740262,1.0,isotonic,62
0,0.4668924482569227,0.35,isotonic,62
0,0.12352689111880727,0.1092436974789916,isotonic,62
0,0.07482116792343013,0.029914529914529916,isotonic,62
0,0.05869984786838103,0.029914529914529916,isotonic,62
0,0.12369759763140996,0.1092436974789916,isotonic,62
1,0.21647097424717443,0.23469387755102042,isotonic,62
0,0.3549573297146384,0.3157894736842105,isotonic,62
0,0.09426210407830896,0.07142857142857142,isotonic,62
1,0.9815947073740262,1.0,isotonic,62
0,0.31666606727809377,0.3157894736842105,isotonic,62
0,0.05241384098953969,0.029914529914529916,isotonic,62
1,0.6306038303488509,0.5862068965517241,isotonic,62
0,0.14815250938827051,0.18269230769230768,isotonic,62
0,0.05458104512935413,0.029914529914529916,isotonic,62
0,0.7058654749247604,0.5862068965517241,isotonic,62
0,0.5525737585804182,0.5862068965517241,isotonic,62
0,0.03926038004070211,0.029914529914529916,isotonic,62
1,0.99806592464733,1.0,isotonic,62
0,0.14746238394100733,0.18269230769230768,isotonic,62
0,0.19932408340953192,0.2138728323699422,isotonic,62
1,0.09289850521959275,0.043478260869565216,isotonic,62
1,0.9999470161832791,1.0,isotonic,62
1,0.9968197376304531,1.0,isotonic,62
0,0.20741674545327785,0.2138728323699422,isotonic,62
1,0.9987428212914652,1.0,isotonic,62
1,0.9961313485830099,1.0,isotonic,62
1,0.6108134917644441,0.5862068965517241,isotonic,62
0,0.03373218184359419,0.017857142857142856,isotonic,62
1,0.9999502187288437,1.0,isotonic,62
1,0.9989822412104691,1.0,isotonic,62
1,0.4232459159989959,0.34782608695652173,isotonic,62
0,0.23644667070502953,0.23469387755102042,isotonic,62
1,0.9998520842537456,1.0,isotonic,62
1,0.9680730065726866,1.0,isotonic,62
0,0.08889894681324258,0.043478260869565216,isotonic,62
0,0.03883528704052843,0.029914529914529916,isotonic,62
1,0.9982023232651445,1.0,isotonic,62
1,0.9979692117531156,1.0,isotonic,62
0,0.2636540946241415,0.23469387755102042,isotonic,62
1,0.14251024665159678,0.18269230769230768,isotonic,62
0,0.2637274143594839,0.23469387755102042,isotonic,62
1,0.5865839479712633,0.5862068965517241,isotonic,62
0,0.8911396614310487,0.9,isotonic,62
1,0.1981580778580139,0.2138728323699422,isotonic,62
1,0.9964441137563359,1.0,isotonic,62
1,0.9980290403251588,1.0,isotonic,62
1,0.11214018980083812,0.1092436974789916,isotonic,62
0,0.1690208517592492,0.2138728323699422,isotonic,62
0,0.12146993673445534,0.1092436974789916,isotonic,62
1,0.9967054504073554,1.0,isotonic,62
0,0.2335424858606356,0.23469387755102042,isotonic,62
0,0.1283986533591882,0.17971891075915902,isotonic,62
1,0.9852862902853411,1.0,isotonic,62
0,0.01738016100642459,0.0,isotonic,62
1,0.9968460512312788,1.0,isotonic,62
1,0.9998919953466144,1.0,isotonic,62
1,0.9997444962795092,1.0,isotonic,62
0,0.36286749758926407,0.3157894736842105,isotonic,62
0,0.24183491037126859,0.23469387755102042,isotonic,62
0,0.09785873805721468,0.1,isotonic,62
0,0.12596505975978628,0.15789473684210525,isotonic,62
1,0.9999518344093211,1.0,isotonic,62
0,0.6262951707902786,0.5862068965517241,isotonic,62
0,0.030151756262623258,0.017857142857142856,isotonic,62
1,0.9967827986989305,1.0,isotonic,62
1,0.07226221432282999,0.029914529914529916,isotonic,62
1,0.998941288900626,1.0,isotonic,62
1,0.9995202259669674,1.0,isotonic,62
0,0.5250247597193775,0.38095238095238093,isotonic,62
0,0.07012957436241299,0.029914529914529916,isotonic,62
1,0.9933450665198055,1.0,isotonic,62
1,0.9998181302816961,1.0,isotonic,62
1,0.9815947073740262,1.0,isotonic,62
1,0.9961560139884373,1.0,isotonic,62
0,0.20888525497612936,0.2138728323699422,isotonic,62
0,0.17372946827794727,0.2138728323699422,isotonic,62
1,0.9973794371043156,1.0,isotonic,62
0,0.14107626856238617,0.18269230769230768,isotonic,62
1,0.9998921258367475,1.0,isotonic,62
1,0.9977149205824962,1.0,isotonic,62
0,0.04329157968953202,0.029914529914529916,isotonic,62
0,0.017721789385795574,0.0,isotonic,62
1,0.45030011989072843,0.34782608695652173,isotonic,62
1,0.995291465549327,1.0,isotonic,62
0,0.006672987427589358,0.0,isotonic,62
1,0.9966833952185028,1.0,isotonic,62
1,0.3792192691450631,0.3157894736842105,isotonic,62
1,0.9983391131696464,1.0,isotonic,62
0,0.5879278047803699,0.5862068965517241,isotonic,62
0,0.02167353830098188,0.0,isotonic,62
0,0.24990674807101212,0.23469387755102042,isotonic,62
1,0.988565896311375,1.0,isotonic,62
0,0.14148915009106058,0.18269230769230768,isotonic,62
1,0.9999284918493351,1.0,isotonic,62
0,0.623859044009172,0.5862068965517241,isotonic,62
1,0.9999751884980753,1.0,isotonic,62
1,0.9815947073740262,1.0,isotonic,62
0,0.3675951877379748,0.3157894736842105,isotonic,62
0,0.06351135096020524,0.029914529914529916,isotonic,62
0,0.05877715409661734,0.029914529914529916,isotonic,62
0,0.21087203499818022,0.2138728323699422,isotonic,62
1,0.9815947073740262,1.0,isotonic,62
0,0.16012320740256988,0.2138728323699422,isotonic,62
1,0.8648952907030896,0.9,isotonic,62
0,0.09867858910817462,0.1092436974789916,isotonic,62
0,0.18509194205039387,0.2138728323699422,isotonic,62
1,0.25435137986448864,0.23469387755102042,isotonic,62
0,0.10457475571545126,0.1092436974789916,isotonic,62
0,0.029224203591767556,0.017857142857142856,isotonic,62
1,0.3431643549910629,0.3157894736842105,isotonic,62
1,0.997678227500231,1.0,isotonic,62
1,0.12893981308470062,0.18269230769230768,isotonic,62
0,0.5028910618319099,0.38095238095238093,isotonic,62
1,0.2367767899081225,0.23469387755102042,isotonic,62
0,0.273202767361548,0.23469387755102042,isotonic,62
0,0.354545418528257,0.3157894736842105,isotonic,62
0,0.01914423882501792,0.0,isotonic,62
1,0.99978580210937,1.0,isotonic,62
1,0.08255295319916084,0.043478260869565216,isotonic,62
0,0.15097253240049827,0.18269230769230768,isotonic,62
0,0.4218083040494764,0.34782608695652173,isotonic,62
0,0.0981348463209974,0.1,isotonic,62
1,0.8187877178923824,0.7223780304130045,isotonic,62
0,0.23992021199111382,0.23469387755102042,isotonic,62
0,0.12055603021630751,0.1092436974789916,isotonic,62
1,0.9998240537750785,1.0,isotonic,62
0,0.2272069340818773,0.23469387755102042,isotonic,62
0,0.1218758157220891,0.1092436974789916,isotonic,62
1,0.7173801589084831,0.5862068965517241,isotonic,62
1,0.9961838427834433,1.0,isotonic,62
1,0.9815947073740262,1.0,isotonic,62
0,0.0909166403327017,0.043478260869565216,isotonic,62
1,0.8044241981606418,0.7142857142857143,isotonic,62
0,0.03712905740633876,0.017857142857142856,isotonic,62
1,0.9815947073740262,1.0,isotonic,62
1,0.9815947073740262,1.0,isotonic,62
0,0.3902659869377718,0.32432432432432434,isotonic,62
1,0.34697129011008976,0.3157894736842105,isotonic,62
0,0.05760644646106415,0.029914529914529916,isotonic,62
1,0.673514041500345,0.5862068965517241,isotonic,62
1,0.9998956363890668,1.0,isotonic,62
1,0.6265189276397297,0.5862068965517241,isotonic,62
0,0.014753108898479847,0.0,isotonic,62
1,0.9989374665202349,1.0,isotonic,62
0,0.19833662038486033,0.2138728323699422,isotonic,62
1,0.0777405849039347,0.03125,isotonic,62
1,0.9967031564507596,1.0,isotonic,62
0,0.08507698066789735,0.043478260869565216,isotonic,62
0,0.4256180707293338,0.34782608695652173,isotonic,62
1,0.9815947073740262,1.0,isotonic,62
0,0.018813790647902257,0.0,isotonic,62
0,0.3340001435155923,0.3157894736842105,isotonic,62
1,0.830003912846889,0.8505153038739482,isotonic,62
1,0.998106854199161,1.0,isotonic,62
0,0.2070535040031811,0.2138728323699422,isotonic,62
0,0.23521263060098668,0.23469387755102042,isotonic,62
1,0.23048923228810755,0.23469387755102042,isotonic,62
0,0.030496772602233543,0.017857142857142856,isotonic,62
0,0.0599241742588438,0.029914529914529916,isotonic,62
1,0.999457901424837,1.0,isotonic,62
0,0.4147275882577511,0.34782608695652173,isotonic,62
0,0.25380482325109455,0.23469387755102042,isotonic,62
1,0.995872097622765,1.0,isotonic,62
0,0.2678453520440218,0.23469387755102042,isotonic,62
0,0.14653622293622431,0.18269230769230768,isotonic,62
1,0.9999156654343656,1.0,isotonic,62
1,0.9967110815367641,1.0,isotonic,62
0,0.4338116888953078,0.34782608695652173,isotonic,62
0,0.06952294333985078,0.029914529914529916,isotonic,62
1,0.26314882027169745,0.23469387755102042,isotonic,62
1,0.36582563828623865,0.3157894736842105,isotonic,62
1,0.999964377325261,1.0,isotonic,62
0,0.09981799976412731,0.1092436974789916,isotonic,62
0,0.18377421799212118,0.2138728323699422,isotonic,62
1,0.9971353476460965,1.0,isotonic,62
0,0.3975071400083361,0.32432432432432434,isotonic,62
1,0.9815947073740262,1.0,isotonic,62
1,0.23889463102268071,0.23469387755102042,isotonic,62
1,0.07202388326009551,0.029914529914529916,isotonic,62
0,0.25314350535364255,0.23469387755102042,isotonic,62
0,0.07782047087007102,0.03125,isotonic,62
0,0.012205672474204052,0.0,isotonic,62
1,0.9982702363861425,1.0,isotonic,62
1,0.08917400021568493,0.043478260869565216,isotonic,62
1,0.4009824755249823,0.34782608695652173,isotonic,62
1,0.36819347302960376,0.3157894736842105,isotonic,62
1,0.9975255676375557,1.0,isotonic,62
0,0.018796492449613223,0.0,isotonic,62
1,0.20224449833647487,0.2138728323699422,isotonic,62
0,0.22711723357150665,0.23469387755102042,isotonic,62
0,0.092209739819603,0.043478260869565216,isotonic,62
0,0.3486246100136749,0.3157894736842105,isotonic,62
0,0.11241281014830201,0.1092436974789916,isotonic,62
1,0.9998271813582276,1.0,isotonic,62
0,0.550808277963297,0.5862068965517241,isotonic,62
1,0.4109272985366733,0.34782608695652173,isotonic,62
1,0.9985952950724081,1.0,isotonic,62
0,0.2600966540562848,0.23469387755102042,isotonic,62
0,0.2590608491657473,0.23469387755102042,isotonic,62
0,0.00959931917934332,0.0,isotonic,62
0,0.04843898068810882,0.029914529914529916,isotonic,62
0,0.11127493198528543,0.1092436974789916,isotonic,62
0,0.2833846627484422,0.23469387755102042,isotonic,62
1,0.9999351743820081,1.0,isotonic,62
0,0.5020853331470169,0.38095238095238093,isotonic,62
0,0.07145677713261449,0.029914529914529916,isotonic,62
1,0.9987453345594459,1.0,isotonic,62
0,0.025826292702703268,0.00664611989654915,isotonic,62
0,0.14808355369023588,0.18269230769230768,isotonic,62
0,0.1151661037896925,0.1092436974789916,isotonic,62
1,0.315890358561794,0.3157894736842105,isotonic,62
1,0.08427783128527525,0.043478260869565216,isotonic,62
0,0.5147452461286769,0.38095238095238093,isotonic,62
1,0.4343912051881643,0.34782608695652173,isotonic,62
1,0.9984031594162995,1.0,isotonic,62
0,0.32725957906849706,0.3157894736842105,isotonic,62
1,0.9984435597020765,1.0,isotonic,62
0,0.15329125736024002,0.18269230769230768,isotonic,62
0,0.04114466762065766,0.029914529914529916,isotonic,62
0,0.03974783023956767,0.029914529914529916,isotonic,62
0,0.36108831484897447,0.3157894736842105,isotonic,62
1,0.9986455224643628,1.0,isotonic,62
0,0.2666127240193855,0.23469387755102042,isotonic,62
0,0.3112273144632671,0.3157894736842105,isotonic,62
1,0.998390654538245,1.0,isotonic,62
1,0.9986940024810426,1.0,isotonic,62
1,0.9886336573301124,1.0,isotonic,62
1,0.9997961747384034,1.0,isotonic,62
1,0.9999678404067454,1.0,isotonic,62
0,0.11270709296259358,0.1092436974789916,isotonic,62
0,0.4186195743665575,0.34782608695652173,isotonic,62
1,0.9981375396314238,1.0,isotonic,62
0,0.2237596665233019,0.23469387755102042,isotonic,62
1,0.9957979872181718,1.0,isotonic,62
0,0.07011794245130105,0.029914529914529916,isotonic,62
1,0.9991474626626536,1.0,isotonic,62
1,0.5016480069076873,0.38095238095238093,isotonic,62
1,0.9978840579605531,1.0,isotonic,62
0,0.20585777991491022,0.2138728323699422,isotonic,62
1,0.9187251599035999,0.9,isotonic,62
1,0.9999583312861305,1.0,isotonic,62
1,0.9999086280801109,1.0,isotonic,62
0,0.28735318305994145,0.3157894736842105,isotonic,62
0,0.10396746685988245,0.1092436974789916,isotonic,62
0,0.3474185676550305,0.3157894736842105,isotonic,62
0,0.06905351063549836,0.029914529914529916,isotonic,62
1,0.9999544770579282,1.0,isotonic,62
1,0.2906337159664381,0.3157894736842105,isotonic,62
0,0.02043113131961924,0.0,isotonic,62
1,0.9993283505347333,1.0,isotonic,62
0,0.11187889322476816,0.1092436974789916,isotonic,62
0,0.04747354211281275,0.029914529914529916,isotonic,62
0,0.07522725821218341,0.029914529914529916,isotonic,62
1,0.9986392281217236,1.0,isotonic,62
1,0.3913598471147308,0.32432432432432434,isotonic,62
1,0.40768224422606497,0.34782608695652173,isotonic,62
0,0.24599196241611193,0.23469387755102042,isotonic,62
0,0.43258350863347156,0.34782608695652173,isotonic,62
0,0.28739487178369866,0.3157894736842105,isotonic,62
0,0.11050008268494865,0.1092436974789916,isotonic,62
0,0.16831984187155347,0.2138728323699422,isotonic,62
1,0.9815947073740262,1.0,isotonic,62
1,0.994138204701255,1.0,isotonic,62
1,0.9815947073740262,1.0,isotonic,62
0,0.06952731980088703,0.029914529914529916,isotonic,62
0,0.07097344681550895,0.029914529914529916,isotonic,62
1,0.9982583464310445,1.0,isotonic,62
0,0.01686160264350346,0.0,isotonic,62
0,0.16902225338371502,0.2138728323699422,isotonic,62
1,0.9980722758628336,1.0,isotonic,62
1,0.9815947073740262,1.0,isotonic,62
1,0.9815947073740262,1.0,isotonic,62
1,0.999983891196603,1.0,isotonic,62
0,0.09593445386085772,0.07142857142857142,isotonic,62
1,0.9999854801864865,1.0,isotonic,62
1,0.9815947073740262,1.0,isotonic,62
1,0.9999506536706041,1.0,isotonic,62
1,0.9957373062025121,1.0,isotonic,62
1,0.08341497797166487,0.043478260869565216,isotonic,62
1,0.999892076749413,1.0,isotonic,62
1,0.997288134754781,1.0,isotonic,62
0,0.4879637100405548,0.38095238095238093,isotonic,62
0,0.09185470020844391,0.043478260869565216,isotonic,62
0,0.01837173238368002,0.0,isotonic,62
1,0.1942138720208205,0.2138728323699422,isotonic,62
1,0.9984490573385646,1.0,isotonic,62
0,0.3971746322443459,0.32432432432432434,isotonic,62
1,0.9982960638472063,1.0,isotonic,62
1,0.9999174518638404,1.0,isotonic,62
1,0.9815947073740262,1.0,isotonic,62
0,0.053380702859717,0.029914529914529916,isotonic,62
1,0.9999486287377847,1.0,isotonic,62
0,0.13401628065669946,0.18269230769230768,isotonic,62
0,0.6030461618387161,0.5862068965517241,isotonic,62
1,0.5822166471335477,0.5862068965517241,isotonic,62
1,0.9999256841691802,1.0,isotonic,62
0,0.21217633331571661,0.2138728323699422,isotonic,62
0,0.780327230784268,0.5862068965517241,isotonic,62
1,0.13433760537339023,0.18269230769230768,isotonic,62
1,0.9997149477318478,1.0,isotonic,62
1,0.9999115159642222,1.0,isotonic,62
1,0.9999771860860325,1.0,isotonic,62
1,0.9968268069418914,1.0,isotonic,62
0,0.0562018956789994,0.029914529914529916,isotonic,62
0,0.04807756353483269,0.029914529914529916,isotonic,62
0,0.030745700806944522,0.017857142857142856,isotonic,62
1,0.8053947836879686,0.7142857142857143,isotonic,62
1,0.9921410410915742,1.0,isotonic,62
0,0.04212994412203698,0.029914529914529916,isotonic,62
1,0.9997366241684262,1.0,isotonic,62
0,0.09234584629768235,0.043478260869565216,isotonic,62
1,0.9998511784101808,1.0,isotonic,62
0,0.1631528289794448,0.2138728323699422,isotonic,62
0,0.38061199934747136,0.32432432432432434,isotonic,62
0,0.16419609012980246,0.2138728323699422,isotonic,62
0,0.1911051975790828,0.2138728323699422,isotonic,62
1,0.9998303470913088,1.0,isotonic,62
1,0.9988985124331387,1.0,isotonic,62
1,0.9815947073740262,1.0,isotonic,62
0,0.05187051747894425,0.029914529914529916,isotonic,62
1,0.6002322954240518,0.5862068965517241,isotonic,62
1,0.9981197026090758,1.0,isotonic,62
1,0.3796926244600136,0.3157894736842105,isotonic,62
0,0.02748451027987796,0.017857142857142856,isotonic,62
0,0.09801417228646939,0.1,isotonic,62
0,0.3338493734592293,0.3157894736842105,isotonic,62
1,0.9999679632503659,1.0,isotonic,62
0,0.016693457263414504,0.0,isotonic,62
0,0.29012145363816044,0.3157894736842105,isotonic,62
1,0.9914749126808858,1.0,isotonic,62
0,0.07755598764410919,0.03125,isotonic,62
0,0.08091422229747032,0.03125,isotonic,62
0,0.05759998268046496,0.029914529914529916,isotonic,62
0,0.06338136255126256,0.029914529914529916,isotonic,62
0,0.15227416233330435,0.18269230769230768,isotonic,62
1,0.9998416861407702,1.0,isotonic,62
1,0.9998235147949722,1.0,isotonic,62
1,0.9998165176310971,1.0,isotonic,62
0,0.25106654516306176,0.23469387755102042,isotonic,62
0,0.4121151372343225,0.34782608695652173,isotonic,62
1,0.9998867283251535,1.0,isotonic,62
0,0.11601879040468947,0.1092436974789916,isotonic,62
0,0.07452640452172056,0.029914529914529916,isotonic,62
0,0.0568548314507297,0.029914529914529916,isotonic,62
1,0.32961317907851195,0.3157894736842105,isotonic,62
0,0.09199251544975907,0.043478260869565216,isotonic,62
1,0.47229240454371013,0.35,isotonic,62
0,0.04551969079984201,0.029914529914529916,isotonic,62
0,0.12483583593231444,0.13292098102842076,isotonic,62
1,0.9118455299212648,0.9,isotonic,62
1,0.9999714451012585,1.0,isotonic,62
0,0.10333107990531078,0.1092436974789916,isotonic,62
1,0.9999421627456057,1.0,isotonic,62
1,0.9815947073740262,1.0,isotonic,62
1,0.999967618737021,1.0,isotonic,62
1,0.9984342759678483,1.0,isotonic,62
0,0.13635963962786934,0.18269230769230768,isotonic,62
0,0.17835415883039343,0.2138728323699422,isotonic,62
0,0.12635251760026808,0.15789473684210525,isotonic,62
0,0.6376341568984976,0.5862068965517241,isotonic,62
1,0.22058915341776938,0.23469387755102042,isotonic,62
1,0.9988429376620408,1.0,isotonic,62
0,0.11049568487470672,0.1092436974789916,isotonic,62
1,0.9999520419823841,1.0,isotonic,62
0,0.022691858349169505,0.0,isotonic,62
0,0.07303580208372948,0.029914529914529916,isotonic,62
0,0.25222831445291005,0.23469387755102042,isotonic,62
1,0.9998513298731284,1.0,isotonic,62
0,0.4039999635167656,0.34782608695652173,isotonic,62
1,0.30681179934842434,0.3157894736842105,isotonic,62
0,0.06632113389137179,0.029914529914529916,isotonic,62
1,0.9979741297815231,1.0,isotonic,62
1,0.9815947073740262,1.0,isotonic,62
1,0.10377854558944503,0.1092436974789916,isotonic,62
0,0.03750750152949359,0.029914529914529916,isotonic,62
0,0.21160046873499566,0.2138728323699422,isotonic,62
0,0.12582746955049706,0.15789473684210525,isotonic,62
0,0.01784560948997417,0.0,isotonic,62
0,0.14969264897217655,0.18269230769230768,isotonic,62
1,0.9815947073740262,1.0,isotonic,62
1,0.6715381014607053,0.5862068965517241,isotonic,62
0,0.04995809357752682,0.029914529914529916,isotonic,62
0,0.04313420451810616,0.029914529914529916,isotonic,62
0,0.5734544260462298,0.5862068965517241,isotonic,62
0,0.5393999548938786,0.38095238095238093,isotonic,62
0,0.0235003997642412,0.0,isotonic,62
1,0.999968797282344,1.0,isotonic,62
0,0.04077395955463678,0.029914529914529916,isotonic,62
1,0.9986667350465822,1.0,isotonic,62
1,0.5029865419525843,0.38095238095238093,isotonic,62
0,0.018428992124492054,0.0,isotonic,62
0,0.33065304285484187,0.3157894736842105,isotonic,62
0,0.030822910173343092,0.017857142857142856,isotonic,62
1,0.5903920048331021,0.5862068965517241,isotonic,62
0,0.04429141238318306,0.029914529914529916,isotonic,62
1,0.9748713261040096,1.0,isotonic,62
1,0.999910218699727,1.0,isotonic,62
0,0.08300393545846249,0.043478260869565216,isotonic,62
0,0.023924882102175932,0.0,isotonic,62
0,0.5347466418562352,0.38095238095238093,isotonic,62
0,0.32034404917789994,0.3157894736842105,isotonic,62
0,0.20891488036111752,0.2138728323699422,isotonic,62
1,0.9815947073740262,1.0,isotonic,62
1,0.9999198707843994,1.0,isotonic,62
1,0.4024345996441014,0.34782608695652173,isotonic,62
1,0.410269687251235,0.34782608695652173,isotonic,62
0,0.042551443303535774,0.029914529914529916,isotonic,62
0,0.12952379411680248,0.18269230769230768,isotonic,62
0,0.3751800124933945,0.3157894736842105,isotonic,62
0,0.16247274992333602,0.2138728323699422,isotonic,62
1,0.7480157933139981,0.5862068965517241,isotonic,62
0,0.15759413844886114,0.2138728323699422,isotonic,62
0,0.164205677823649,0.2138728323699422,isotonic,62
1,0.9999481575562786,1.0,isotonic,62
0,0.04963594716294147,0.029914529914529916,isotonic,62
0,0.327980793523453,0.3157894736842105,isotonic,62
0,0.025774246113216145,0.004629537696308609,isotonic,62
0,0.2731010558266867,0.23469387755102042,isotonic,62
0,0.11192919634709701,0.1092436974789916,isotonic,62
1,0.9988736558818792,1.0,isotonic,62
1,0.9998776965184895,1.0,isotonic,62
1,0.999984019717191,1.0,isotonic,62
1,0.34285823775442104,0.3157894736842105,isotonic,62
0,0.08585638338511492,0.043478260869565216,isotonic,62
0,0.04236958758326941,0.029914529914529916,isotonic,62
0,0.06570744289115606,0.029914529914529916,isotonic,62
1,0.4227538532138645,0.34782608695652173,isotonic,62
0,0.23088400365846706,0.23469387755102042,isotonic,62
1,0.999959990942917,1.0,isotonic,62
1,0.9972589877462119,1.0,isotonic,62
1,0.22669328494520471,0.23469387755102042,isotonic,62
0,0.14606445381289254,0.18269230769230768,isotonic,62
1,0.9815947073740262,1.0,isotonic,62
1,0.9815947073740262,1.0,isotonic,62
0,0.1175037011916472,0.1092436974789916,isotonic,62
1,0.573095704243894,0.5862068965517241,isotonic,62
0,0.16242243165371442,0.2138728323699422,isotonic,62
1,0.9975057448462891,1.0,isotonic,62
1,0.9985703149542794,1.0,isotonic,62
0,0.0865075307864942,0.043478260869565216,isotonic,62
0,0.155646571846293,0.2138728323699422,isotonic,62
1,0.9994643145055493,1.0,isotonic,62
1,0.9998467677855926,1.0,isotonic,62
1,0.9996118395715767,1.0,isotonic,62
0,0.1480437036393659,0.18269230769230768,isotonic,62
0,0.293278135211786,0.3157894736842105,isotonic,62
0,0.07366238109604058,0.029914529914529916,isotonic,62
0,0.18358350942715307,0.2138728323699422,isotonic,62
1,0.9990510049877298,1.0,isotonic,62
0,0.026187856442176898,0.017857142857142856,isotonic,62
0,0.011969543021239565,0.0,isotonic,62
0,0.0289732205286772,0.017857142857142856,isotonic,62
1,0.9991977782568311,1.0,isotonic,62
1,0.9979381222840648,1.0,isotonic,62
0,0.4768985097541623,0.3633448640767714,isotonic,62
0,0.35625527394406326,0.3157894736842105,isotonic,62
0,0.21990795856356501,0.23469387755102042,isotonic,62
1,0.998884031441749,1.0,isotonic,62
1,0.9815947073740262,1.0,isotonic,62
1,0.977611499234396,1.0,isotonic,62
1,0.9971238712871165,1.0,isotonic,62
1,0.9968426696847095,1.0,isotonic,62
0,0.30669584426363544,0.3157894736842105,isotonic,62
1,0.9815947073740262,1.0,isotonic,62
0,0.03396407575949869,0.017857142857142856,isotonic,62
0,0.09485181293245785,0.07142857142857142,isotonic,62
1,0.9969292175107964,1.0,isotonic,62
1,0.23973365469656902,0.23469387755102042,isotonic,62
1,0.9983948134166595,1.0,isotonic,62
1,0.9969313713850786,1.0,isotonic,62
0,0.041584143729133036,0.029914529914529916,isotonic,62
0,0.13566866734008037,0.18269230769230768,isotonic,62
1,0.15224899127161048,0.18269230769230768,isotonic,62
1,0.9815947073740262,1.0,isotonic,62
1,0.11730571306964213,0.1092436974789916,isotonic,62
1,0.9852850144121788,1.0,isotonic,62
1,0.9999573743909075,1.0,isotonic,62
0,0.13098554837585402,0.18269230769230768,isotonic,62
0,0.17751102576412559,0.2138728323699422,isotonic,62
1,0.9973869403287026,1.0,isotonic,62
1,0.9979823152513861,1.0,isotonic,62
1,0.7586480440728922,0.5862068965517241,isotonic,62
1,0.9657781820502552,1.0,isotonic,62
1,0.9997640672638485,1.0,isotonic,62
0,0.05184022305601583,0.029914529914529916,isotonic,62
0,0.11429016947746794,0.1092436974789916,isotonic,62
0,0.17318604307743982,0.2138728323699422,isotonic,62
0,0.09974244871021162,0.1092436974789916,isotonic,62
0,0.18813773229097805,0.2138728323699422,isotonic,62
0,0.5594896678256291,0.5862068965517241,isotonic,62
0,0.017047757097428392,0.0,isotonic,62
1,0.5529022496817201,0.5862068965517241,isotonic,62
1,0.9999854393518102,1.0,isotonic,62
1,0.38555481784964374,0.32432432432432434,isotonic,62
0,0.015001360798464385,0.0,isotonic,62
0,0.07680593380861117,0.03125,isotonic,62
0,0.0554792549374262,0.029914529914529916,isotonic,62
0,0.0835938537118801,0.043478260869565216,isotonic,62
1,0.4266687927368414,0.34782608695652173,isotonic,62
0,0.10351661219701036,0.1092436974789916,isotonic,62
0,0.6156485945257253,0.5862068965517241,isotonic,62
0,0.42400814805707954,0.34782608695652173,isotonic,62
1,0.9815947073740262,1.0,isotonic,62
1,0.1511179875305545,0.18269230769230768,isotonic,62
1,0.9999038898380376,1.0,isotonic,62
0,0.021319467341388412,0.0,isotonic,62
0,0.0806944678349725,0.03125,isotonic,62
1,0.9999568568942916,1.0,isotonic,62
1,0.9978804080401154,1.0,isotonic,62
0,0.3061722379142152,0.3157894736842105,isotonic,62
0,0.41446882018618103,0.34782608695652173,isotonic,62
1,0.9943111066101512,1.0,isotonic,62
0,0.08391770397090344,0.043478260869565216,isotonic,62
1,0.33571315368495314,0.3157894736842105,isotonic,62
1,0.4575873671293434,0.34782608695652173,isotonic,62
1,0.9992849247143519,1.0,isotonic,62
1,0.9931173365924584,1.0,isotonic,62
0,0.09717694295754505,0.1,isotonic,62
1,0.9989017751999838,1.0,isotonic,62
1,0.3884465177090176,0.32432432432432434,isotonic,62
0,0.06390333804158362,0.029914529914529916,isotonic,62
1,0.9815947073740262,1.0,isotonic,62
1,0.05498046059136843,0.029914529914529916,isotonic,62
0,0.26846731416621183,0.23469387755102042,isotonic,62
0,0.14956031577577697,0.18269230769230768,isotonic,62
1,0.9997324631721319,1.0,isotonic,62
1,0.9999422921695463,1.0,isotonic,62
1,0.996218036728456,1.0,isotonic,62
0,0.16688757659234427,0.2138728323699422,isotonic,62
0,0.31140912742945165,0.3157894736842105,isotonic,62
1,0.9990160104620914,1.0,isotonic,62
0,0.06935232320593909,0.029914529914529916,isotonic,62
1,0.33027112073401793,0.3157894736842105,isotonic,62
0,0.32524582044788386,0.3157894736842105,isotonic,62
0,0.3141298802198482,0.3157894736842105,isotonic,62
0,0.10489929469711892,0.1092436974789916,isotonic,62
0,0.09758768007006077,0.1,isotonic,62
1,0.9999432662437054,1.0,isotonic,62
0,0.177004749173329,0.2138728323699422,isotonic,62
1,0.9999435985061232,1.0,isotonic,62
1,0.9948231824024126,1.0,isotonic,62
0,0.3786050183113937,0.3157894736842105,isotonic,62
1,0.10830556963581306,0.1092436974789916,isotonic,62
1,0.9987905685978675,1.0,isotonic,62
0,0.3234096314000995,0.3157894736842105,isotonic,62
0,0.021659210985126378,0.0,isotonic,62
1,0.9983672618877877,1.0,isotonic,62
0,0.2900582267262526,0.3157894736842105,isotonic,62
0,0.046421139443893485,0.029914529914529916,isotonic,62
1,0.8246456578322343,0.7893009445594812,isotonic,62
1,0.9980026003617783,1.0,isotonic,62
0,0.05940741648776753,0.029914529914529916,isotonic,62
1,0.5802512149854254,0.5862068965517241,isotonic,62
0,0.08074440645059607,0.03125,isotonic,62
1,0.9998518046430832,1.0,isotonic,62
1,0.9882963048391451,1.0,isotonic,62
0,0.22188635494703005,0.23469387755102042,isotonic,62
0,0.11616035430548305,0.1092436974789916,isotonic,62
0,0.27974409422951096,0.23469387755102042,isotonic,62
1,0.9997702179948509,1.0,isotonic,62
0,0.3524721526663597,0.3157894736842105,isotonic,62
0,0.06623284937185839,0.029914529914529916,isotonic,62
0,0.10235203021990505,0.1092436974789916,isotonic,62
0,0.6346460059943427,0.5862068965517241,isotonic,62
1,0.5176770037173236,0.38095238095238093,isotonic,62
1,0.9999541300203725,1.0,isotonic,62
0,0.05267474504549196,0.029914529914529916,isotonic,62
0,0.008590210142423374,0.0,isotonic,62
0,0.057366660314876645,0.029914529914529916,isotonic,62
1,0.9006871823068036,0.9,isotonic,62
0,0.058333746778181816,0.029914529914529916,isotonic,62
0,0.49875996912721643,0.38095238095238093,isotonic,62
0,0.1179970741929503,0.1092436974789916,isotonic,62
1,0.9960761044431119,1.0,isotonic,62
0,0.08163770820316912,0.043478260869565216,isotonic,62
0,0.1886617448096165,0.2138728323699422,isotonic,62
1,0.9990785033669526,1.0,isotonic,62
1,0.9954956076920323,1.0,isotonic,62
0,0.18580733462483323,0.2138728323699422,isotonic,62
1,0.99649837366666,1.0,isotonic,62
0,0.18970955885267907,0.2138728323699422,isotonic,62
0,0.3217268009967691,0.3157894736842105,isotonic,62
1,0.9884175298500449,1.0,isotonic,62
1,0.9999221011640317,1.0,isotonic,62
0,0.23521185853571822,0.23469387755102042,isotonic,62
0,0.01648551143698928,0.0,isotonic,62
1,0.9815947073740262,1.0,isotonic,62
1,0.9999881125026804,1.0,isotonic,62
0,0.11480111920652425,0.1092436974789916,isotonic,62
1,0.998616862143025,1.0,isotonic,62
0,0.1744081331346578,0.2138728323699422,isotonic,62
1,0.997543210053075,1.0,isotonic,62
1,0.9999041557340307,1.0,isotonic,62
1,0.9978053199780391,1.0,isotonic,62
1,0.996515076089112,1.0,isotonic,62
0,0.07218179728405291,0.029914529914529916,isotonic,62
1,0.998282086486275,1.0,isotonic,62
1,0.9949420238447384,1.0,isotonic,62
1,0.9974411837385313,1.0,isotonic,62
0,0.18947500563951236,0.2138728323699422,isotonic,62
0,0.13521123835978208,0.18269230769230768,isotonic,62
1,0.33573562171520266,0.3157894736842105,isotonic,62
0,0.09570695134730439,0.07142857142857142,isotonic,62
1,0.9978966015977888,1.0,isotonic,62
1,0.9987639258860019,1.0,isotonic,62
1,0.9998413755949536,1.0,isotonic,62
1,0.9998919796092466,1.0,isotonic,62
1,0.1471924415347252,0.18269230769230768,isotonic,62
0,0.009459966329827808,0.0,isotonic,62
0,0.19639557982010472,0.2138728323699422,isotonic,62
1,0.999076736283238,1.0,isotonic,62
0,0.02714998947992992,0.017857142857142856,isotonic,62
0,0.07477338746701835,0.029914529914529916,isotonic,62
0,0.056614710821441684,0.029914529914529916,isotonic,62
1,0.49997471472375327,0.38095238095238093,isotonic,62
1,0.9997804832889099,1.0,isotonic,62
1,0.9992172496015529,1.0,isotonic,62
1,0.9999427030101343,1.0,isotonic,62
0,0.05925724461843622,0.029914529914529916,isotonic,62
0,0.02176845565966177,0.0,isotonic,62
0,0.04518337785651371,0.029914529914529916,isotonic,62
1,0.42308413128905503,0.34782608695652173,isotonic,62
1,0.9961004598935083,1.0,isotonic,62
0,0.10715048539054885,0.1092436974789916,isotonic,62
0,0.08082274071275865,0.03125,isotonic,62
0,0.30938736524499966,0.3157894736842105,isotonic,62
0,0.07086126753847098,0.029914529914529916,isotonic,62
1,0.9869186368444519,1.0,isotonic,62
0,0.4872569798841964,0.38095238095238093,isotonic,62
1,0.9815947073740262,1.0,isotonic,62
1,0.26447070831842673,0.23469387755102042,isotonic,62
1,0.9980323301453271,1.0,isotonic,62
1,0.9971466061077002,1.0,isotonic,62
1,0.9983224557446709,1.0,isotonic,62
0,0.042033085428483996,0.029914529914529916,isotonic,62
0,0.041881586247239484,0.029914529914529916,isotonic,62
1,0.9987142899769627,1.0,isotonic,62
1,0.9997565261491382,1.0,isotonic,62
1,0.9997885479728955,1.0,isotonic,62
0,0.015949806845569476,0.0,isotonic,62
1,0.0998359899940301,0.1092436974789916,isotonic,62
0,0.1873749046769348,0.2138728323699422,isotonic,62
1,0.9815947073740262,1.0,isotonic,62
1,0.851688397836296,0.9,isotonic,62
1,0.3042758954915722,0.3157894736842105,isotonic,62
0,0.0500223916986215,0.029914529914529916,isotonic,62
1,0.9815947073740262,1.0,isotonic,62
1,0.9999510994583337,1.0,isotonic,62
0,0.689092445745919,0.5862068965517241,isotonic,62
1,0.9949531710132234,1.0,isotonic,62
0,0.656018312519896,0.5862068965517241,isotonic,62
0,0.4790658658521349,0.38095238095238093,isotonic,62
0,0.04637741133736214,0.029914529914529916,isotonic,62
0,0.06656456598568415,0.029914529914529916,isotonic,62
0,0.5261115944044674,0.38095238095238093,isotonic,62
1,0.9997554460986544,1.0,isotonic,62
1,0.13112114657616622,0.18269230769230768,isotonic,62
0,0.3373262473857768,0.3157894736842105,isotonic,62
1,0.9861281589487573,1.0,isotonic,62
0,0.04788455964191637,0.029914529914529916,isotonic,62
0,0.042354209025803155,0.029914529914529916,isotonic,62
0,0.14235101881649376,0.18269230769230768,isotonic,62
1,0.9991492601776238,1.0,isotonic,62
0,0.040248991846217524,0.029914529914529916,isotonic,62
0,0.145233385645161,0.18269230769230768,isotonic,62
0,0.14155226382100086,0.18269230769230768,isotonic,62
0,0.3016294309242744,0.3157894736842105,isotonic,62
0,0.07880088850969916,0.03125,isotonic,62
1,0.9999622979850663,1.0,isotonic,62
0,0.1021627250554657,0.1092436974789916,isotonic,62
0,0.2694569140184871,0.23469387755102042,isotonic,62
0,0.042223704388701766,0.029914529914529916,isotonic,62
0,0.09410470270241757,0.07142857142857142,isotonic,62
1,0.9988454082693368,1.0,isotonic,62
0,0.043983504877166964,0.029914529914529916,isotonic,62
1,0.9983928564671686,1.0,isotonic,62
1,0.9970270188755828,1.0,isotonic,62
1,0.9998637414915676,1.0,isotonic,62
0,0.08558828220363299,0.043478260869565216,isotonic,62
0,0.3106935236101679,0.3157894736842105,isotonic,62
0,0.03641418330156206,0.017857142857142856,isotonic,62
0,0.40915317133934076,0.34782608695652173,isotonic,62
1,0.997129967284778,1.0,isotonic,62
1,0.9815947073740262,1.0,isotonic,62
0,0.4689573179147475,0.35,isotonic,62
0,0.6136850506251755,0.5862068965517241,isotonic,62
0,0.04776697532003924,0.029914529914529916,isotonic,62
0,0.07612682493546977,0.03081636007895604,isotonic,62
1,0.9998637201921258,1.0,isotonic,62
1,0.9995267170977694,1.0,isotonic,62
0,0.15094825318316465,0.18269230769230768,isotonic,62
1,0.9999598817837103,1.0,isotonic,62
1,0.9985519962662256,1.0,isotonic,62
