y_true,proba,proba_calibrated,calibration_method,seed
0,0.052987049219399764,0.06521739130434782,isotonic,52
0,0.12582244031607165,0.10218978102189781,isotonic,52
0,0.07685936559026817,0.07547169811320754,isotonic,52
0,0.07179721160423438,0.07547169811320754,isotonic,52
1,0.9999530290977205,1.0,isotonic,52
0,0.04528545188247281,0.02702702702702703,isotonic,52
1,0.981208381550481,1.0,isotonic,52
0,0.4006917305496548,0.3083832335329341,isotonic,52
0,0.22548071040208184,0.19444444444444445,isotonic,52
0,0.21320461647883537,0.17582417582417584,isotonic,52
0,0.11409403700710427,0.10218978102189781,isotonic,52
0,0.35417694244697434,0.3083832335329341,isotonic,52
1,0.981208381550481,1.0,isotonic,52
1,0.9960238769392349,1.0,isotonic,52
1,0.29470766311071395,0.3083832335329341,isotonic,52
0,0.13920340189116084,0.11564625850340136,isotonic,52
0,0.4257093991693441,0.34285714285714286,isotonic,52
1,0.9956567270673436,1.0,isotonic,52
0,0.0401391882014853,0.02702702702702703,isotonic,52
1,0.9989237733630101,1.0,isotonic,52
0,0.056390398185254535,0.06521739130434782,isotonic,52
0,0.09231130329340842,0.07547169811320754,isotonic,52
1,0.9998735448082394,1.0,isotonic,52
1,0.4076153009092625,0.3083832335329341,isotonic,52
0,0.2705307755355776,0.3083832335329341,isotonic,52
1,0.981208381550481,1.0,isotonic,52
0,0.065889849855297,0.07547169811320754,isotonic,52
0,0.2074882920911601,0.17582417582417584,isotonic,52
1,0.9986764664636401,1.0,isotonic,52
1,0.9998244502423129,1.0,isotonic,52
0,0.7444050784935382,0.7916666666666666,isotonic,52
1,0.665837507418102,0.5924056536319628,isotonic,52
1,0.9989343436710998,1.0,isotonic,52
0,0.19190763464028804,0.17582417582417584,isotonic,52
1,0.9982874089142122,1.0,isotonic,52
0,0.1898997708859086,0.17582417582417584,isotonic,52
1,0.9972545725966804,1.0,isotonic,52
0,0.13879174228932717,0.11564625850340136,isotonic,52
0,0.0502375039401472,0.058823529411764705,isotonic,52
0,0.40652882017213376,0.3083832335329341,isotonic,52
0,0.07041643535549492,0.07547169811320754,isotonic,52
1,0.9998567932679452,1.0,isotonic,52
1,0.2025088913038773,0.17582417582417584,isotonic,52
0,0.4662629822854174,0.41379310344827586,isotonic,52
0,0.09596092583325944,0.08823529411764706,isotonic,52
1,0.29810948188933917,0.3083832335329341,isotonic,52
1,0.9998988343718629,1.0,isotonic,52
0,0.03336091281723213,0.02702702702702703,isotonic,52
0,0.11376009522538036,0.10218978102189781,isotonic,52
0,0.14314495532907748,0.11564625850340136,isotonic,52
0,0.05520200525261312,0.06521739130434782,isotonic,52
0,0.125969848557881,0.10218978102189781,isotonic,52
0,0.5361754451303877,0.5,isotonic,52
0,0.11576986201588735,0.10218978102189781,isotonic,52
0,0.46056334588038395,0.41379310344827586,isotonic,52
1,0.9996766498540861,1.0,isotonic,52
0,0.45971666314614834,0.41379310344827586,isotonic,52
1,0.994869737271505,1.0,isotonic,52
1,0.46288549870764656,0.41379310344827586,isotonic,52
1,0.9978383047679251,1.0,isotonic,52
0,0.28732655147052877,0.3083832335329341,isotonic,52
1,0.9999738766941837,1.0,isotonic,52
0,0.5929693604351935,0.5869565217391305,isotonic,52
0,0.00915349529401018,0.0,isotonic,52
1,0.11031690606129901,0.10218978102189781,isotonic,52
0,0.07755928343412796,0.07547169811320754,isotonic,52
0,0.3927045085735941,0.3083832335329341,isotonic,52
1,0.42771862016601964,0.34285714285714286,isotonic,52
1,0.981208381550481,1.0,isotonic,52
0,0.35645593722019714,0.3083832335329341,isotonic,52
0,0.1893665014810946,0.17582417582417584,isotonic,52
0,0.7410509784852327,0.7916666666666666,isotonic,52
0,0.21608894542785595,0.19444444444444445,isotonic,52
0,0.030426056912781045,0.02702702702702703,isotonic,52
1,0.9966313569866089,1.0,isotonic,52
1,0.9956055883733919,1.0,isotonic,52
1,0.9992696050314746,1.0,isotonic,52
0,0.14958897266266266,0.11564625850340136,isotonic,52
1,0.9999657145383334,1.0,isotonic,52
1,0.9999832892085995,1.0,isotonic,52
1,0.2524416666652403,0.3083832335329341,isotonic,52
0,0.6210039494877593,0.5869565217391305,isotonic,52
0,0.17473047173365427,0.15625,isotonic,52
0,0.1032326557357873,0.10218978102189781,isotonic,52
0,0.24290028976942898,0.2641509433962264,isotonic,52
0,0.3375733722157551,0.3083832335329341,isotonic,52
1,0.2990007049562825,0.3083832335329341,isotonic,52
0,0.05337796382476484,0.06521739130434782,isotonic,52
1,0.416130238725694,0.34285714285714286,isotonic,52
1,0.03646190229743161,0.02702702702702703,isotonic,52
1,0.10943007875448273,0.10218978102189781,isotonic,52
1,0.29241632881367163,0.3083832335329341,isotonic,52
1,0.6804037629974313,0.6666666666666666,isotonic,52
0,0.46275470441528177,0.41379310344827586,isotonic,52
0,0.3696556258699959,0.3083832335329341,isotonic,52
0,0.06422174040343835,0.07547169811320754,isotonic,52
1,0.998439962965198,1.0,isotonic,52
1,0.9999363426587399,1.0,isotonic,52
1,0.4362589044871513,0.41379310344827586,isotonic,52
1,0.9980756840885228,1.0,isotonic,52
0,0.046760187868481934,0.02702702702702703,isotonic,52
1,0.7040221036080182,0.6666666666666666,isotonic,52
0,0.3272385244796161,0.3083832335329341,isotonic,52
0,0.020545122269300227,0.0,isotonic,52
1,0.9999498121343614,1.0,isotonic,52
0,0.6579095133453496,0.5869565217391305,isotonic,52
1,0.9999397135010125,1.0,isotonic,52
1,0.9999607151463639,1.0,isotonic,52
1,0.3122787462532662,0.3083832335329341,isotonic,52
1,0.0683477902354118,0.07547169811320754,isotonic,52
0,0.11407053931848556,0.10218978102189781,isotonic,52
0,0.0916211374536769,0.07547169811320754,isotonic,52
1,0.9980993396933957,1.0,isotonic,52
1,0.998457837524495,1.0,isotonic,52
0,0.1232324703320116,0.10218978102189781,isotonic,52
0,0.20708426902643481,0.17582417582417584,isotonic,52
1,0.3870053472318465,0.3083832335329341,isotonic,52
0,0.07989144677444306,0.07547169811320754,isotonic,52
0,0.02557379704299059,0.02702702702702703,isotonic,52
0,0.20648325453727268,0.17582417582417584,isotonic,52
0,0.16652247050868402,0.15625,isotonic,52
1,0.22601528531234746,0.19444444444444445,isotonic,52
1,0.14263667574199768,0.11564625850340136,isotonic,52
0,0.18033763941906977,0.15625,isotonic,52
0,0.09697862155571178,0.08823529411764706,isotonic,52
1,0.23829340309984165,0.2641509433962264,isotonic,52
0,0.2711066125381543,0.3083832335329341,isotonic,52
1,0.9989065455649548,1.0,isotonic,52
1,0.3080813831548827,0.3083832335329341,isotonic,52
1,0.31401803133913986,0.3083832335329341,isotonic,52
0,0.07857372263274193,0.07547169811320754,isotonic,52
0,0.11232714002387531,0.10218978102189781,isotonic,52
1,0.9971775922886046,1.0,isotonic,52
0,0.1678145420050872,0.15625,isotonic,52
0,0.20421954475603687,0.17582417582417584,isotonic,52
1,0.37049862777780146,0.3083832335329341,isotonic,52
1,0.9987983169186664,1.0,isotonic,52
1,0.981208381550481,1.0,isotonic,52
1,0.9985302994244337,1.0,isotonic,52
0,0.08623692317283804,0.07547169811320754,isotonic,52
0,0.10324393417409797,0.10218978102189781,isotonic,52
0,0.2674397856502548,0.3083832335329341,isotonic,52
1,0.4007671147828673,0.3083832335329341,isotonic,52
1,0.9996540129930599,1.0,isotonic,52
0,0.30166892929675704,0.3083832335329341,isotonic,52
0,0.03222415649872268,0.02702702702702703,isotonic,52
0,0.5138933330421617,0.41379310344827586,isotonic,52
0,0.07993645485022653,0.07547169811320754,isotonic,52
1,0.9978799570366255,1.0,isotonic,52
0,0.09829569700307104,0.10218978102189781,isotonic,52
0,0.1564325778132327,0.11564625850340136,isotonic,52
0,0.3549171635734255,0.3083832335329341,isotonic,52
0,0.20356312549908742,0.17582417582417584,isotonic,52
0,0.08747405419310683,0.07547169811320754,isotonic,52
1,0.6151706801346304,0.5869565217391305,isotonic,52
1,0.9999809187712246,1.0,isotonic,52
1,0.9988058136562403,1.0,isotonic,52
0,0.08807894961015919,0.07547169811320754,isotonic,52
0,0.028097966468881158,0.02702702702702703,isotonic,52
0,0.0376204691835884,0.02702702702702703,isotonic,52
1,0.9989419190903683,1.0,isotonic,52
1,0.9976082100486503,1.0,isotonic,52
0,0.1665333615692546,0.15625,isotonic,52
0,0.28137438503635565,0.3083832335329341,isotonic,52
0,0.16974573334639992,0.15625,isotonic,52
0,0.17145801380355574,0.15625,isotonic,52
0,0.43974146181652396,0.41379310344827586,isotonic,52
1,0.9971293419289881,1.0,isotonic,52
0,0.568163067228845,0.5,isotonic,52
1,0.981208381550481,1.0,isotonic,52
0,0.043008154507963144,0.02702702702702703,isotonic,52
1,0.9999062617205752,1.0,isotonic,52
1,0.9984561490962903,1.0,isotonic,52
0,0.13231677173243833,0.11564625850340136,isotonic,52
1,0.998268767410634,1.0,isotonic,52
0,0.08582176483139908,0.07547169811320754,isotonic,52
0,0.047169875668353935,0.02702702702702703,isotonic,52
0,0.4195500872472231,0.34285714285714286,isotonic,52
0,0.1107608352211565,0.10218978102189781,isotonic,52
1,0.9981252775021698,1.0,isotonic,52
1,0.045418021444187336,0.02702702702702703,isotonic,52
0,0.035626616525795615,0.02702702702702703,isotonic,52
1,0.981208381550481,1.0,isotonic,52
0,0.12896239938922593,0.11564625850340136,isotonic,52
1,0.981208381550481,1.0,isotonic,52
0,0.373325620853487,0.3083832335329341,isotonic,52
0,0.059832685127419905,0.07547169811320754,isotonic,52
0,0.12452991474680304,0.10218978102189781,isotonic,52
0,0.04240011439471667,0.02702702702702703,isotonic,52
1,0.9998100923399066,1.0,isotonic,52
1,0.9999497827295001,1.0,isotonic,52
0,0.47083058243579246,0.41379310344827586,isotonic,52
1,0.46785998136345686,0.41379310344827586,isotonic,52
1,0.25829928959109627,0.3083832335329341,isotonic,52
1,0.9961553925295592,1.0,isotonic,52
1,0.9968261761707017,1.0,isotonic,52
0,0.24795002278124334,0.3083832335329341,isotonic,52
1,0.06545662353051977,0.07547169811320754,isotonic,52
0,0.18400392215547767,0.17582417582417584,isotonic,52
1,0.999978237138488,1.0,isotonic,52
1,0.618452421109176,0.5869565217391305,isotonic,52
1,0.9985451635157427,1.0,isotonic,52
0,0.052804800791705755,0.06521739130434782,isotonic,52
0,0.027492590664993606,0.02702702702702703,isotonic,52
1,0.995968613296182,1.0,isotonic,52
0,0.030416217790968147,0.02702702702702703,isotonic,52
0,0.1636852472769465,0.11564625850340136,isotonic,52
0,0.1357440088427131,0.11564625850340136,isotonic,52
1,0.9978024649168133,1.0,isotonic,52
0,0.2133347115344914,0.17582417582417584,isotonic,52
0,0.044513704034890855,0.02702702702702703,isotonic,52
0,0.1563930984058598,0.11564625850340136,isotonic,52
0,0.30611989379545507,0.3083832335329341,isotonic,52
0,0.23350047200500446,0.2641509433962264,isotonic,52
1,0.9983925475125487,1.0,isotonic,52
0,0.01704090709043009,0.0,isotonic,52
1,0.9999387745591817,1.0,isotonic,52
0,0.1319032958646744,0.11564625850340136,isotonic,52
1,0.9999855677268922,1.0,isotonic,52
0,0.08850359417211341,0.07547169811320754,isotonic,52
0,0.2863495161806082,0.3083832335329341,isotonic,52
1,0.999278495469095,1.0,isotonic,52
1,0.981208381550481,1.0,isotonic,52
0,0.52542756151439,0.41379310344827586,isotonic,52
0,0.15659479735138956,0.11564625850340136,isotonic,52
0,0.22342437469001916,0.19444444444444445,isotonic,52
1,0.5007168152496876,0.41379310344827586,isotonic,52
1,0.9998587530084049,1.0,isotonic,52
1,0.981208381550481,1.0,isotonic,52
0,0.08912612258417059,0.07547169811320754,isotonic,52
1,0.9999477012864443,1.0,isotonic,52
1,0.9999400158906271,1.0,isotonic,52
0,0.09457464847525991,0.08823529411764706,isotonic,52
0,0.27228343005676897,0.3083832335329341,isotonic,52
1,0.981208381550481,1.0,isotonic,52
0,0.12810020395078345,0.11564625850340136,isotonic,52
1,0.4449012330097667,0.41379310344827586,isotonic,52
0,0.1547700360121485,0.11564625850340136,isotonic,52
0,0.04230209672791232,0.02702702702702703,isotonic,52
1,0.99983242273133,1.0,isotonic,52
0,0.13558460240855855,0.11564625850340136,isotonic,52
1,0.9989915565715491,1.0,isotonic,52
1,0.9943127363397003,1.0,isotonic,52
0,0.08647092262471515,0.07547169811320754,isotonic,52
1,0.3822296481829927,0.3083832335329341,isotonic,52
1,0.9951577936002891,1.0,isotonic,52
1,0.981208381550481,1.0,isotonic,52
1,0.9974844097031514,1.0,isotonic,52
1,0.9997870303482106,1.0,isotonic,52
1,0.981208381550481,1.0,isotonic,52
1,0.9974789788180358,1.0,isotonic,52
1,0.9985553602470548,1.0,isotonic,52
1,0.9962693884150179,1.0,isotonic,52
0,0.6400542007583766,0.5869565217391305,isotonic,52
0,0.05696033018045304,0.06521739130434782,isotonic,52
1,0.9999039927053142,1.0,isotonic,52
0,0.050809117181818936,0.058823529411764705,isotonic,52
1,0.981208381550481,1.0,isotonic,52
0,0.20438717938480308,0.17582417582417584,isotonic,52
0,0.021359357085398118,0.0,isotonic,52
1,0.999896045083846,1.0,isotonic,52
1,0.9972973912074283,1.0,isotonic,52
1,0.38571385337523106,0.3083832335329341,isotonic,52
1,0.9999862325099935,1.0,isotonic,52
1,0.9987469197866781,1.0,isotonic,52
0,0.029561114156958595,0.02702702702702703,isotonic,52
1,0.9998989761965231,1.0,isotonic,52
1,0.9995182347289066,1.0,isotonic,52
0,0.5578988110803768,0.5,isotonic,52
0,0.034343272456113336,0.02702702702702703,isotonic,52
1,0.981208381550481,1.0,isotonic,52
1,0.9952671357222201,1.0,isotonic,52
0,0.12015416795390724,0.10218978102189781,isotonic,52
1,0.981208381550481,1.0,isotonic,52
0,0.44299879545148946,0.41379310344827586,isotonic,52
0,0.40960889466609635,0.3083832335329341,isotonic,52
1,0.981208381550481,1.0,isotonic,52
0,0.3207748789845977,0.3083832335329341,isotonic,52
1,0.9977234154301985,1.0,isotonic,52
0,0.3172272896554186,0.3083832335329341,isotonic,52
1,0.2810671516368795,0.3083832335329341,isotonic,52
1,0.9988455765450583,1.0,isotonic,52
1,0.9939156343330522,1.0,isotonic,52
1,0.18379627564724144,0.17582417582417584,isotonic,52
1,0.9938500268603593,1.0,isotonic,52
0,0.34485772108789614,0.3083832335329341,isotonic,52
0,0.0470405092491167,0.02702702702702703,isotonic,52
0,0.12461462354615918,0.10218978102189781,isotonic,52
0,0.11578362552395108,0.10218978102189781,isotonic,52
0,0.5161656079830022,0.41379310344827586,isotonic,52
1,0.999805435615046,1.0,isotonic,52
0,0.11607958283624135,0.10218978102189781,isotonic,52
0,0.08627679627637694,0.07547169811320754,isotonic,52
0,0.3066324304491159,0.3083832335329341,isotonic,52
1,0.981208381550481,1.0,isotonic,52
0,0.17845478716559252,0.15625,isotonic,52
1,0.9986353486478632,1.0,isotonic,52
1,0.997861260777437,1.0,isotonic,52
1,0.999943224729129,1.0,isotonic,52
0,0.3726997208300193,0.3083832335329341,isotonic,52
0,0.04470663824036981,0.02702702702702703,isotonic,52
1,0.9988109105741441,1.0,isotonic,52
1,0.3878005722158692,0.3083832335329341,isotonic,52
0,0.13405766476185219,0.11564625850340136,isotonic,52
0,0.05531384989884336,0.06521739130434782,isotonic,52
1,0.9989235228054908,1.0,isotonic,52
0,0.43386311004179096,0.41379310344827586,isotonic,52
0,0.025778257760917293,0.02702702702702703,isotonic,52
0,0.08000918872122555,0.07547169811320754,isotonic,52
1,0.23817221318389287,0.2641509433962264,isotonic,52
1,0.9999815676499011,1.0,isotonic,52
1,0.19792619402060668,0.17582417582417584,isotonic,52
0,0.09937847116863359,0.10218978102189781,isotonic,52
1,0.9959731300326338,1.0,isotonic,52
1,0.9947501195472847,1.0,isotonic,52
1,0.981208381550481,1.0,isotonic,52
1,0.9981915288298819,1.0,isotonic,52
0,0.03659115483184665,0.02702702702702703,isotonic,52
0,0.15654793336998424,0.11564625850340136,isotonic,52
1,0.9153554294116253,1.0,isotonic,52
0,0.17980774292075272,0.15625,isotonic,52
0,0.14809106741309916,0.11564625850340136,isotonic,52
1,0.9998045676542993,1.0,isotonic,52
0,0.031967444722538346,0.02702702702702703,isotonic,52
1,0.998843298417961,1.0,isotonic,52
0,0.06266598177509146,0.07547169811320754,isotonic,52
0,0.033443246561236366,0.02702702702702703,isotonic,52
1,0.17494118072341805,0.15625,isotonic,52
1,0.3479902751143317,0.3083832335329341,isotonic,52
0,0.029568886969322077,0.02702702702702703,isotonic,52
0,0.053715439334284146,0.06521739130434782,isotonic,52
0,0.0372983642753369,0.02702702702702703,isotonic,52
0,0.13689174621742647,0.11564625850340136,isotonic,52
0,0.45005750104958636,0.41379310344827586,isotonic,52
0,0.06578716625446114,0.07547169811320754,isotonic,52
1,0.40197710156902106,0.3083832335329341,isotonic,52
1,0.9611808453587938,1.0,isotonic,52
1,0.9997719661247109,1.0,isotonic,52
0,0.1339250916438673,0.11564625850340136,isotonic,52
0,0.1987653313057426,0.17582417582417584,isotonic,52
1,0.21210968361310298,0.17582417582417584,isotonic,52
1,0.9997860299743312,1.0,isotonic,52
0,0.47808296937680655,0.41379310344827586,isotonic,52
1,0.9991755666824002,1.0,isotonic,52
0,0.1500098187396854,0.11564625850340136,isotonic,52
1,0.9999292750391073,1.0,isotonic,52
0,0.19043806791741685,0.17582417582417584,isotonic,52
0,0.0909524428337934,0.07547169811320754,isotonic,52
0,0.07464035041323483,0.07547169811320754,isotonic,52
0,0.02838131454649189,0.02702702702702703,isotonic,52
0,0.2707604407568893,0.3083832335329341,isotonic,52
0,0.29572280376868926,0.3083832335329341,isotonic,52
0,0.3128832157927106,0.3083832335329341,isotonic,52
0,0.20523601985347711,0.17582417582417584,isotonic,52
1,0.999946340081063,1.0,isotonic,52
0,0.19552754667929295,0.17582417582417584,isotonic,52
0,0.0602545169546003,0.07547169811320754,isotonic,52
0,0.19093548624023304,0.17582417582417584,isotonic,52
1,0.9946755389917077,1.0,isotonic,52
1,0.2052602778850403,0.17582417582417584,isotonic,52
1,0.9999573463050901,1.0,isotonic,52
0,0.09772672807968405,0.08823529411764706,isotonic,52
0,0.023497698703081903,0.02702702702702703,isotonic,52
1,0.026865704155890218,0.02702702702702703,isotonic,52
0,0.021930774907315417,0.0,isotonic,52
0,0.2726707073310641,0.3083832335329341,isotonic,52
0,0.38777914659262475,0.3083832335329341,isotonic,52
0,0.12455566698971515,0.10218978102189781,isotonic,52
0,0.0460057960150291,0.02702702702702703,isotonic,52
0,0.3484890621602588,0.3083832335329341,isotonic,52
1,0.9961326691619262,1.0,isotonic,52
1,0.999942324411317,1.0,isotonic,52
1,0.33088885135036467,0.3083832335329341,isotonic,52
1,0.998976781320344,1.0,isotonic,52
1,0.5692806041590269,0.5,isotonic,52
0,0.021507850914858698,0.0,isotonic,52
0,0.22145603160746088,0.19444444444444445,isotonic,52
0,0.08464069412331388,0.07547169811320754,isotonic,52
0,0.013702170297000936,0.0,isotonic,52
0,0.09019370721524139,0.07547169811320754,isotonic,52
0,0.30879785833018675,0.3083832335329341,isotonic,52
1,0.9999025692347145,1.0,isotonic,52
1,0.9945391849593067,1.0,isotonic,52
0,0.03476277772921404,0.02702702702702703,isotonic,52
0,0.30362662327070616,0.3083832335329341,isotonic,52
0,0.0384205936447159,0.02702702702702703,isotonic,52
1,0.997192963280552,1.0,isotonic,52
0,0.5481410962368904,0.5,isotonic,52
1,0.2772029536697122,0.3083832335329341,isotonic,52
1,0.20818357425225043,0.17582417582417584,isotonic,52
0,0.34670913679984505,0.3083832335329341,isotonic,52
1,0.3039630257999934,0.3083832335329341,isotonic,52
1,0.9991373623492993,1.0,isotonic,52
0,0.1386018619810816,0.11564625850340136,isotonic,52
1,0.9998776171484197,1.0,isotonic,52
0,0.06327011081568189,0.07547169811320754,isotonic,52
1,0.9999728898873437,1.0,isotonic,52
0,0.13319782706555744,0.11564625850340136,isotonic,52
1,0.6137393572571725,0.5869565217391305,isotonic,52
0,0.3444240624272414,0.3083832335329341,isotonic,52
1,0.9998130446250934,1.0,isotonic,52
1,0.981208381550481,1.0,isotonic,52
0,0.13368710286448315,0.11564625850340136,isotonic,52
0,0.20010123727493542,0.17582417582417584,isotonic,52
0,0.0470646237970211,0.02702702702702703,isotonic,52
1,0.9990874880859287,1.0,isotonic,52
0,0.3227138641256885,0.3083832335329341,isotonic,52
0,0.40665028182872254,0.3083832335329341,isotonic,52
0,0.2282076976579522,0.2641509433962264,isotonic,52
1,0.9927510047129909,1.0,isotonic,52
0,0.385107897337595,0.3083832335329341,isotonic,52
1,0.28103304469184465,0.3083832335329341,isotonic,52
1,0.9944008241493874,1.0,isotonic,52
1,0.29139689193758866,0.3083832335329341,isotonic,52
1,0.998009389737642,1.0,isotonic,52
0,0.03322944665866713,0.02702702702702703,isotonic,52
1,0.6477639782133188,0.5869565217391305,isotonic,52
1,0.9999409091376695,1.0,isotonic,52
0,0.5610032748860126,0.5,isotonic,52
1,0.9999576789716391,1.0,isotonic,52
1,0.9983634610380182,1.0,isotonic,52
0,0.30988165300682724,0.3083832335329341,isotonic,52
1,0.9999476512336133,1.0,isotonic,52
0,0.14109409725270028,0.11564625850340136,isotonic,52
0,0.3485321061566268,0.3083832335329341,isotonic,52
1,0.9991846537820729,1.0,isotonic,52
1,0.27876453610956803,0.3083832335329341,isotonic,52
0,0.37966622867868466,0.3083832335329341,isotonic,52
1,0.981208381550481,1.0,isotonic,52
1,0.9998995207590734,1.0,isotonic,52
0,0.011111642852564562,0.0,isotonic,52
0,0.1732232516020837,0.15625,isotonic,52
1,0.9933693679140946,1.0,isotonic,52
1,0.9974724014567959,1.0,isotonic,52
0,0.01459130489000186,0.0,isotonic,52
0,0.02369496980375568,0.02702702702702703,isotonic,52
1,0.9984589681378756,1.0,isotonic,52
0,0.027458610442845137,0.02702702702702703,isotonic,52
1,0.9986561602845767,1.0,isotonic,52
1,0.31783866320584037,0.3083832335329341,isotonic,52
1,0.9990850290053132,1.0,isotonic,52
0,0.3580887743596414,0.3083832335329341,isotonic,52
1,0.990526199515653,1.0,isotonic,52
0,0.15736497012027317,0.11564625850340136,isotonic,52
0,0.07859167120209162,0.07547169811320754,isotonic,52
0,0.2644766345438001,0.3083832335329341,isotonic,52
0,0.19175821340328883,0.17582417582417584,isotonic,52
1,0.12362760177748067,0.10218978102189781,isotonic,52
0,0.17200726635948252,0.15625,isotonic,52
1,0.1384086184440326,0.11564625850340136,isotonic,52
0,0.32586201880502574,0.3083832335329341,isotonic,52
1,0.9999726185966886,1.0,isotonic,52
0,0.25582848073906006,0.3083832335329341,isotonic,52
1,0.18073233983705667,0.15625,isotonic,52
1,0.942440082257343,1.0,isotonic,52
0,0.5629212487508365,0.5,isotonic,52
0,0.4072882586340728,0.3083832335329341,isotonic,52
0,0.016110852851816414,0.0,isotonic,52
1,0.9985981981604409,1.0,isotonic,52
0,0.11405368439884979,0.10218978102189781,isotonic,52
0,0.06922377914155863,0.07547169811320754,isotonic,52
1,0.9965028090152588,1.0,isotonic,52
0,0.03348689848801691,0.02702702702702703,isotonic,52
1,0.33101836325382933,0.3083832335329341,isotonic,52
0,0.07181553470469251,0.07547169811320754,isotonic,52
0,0.03586708870524062,0.02702702702702703,isotonic,52
1,0.998192800931594,1.0,isotonic,52
1,0.9998294747146337,1.0,isotonic,52
0,0.12245115628449904,0.10218978102189781,isotonic,52
1,0.9968629187400512,1.0,isotonic,52
0,0.09543552140459899,0.08823529411764706,isotonic,52
0,0.09680906488083456,0.08823529411764706,isotonic,52
0,0.1069006650682724,0.10218978102189781,isotonic,52
0,0.0613031534441336,0.07547169811320754,isotonic,52
1,0.9942625906821936,1.0,isotonic,52
1,0.9999441454618119,1.0,isotonic,52
0,0.31850834273598316,0.3083832335329341,isotonic,52
0,0.562616280898583,0.5,isotonic,52
1,0.8985687556459921,1.0,isotonic,52
1,0.9999048596280453,1.0,isotonic,52
0,0.08426460880523343,0.07547169811320754,isotonic,52
0,0.18587277406483485,0.17582417582417584,isotonic,52
0,0.10146432548062605,0.10218978102189781,isotonic,52
0,0.1920509187013071,0.17582417582417584,isotonic,52
1,0.998760709407661,1.0,isotonic,52
0,0.1284412624323021,0.11564625850340136,isotonic,52
1,0.9999201964358336,1.0,isotonic,52
0,0.16207891037886177,0.11564625850340136,isotonic,52
1,0.9989756595640216,1.0,isotonic,52
1,0.9989397077429207,1.0,isotonic,52
1,0.9999632535450267,1.0,isotonic,52
0,0.009545628986869815,0.0,isotonic,52
0,0.2056605795004266,0.17582417582417584,isotonic,52
0,0.11228438590131196,0.10218978102189781,isotonic,52
0,0.35751483512124593,0.3083832335329341,isotonic,52
0,0.2989623316426886,0.3083832335329341,isotonic,52
1,0.9988854187742208,1.0,isotonic,52
0,0.24001744831494165,0.2641509433962264,isotonic,52
1,0.9048676181500713,1.0,isotonic,52
1,0.9992281781094172,1.0,isotonic,52
1,0.9985076759859874,1.0,isotonic,52
1,0.9998729541236018,1.0,isotonic,52
0,0.1183437890529002,0.10218978102189781,isotonic,52
0,0.08457810162356855,0.07547169811320754,isotonic,52
1,0.9999422809245703,1.0,isotonic,52
0,0.017369038267814916,0.0,isotonic,52
1,0.38182491051494694,0.3083832335329341,isotonic,52
0,0.029878288166374636,0.02702702702702703,isotonic,52
1,0.9999359161082116,1.0,isotonic,52
0,0.046562371593484704,0.02702702702702703,isotonic,52
0,0.617597512890898,0.5869565217391305,isotonic,52
1,0.9990661510855756,1.0,isotonic,52
0,0.06100983697713345,0.07547169811320754,isotonic,52
1,0.5121440517241853,0.41379310344827586,isotonic,52
0,0.07918490209605158,0.07547169811320754,isotonic,52
1,0.9976440982820428,1.0,isotonic,52
1,0.1847739887707921,0.17582417582417584,isotonic,52
1,0.1521749117527583,0.11564625850340136,isotonic,52
0,0.0731151227827253,0.07547169811320754,isotonic,52
1,0.9999475353777267,1.0,isotonic,52
0,0.14588921359157264,0.11564625850340136,isotonic,52
1,0.3784568072134889,0.3083832335329341,isotonic,52
1,0.981208381550481,1.0,isotonic,52
0,0.5458053404937159,0.5,isotonic,52
0,0.05791073353980866,0.06521739130434782,isotonic,52
0,0.08420460188889446,0.07547169811320754,isotonic,52
1,0.981208381550481,1.0,isotonic,52
1,0.6331927681708409,0.5869565217391305,isotonic,52
1,0.9973432792271367,1.0,isotonic,52
1,0.99883859203248,1.0,isotonic,52
1,0.21778616677451915,0.19444444444444445,isotonic,52
1,0.5573835020981628,0.5,isotonic,52
1,0.2079244062736893,0.17582417582417584,isotonic,52
0,0.47649465400549446,0.41379310344827586,isotonic,52
1,0.997030602959925,1.0,isotonic,52
0,0.5665202384649797,0.5,isotonic,52
0,0.11482683729527499,0.10218978102189781,isotonic,52
1,0.9999365566758016,1.0,isotonic,52
0,0.5527142367417168,0.5,isotonic,52
0,0.1250347693095359,0.10218978102189781,isotonic,52
0,0.12217068056211858,0.10218978102189781,isotonic,52
0,0.38532388073006546,0.3083832335329341,isotonic,52
0,0.014984009500523128,0.0,isotonic,52
0,0.6181639124326389,0.5869565217391305,isotonic,52
0,0.16048901351048495,0.11564625850340136,isotonic,52
1,0.05358248556128295,0.06521739130434782,isotonic,52
1,0.4838119078226369,0.41379310344827586,isotonic,52
0,0.5373294204653962,0.5,isotonic,52
0,0.3021165112587614,0.3083832335329341,isotonic,52
1,0.9932202998265048,1.0,isotonic,52
0,0.04758871963280068,0.02702702702702703,isotonic,52
1,0.5342429188933032,0.5,isotonic,52
1,0.998545266355627,1.0,isotonic,52
0,0.051794341768672404,0.06521739130434782,isotonic,52
1,0.9998052068477825,1.0,isotonic,52
0,0.40233704686363403,0.3083832335329341,isotonic,52
0,0.11117062159501702,0.10218978102189781,isotonic,52
0,0.08280589648112549,0.07547169811320754,isotonic,52
1,0.318644682080068,0.3083832335329341,isotonic,52
1,0.9985062608304479,1.0,isotonic,52
1,0.9999423326224707,1.0,isotonic,52
1,0.9999579411098546,1.0,isotonic,52
0,0.2381601243008218,0.2641509433962264,isotonic,52
1,0.5988511887809269,0.5869565217391305,isotonic,52
1,0.998937583293246,1.0,isotonic,52
0,0.027658908687158264,0.02702702702702703,isotonic,52
1,0.9998097002934673,1.0,isotonic,52
1,0.9976028512144242,1.0,isotonic,52
0,0.06381190530709518,0.07547169811320754,isotonic,52
1,0.10088690979187791,0.10218978102189781,isotonic,52
1,0.9998427797434226,1.0,isotonic,52
0,0.12151365832295173,0.10218978102189781,isotonic,52
0,0.23719157137858146,0.2641509433962264,isotonic,52
0,0.07745048708477387,0.07547169811320754,isotonic,52
1,0.981208381550481,1.0,isotonic,52
0,0.1353413766082698,0.11564625850340136,isotonic,52
0,0.22174065687163558,0.19444444444444445,isotonic,52
1,0.9999202078901682,1.0,isotonic,52
1,0.9995356447282654,1.0,isotonic,52
0,0.03486743742866035,0.02702702702702703,isotonic,52
0,0.3155325360969245,0.3083832335329341,isotonic,52
0,0.17896164249367913,0.15625,isotonic,52
0,0.07771211760633949,0.07547169811320754,isotonic,52
0,0.1129702643139976,0.10218978102189781,isotonic,52
0,0.09534119814515955,0.08823529411764706,isotonic,52
0,0.3115792531585598,0.3083832335329341,isotonic,52
1,0.9999331682537668,1.0,isotonic,52
1,0.9999199892725159,1.0,isotonic,52
1,0.9967587998338032,1.0,isotonic,52
0,0.055957891352025904,0.06521739130434782,isotonic,52
0,0.07938592932268686,0.07547169811320754,isotonic,52
1,0.9985854846509706,1.0,isotonic,52
1,0.9985181946518553,1.0,isotonic,52
1,0.9999041937341788,1.0,isotonic,52
0,0.02793102086283502,0.02702702702702703,isotonic,52
0,0.0950531531864208,0.08823529411764706,isotonic,52
0,0.020885295534845465,0.0,isotonic,52
0,0.22313963771552833,0.19444444444444445,isotonic,52
1,0.9982460374583435,1.0,isotonic,52
0,0.10075169091881801,0.10218978102189781,isotonic,52
0,0.6524037282460393,0.5869565217391305,isotonic,52
0,0.10982995966753852,0.10218978102189781,isotonic,52
1,0.9950008105841823,1.0,isotonic,52
0,0.8086512556571146,0.7916666666666666,isotonic,52
1,0.999944854124537,1.0,isotonic,52
1,0.6531926719279714,0.5869565217391305,isotonic,52
1,0.9999125895511625,1.0,isotonic,52
1,0.04866553490341111,0.02702702702702703,isotonic,52
0,0.10996606374603295,0.10218978102189781,isotonic,52
0,0.13478122280543198,0.11564625850340136,isotonic,52
1,0.9987329229658208,1.0,isotonic,52
1,0.9982645389943696,1.0,isotonic,52
0,0.6388359955663067,0.5869565217391305,isotonic,52
0,0.3060082993102704,0.3083832335329341,isotonic,52
1,0.9998274379760458,1.0,isotonic,52
1,0.8312033760011217,0.7916666666666666,isotonic,52
0,0.3326515067117487,0.3083832335329341,isotonic,52
0,0.07667559979138808,0.07547169811320754,isotonic,52
0,0.2009920129773517,0.17582417582417584,isotonic,52
1,0.9999512901368844,1.0,isotonic,52
0,0.17461036602062038,0.15625,isotonic,52
0,0.1483398063744581,0.11564625850340136,isotonic,52
1,0.4904496238881619,0.41379310344827586,isotonic,52
0,0.23065442487800167,0.2641509433962264,isotonic,52
0,0.2734906793574917,0.3083832335329341,isotonic,52
1,0.981208381550481,1.0,isotonic,52
0,0.286360359313755,0.3083832335329341,isotonic,52
0,0.08568219779655659,0.07547169811320754,isotonic,52
1,0.9998112593401237,1.0,isotonic,52
1,0.9998763803294066,1.0,isotonic,52
0,0.06669891281987382,0.07547169811320754,isotonic,52
1,0.9980061345313557,1.0,isotonic,52
1,0.9968601676771116,1.0,isotonic,52
1,0.9687695456969511,1.0,isotonic,52
0,0.24797879452264512,0.3083832335329341,isotonic,52
1,0.9997198786272524,1.0,isotonic,52
1,0.6319831220836618,0.5869565217391305,isotonic,52
0,0.6598717304003499,0.5869565217391305,isotonic,52
1,0.981208381550481,1.0,isotonic,52
1,0.9986810696462401,1.0,isotonic,52
0,0.027589626811985724,0.02702702702702703,isotonic,52
0,0.0576136138138467,0.06521739130434782,isotonic,52
1,0.9999293572442615,1.0,isotonic,52
1,0.9998867639856275,1.0,isotonic,52
0,0.35156727044530406,0.3083832335329341,isotonic,52
1,0.8244821897320501,0.7916666666666666,isotonic,52
0,0.09156976219281662,0.07547169811320754,isotonic,52
1,0.9956768244924681,1.0,isotonic,52
0,0.17654346823748,0.15625,isotonic,52
1,0.4941299086236741,0.41379310344827586,isotonic,52
0,0.09209661433053018,0.07547169811320754,isotonic,52
1,0.9967006380674593,1.0,isotonic,52
1,0.999906475163563,1.0,isotonic,52
1,0.9845477909343221,1.0,isotonic,52
0,0.2915988392174616,0.3083832335329341,isotonic,52
1,0.9984061783712056,1.0,isotonic,52
0,0.17340904175997746,0.15625,isotonic,52
0,0.15957194795495516,0.11564625850340136,isotonic,52
0,0.07050028940090891,0.07547169811320754,isotonic,52
0,0.23196022525332086,0.2641509433962264,isotonic,52
1,0.5004809657346645,0.41379310344827586,isotonic,52
1,0.9998736736487157,1.0,isotonic,52
1,0.999869706114465,1.0,isotonic,52
0,0.240218516703343,0.2641509433962264,isotonic,52
1,0.9958763205583311,1.0,isotonic,52
1,0.1804796351277245,0.15625,isotonic,52
0,0.13299636789937835,0.11564625850340136,isotonic,52
0,0.45504084682421553,0.41379310344827586,isotonic,52
0,0.10663504349649176,0.10218978102189781,isotonic,52
0,0.1635417325880659,0.11564625850340136,isotonic,52
0,0.11231552632277392,0.10218978102189781,isotonic,52
1,0.9989555537664097,1.0,isotonic,52
0,0.06892782347650434,0.07547169811320754,isotonic,52
1,0.9998404037331705,1.0,isotonic,52
1,0.6891611864741931,0.6666666666666666,isotonic,52
1,0.999235459049829,1.0,isotonic,52
1,0.9952052229014804,1.0,isotonic,52
0,0.22680576081300688,0.2641509433962264,isotonic,52
1,0.5120064956171265,0.41379310344827586,isotonic,52
0,0.148929001039469,0.11564625850340136,isotonic,52
1,0.0591447508449307,0.06521739130434782,isotonic,52
0,0.05517634210446446,0.06521739130434782,isotonic,52
0,0.0553125843518962,0.06521739130434782,isotonic,52
1,0.37024811898874116,0.3083832335329341,isotonic,52
1,0.9991077024216016,1.0,isotonic,52
0,0.1878444495766886,0.17582417582417584,isotonic,52
0,0.186950796007203,0.17582417582417584,isotonic,52
0,0.06823340145645933,0.07547169811320754,isotonic,52
0,0.10548144570781762,0.10218978102189781,isotonic,52
1,0.9980095390133801,1.0,isotonic,52
0,0.02077186881078416,0.0,isotonic,52
0,0.20801156822306904,0.17582417582417584,isotonic,52
0,0.04336593904452722,0.02702702702702703,isotonic,52
1,0.9983056327102685,1.0,isotonic,52
1,0.9984332549306233,1.0,isotonic,52
0,0.20997741520490693,0.17582417582417584,isotonic,52
0,0.11672328438335311,0.10218978102189781,isotonic,52
0,0.19688206122815208,0.17582417582417584,isotonic,52
1,0.9970627186778848,1.0,isotonic,52
0,0.05770262441239374,0.06521739130434782,isotonic,52
1,0.10096684321658299,0.10218978102189781,isotonic,52
0,0.10070814823032312,0.10218978102189781,isotonic,52
1,0.9980321040149123,1.0,isotonic,52
0,0.47960198321275355,0.41379310344827586,isotonic,52
0,0.11215623552237863,0.10218978102189781,isotonic,52
0,0.2906900205665968,0.3083832335329341,isotonic,52
1,0.9962709116044909,1.0,isotonic,52
0,0.20305440031032065,0.17582417582417584,isotonic,52
0,0.18438529533355402,0.17582417582417584,isotonic,52
1,0.9999581622723015,1.0,isotonic,52
1,0.9968262634394878,1.0,isotonic,52
0,0.28075504327373463,0.3083832335329341,isotonic,52
1,0.9999070110663625,1.0,isotonic,52
0,0.05165513621729959,0.06521739130434782,isotonic,52
0,0.3438057213182635,0.3083832335329341,isotonic,52
0,0.22141239987545502,0.19444444444444445,isotonic,52
1,0.2500684256449339,0.3083832335329341,isotonic,52
0,0.11997551373290535,0.10218978102189781,isotonic,52
1,0.9987937448326695,1.0,isotonic,52
0,0.15464699907018542,0.11564625850340136,isotonic,52
0,0.03947283992354466,0.02702702702702703,isotonic,52
0,0.31119476755651365,0.3083832335329341,isotonic,52
0,0.05550856413778996,0.06521739130434782,isotonic,52
1,0.9998636319344438,1.0,isotonic,52
0,0.028320818738560922,0.02702702702702703,isotonic,52
1,0.9975568176836138,1.0,isotonic,52
1,0.9830227582274219,1.0,isotonic,52
1,0.14049577876837346,0.11564625850340136,isotonic,52
1,0.9999823773480678,1.0,isotonic,52
0,0.6403414127132236,0.5869565217391305,isotonic,52
0,0.3582250016795913,0.3083832335329341,isotonic,52
0,0.16726165797645162,0.15625,isotonic,52
1,0.9964918114567669,1.0,isotonic,52
1,0.371809626722835,0.3083832335329341,isotonic,52
0,0.06239898328215787,0.07547169811320754,isotonic,52
0,0.2288858871327839,0.2641509433962264,isotonic,52
0,0.13471859338513503,0.11564625850340136,isotonic,52
0,0.20950478589388602,0.17582417582417584,isotonic,52
1,0.9951378933865159,1.0,isotonic,52
1,0.521393420428493,0.41379310344827586,isotonic,52
1,0.9988091508896009,1.0,isotonic,52
0,0.14442139509446245,0.11564625850340136,isotonic,52
1,0.9972957916573433,1.0,isotonic,52
1,0.9576008378599512,1.0,isotonic,52
0,0.0316418880252436,0.02702702702702703,isotonic,52
0,0.41125912083583216,0.34285714285714286,isotonic,52
1,0.998763189617165,1.0,isotonic,52
1,0.1641735718335814,0.11564625850340136,isotonic,52
1,0.981208381550481,1.0,isotonic,52
1,0.17381864674404335,0.15625,isotonic,52
0,0.37443157907800845,0.3083832335329341,isotonic,52
1,0.9995253863378949,1.0,isotonic,52
0,0.18118208779172124,0.15625,isotonic,52
0,0.29880205498320067,0.3083832335329341,isotonic,52
1,0.9973490861763524,1.0,isotonic,52
1,0.9991033248788284,1.0,isotonic,52
0,0.11664223151293614,0.10218978102189781,isotonic,52
0,0.056550056710460164,0.06521739130434782,isotonic,52
0,0.10124007323428853,0.10218978102189781,isotonic,52
1,0.2805416806514467,0.3083832335329341,isotonic,52
0,0.23998868150211838,0.2641509433962264,isotonic,52
0,0.2226589882580775,0.19444444444444445,isotonic,52
1,0.992606045241704,1.0,isotonic,52
0,0.12198541479521725,0.10218978102189781,isotonic,52
1,0.9999603805438367,1.0,isotonic,52
0,0.05560039606132609,0.06521739130434782,isotonic,52
1,0.9999544350460257,1.0,isotonic,52
0,0.33173232579233425,0.3083832335329341,isotonic,52
1,0.9977839136140814,1.0,isotonic,52
0,0.34367204224395154,0.3083832335329341,isotonic,52
1,0.9999379579193529,1.0,isotonic,52
0,0.09156120728966166,0.07547169811320754,isotonic,52
0,0.10600021575786217,0.10218978102189781,isotonic,52
0,0.019372974783934495,0.0,isotonic,52
1,0.9997734997503134,1.0,isotonic,52
0,0.11876286585174285,0.10218978102189781,isotonic,52
1,0.999934658411256,1.0,isotonic,52
0,0.0914740718162172,0.07547169811320754,isotonic,52
1,0.9983161712152203,1.0,isotonic,52
1,0.9987529128196077,1.0,isotonic,52
0,0.19253333179434975,0.17582417582417584,isotonic,52
0,0.08885374524268705,0.07547169811320754,isotonic,52
0,0.04204889057649981,0.02702702702702703,isotonic,52
1,0.15174534142987411,0.11564625850340136,isotonic,52
0,0.012723834801590195,0.0,isotonic,52
0,0.07290200055129994,0.07547169811320754,isotonic,52
0,0.025541966005792272,0.02702702702702703,isotonic,52
0,0.1306961256912743,0.11564625850340136,isotonic,52
1,0.47007788504158365,0.41379310344827586,isotonic,52
1,0.2895485823847179,0.3083832335329341,isotonic,52
0,0.02048916786304504,0.0,isotonic,52
0,0.13212777004012755,0.11564625850340136,isotonic,52
1,0.9007697513602784,1.0,isotonic,52
1,0.9999478865640558,1.0,isotonic,52
1,0.9981317145683994,1.0,isotonic,52
0,0.06901788002903463,0.07547169811320754,isotonic,52
1,0.994341555789644,1.0,isotonic,52
0,0.027545009310321302,0.02702702702702703,isotonic,52
1,0.18093963140723096,0.15625,isotonic,52
1,0.981208381550481,1.0,isotonic,52
0,0.04382621811711237,0.02702702702702703,isotonic,52
1,0.9994515026367539,1.0,isotonic,52
0,0.0780392348360144,0.07547169811320754,isotonic,52
1,0.9985687279077274,1.0,isotonic,52
0,0.09917350243126936,0.10218978102189781,isotonic,52
0,0.11877238180244251,0.10218978102189781,isotonic,52
1,0.9980742290863128,1.0,isotonic,52
1,0.9999831987262635,1.0,isotonic,52
0,0.1762011213945231,0.15625,isotonic,52
1,0.41489062778771096,0.34285714285714286,isotonic,52
0,0.3425467996937152,0.3083832335329341,isotonic,52
0,0.11218062760176446,0.10218978102189781,isotonic,52
1,0.9969097996886612,1.0,isotonic,52
0,0.14167546063565858,0.11564625850340136,isotonic,52
1,0.998921924722688,1.0,isotonic,52
1,0.9992641432917443,1.0,isotonic,52
0,0.3822166940798172,0.3083832335329341,isotonic,52
1,0.9972460410093636,1.0,isotonic,52
1,0.5662320570215948,0.5,isotonic,52
1,0.2565453323498185,0.3083832335329341,isotonic,52
0,0.05721191425749702,0.06521739130434782,isotonic,52
0,0.184217012966145,0.17582417582417584,isotonic,52
0,0.037148478694787906,0.02702702702702703,isotonic,52
0,0.20491261199343708,0.17582417582417584,isotonic,52
0,0.10284946005067426,0.10218978102189781,isotonic,52
1,0.9976059410356176,1.0,isotonic,52
0,0.05607175384848358,0.06521739130434782,isotonic,52
0,0.1689029755227752,0.15625,isotonic,52
0,0.045203515291364356,0.02702702702702703,isotonic,52
0,0.040906121492573236,0.02702702702702703,isotonic,52
1,0.9999559090348518,1.0,isotonic,52
1,0.9953349319440538,1.0,isotonic,52
0,0.3380202529712685,0.3083832335329341,isotonic,52
0,0.3117175470462803,0.3083832335329341,isotonic,52
1,0.96440725716668,1.0,isotonic,52
1,0.14006961447073882,0.11564625850340136,isotonic,52
0,0.12606226188952727,0.10218978102189781,isotonic,52
0,0.10942413261217386,0.10218978102189781,isotonic,52
1,0.9978273243101609,1.0,isotonic,52
1,0.20199169536995037,0.17582417582417584,isotonic,52
0,0.11343509802291303,0.10218978102189781,isotonic,52
1,0.99692846352759,1.0,isotonic,52
0,0.0458192304313055,0.02702702702702703,isotonic,52
1,0.9999576465902202,1.0,isotonic,52
1,0.9999060104400186,1.0,isotonic,52
1,0.9999368391177329,1.0,isotonic,52
0,0.09290387344639887,0.08823529411764706,isotonic,52
1,0.9962982639426696,1.0,isotonic,52
0,0.1284816860505862,0.11564625850340136,isotonic,52
1,0.981208381550481,1.0,isotonic,52
1,0.99780355572868,1.0,isotonic,52
0,0.2368048306283495,0.2641509433962264,isotonic,52
0,0.02045882848815934,0.0,isotonic,52
0,0.0780982486741136,0.07547169811320754,isotonic,52
1,0.30222205380984984,0.3083832335329341,isotonic,52
0,0.2664413307833235,0.3083832335329341,isotonic,52
0,0.3139482441486796,0.3083832335329341,isotonic,52
1,0.9997954926562617,1.0,isotonic,52
1,0.31829177478827375,0.3083832335329341,isotonic,52
1,0.9977978888038235,1.0,isotonic,52
0,0.2856629202398152,0.3083832335329341,isotonic,52
0,0.03323578807160685,0.02702702702702703,isotonic,52
0,0.040304828209889905,0.02702702702702703,isotonic,52
0,0.4525227080855047,0.41379310344827586,isotonic,52
1,0.9998747433126526,1.0,isotonic,52
1,0.28804064118020073,0.3083832335329341,isotonic,52
1,0.9999788870789607,1.0,isotonic,52
0,0.11428886718359327,0.10218978102189781,isotonic,52
1,0.9993352876019338,1.0,isotonic,52
1,0.9981403148147804,1.0,isotonic,52
0,0.2474196725456387,0.3083832335329341,isotonic,52
1,0.998340966143844,1.0,isotonic,52
0,0.061855715196767524,0.07547169811320754,isotonic,52
1,0.9999369986354282,1.0,isotonic,52
0,0.2146016054177893,0.17582417582417584,isotonic,52
1,0.9951065282968122,1.0,isotonic,52
0,0.00772756534038167,0.0,isotonic,52
0,0.6389096126048273,0.5869565217391305,isotonic,52
0,0.08056507379848887,0.07547169811320754,isotonic,52
1,0.9999856649974607,1.0,isotonic,52
1,0.9999379525190172,1.0,isotonic,52
0,0.1509953235439002,0.11564625850340136,isotonic,52
1,0.998392377459444,1.0,isotonic,52
0,0.25364236787874517,0.3083832335329341,isotonic,52
0,0.0098653434579221,0.0,isotonic,52
1,0.5298212313023386,0.5,isotonic,52
1,0.6056229123038238,0.5869565217391305,isotonic,52
1,0.9987030101412713,1.0,isotonic,52
0,0.3899515842864223,0.3083832335329341,isotonic,52
0,0.07080103926453792,0.07547169811320754,isotonic,52
0,0.19532774514699947,0.17582417582417584,isotonic,52
0,0.20383898448813453,0.17582417582417584,isotonic,52
1,0.9999079839325975,1.0,isotonic,52
0,0.2032742049043746,0.17582417582417584,isotonic,52
1,0.9983367144268892,1.0,isotonic,52
0,0.08872541800565835,0.07547169811320754,isotonic,52
0,0.2373701189508209,0.2641509433962264,isotonic,52
1,0.11969868559532672,0.10218978102189781,isotonic,52
1,0.12228931458370638,0.10218978102189781,isotonic,52
0,0.23585517642584178,0.2641509433962264,isotonic,52
0,0.027656375947018873,0.02702702702702703,isotonic,52
0,0.06331828552284609,0.07547169811320754,isotonic,52
1,0.9896232919624384,1.0,isotonic,52
1,0.9987711962895824,1.0,isotonic,52
1,0.9981674705481965,1.0,isotonic,52
1,0.993675320488065,1.0,isotonic,52
0,0.17415902099742908,0.15625,isotonic,52
0,0.1753138267562053,0.15625,isotonic,52
1,0.981208381550481,1.0,isotonic,52
0,0.03202140385643144,0.02702702702702703,isotonic,52
1,0.9999597809659846,1.0,isotonic,52
0,0.11057034310184308,0.10218978102189781,isotonic,52
1,0.9987088890912938,1.0,isotonic,52
1,0.9999715822657224,1.0,isotonic,52
1,0.9998398319318712,1.0,isotonic,52
1,0.06967868348607932,0.07547169811320754,isotonic,52
1,0.981208381550481,1.0,isotonic,52
0,0.03425592093295645,0.02702702702702703,isotonic,52
1,0.9976116374379661,1.0,isotonic,52
1,0.9988624227367013,1.0,isotonic,52
1,0.998844916494194,1.0,isotonic,52
0,0.03243437751811977,0.02702702702702703,isotonic,52
1,0.1158185347138479,0.10218978102189781,isotonic,52
1,0.9999156735796668,1.0,isotonic,52
0,0.03165406935268678,0.02702702702702703,isotonic,52
0,0.4236398312537279,0.34285714285714286,isotonic,52
1,0.06389537020448931,0.07547169811320754,isotonic,52
1,0.4775859433149483,0.41379310344827586,isotonic,52
0,0.10880861610612547,0.10218978102189781,isotonic,52
0,0.16959198368952416,0.15625,isotonic,52
1,0.13627076991455947,0.11564625850340136,isotonic,52
0,0.07198746819433627,0.07547169811320754,isotonic,52
0,0.2682338209704129,0.3083832335329341,isotonic,52
1,0.9993389289002603,1.0,isotonic,52
0,0.2850222035700483,0.3083832335329341,isotonic,52
1,0.9987627860929796,1.0,isotonic,52
1,0.981208381550481,1.0,isotonic,52
0,0.282431515497143,0.3083832335329341,isotonic,52
1,0.5900061637680744,0.5869565217391305,isotonic,52
0,0.22860853684532978,0.2641509433962264,isotonic,52
0,0.03754966484408053,0.02702702702702703,isotonic,52
1,0.5174292661038067,0.41379310344827586,isotonic,52
0,0.10886425936631103,0.10218978102189781,isotonic,52
0,0.09809933998755435,0.1003268749719997,isotonic,52
0,0.23271067323960326,0.2641509433962264,isotonic,52
0,0.023406497037205452,0.02702702702702703,isotonic,52
1,0.9999229471175364,1.0,isotonic,52
0,0.061722925227144516,0.07547169811320754,isotonic,52
0,0.2924885429323699,0.3083832335329341,isotonic,52
1,0.731975726676525,0.7916666666666666,isotonic,52
1,0.8884188577378995,1.0,isotonic,52
0,0.5007437144418969,0.41379310344827586,isotonic,52
0,0.1470250571641552,0.11564625850340136,isotonic,52
1,0.4142909329776891,0.34285714285714286,isotonic,52
0,0.10968813639832042,0.10218978102189781,isotonic,52
0,0.05744601159706348,0.06521739130434782,isotonic,52
1,0.9979347456951241,1.0,isotonic,52
1,0.9998365014377139,1.0,isotonic,52
0,0.35300213494979027,0.3083832335329341,isotonic,52
1,0.9981779972670174,1.0,isotonic,52
0,0.12941682246551048,0.11564625850340136,isotonic,52
1,0.25668661108012414,0.3083832335329341,isotonic,52
0,0.15777575092702392,0.11564625850340136,isotonic,52
0,0.5129740357760204,0.41379310344827586,isotonic,52
1,0.41735098616315364,0.34285714285714286,isotonic,52
0,0.20078217236268386,0.17582417582417584,isotonic,52
1,0.3357089846886195,0.3083832335329341,isotonic,52
0,0.3441180699153239,0.3083832335329341,isotonic,52
0,0.10997059794796939,0.10218978102189781,isotonic,52
0,0.028617033513397824,0.02702702702702703,isotonic,52
0,0.027446783825655647,0.02702702702702703,isotonic,52
0,0.3512205038573877,0.3083832335329341,isotonic,52
1,0.9999630070087592,1.0,isotonic,52
1,0.9999526747723232,1.0,isotonic,52
1,0.9948704431958927,1.0,isotonic,52
1,0.4432597235373421,0.41379310344827586,isotonic,52
1,0.9989423237190623,1.0,isotonic,52
0,0.4408928578952318,0.41379310344827586,isotonic,52
1,0.9984347765437447,1.0,isotonic,52
0,0.06117123955788002,0.07547169811320754,isotonic,52
0,0.4071154900966951,0.3083832335329341,isotonic,52
0,0.020497060025717783,0.0,isotonic,52
0,0.2520564853049443,0.3083832335329341,isotonic,52
1,0.9995776820188704,1.0,isotonic,52
1,0.9979913406095117,1.0,isotonic,52
1,0.9999142496233383,1.0,isotonic,52
1,0.4024754138113575,0.3083832335329341,isotonic,52
0,0.08756479040865364,0.07547169811320754,isotonic,52
0,0.07043606897403527,0.07547169811320754,isotonic,52
1,0.3351252378892513,0.3083832335329341,isotonic,52
1,0.9991460894450139,1.0,isotonic,52
1,0.08008825846335273,0.07547169811320754,isotonic,52
0,0.08152082973610927,0.07547169811320754,isotonic,52
1,0.9558111542823611,1.0,isotonic,52
0,0.11175556939189614,0.10218978102189781,isotonic,52
1,0.9980661927791085,1.0,isotonic,52
0,0.03145201919118735,0.02702702702702703,isotonic,52
1,0.9987370968910548,1.0,isotonic,52
0,0.4114678980761339,0.34285714285714286,isotonic,52
0,0.052544008818514044,0.06521739130434782,isotonic,52
1,0.9938622342919335,1.0,isotonic,52
1,0.9985954392239625,1.0,isotonic,52
1,0.9979851013194253,1.0,isotonic,52
1,0.9997155932331524,1.0,isotonic,52
1,0.981208381550481,1.0,isotonic,52
0,0.02688821405386342,0.02702702702702703,isotonic,52
1,0.9961705885911705,1.0,isotonic,52
0,0.009317165109981118,0.0,isotonic,52
1,0.999862635672793,1.0,isotonic,52
0,0.23308541593215715,0.2641509433962264,isotonic,52
1,0.981208381550481,1.0,isotonic,52
0,0.024333831464298794,0.02702702702702703,isotonic,52
1,0.23151253475192893,0.2641509433962264,isotonic,52
0,0.07557804229336934,0.07547169811320754,isotonic,52
0,0.10276797717423684,0.10218978102189781,isotonic,52
0,0.017796936806663517,0.0,isotonic,52
0,0.35544088412708147,0.3083832335329341,isotonic,52
1,0.981208381550481,1.0,isotonic,52
0,0.35158125664972256,0.3083832335329341,isotonic,52
1,0.2243828933947185,0.19444444444444445,isotonic,52
0,0.34505482961851197,0.3083832335329341,isotonic,52
0,0.18440392480688197,0.17582417582417584,isotonic,52
1,0.999843941341244,1.0,isotonic,52
0,0.22681065010580695,0.2641509433962264,isotonic,52
0,0.02184833866647586,0.0,isotonic,52
1,0.981208381550481,1.0,isotonic,52
1,0.9999815742515854,1.0,isotonic,52
0,0.6372810104317621,0.5869565217391305,isotonic,52
1,0.9963134985092766,1.0,isotonic,52
0,0.04986876126369918,0.058823529411764705,isotonic,52
1,0.9985912906554093,1.0,isotonic,52
1,0.9317074761548602,1.0,isotonic,52
1,0.36563579302550253,0.3083832335329341,isotonic,52
1,0.9308173106312416,1.0,isotonic,52
1,0.9998762491148714,1.0,isotonic,52
0,0.05157201628446302,0.06521739130434782,isotonic,52
1,0.8658389499434751,0.8571428571428571,isotonic,52
1,0.9947569578174497,1.0,isotonic,52
1,0.3611792475888023,0.3083832335329341,isotonic,52
1,0.9989477470521951,1.0,isotonic,52
1,0.995844213566002,1.0,isotonic,52
0,0.07592796016257819,0.07547169811320754,isotonic,52
1,0.9998515923282706,1.0,isotonic,52
1,0.9999196055194479,1.0,isotonic,52
1,0.9982617593757759,1.0,isotonic,52
0,0.2574320125024186,0.3083832335329341,isotonic,52
1,0.32383227917841323,0.3083832335329341,isotonic,52
1,0.9998855775861955,1.0,isotonic,52
0,0.043669100940948426,0.02702702702702703,isotonic,52
0,0.2273418431335262,0.2641509433962264,isotonic,52
0,0.17220106653562325,0.15625,isotonic,52
1,0.9999113439413786,1.0,isotonic,52
1,0.9999780997643755,1.0,isotonic,52
0,0.16003084907846377,0.11564625850340136,isotonic,52
0,0.04723011582047562,0.02702702702702703,isotonic,52
1,0.9992447044375076,1.0,isotonic,52
1,0.9999635657449518,1.0,isotonic,52
1,0.5578769385931619,0.5,isotonic,52
0,0.2747623206240596,0.3083832335329341,isotonic,52
1,0.9970257400616425,1.0,isotonic,52
0,0.33848824843928565,0.3083832335329341,isotonic,52
0,0.1662830479040346,0.15625,isotonic,52
0,0.050253000126923915,0.058823529411764705,isotonic,52
0,0.10519635915335283,0.10218978102189781,isotonic,52
1,0.981208381550481,1.0,isotonic,52
1,0.9998338946786021,1.0,isotonic,52
1,0.9999670712362073,1.0,isotonic,52
0,0.20704183952201102,0.17582417582417584,isotonic,52
0,0.21117260069249602,0.17582417582417584,isotonic,52
0,0.3387153532082094,0.3083832335329341,isotonic,52
1,0.9999666088527518,1.0,isotonic,52
1,0.9980741123080112,1.0,isotonic,52
1,0.12107890364950782,0.10218978102189781,isotonic,52
0,0.09889339657279873,0.10218978102189781,isotonic,52
1,0.9990378338029273,1.0,isotonic,52
1,0.409249857541486,0.3083832335329341,isotonic,52
1,0.9998415684263475,1.0,isotonic,52
0,0.05160266217051035,0.06521739130434782,isotonic,52
1,0.9988892306663348,1.0,isotonic,52
0,0.2559177202841644,0.3083832335329341,isotonic,52
1,0.9979167600735978,1.0,isotonic,52
1,0.9984978651798919,1.0,isotonic,52
1,0.9983319158053744,1.0,isotonic,52
0,0.13535810043810642,0.11564625850340136,isotonic,52
0,0.06186769750386634,0.07547169811320754,isotonic,52
1,0.981208381550481,1.0,isotonic,52
1,0.9981680789915696,1.0,isotonic,52
0,0.553404424974926,0.5,isotonic,52
0,0.05483055927048352,0.06521739130434782,isotonic,52
0,0.12980636721661576,0.11564625850340136,isotonic,52
0,0.03270410274277014,0.02702702702702703,isotonic,52
1,0.9975992065497437,1.0,isotonic,52
1,0.7426736150366617,0.7916666666666666,isotonic,52
0,0.12333836534598588,0.10218978102189781,isotonic,52
0,0.27732088985443537,0.3083832335329341,isotonic,52
0,0.034099947505450263,0.02702702702702703,isotonic,52
0,0.09162786853916964,0.07547169811320754,isotonic,52
1,0.9971929126309887,1.0,isotonic,52
1,0.9988686476193771,1.0,isotonic,52
0,0.03877870961198012,0.02702702702702703,isotonic,52
0,0.14072021209683813,0.11564625850340136,isotonic,52
1,0.4084755520312719,0.3083832335329341,isotonic,52
1,0.981208381550481,1.0,isotonic,52
0,0.20103412779900268,0.17582417582417584,isotonic,52
0,0.02380376534224467,0.02702702702702703,isotonic,52
0,0.2811529508212071,0.3083832335329341,isotonic,52
0,0.2536906583386569,0.3083832335329341,isotonic,52
0,0.30301492222880133,0.3083832335329341,isotonic,52
1,0.7246242618688455,0.7916666666666666,isotonic,52
1,0.981208381550481,1.0,isotonic,52
1,0.9965883761360143,1.0,isotonic,52
1,0.9967338895289194,1.0,isotonic,52
0,0.13655758111787672,0.11564625850340136,isotonic,52
0,0.0659731711444945,0.07547169811320754,isotonic,52
0,0.04020353901165768,0.02702702702702703,isotonic,52
1,0.9987297981262646,1.0,isotonic,52
1,0.9991515743396086,1.0,isotonic,52
0,0.046636445836882465,0.02702702702702703,isotonic,52
0,0.048988463399816634,0.02702702702702703,isotonic,52
0,0.199398194015641,0.17582417582417584,isotonic,52
0,0.10344901648260403,0.10218978102189781,isotonic,52
1,0.9999253780151617,1.0,isotonic,52
0,0.4297931705384183,0.34285714285714286,isotonic,52
1,0.9953509694420466,1.0,isotonic,52
0,0.2577876099788393,0.3083832335329341,isotonic,52
1,0.995012519117036,1.0,isotonic,52
1,0.9999558398041756,1.0,isotonic,52
0,0.3217898980491619,0.3083832335329341,isotonic,52
0,0.4850353525830005,0.41379310344827586,isotonic,52
0,0.29081720448055554,0.3083832335329341,isotonic,52
0,0.7765430266162315,0.7916666666666666,isotonic,52
1,0.981208381550481,1.0,isotonic,52
0,0.053383892870772054,0.06521739130434782,isotonic,52
0,0.07557650416013606,0.07547169811320754,isotonic,52
1,0.9988880863120709,1.0,isotonic,52
0,0.4105361045543963,0.34285714285714286,isotonic,52
0,0.06710746103619555,0.07547169811320754,isotonic,52
0,0.15421641088565993,0.11564625850340136,isotonic,52
0,0.6483359769226744,0.5869565217391305,isotonic,52
1,0.981208381550481,1.0,isotonic,52
0,0.5526844095124857,0.5,isotonic,52
0,0.7345123687019943,0.7916666666666666,isotonic,52
1,0.9998311810189761,1.0,isotonic,52
1,0.9977542512889516,1.0,isotonic,52
1,0.999829792036411,1.0,isotonic,52
1,0.9999843738533847,1.0,isotonic,52
0,0.17972880986780973,0.15625,isotonic,52
0,0.09837916110344698,0.10218978102189781,isotonic,52
0,0.2569919148283427,0.3083832335329341,isotonic,52
0,0.19356578491096843,0.17582417582417584,isotonic,52
0,0.29610337704271045,0.3083832335329341,isotonic,52
0,0.15512442555757316,0.11564625850340136,isotonic,52
1,0.24786701715719997,0.3083832335329341,isotonic,52
1,0.9985160966818559,1.0,isotonic,52
0,0.6603516791981972,0.5869565217391305,isotonic,52
0,0.09992173251525026,0.10218978102189781,isotonic,52
1,0.9980367558040036,1.0,isotonic,52
1,0.9983902797350139,1.0,isotonic,52
0,0.13912821240544562,0.11564625850340136,isotonic,52
1,0.7379678829916052,0.7916666666666666,isotonic,52
0,0.27342964246725,0.3083832335329341,isotonic,52
0,0.15481859156377362,0.11564625850340136,isotonic,52
1,0.9986500055370802,1.0,isotonic,52
0,0.1826864834103958,0.15625,isotonic,52
1,0.981208381550481,1.0,isotonic,52
0,0.1681846397842521,0.15625,isotonic,52
0,0.11568087201723716,0.10218978102189781,isotonic,52
1,0.9999393522022266,1.0,isotonic,52
1,0.9998587260792177,1.0,isotonic,52
1,0.3255435094041765,0.3083832335329341,isotonic,52
1,0.9993125625649854,1.0,isotonic,52
0,0.09262310262713686,0.08823529411764706,isotonic,52
0,0.3466068121417681,0.3083832335329341,isotonic,52
1,0.052980146198463265,0.06521739130434782,isotonic,52
0,0.028940257633286295,0.02702702702702703,isotonic,52
0,0.244376900072864,0.3083832335329341,isotonic,52
0,0.06670600961130191,0.07547169811320754,isotonic,52
0,0.15485885055936263,0.11564625850340136,isotonic,52
0,0.3752247996380027,0.3083832335329341,isotonic,52
0,0.5139177125428259,0.41379310344827586,isotonic,52
0,0.05807300200130908,0.06521739130434782,isotonic,52
0,0.06633268491252688,0.07547169811320754,isotonic,52
0,0.16666676423786717,0.15625,isotonic,52
1,0.9998206964840259,1.0,isotonic,52
0,0.07921974767368185,0.07547169811320754,isotonic,52
1,0.9971080625176368,1.0,isotonic,52
0,0.23507543540606543,0.2641509433962264,isotonic,52
0,0.23567869994055513,0.2641509433962264,isotonic,52
1,0.4274571959587915,0.34285714285714286,isotonic,52
0,0.30798214222263137,0.3083832335329341,isotonic,52
1,0.981208381550481,1.0,isotonic,52
1,0.9988074482123527,1.0,isotonic,52
1,0.981208381550481,1.0,isotonic,52
0,0.2622901934254138,0.3083832335329341,isotonic,52
0,0.03162628780596922,0.02702702702702703,isotonic,52
0,0.07296703999602183,0.07547169811320754,isotonic,52
0,0.20785096319280308,0.17582417582417584,isotonic,52
0,0.035890632683740126,0.02702702702702703,isotonic,52
1,0.9958653014941843,1.0,isotonic,52
0,0.20498719557775133,0.17582417582417584,isotonic,52
0,0.6182065865750269,0.5869565217391305,isotonic,52
1,0.9997942934057898,1.0,isotonic,52
1,0.9985209678499994,1.0,isotonic,52
0,0.2561472939379596,0.3083832335329341,isotonic,52
1,0.3753457660212369,0.3083832335329341,isotonic,52
1,0.1843314906681477,0.17582417582417584,isotonic,52
0,0.38714606705963067,0.3083832335329341,isotonic,52
0,0.07147915901988004,0.07547169811320754,isotonic,52
1,0.4436195952892814,0.41379310344827586,isotonic,52
1,0.4483025899150678,0.41379310344827586,isotonic,52
1,0.17849749182286617,0.15625,isotonic,52
0,0.028594329522868007,0.02702702702702703,isotonic,52
1,0.981208381550481,1.0,isotonic,52
0,0.33454005056234276,0.3083832335329341,isotonic,52
0,0.03180285635310771,0.02702702702702703,isotonic,52
0,0.14935739969225967,0.11564625850340136,isotonic,52
1,0.9999066783526911,1.0,isotonic,52
1,0.9998844460689522,1.0,isotonic,52
1,0.981208381550481,1.0,isotonic,52
1,0.9973657984043611,1.0,isotonic,52
0,0.08409014524744622,0.07547169811320754,isotonic,52
1,0.9931628763910613,1.0,isotonic,52
1,0.9999461413136576,1.0,isotonic,52
1,0.9999146008528115,1.0,isotonic,52
0,0.07708629270099737,0.07547169811320754,isotonic,52
0,0.07945843067546557,0.07547169811320754,isotonic,52
1,0.05055665867252477,0.058823529411764705,isotonic,52
0,0.13144246575116453,0.11564625850340136,isotonic,52
1,0.999856113181714,1.0,isotonic,52
0,0.06508522205596506,0.07547169811320754,isotonic,52
0,0.11545084593971511,0.10218978102189781,isotonic,52
0,0.043471807811485796,0.02702702702702703,isotonic,52
1,0.981208381550481,1.0,isotonic,52
1,0.9962158651044063,1.0,isotonic,52
0,0.1806239045568753,0.15625,isotonic,52
1,0.3295008333094892,0.3083832335329341,isotonic,52
0,0.11522538163952874,0.10218978102189781,isotonic,52
1,0.3762134332857352,0.3083832335329341,isotonic,52
1,0.8093459715480921,0.7916666666666666,isotonic,52
0,0.21682536087101748,0.19444444444444445,isotonic,52
1,0.9962843140000018,1.0,isotonic,52
0,0.0492808143744112,0.03826332960981078,isotonic,52
0,0.3489748605732369,0.3083832335329341,isotonic,52
1,0.8168619914307581,0.7916666666666666,isotonic,52
0,0.027237223260172364,0.02702702702702703,isotonic,52
1,0.9998640955337696,1.0,isotonic,52
0,0.12677613617164873,0.11564625850340136,isotonic,52
1,0.5766833401691399,0.5869565217391305,isotonic,52
1,0.32739168161266147,0.3083832335329341,isotonic,52
1,0.9980663488674856,1.0,isotonic,52
0,0.10525094144567701,0.10218978102189781,isotonic,52
0,0.2367234200199476,0.2641509433962264,isotonic,52
1,0.9968376088317737,1.0,isotonic,52
1,0.9998973708104117,1.0,isotonic,52
1,0.9685704816434954,1.0,isotonic,52
1,0.026387890388174934,0.02702702702702703,isotonic,52
0,0.0594076963692137,0.06791198583487874,isotonic,52
1,0.9957751101966035,1.0,isotonic,52
0,0.03584603651697697,0.02702702702702703,isotonic,52
0,0.10296664361795199,0.10218978102189781,isotonic,52
0,0.16340197132983938,0.11564625850340136,isotonic,52
0,0.14986639553093953,0.11564625850340136,isotonic,52
0,0.30814581033037447,0.3083832335329341,isotonic,52
0,0.15186847564700723,0.11564625850340136,isotonic,52
1,0.4072427809077476,0.3083832335329341,isotonic,52
1,0.9999598688336871,1.0,isotonic,52
1,0.9999751635027897,1.0,isotonic,52
1,0.9999388930535895,1.0,isotonic,52
1,0.2532236450657297,0.3083832335329341,isotonic,52
0,0.5338440205466548,0.5,isotonic,52
1,0.9999440232386545,1.0,isotonic,52
1,0.2038785625279414,0.17582417582417584,isotonic,52
0,0.036688595623195944,0.02702702702702703,isotonic,52
0,0.21926200444499097,0.19444444444444445,isotonic,52
0,0.16656508762267522,0.15625,isotonic,52
1,0.7046670793320118,0.6666666666666666,isotonic,52
0,0.14668968430908985,0.11564625850340136,isotonic,52
1,0.9982760242813488,1.0,isotonic,52
0,0.07297176612560263,0.07547169811320754,isotonic,52
0,0.41839022534725534,0.34285714285714286,isotonic,52
1,0.9983034136852075,1.0,isotonic,52
0,0.09345187813341851,0.08823529411764706,isotonic,52
0,0.3181130407571906,0.3083832335329341,isotonic,52
1,0.9998344830769499,1.0,isotonic,52
1,0.9969053736805304,1.0,isotonic,52
0,0.3980081170594589,0.3083832335329341,isotonic,52
0,0.4507711854450296,0.41379310344827586,isotonic,52
0,0.030408878141353925,0.02702702702702703,isotonic,52
1,0.9477399650160866,1.0,isotonic,52
1,0.9979706639085639,1.0,isotonic,52
0,0.42378367399353245,0.34285714285714286,isotonic,52
0,0.38950670172356106,0.3083832335329341,isotonic,52
1,0.997781760812624,1.0,isotonic,52
0,0.1328285720629384,0.11564625850340136,isotonic,52
1,0.2600664034746858,0.3083832335329341,isotonic,52
0,0.13853123090823477,0.11564625850340136,isotonic,52
0,0.16154696057283258,0.11564625850340136,isotonic,52
1,0.9999814651961704,1.0,isotonic,52
1,0.981208381550481,1.0,isotonic,52
0,0.14860318225705393,0.11564625850340136,isotonic,52
0,0.08620903503331145,0.07547169811320754,isotonic,52
1,0.981208381550481,1.0,isotonic,52
1,0.6205167653952187,0.5869565217391305,isotonic,52
1,0.2799216554792855,0.3083832335329341,isotonic,52
0,0.08013437241496489,0.07547169811320754,isotonic,52
0,0.032277758976773034,0.02702702702702703,isotonic,52
0,0.07691101968257755,0.07547169811320754,isotonic,52
1,0.9990053523411057,1.0,isotonic,52
0,0.17592228490596828,0.15625,isotonic,52
1,0.039915729749409753,0.02702702702702703,isotonic,52
1,0.9962683439525204,1.0,isotonic,52
0,0.0975218066935904,0.08823529411764706,isotonic,52
1,0.9987777841375437,1.0,isotonic,52
0,0.05740983538111063,0.06521739130434782,isotonic,52
0,0.036795124189414094,0.02702702702702703,isotonic,52
0,0.016290564680507175,0.0,isotonic,52
0,0.0711324309381637,0.07547169811320754,isotonic,52
0,0.31521881020974785,0.3083832335329341,isotonic,52
1,0.981208381550481,1.0,isotonic,52
1,0.9987055345829925,1.0,isotonic,52
0,0.04072308135452245,0.02702702702702703,isotonic,52
0,0.48671786295685837,0.41379310344827586,isotonic,52
0,0.22462396754070243,0.19444444444444445,isotonic,52
0,0.13942187528473543,0.11564625850340136,isotonic,52
1,0.43200002870126364,0.4034738755525234,isotonic,52
1,0.9987497236169794,1.0,isotonic,52
0,0.48709268896288166,0.41379310344827586,isotonic,52
1,0.981208381550481,1.0,isotonic,52
1,0.9757907474507985,1.0,isotonic,52
1,0.9999322384567175,1.0,isotonic,52
0,0.15357437375258273,0.11564625850340136,isotonic,52
0,0.17336067292131704,0.15625,isotonic,52
0,0.39999800871272434,0.3083832335329341,isotonic,52
0,0.5807096458022989,0.5869565217391305,isotonic,52
0,0.08172950763705222,0.07547169811320754,isotonic,52
0,0.015261892086695544,0.0,isotonic,52
1,0.981208381550481,1.0,isotonic,52
0,0.042425066350724565,0.02702702702702703,isotonic,52
0,0.5487870038354646,0.5,isotonic,52
0,0.05877468318799578,0.06521739130434782,isotonic,52
0,0.13332433573919533,0.11564625850340136,isotonic,52
0,0.05966670321325239,0.07547169811320754,isotonic,52
0,0.5605687516964994,0.5,isotonic,52
1,0.9999501899524739,1.0,isotonic,52
1,0.981208381550481,1.0,isotonic,52
1,0.9948099631305204,1.0,isotonic,52
1,0.5235961509221984,0.41379310344827586,isotonic,52
1,0.05757406913003213,0.06521739130434782,isotonic,52
0,0.015115746767548226,0.0,isotonic,52
0,0.3979999808610307,0.3083832335329341,isotonic,52
1,0.999934123361375,1.0,isotonic,52
0,0.04166896816765596,0.02702702702702703,isotonic,52
1,0.9998200516658792,1.0,isotonic,52
1,0.9999150186818435,1.0,isotonic,52
1,0.9999655453081194,1.0,isotonic,52
0,0.09571176734976969,0.08823529411764706,isotonic,52
1,0.9999781900107719,1.0,isotonic,52
0,0.18986233058855134,0.17582417582417584,isotonic,52
1,0.9999542609479571,1.0,isotonic,52
1,0.9941726482749215,1.0,isotonic,52
0,0.031514687468036685,0.02702702702702703,isotonic,52
1,0.981208381550481,1.0,isotonic,52
1,0.9999149587364304,1.0,isotonic,52
0,0.037180923565094934,0.02702702702702703,isotonic,52
0,0.27961325042528734,0.3083832335329341,isotonic,52
1,0.9997916180658518,1.0,isotonic,52
0,0.08011322162171525,0.07547169811320754,isotonic,52
0,0.31723832680190694,0.3083832335329341,isotonic,52
1,0.981208381550481,1.0,isotonic,52
1,0.9966328412674861,1.0,isotonic,52
0,0.2394519496716465,0.2641509433962264,isotonic,52
1,0.5578018069069498,0.5,isotonic,52
1,0.9999733771208512,1.0,isotonic,52
0,0.08689887901589087,0.07547169811320754,isotonic,52
1,0.9998920177613376,1.0,isotonic,52
1,0.15055936803812128,0.11564625850340136,isotonic,52
1,0.9983502121262745,1.0,isotonic,52
1,0.9976428456199931,1.0,isotonic,52
0,0.10435838147169946,0.10218978102189781,isotonic,52
0,0.06640571776203934,0.07547169811320754,isotonic,52
1,0.9979389595813897,1.0,isotonic,52
0,0.23342070017896424,0.2641509433962264,isotonic,52
0,0.37596156182455265,0.3083832335329341,isotonic,52
1,0.9997758619474875,1.0,isotonic,52
1,0.9960056812318852,1.0,isotonic,52
1,0.999890982610619,1.0,isotonic,52
0,0.1458583203705226,0.11564625850340136,isotonic,52
0,0.3081215491252709,0.3083832335329341,isotonic,52
0,0.33230540509025214,0.3083832335329341,isotonic,52
0,0.28466010852323415,0.3083832335329341,isotonic,52
0,0.09193437941409192,0.07547169811320754,isotonic,52
0,0.3660394387310573,0.3083832335329341,isotonic,52
0,0.36022685579015906,0.3083832335329341,isotonic,52
0,0.06729036469570238,0.07547169811320754,isotonic,52
1,0.999933205514625,1.0,isotonic,52
0,0.5516920862449389,0.5,isotonic,52
1,0.9999406825119675,1.0,isotonic,52
1,0.9980028347297324,1.0,isotonic,52
1,0.5075544786936577,0.41379310344827586,isotonic,52
0,0.44374564795480237,0.41379310344827586,isotonic,52
0,0.09828721563030732,0.10218978102189781,isotonic,52
0,0.14051121478875214,0.11564625850340136,isotonic,52
0,0.14883705604657912,0.11564625850340136,isotonic,52
0,0.12137484918965319,0.10218978102189781,isotonic,52
0,0.36099233284327326,0.3083832335329341,isotonic,52
1,0.1652457138604991,0.1209952435287332,isotonic,52
1,0.9985960853956745,1.0,isotonic,52
1,0.999035293436899,1.0,isotonic,52
0,0.0461688343352251,0.02702702702702703,isotonic,52
0,0.10317725307998458,0.10218978102189781,isotonic,52
0,0.05140239691225508,0.062334366495231545,isotonic,52
1,0.9994581433633999,1.0,isotonic,52
0,0.08905983205824909,0.07547169811320754,isotonic,52
0,0.29475691967976975,0.3083832335329341,isotonic,52
0,0.24671376576933654,0.3083832335329341,isotonic,52
1,0.9978168788435924,1.0,isotonic,52
1,0.9999450551092653,1.0,isotonic,52
0,0.3807549553161173,0.3083832335329341,isotonic,52
1,0.998342861444282,1.0,isotonic,52
0,0.08894934187909408,0.07547169811320754,isotonic,52
1,0.981208381550481,1.0,isotonic,52
0,0.17387138276153058,0.15625,isotonic,52
0,0.30159237650423654,0.3083832335329341,isotonic,52
1,0.9753006671299369,1.0,isotonic,52
0,0.054493622502434565,0.06521739130434782,isotonic,52
0,0.023895309819821128,0.02702702702702703,isotonic,52
1,0.99901110547724,1.0,isotonic,52
0,0.039268900673742745,0.02702702702702703,isotonic,52
1,0.9999501721470724,1.0,isotonic,52
0,0.3131314529126789,0.3083832335329341,isotonic,52
1,0.9999323766709439,1.0,isotonic,52
0,0.29767113906988113,0.3083832335329341,isotonic,52
0,0.2205465153884115,0.19444444444444445,isotonic,52
0,0.029443343351186944,0.02702702702702703,isotonic,52
1,0.9998695464785261,1.0,isotonic,52
1,0.9989693882723454,1.0,isotonic,52
1,0.981208381550481,1.0,isotonic,52
1,0.9975958839261059,1.0,isotonic,52
0,0.5670759357375279,0.5,isotonic,52
0,0.16157133958183884,0.11564625850340136,isotonic,52
1,0.999960504437718,1.0,isotonic,52
0,0.4547717667723423,0.41379310344827586,isotonic,52
0,0.1376557933499529,0.11564625850340136,isotonic,52
0,0.05822297526470856,0.06521739130434782,isotonic,52
0,0.5000849965297187,0.41379310344827586,isotonic,52
1,0.9999785306417681,1.0,isotonic,52
0,0.10654213404779928,0.10218978102189781,isotonic,52
1,0.9972831715100511,1.0,isotonic,52
1,0.999983460166839,1.0,isotonic,52
0,0.13009950195348566,0.11564625850340136,isotonic,52
1,0.2040482156792611,0.17582417582417584,isotonic,52
0,0.0815311555676051,0.07547169811320754,isotonic,52
1,0.981208381550481,1.0,isotonic,52
1,0.4474813121742948,0.41379310344827586,isotonic,52
0,0.08755527082880346,0.07547169811320754,isotonic,52
1,0.39473928911085254,0.3083832335329341,isotonic,52
0,0.33702611479096517,0.3083832335329341,isotonic,52
0,0.06698900413592564,0.07547169811320754,isotonic,52
1,0.9998389402268876,1.0,isotonic,52
0,0.03844298861144342,0.02702702702702703,isotonic,52
0,0.13083629514793294,0.11564625850340136,isotonic,52
1,0.981208381550481,1.0,isotonic,52
0,0.18864401736523081,0.17582417582417584,isotonic,52
0,0.24822549389118478,0.3083832335329341,isotonic,52
1,0.9999731526033269,1.0,isotonic,52
0,0.010074185936893595,0.0,isotonic,52
0,0.14093661335563815,0.11564625850340136,isotonic,52
0,0.37010876189863157,0.3083832335329341,isotonic,52
0,0.17292046846710657,0.15625,isotonic,52
0,0.16353124611912503,0.11564625850340136,isotonic,52
0,0.2527867643382009,0.3083832335329341,isotonic,52
0,0.12798597926052616,0.11564625850340136,isotonic,52
0,0.08083388492936863,0.07547169811320754,isotonic,52
1,0.971111924094327,1.0,isotonic,52
1,0.7233202800623678,0.7916666666666666,isotonic,52
1,0.3983056421106547,0.3083832335329341,isotonic,52
1,0.786484944242514,0.7916666666666666,isotonic,52
1,0.9998388909713501,1.0,isotonic,52
0,0.17352161384397327,0.15625,isotonic,52
0,0.08358490687238965,0.07547169811320754,isotonic,52
1,0.99784117372411,1.0,isotonic,52
0,0.0758116639172616,0.07547169811320754,isotonic,52
0,0.44941673266256615,0.41379310344827586,isotonic,52
0,0.024265953135623474,0.02702702702702703,isotonic,52
0,0.07436180939761737,0.07547169811320754,isotonic,52
1,0.9960102667934649,1.0,isotonic,52
0,0.059026003481399233,0.06521739130434782,isotonic,52
1,0.7969796890805279,0.7916666666666666,isotonic,52
1,0.9999623547726132,1.0,isotonic,52
1,0.2892120370677574,0.3083832335329341,isotonic,52
1,0.19378506954173866,0.17582417582417584,isotonic,52
1,0.9999447087201399,1.0,isotonic,52
1,0.981260695905813,1.0,isotonic,52
1,0.9998788386338378,1.0,isotonic,52
1,0.5602210848895733,0.5,isotonic,52
0,0.13296192612490104,0.11564625850340136,isotonic,52
0,0.23300849035308302,0.2641509433962264,isotonic,52
1,0.9981459221054559,1.0,isotonic,52
0,0.015533713893347177,0.0,isotonic,52
0,0.20359476385233471,0.17582417582417584,isotonic,52
1,0.9998810689899854,1.0,isotonic,52
1,0.9987627649846565,1.0,isotonic,52
0,0.18873349049621047,0.17582417582417584,isotonic,52
1,0.1785756441522885,0.15625,isotonic,52
1,0.029155075734893326,0.02702702702702703,isotonic,52
0,0.16432003748871138,0.11564625850340136,isotonic,52
1,0.7583268428342255,0.7916666666666666,isotonic,52
0,0.14444317955372613,0.11564625850340136,isotonic,52
1,0.99979110031653,1.0,isotonic,52
1,0.9972990945906542,1.0,isotonic,52
1,0.9983694105630442,1.0,isotonic,52
0,0.03373905498452409,0.02702702702702703,isotonic,52
1,0.9950164411120356,1.0,isotonic,52
1,0.9961106916679079,1.0,isotonic,52
1,0.9998252549192458,1.0,isotonic,52
1,0.5801622142151814,0.5869565217391305,isotonic,52
0,0.08375296114138651,0.07547169811320754,isotonic,52
1,0.9997829489977894,1.0,isotonic,52
0,0.028832244712579436,0.02702702702702703,isotonic,52
0,0.13774267247633884,0.11564625850340136,isotonic,52
1,0.5089065091463492,0.41379310344827586,isotonic,52
0,0.19894697607721706,0.17582417582417584,isotonic,52
1,0.117119606468938,0.10218978102189781,isotonic,52
0,0.5105030468189481,0.41379310344827586,isotonic,52
1,0.9999388807483642,1.0,isotonic,52
0,0.6070329204161179,0.5869565217391305,isotonic,52
1,0.9952100091127745,1.0,isotonic,52
0,0.1858494533138543,0.17582417582417584,isotonic,52
0,0.04870304185016544,0.02702702702702703,isotonic,52
0,0.1705643763096774,0.15625,isotonic,52
1,0.995150651267779,1.0,isotonic,52
1,0.9998241786924746,1.0,isotonic,52
1,0.9999131586903695,1.0,isotonic,52
1,0.9999182813837411,1.0,isotonic,52
0,0.36480036325518655,0.3083832335329341,isotonic,52
0,0.04267882655805769,0.02702702702702703,isotonic,52
0,0.1301821658522924,0.11564625850340136,isotonic,52
0,0.09488520803991495,0.08823529411764706,isotonic,52
0,0.5202172948933279,0.41379310344827586,isotonic,52
0,0.04829723041890399,0.02702702702702703,isotonic,52
1,0.999942641127612,1.0,isotonic,52
0,0.0873149613067763,0.07547169811320754,isotonic,52
0,0.09206502371210354,0.07547169811320754,isotonic,52
1,0.9998352953462247,1.0,isotonic,52
1,0.37556288537007704,0.3083832335329341,isotonic,52
0,0.22128595561013994,0.19444444444444445,isotonic,52
1,0.6470521861937478,0.5869565217391305,isotonic,52
1,0.5278080040557056,0.41379310344827586,isotonic,52
0,0.403450194692831,0.3083832335329341,isotonic,52
1,0.9937751729410815,1.0,isotonic,52
0,0.22825742906071186,0.2641509433962264,isotonic,52
1,0.9995184442378252,1.0,isotonic,52
0,0.24942138556427013,0.3083832335329341,isotonic,52
0,0.05644755388392764,0.06521739130434782,isotonic,52
0,0.2482879004891332,0.3083832335329341,isotonic,52
1,0.998708205506295,1.0,isotonic,52
0,0.15589435521403247,0.11564625850340136,isotonic,52
0,0.1996740550864046,0.17582417582417584,isotonic,52
0,0.42251202265148036,0.34285714285714286,isotonic,52
0,0.038815720174878235,0.02702702702702703,isotonic,52
1,0.9998951646801629,1.0,isotonic,52
1,0.9997440271740569,1.0,isotonic,52
1,0.32904459301990296,0.3083832335329341,isotonic,52
0,0.09800061780366043,0.09571007827957417,isotonic,52
1,0.9937878711752782,1.0,isotonic,52
1,0.6806378693261673,0.6666666666666666,isotonic,52
1,0.6733972780828508,0.6666666666666666,isotonic,52
0,0.06306814205314454,0.07547169811320754,isotonic,52
1,0.9990968905953528,1.0,isotonic,52
0,0.14982354627610528,0.11564625850340136,isotonic,52
1,0.9998691183125231,1.0,isotonic,52
1,0.9986747959327265,1.0,isotonic,52
1,0.9986296560780119,1.0,isotonic,52
0,0.11436374770971973,0.10218978102189781,isotonic,52
1,0.9973063436358571,1.0,isotonic,52
1,0.981208381550481,1.0,isotonic,52
1,0.6042330105983035,0.5869565217391305,isotonic,52
0,0.49583178562010877,0.41379310344827586,isotonic,52
1,0.9992081990307168,1.0,isotonic,52
0,0.04922066115152165,0.030525553820231335,isotonic,52
0,0.1051427243136114,0.10218978102189781,isotonic,52
1,0.6246354888935834,0.5869565217391305,isotonic,52
1,0.9963301060611629,1.0,isotonic,52
0,0.20369865948825872,0.17582417582417584,isotonic,52
0,0.1275585367621853,0.11564625850340136,isotonic,52
0,0.2849066026474948,0.3083832335329341,isotonic,52
0,0.6243219687189613,0.5869565217391305,isotonic,52
1,0.26168826517380767,0.3083832335329341,isotonic,52
1,0.9998975426611052,1.0,isotonic,52
1,0.9995883652926474,1.0,isotonic,52
0,0.14387353414259738,0.11564625850340136,isotonic,52
1,0.9998380979034378,1.0,isotonic,52
1,0.9990650389267376,1.0,isotonic,52
0,0.21668287643652795,0.19444444444444445,isotonic,52
1,0.9999629591435938,1.0,isotonic,52
0,0.07746835272261536,0.07547169811320754,isotonic,52
1,0.1356000021709065,0.11564625850340136,isotonic,52
0,0.1385286523675428,0.11564625850340136,isotonic,52
1,0.9999620773863263,1.0,isotonic,52
0,0.2537883445882019,0.3083832335329341,isotonic,52
0,0.11010128809346174,0.10218978102189781,isotonic,52
0,0.03377821016100481,0.02702702702702703,isotonic,52
1,0.9998295839017654,1.0,isotonic,52
1,0.9998117911814687,1.0,isotonic,52
0,0.05740969799286761,0.06521739130434782,isotonic,52
1,0.3896480641710351,0.3083832335329341,isotonic,52
1,0.9962233656503512,1.0,isotonic,52
1,0.981208381550481,1.0,isotonic,52
1,0.5281424412188592,0.5,isotonic,52
0,0.022131385691650213,0.0,isotonic,52
0,0.042399906885661136,0.02702702702702703,isotonic,52
1,0.9957480195123971,1.0,isotonic,52
1,0.3010967304508802,0.3083832335329341,isotonic,52
1,0.27370965466397523,0.3083832335329341,isotonic,52
1,0.9968293828844099,1.0,isotonic,52
1,0.9987005390010057,1.0,isotonic,52
1,0.2697195639621623,0.3083832335329341,isotonic,52
1,0.9979347748278222,1.0,isotonic,52
0,0.2930095219153724,0.3083832335329341,isotonic,52
1,0.5594202745888895,0.5,isotonic,52
1,0.9998193602438705,1.0,isotonic,52
1,0.999955187642497,1.0,isotonic,52
1,0.12544805970835324,0.10218978102189781,isotonic,52
1,0.2780274466133427,0.3083832335329341,isotonic,52
1,0.5054499061793396,0.41379310344827586,isotonic,52
0,0.056173785121035755,0.06521739130434782,isotonic,52
1,0.9991116492391263,1.0,isotonic,52
1,0.9999404248467456,1.0,isotonic,52
1,0.9999807277182087,1.0,isotonic,52
1,0.999968390199273,1.0,isotonic,52
1,0.9999312994676519,1.0,isotonic,52
0,0.0789221525675457,0.07547169811320754,isotonic,52
0,0.14123867960885797,0.11564625850340136,isotonic,52
1,0.9969099374434939,1.0,isotonic,52
0,0.47569661457347656,0.41379310344827586,isotonic,52
1,0.9987930292472098,1.0,isotonic,52
0,0.06606524812818015,0.07547169811320754,isotonic,52
1,0.39206708137209895,0.3083832335329341,isotonic,52
0,0.2556596858133116,0.3083832335329341,isotonic,52
0,0.05979930498084764,0.07547169811320754,isotonic,52
1,0.998585803539226,1.0,isotonic,52
1,0.9985555122065873,1.0,isotonic,52
1,0.999879733130331,1.0,isotonic,52
1,0.994784042516643,1.0,isotonic,52
1,0.41955202803140823,0.34285714285714286,isotonic,52
0,0.021507926392631944,0.0,isotonic,52
0,0.01592740686350574,0.0,isotonic,52
0,0.12795009668412047,0.11564625850340136,isotonic,52
0,0.4637772168964792,0.41379310344827586,isotonic,52
1,0.2749631065492573,0.3083832335329341,isotonic,52
1,0.3347671993907754,0.3083832335329341,isotonic,52
0,0.20882763351179576,0.17582417582417584,isotonic,52
0,0.19132948904727287,0.17582417582417584,isotonic,52
0,0.23326948031743505,0.2641509433962264,isotonic,52
0,0.05014188338069324,0.058823529411764705,isotonic,52
1,0.9980913404654305,1.0,isotonic,52
0,0.09849127298038478,0.10218978102189781,isotonic,52
0,0.2352115746432699,0.2641509433962264,isotonic,52
1,0.9981917359743656,1.0,isotonic,52
0,0.07471336856770075,0.07547169811320754,isotonic,52
0,0.05310866960999331,0.06521739130434782,isotonic,52
1,0.9975249430210038,1.0,isotonic,52
0,0.6699367609715237,0.6403668377309191,isotonic,52
1,0.6796014721155209,0.6666666666666666,isotonic,52
1,0.09983181028550876,0.10218978102189781,isotonic,52
1,0.9986662936436383,1.0,isotonic,52
0,0.5564149261331518,0.5,isotonic,52
1,0.9998809669505098,1.0,isotonic,52
0,0.3873666263127508,0.3083832335329341,isotonic,52
0,0.2513323831510945,0.3083832335329341,isotonic,52
0,0.1433409253632617,0.11564625850340136,isotonic,52
0,0.31119345756223066,0.3083832335329341,isotonic,52
0,0.08630596688234525,0.07547169811320754,isotonic,52
1,0.5206992913031165,0.41379310344827586,isotonic,52
1,0.08354551845232767,0.07547169811320754,isotonic,52
1,0.9997509388497996,1.0,isotonic,52
0,0.13430398617170958,0.11564625850340136,isotonic,52
0,0.12528075387879575,0.10218978102189781,isotonic,52
1,0.2195460530947242,0.19444444444444445,isotonic,52
0,0.02712090402025285,0.02702702702702703,isotonic,52
1,0.9998813200269049,1.0,isotonic,52
0,0.047648684235958874,0.02702702702702703,isotonic,52
1,0.9985804804567879,1.0,isotonic,52
1,0.9972732785227685,1.0,isotonic,52
1,0.08917011354796546,0.07547169811320754,isotonic,52
0,0.3325298104945959,0.3083832335329341,isotonic,52
0,0.07433603920706397,0.07547169811320754,isotonic,52
1,0.981208381550481,1.0,isotonic,52
0,0.013277589928484006,0.0,isotonic,52
1,0.9989998048593999,1.0,isotonic,52
1,0.981208381550481,1.0,isotonic,52
1,0.13359466025915417,0.11564625850340136,isotonic,52
0,0.8555212591353087,0.8571428571428571,isotonic,52
0,0.0760004181200484,0.07547169811320754,isotonic,52
1,0.9979223469650842,1.0,isotonic,52
0,0.10024520079642277,0.10218978102189781,isotonic,52
0,0.16016254993285434,0.11564625850340136,isotonic,52
0,0.06236549403052256,0.07547169811320754,isotonic,52
0,0.7459624577318337,0.7916666666666666,isotonic,52
0,0.46049919454928767,0.41379310344827586,isotonic,52
1,0.9980138724998776,1.0,isotonic,52
1,0.9999115981211759,1.0,isotonic,52
1,0.9999390935226964,1.0,isotonic,52
0,0.07200928391428171,0.07547169811320754,isotonic,52
1,0.9999513813390619,1.0,isotonic,52
1,0.998637899770724,1.0,isotonic,52
1,0.19101968573843703,0.17582417582417584,isotonic,52
0,0.2998368162853052,0.3083832335329341,isotonic,52
1,0.9999606136306068,1.0,isotonic,52
0,0.0632054782613726,0.07547169811320754,isotonic,52
1,0.981208381550481,1.0,isotonic,52
0,0.2620447629806183,0.3083832335329341,isotonic,52
0,0.09402341903948443,0.08823529411764706,isotonic,52
0,0.11155707380861515,0.10218978102189781,isotonic,52
1,0.47698883961385036,0.41379310344827586,isotonic,52
0,0.2579340190863625,0.3083832335329341,isotonic,52
1,0.9965519748960033,1.0,isotonic,52
1,0.981208381550481,1.0,isotonic,52
1,0.9975775087531747,1.0,isotonic,52
1,0.9979431208908148,1.0,isotonic,52
1,0.9999596814785936,1.0,isotonic,52
0,0.30131499651521776,0.3083832335329341,isotonic,52
0,0.12610175725847064,0.10218978102189781,isotonic,52
0,0.07337253379266916,0.07547169811320754,isotonic,52
0,0.14254536032299706,0.11564625850340136,isotonic,52
0,0.39406521921828425,0.3083832335329341,isotonic,52
0,0.03010570856101467,0.02702702702702703,isotonic,52
0,0.04265130639309441,0.02702702702702703,isotonic,52
1,0.2345087538923152,0.2641509433962264,isotonic,52
1,0.9999294223461949,1.0,isotonic,52
0,0.04200240970189786,0.02702702702702703,isotonic,52
0,0.17608765144822427,0.15625,isotonic,52
1,0.981208381550481,1.0,isotonic,52
0,0.02370466896503754,0.02702702702702703,isotonic,52
0,0.2612919060054318,0.3083832335329341,isotonic,52
0,0.020086362046301424,0.0,isotonic,52
0,0.3324431245044264,0.3083832335329341,isotonic,52
1,0.20674290240169518,0.17582417582417584,isotonic,52
0,0.01837165314862358,0.0,isotonic,52
1,0.9819806746606405,1.0,isotonic,52
0,0.1003698366148569,0.10218978102189781,isotonic,52
1,0.9998854618426674,1.0,isotonic,52
1,0.9998605952946267,1.0,isotonic,52
1,0.9098147211286529,1.0,isotonic,52
0,0.15649534068054824,0.11564625850340136,isotonic,52
0,0.6402724621655655,0.5869565217391305,isotonic,52
1,0.32115823885253375,0.3083832335329341,isotonic,52
1,0.9999346232285409,1.0,isotonic,52
1,0.6656103629616663,0.5897480680617617,isotonic,52
0,0.039909220461099834,0.02702702702702703,isotonic,52
1,0.9965087093168767,1.0,isotonic,52
0,0.02798880435640106,0.02702702702702703,isotonic,52
0,0.49113900711886466,0.41379310344827586,isotonic,52
0,0.4950341226839695,0.41379310344827586,isotonic,52
0,0.03902521756632821,0.02702702702702703,isotonic,52
1,0.7010215684094246,0.6666666666666666,isotonic,52
0,0.30272269604845553,0.3083832335329341,isotonic,52
1,0.9981063192994662,1.0,isotonic,52
1,0.9973643325338378,1.0,isotonic,52
0,0.17718709229151042,0.15625,isotonic,52
0,0.02089572391693265,0.0,isotonic,52
0,0.2332567096043119,0.2641509433962264,isotonic,52
1,0.3491060061501778,0.3083832335329341,isotonic,52
1,0.999877415816607,1.0,isotonic,52
0,0.10123641432666455,0.10218978102189781,isotonic,52
0,0.02094529196019296,0.0,isotonic,52
0,0.27420745426103194,0.3083832335329341,isotonic,52
1,0.18271143730246187,0.15625,isotonic,52
1,0.981208381550481,1.0,isotonic,52
1,0.993718797773312,1.0,isotonic,52
0,0.1256951196800165,0.10218978102189781,isotonic,52
0,0.08145412451172429,0.07547169811320754,isotonic,52
0,0.05794379491394347,0.06521739130434782,isotonic,52
0,0.021445990549721256,0.0,isotonic,52
0,0.03633320252534843,0.02702702702702703,isotonic,52
0,0.22965780127701735,0.2641509433962264,isotonic,52
1,0.9984674755878147,1.0,isotonic,52
1,0.9997074125661723,1.0,isotonic,52
1,0.9970689831772663,1.0,isotonic,52
0,0.4195591761580139,0.34285714285714286,isotonic,52
0,0.010030818328088558,0.0,isotonic,52
0,0.06064468725602552,0.07547169811320754,isotonic,52
0,0.2825754703082343,0.3083832335329341,isotonic,52
0,0.48661912541439023,0.41379310344827586,isotonic,52
0,0.12934849003608212,0.11564625850340136,isotonic,52
1,0.5551831110283192,0.5,isotonic,52
1,0.9977175401237817,1.0,isotonic,52
1,0.9999298856126191,1.0,isotonic,52
1,0.9974809371693929,1.0,isotonic,52
1,0.9999054270345786,1.0,isotonic,52
0,0.03263336660433182,0.02702702702702703,isotonic,52
0,0.191205202470139,0.17582417582417584,isotonic,52
1,0.9990900240158851,1.0,isotonic,52
0,0.36826726937910853,0.3083832335329341,isotonic,52
0,0.5465530182448892,0.5,isotonic,52
1,0.9999646343955979,1.0,isotonic,52
1,0.9982819031763227,1.0,isotonic,52
0,0.027306833790151287,0.02702702702702703,isotonic,52
1,0.9999517941771906,1.0,isotonic,52
1,0.9930865171411469,1.0,isotonic,52
0,0.4577285586957988,0.41379310344827586,isotonic,52
0,0.412119738086816,0.34285714285714286,isotonic,52
1,0.999956953372235,1.0,isotonic,52
1,0.9999804997515944,1.0,isotonic,52
1,0.9999738724219338,1.0,isotonic,52
1,0.9979852145325246,1.0,isotonic,52
0,0.28466319297912335,0.3083832335329341,isotonic,52
1,0.9999371925621072,1.0,isotonic,52
0,0.11102590353766947,0.10218978102189781,isotonic,52
1,0.999813225137032,1.0,isotonic,52
1,0.9985790720019581,1.0,isotonic,52
0,0.056555878999673306,0.06521739130434782,isotonic,52
0,0.1913597317311318,0.17582417582417584,isotonic,52
1,0.9975054193546238,1.0,isotonic,52
0,0.036629934571047656,0.02702702702702703,isotonic,52
0,0.046780536373998025,0.02702702702702703,isotonic,52
0,0.10846614703804701,0.10218978102189781,isotonic,52
1,0.9999339579592231,1.0,isotonic,52
1,0.9985639627424708,1.0,isotonic,52
1,0.9976532582187265,1.0,isotonic,52
1,0.9995112195016744,1.0,isotonic,52
0,0.2624729678549532,0.3083832335329341,isotonic,52
0,0.09842416337521848,0.10218978102189781,isotonic,52
1,0.27261553619816226,0.3083832335329341,isotonic,52
0,0.5831870585139703,0.5869565217391305,isotonic,52
1,0.9988142398768672,1.0,isotonic,52
1,0.9983213459664879,1.0,isotonic,52
1,0.5116567894291054,0.41379310344827586,isotonic,52
0,0.16692344793055303,0.15625,isotonic,52
1,0.1469881314569635,0.11564625850340136,isotonic,52
1,0.9992302986754588,1.0,isotonic,52
1,0.8542841583585927,0.8571428571428571,isotonic,52
0,0.24796723328571527,0.3083832335329341,isotonic,52
0,0.40121104027171367,0.3083832335329341,isotonic,52
0,0.2851823715605955,0.3083832335329341,isotonic,52
1,0.9986741089324808,1.0,isotonic,52
0,0.5387281435409405,0.5,isotonic,52
0,0.4701699832487039,0.41379310344827586,isotonic,52
0,0.04740685805711472,0.02702702702702703,isotonic,52
1,0.22351735269783357,0.19444444444444445,isotonic,52
1,0.39234921648843996,0.3083832335329341,isotonic,52
0,0.03950993776545765,0.02702702702702703,isotonic,52
1,0.9998809880580984,1.0,isotonic,52
0,0.3558038609464607,0.3083832335329341,isotonic,52
1,0.9980896340878981,1.0,isotonic,52
1,0.9988164191118853,1.0,isotonic,52
1,0.981208381550481,1.0,isotonic,52
0,0.21644000512498615,0.19444444444444445,isotonic,52
0,0.12171264687545111,0.10218978102189781,isotonic,52
0,0.23789182610050913,0.2641509433962264,isotonic,52
1,0.9987682680787583,1.0,isotonic,52
0,0.06742211382320855,0.07547169811320754,isotonic,52
1,0.99977117461136,1.0,isotonic,52
1,0.9999261735561918,1.0,isotonic,52
1,0.9998541622055629,1.0,isotonic,52
0,0.3108248613835738,0.3083832335329341,isotonic,52
1,0.999939666700326,1.0,isotonic,52
1,0.5254242989781263,0.41379310344827586,isotonic,52
1,0.9999331365301164,1.0,isotonic,52
1,0.9999152897250276,1.0,isotonic,52
0,0.026829875965225312,0.02702702702702703,isotonic,52
1,0.999904744475395,1.0,isotonic,52
1,0.9989284905014846,1.0,isotonic,52
0,0.07206557268555763,0.07547169811320754,isotonic,52
0,0.1088293509852963,0.10218978102189781,isotonic,52
0,0.04487827516028491,0.02702702702702703,isotonic,52
1,0.9933344701447723,1.0,isotonic,52
0,0.17525746334011674,0.15625,isotonic,52
0,0.20482638821942767,0.17582417582417584,isotonic,52
1,0.9984980581055694,1.0,isotonic,52
1,0.9984815348004645,1.0,isotonic,52
0,0.1864499238944575,0.17582417582417584,isotonic,52
1,0.9987021748470922,1.0,isotonic,52
0,0.29826218373102376,0.3083832335329341,isotonic,52
1,0.9988757458710739,1.0,isotonic,52
0,0.42311791169452273,0.34285714285714286,isotonic,52
0,0.10776750341939861,0.10218978102189781,isotonic,52
1,0.9987305559219732,1.0,isotonic,52
1,0.9999029674488941,1.0,isotonic,52
1,0.5080121662628222,0.41379310344827586,isotonic,52
1,0.9998685276008354,1.0,isotonic,52
1,0.9999586942915375,1.0,isotonic,52
0,0.1660861044787341,0.15625,isotonic,52
0,0.04866002118179029,0.02702702702702703,isotonic,52
1,0.15759462090233517,0.11564625850340136,isotonic,52
1,0.9985905557278945,1.0,isotonic,52
1,0.9999854445750563,1.0,isotonic,52
1,0.6249508309964177,0.5869565217391305,isotonic,52
1,0.9998288497671002,1.0,isotonic,52
1,0.9999605256737698,1.0,isotonic,52
0,0.012487676746866419,0.0,isotonic,52
1,0.9976947205332869,1.0,isotonic,52
1,0.9988776475962389,1.0,isotonic,52
1,0.6993269285562065,0.6666666666666666,isotonic,52
1,0.9979857837543843,1.0,isotonic,52
1,0.9984923378312557,1.0,isotonic,52
0,0.0823100227038762,0.07547169811320754,isotonic,52
1,0.9999320685153326,1.0,isotonic,52
0,0.1481721017135675,0.11564625850340136,isotonic,52
0,0.22623724148987792,0.19444444444444445,isotonic,52
1,0.9987696740974219,1.0,isotonic,52
1,0.9999789116403675,1.0,isotonic,52
1,0.9998249406944492,1.0,isotonic,52
0,0.3019946456288524,0.3083832335329341,isotonic,52
0,0.2895049562749452,0.3083832335329341,isotonic,52
1,0.2085634650818839,0.17582417582417584,isotonic,52
1,0.999929331473608,1.0,isotonic,52
1,0.9977725024935871,1.0,isotonic,52
0,0.33137078020587024,0.3083832335329341,isotonic,52
0,0.03051820180635687,0.02702702702702703,isotonic,52
1,0.9981802038219295,1.0,isotonic,52
1,0.7471693781352846,0.7916666666666666,isotonic,52
0,0.03969749633555074,0.02702702702702703,isotonic,52
0,0.19411130178750358,0.17582417582417584,isotonic,52
0,0.0780688862334702,0.07547169811320754,isotonic,52
1,0.9998817465135224,1.0,isotonic,52
1,0.3487798735848958,0.3083832335329341,isotonic,52
0,0.39277321081659045,0.3083832335329341,isotonic,52
0,0.4816960433341955,0.41379310344827586,isotonic,52
0,0.297749634674427,0.3083832335329341,isotonic,52
0,0.19030826633736952,0.17582417582417584,isotonic,52
1,0.7128908238808467,0.6666666666666666,isotonic,52
0,0.16312078599955293,0.11564625850340136,isotonic,52
1,0.999883471050626,1.0,isotonic,52
1,0.996014169872145,1.0,isotonic,52
0,0.09638604902612613,0.08823529411764706,isotonic,52
1,0.9986138129132264,1.0,isotonic,52
1,0.37225912799129807,0.3083832335329341,isotonic,52
1,0.36345214835176887,0.3083832335329341,isotonic,52
0,0.24316613310873708,0.2641509433962264,isotonic,52
0,0.1666523525323454,0.15625,isotonic,52
1,0.3756920724643908,0.3083832335329341,isotonic,52
0,0.12362234973669477,0.10218978102189781,isotonic,52
1,0.2070548691962672,0.17582417582417584,isotonic,52
1,0.9999844731757095,1.0,isotonic,52
0,0.0447633926663536,0.02702702702702703,isotonic,52
0,0.123803191090536,0.10218978102189781,isotonic,52
1,0.9973851366296606,1.0,isotonic,52
1,0.9993032942222582,1.0,isotonic,52
1,0.744044348963145,0.7916666666666666,isotonic,52
0,0.09887917096901629,0.10218978102189781,isotonic,52
0,0.15705696592958146,0.11564625850340136,isotonic,52
0,0.18707279816999575,0.17582417582417584,isotonic,52
0,0.1339477544760239,0.11564625850340136,isotonic,52
0,0.0645929986366548,0.07547169811320754,isotonic,52
0,0.34539690419719576,0.3083832335329341,isotonic,52
1,0.9985548636459628,1.0,isotonic,52
1,0.9961321908884866,1.0,isotonic,52
0,0.05523311071168878,0.06521739130434782,isotonic,52
1,0.9999816157766024,1.0,isotonic,52
0,0.08039001764567086,0.07547169811320754,isotonic,52
1,0.9998930407354191,1.0,isotonic,52
0,0.32746513717713543,0.3083832335329341,isotonic,52
1,0.9999746683537064,1.0,isotonic,52
1,0.22027677077519106,0.19444444444444445,isotonic,52
0,0.1291314397125391,0.11564625850340136,isotonic,52
0,0.14432582271076214,0.11564625850340136,isotonic,52
1,0.981208381550481,1.0,isotonic,52
1,0.9976978707132752,1.0,isotonic,52
0,0.05440687791883912,0.06521739130434782,isotonic,52
0,0.07976383929968525,0.07547169811320754,isotonic,52
1,0.981208381550481,1.0,isotonic,52
1,0.19910417914649986,0.17582417582417584,isotonic,52
1,0.7792923167571482,0.7916666666666666,isotonic,52
0,0.12412142628549963,0.10218978102189781,isotonic,52
1,0.9986905071234211,1.0,isotonic,52
1,0.9984935144935445,1.0,isotonic,52
0,0.24832933950246058,0.3083832335329341,isotonic,52
1,0.9999403129660059,1.0,isotonic,52
0,0.2527311293564392,0.3083832335329341,isotonic,52
1,0.6582860859878206,0.5869565217391305,isotonic,52
1,0.9999150585886445,1.0,isotonic,52
1,0.37542697818983917,0.3083832335329341,isotonic,52
1,0.9980900890035715,1.0,isotonic,52
0,0.12620085670944653,0.10218978102189781,isotonic,52
1,0.6289401845080279,0.5869565217391305,isotonic,52
0,0.046397099704886265,0.02702702702702703,isotonic,52
1,0.9999521536688931,1.0,isotonic,52
1,0.9998782812014221,1.0,isotonic,52
1,0.9999276351501977,1.0,isotonic,52
1,0.4207993723162521,0.34285714285714286,isotonic,52
0,0.13209095177658423,0.11564625850340136,isotonic,52
1,0.5699399645271017,0.5,isotonic,52
0,0.3961370296806465,0.3083832335329341,isotonic,52
1,0.981208381550481,1.0,isotonic,52
1,0.9994210723598427,1.0,isotonic,52
1,0.9974378694416576,1.0,isotonic,52
1,0.9999414130519783,1.0,isotonic,52
1,0.9989516123846233,1.0,isotonic,52
1,0.996284865875265,1.0,isotonic,52
0,0.14335419155899362,0.11564625850340136,isotonic,52
0,0.031032100879443317,0.02702702702702703,isotonic,52
0,0.08812536913801378,0.07547169811320754,isotonic,52
1,0.626405856186808,0.5869565217391305,isotonic,52
1,0.9991354771581991,1.0,isotonic,52
0,0.4066228069229092,0.3083832335329341,isotonic,52
1,0.19724184456142263,0.17582417582417584,isotonic,52
1,0.981208381550481,1.0,isotonic,52
1,0.9948268467134213,1.0,isotonic,52
0,0.38294951411679395,0.3083832335329341,isotonic,52
0,0.15021265948331208,0.11564625850340136,isotonic,52
1,0.9999275628480102,1.0,isotonic,52
1,0.9987531903527614,1.0,isotonic,52
0,0.013095380154736535,0.0,isotonic,52
0,0.20810981013952298,0.17582417582417584,isotonic,52
0,0.21145088120995167,0.17582417582417584,isotonic,52
1,0.9999517826261686,1.0,isotonic,52
0,0.4710787586090974,0.41379310344827586,isotonic,52
1,0.981208381550481,1.0,isotonic,52
0,0.03547101672112483,0.02702702702702703,isotonic,52
1,0.9991025123360169,1.0,isotonic,52
0,0.03233951937818608,0.02702702702702703,isotonic,52
0,0.06760002333255949,0.07547169811320754,isotonic,52
0,0.2886742417399194,0.3083832335329341,isotonic,52
1,0.9999479966363721,1.0,isotonic,52
1,0.45537677766491563,0.41379310344827586,isotonic,52
1,0.9985851240946563,1.0,isotonic,52
1,0.981208381550481,1.0,isotonic,52
0,0.2961207158908092,0.3083832335329341,isotonic,52
0,0.09173325425863268,0.07547169811320754,isotonic,52
0,0.30769945871045623,0.3083832335329341,isotonic,52
0,0.045227392176536596,0.02702702702702703,isotonic,52
1,0.998602880706925,1.0,isotonic,52
0,0.2990012874666421,0.3083832335329341,isotonic,52
1,0.9994270353248093,1.0,isotonic,52
1,0.9999232570277906,1.0,isotonic,52
1,0.9998128502792051,1.0,isotonic,52
0,0.15889261886956496,0.11564625850340136,isotonic,52
1,0.9974376885482139,1.0,isotonic,52
1,0.22880837225427678,0.2641509433962264,isotonic,52
0,0.016222203954253275,0.0,isotonic,52
1,0.9986182446811642,1.0,isotonic,52
0,0.02010546852195087,0.0,isotonic,52
0,0.6825836427852281,0.6666666666666666,isotonic,52
0,0.0329664331957349,0.02702702702702703,isotonic,52
0,0.19772431467223067,0.17582417582417584,isotonic,52
1,0.981208381550481,1.0,isotonic,52
1,0.23231198597263916,0.2641509433962264,isotonic,52
1,0.981208381550481,1.0,isotonic,52
1,0.5700945646503506,0.5,isotonic,52
0,0.04994623654871547,0.058823529411764705,isotonic,52
0,0.19843219054954803,0.17582417582417584,isotonic,52
0,0.045155773043901025,0.02702702702702703,isotonic,52
0,0.12902596998852117,0.11564625850340136,isotonic,52
1,0.981208381550481,1.0,isotonic,52
0,0.12303044043643084,0.10218978102189781,isotonic,52
1,0.9991348343164431,1.0,isotonic,52
1,0.9992217116176594,1.0,isotonic,52
1,0.9987507041900041,1.0,isotonic,52
1,0.4918153819260818,0.41379310344827586,isotonic,52
1,0.7250099030529407,0.7916666666666666,isotonic,52
1,0.9999081511330572,1.0,isotonic,52
1,0.9982571397258786,1.0,isotonic,52
0,0.4669128591262383,0.41379310344827586,isotonic,52
1,0.9998300667157695,1.0,isotonic,52
0,0.05294798836342763,0.06521739130434782,isotonic,52
0,0.5071399153375564,0.41379310344827586,isotonic,52
0,0.03623975544874267,0.02702702702702703,isotonic,52
1,0.46216125405857433,0.41379310344827586,isotonic,52
1,0.17200935309470805,0.15625,isotonic,52
0,0.12334482581940506,0.10218978102189781,isotonic,52
0,0.05429973580637969,0.06521739130434782,isotonic,52
1,0.32988524875302205,0.3083832335329341,isotonic,52
1,0.9997336752299986,1.0,isotonic,52
0,0.47420302837397044,0.41379310344827586,isotonic,52
0,0.04662297381945261,0.02702702702702703,isotonic,52
1,0.2780906721451428,0.3083832335329341,isotonic,52
1,0.997340423805091,1.0,isotonic,52
0,0.19750781297401038,0.17582417582417584,isotonic,52
0,0.10174281433093332,0.10218978102189781,isotonic,52
1,0.9844506032777723,1.0,isotonic,52
0,0.22294899814708666,0.19444444444444445,isotonic,52
0,0.11130733803815893,0.10218978102189781,isotonic,52
0,0.13886095771570117,0.11564625850340136,isotonic,52
0,0.46550443260544255,0.41379310344827586,isotonic,52
0,0.6230157482870349,0.5869565217391305,isotonic,52
0,0.0959146121342546,0.08823529411764706,isotonic,52
1,0.9999502486627968,1.0,isotonic,52
0,0.03263142950780896,0.02702702702702703,isotonic,52
1,0.981208381550481,1.0,isotonic,52
1,0.6509230716548727,0.5869565217391305,isotonic,52
0,0.014874216489525702,0.0,isotonic,52
1,0.9984026424120709,1.0,isotonic,52
0,0.1952529108635415,0.17582417582417584,isotonic,52
0,0.1937573115401571,0.17582417582417584,isotonic,52
1,0.1908446218531869,0.17582417582417584,isotonic,52
0,0.1972797229228036,0.17582417582417584,isotonic,52
1,0.9975857593588457,1.0,isotonic,52
1,0.9997235645187409,1.0,isotonic,52
0,0.192658060452669,0.17582417582417584,isotonic,52
1,0.29026334091158745,0.3083832335329341,isotonic,52
1,0.981208381550481,1.0,isotonic,52
0,0.10194822046987762,0.10218978102189781,isotonic,52
0,0.06562083513621951,0.07547169811320754,isotonic,52
0,0.19235884209938123,0.17582417582417584,isotonic,52
1,0.9998523763023026,1.0,isotonic,52
0,0.11937546850198626,0.10218978102189781,isotonic,52
0,0.22967105088756956,0.2641509433962264,isotonic,52
1,0.9981922530718227,1.0,isotonic,52
1,0.9844742377270472,1.0,isotonic,52
0,0.11533011512636718,0.10218978102189781,isotonic,52
1,0.21357466005366965,0.17582417582417584,isotonic,52
1,0.9974664849191995,1.0,isotonic,52
0,0.11746628707694375,0.10218978102189781,isotonic,52
1,0.9978093318077887,1.0,isotonic,52
0,0.33397589851690107,0.3083832335329341,isotonic,52
1,0.6998664331905576,0.6666666666666666,isotonic,52
0,0.14167172777612963,0.11564625850340136,isotonic,52
0,0.66708814340285,0.607038069490995,isotonic,52
0,0.08928585973197208,0.07547169811320754,isotonic,52
1,0.5596520874020225,0.5,isotonic,52
1,0.9944676930190315,1.0,isotonic,52
1,0.9999009278142637,1.0,isotonic,52
1,0.981208381550481,1.0,isotonic,52
0,0.08440708238984232,0.07547169811320754,isotonic,52
1,0.9873077279055535,1.0,isotonic,52
1,0.9988251788060439,1.0,isotonic,52
1,0.9999339585858248,1.0,isotonic,52
0,0.13658969074801422,0.11564625850340136,isotonic,52
0,0.2503556368948783,0.3083832335329341,isotonic,52
1,0.9984291735371907,1.0,isotonic,52
1,0.9969857325311993,1.0,isotonic,52
0,0.05187814019085613,0.06521739130434782,isotonic,52
0,0.030666296575620103,0.02702702702702703,isotonic,52
1,0.9998008560075935,1.0,isotonic,52
0,0.059469027577538955,0.07547169811320754,isotonic,52
1,0.9997941712623044,1.0,isotonic,52
0,0.0928564958859928,0.08823529411764706,isotonic,52
0,0.19053953685999253,0.17582417582417584,isotonic,52
1,0.981208381550481,1.0,isotonic,52
0,0.1953337441489344,0.17582417582417584,isotonic,52
1,0.9928500015069461,1.0,isotonic,52
1,0.9988924588762617,1.0,isotonic,52
0,0.17782810218616588,0.15625,isotonic,52
0,0.05123767886267947,0.058823529411764705,isotonic,52
1,0.9998910684271446,1.0,isotonic,52
0,0.10494149430061349,0.10218978102189781,isotonic,52
1,0.013594596759278406,0.0,isotonic,52
1,0.9990596194858363,1.0,isotonic,52
1,0.9998282961497127,1.0,isotonic,52
0,0.0794579291333299,0.07547169811320754,isotonic,52
0,0.20847233675959484,0.17582417582417584,isotonic,52
1,0.1455092978752166,0.11564625850340136,isotonic,52
1,0.9996761712552955,1.0,isotonic,52
1,0.9998234567728772,1.0,isotonic,52
1,0.5868284990320062,0.5869565217391305,isotonic,52
1,0.9999770234099449,1.0,isotonic,52
1,0.23361844739635124,0.2641509433962264,isotonic,52
0,0.06398344168804943,0.07547169811320754,isotonic,52
0,0.059190366235117774,0.06521739130434782,isotonic,52
0,0.12339674421116924,0.10218978102189781,isotonic,52
1,0.9999267058045135,1.0,isotonic,52
0,0.2853412965871452,0.3083832335329341,isotonic,52
0,0.05860397019483019,0.06521739130434782,isotonic,52
1,0.2888063887324287,0.3083832335329341,isotonic,52
1,0.3703479794440562,0.3083832335329341,isotonic,52
0,0.11734042023460224,0.10218978102189781,isotonic,52
0,0.2306488980444546,0.2641509433962264,isotonic,52
1,0.9985563552115417,1.0,isotonic,52
0,0.22755447967965925,0.2641509433962264,isotonic,52
1,0.8506355053493908,0.8571428571428571,isotonic,52
0,0.11552085069660654,0.10218978102189781,isotonic,52
1,0.9753439808325901,1.0,isotonic,52
1,0.981208381550481,1.0,isotonic,52
1,0.37363590688585047,0.3083832335329341,isotonic,52
0,0.025296225683838897,0.02702702702702703,isotonic,52
0,0.06790877161965614,0.07547169811320754,isotonic,52
1,0.9999363103656422,1.0,isotonic,52
1,0.9978712699199287,1.0,isotonic,52
1,0.9999772330386484,1.0,isotonic,52
0,0.3169454576662848,0.3083832335329341,isotonic,52
1,0.9987307233204377,1.0,isotonic,52
1,0.981208381550481,1.0,isotonic,52
0,0.04444221524855238,0.02702702702702703,isotonic,52
0,0.23789977464340695,0.2641509433962264,isotonic,52
0,0.09845375897843746,0.10218978102189781,isotonic,52
0,0.08969104361838112,0.07547169811320754,isotonic,52
1,0.9974029556944302,1.0,isotonic,52
0,0.5846359952673138,0.5869565217391305,isotonic,52
1,0.3685911513358886,0.3083832335329341,isotonic,52
1,0.9958720991690957,1.0,isotonic,52
0,0.10344629055240573,0.10218978102189781,isotonic,52
1,0.5512828331774013,0.5,isotonic,52
0,0.4668148784337414,0.41379310344827586,isotonic,52
0,0.0942114986949949,0.08823529411764706,isotonic,52
1,0.16340776213113598,0.11564625850340136,isotonic,52
1,0.9965156794015307,1.0,isotonic,52
1,0.3368584945789413,0.3083832335329341,isotonic,52
1,0.9980508626665879,1.0,isotonic,52
0,0.4856538243801337,0.41379310344827586,isotonic,52
1,0.13685585016392487,0.11564625850340136,isotonic,52
1,0.9999839651505029,1.0,isotonic,52
0,0.18531175846764059,0.17582417582417584,isotonic,52
1,0.9973832130922915,1.0,isotonic,52
1,0.9991219048900283,1.0,isotonic,52
1,0.9969863160420813,1.0,isotonic,52
0,0.058066144127795205,0.06521739130434782,isotonic,52
0,0.05392090803108581,0.06521739130434782,isotonic,52
0,0.021459443444977116,0.0,isotonic,52
0,0.26317092336183867,0.3083832335329341,isotonic,52
0,0.3446825455328051,0.3083832335329341,isotonic,52
1,0.9998143344088689,1.0,isotonic,52
1,0.19066462520650093,0.17582417582417584,isotonic,52
0,0.18590926959259793,0.17582417582417584,isotonic,52
1,0.9998703191644159,1.0,isotonic,52
1,0.9982510033430789,1.0,isotonic,52
1,0.49287848551772057,0.41379310344827586,isotonic,52
1,0.36904347339611226,0.3083832335329341,isotonic,52
1,0.9985738429325057,1.0,isotonic,52
1,0.9998851315475346,1.0,isotonic,52
0,0.016220210415535584,0.0,isotonic,52
1,0.9997564865065377,1.0,isotonic,52
1,0.9979566331198786,1.0,isotonic,52
1,0.9998780444199503,1.0,isotonic,52
1,0.25581431883563593,0.3083832335329341,isotonic,52
0,0.10375564091883678,0.10218978102189781,isotonic,52
0,0.2104237557749891,0.17582417582417584,isotonic,52
1,0.981208381550481,1.0,isotonic,52
0,0.32031791971508994,0.3083832335329341,isotonic,52
0,0.3843000965749218,0.3083832335329341,isotonic,52
0,0.08259773430699728,0.07547169811320754,isotonic,52
0,0.47801878580615187,0.41379310344827586,isotonic,52
0,0.1250848023917399,0.10218978102189781,isotonic,52
0,0.16363336105948648,0.11564625850340136,isotonic,52
0,0.07191675769534611,0.07547169811320754,isotonic,52
1,0.9987229743767161,1.0,isotonic,52
1,0.9999851787034242,1.0,isotonic,52
0,0.10578868353392673,0.10218978102189781,isotonic,52
0,0.10721967792014335,0.10218978102189781,isotonic,52
0,0.5870037267836854,0.5869565217391305,isotonic,52
0,0.0280345333746512,0.02702702702702703,isotonic,52
1,0.9943715829843747,1.0,isotonic,52
0,0.19510533985500514,0.17582417582417584,isotonic,52
1,0.9998944032039165,1.0,isotonic,52
0,0.04545091323753407,0.02702702702702703,isotonic,52
0,0.2424901804907437,0.2641509433962264,isotonic,52
1,0.981208381550481,1.0,isotonic,52
0,0.2690065596987118,0.3083832335329341,isotonic,52
0,0.22116995742223453,0.19444444444444445,isotonic,52
0,0.028691687097805566,0.02702702702702703,isotonic,52
0,0.10206196378098252,0.10218978102189781,isotonic,52
1,0.999411456559544,1.0,isotonic,52
0,0.04257350767048121,0.02702702702702703,isotonic,52
1,0.9999414643256753,1.0,isotonic,52
0,0.10314683382359108,0.10218978102189781,isotonic,52
0,0.15703541238140192,0.11564625850340136,isotonic,52
1,0.2392185859712243,0.2641509433962264,isotonic,52
0,0.04128820096321817,0.02702702702702703,isotonic,52
0,0.1482716109259625,0.11564625850340136,isotonic,52
1,0.9999279554728439,1.0,isotonic,52
0,0.18929093243216089,0.17582417582417584,isotonic,52
1,0.9391764014000251,1.0,isotonic,52
0,0.15412166003001584,0.11564625850340136,isotonic,52
1,0.2517390364660786,0.3083832335329341,isotonic,52
0,0.03294504869938239,0.02702702702702703,isotonic,52
1,0.9998930070185864,1.0,isotonic,52
1,0.981208381550481,1.0,isotonic,52
0,0.22217026301787207,0.19444444444444445,isotonic,52
1,0.9999235633607259,1.0,isotonic,52
0,0.042550775084976955,0.02702702702702703,isotonic,52
1,0.9999535727077374,1.0,isotonic,52
0,0.2500684256449339,0.3083832335329341,isotonic,52
1,0.7823504086946301,0.7916666666666666,isotonic,52
0,0.16288977996418383,0.11564625850340136,isotonic,52
0,0.29141960435361175,0.3083832335329341,isotonic,52
1,0.9963907267019746,1.0,isotonic,52
1,0.2743763783046438,0.3083832335329341,isotonic,52
1,0.9985335142881945,1.0,isotonic,52
1,0.7250598747066828,0.7916666666666666,isotonic,52
0,0.0317858630866963,0.02702702702702703,isotonic,52
1,0.2567259447523949,0.3083832335329341,isotonic,52
0,0.041359621380379255,0.02702702702702703,isotonic,52
0,0.1381378428888211,0.11564625850340136,isotonic,52
0,0.05109143288552731,0.058823529411764705,isotonic,52
0,0.05576573098463451,0.06521739130434782,isotonic,52
0,0.01538432178532235,0.0,isotonic,52
1,0.981208381550481,1.0,isotonic,52
1,0.39721651206592745,0.3083832335329341,isotonic,52
0,0.15588404643451093,0.11564625850340136,isotonic,52
1,0.999983104930165,1.0,isotonic,52
1,0.9999384110865867,1.0,isotonic,52
1,0.3075583788482438,0.3083832335329341,isotonic,52
1,0.9990211809465349,1.0,isotonic,52
1,0.9936039031172637,1.0,isotonic,52
1,0.9988111031913611,1.0,isotonic,52
1,0.9998927291793138,1.0,isotonic,52
0,0.10729704309691922,0.10218978102189781,isotonic,52
1,0.9997794283171142,1.0,isotonic,52
1,0.34681829063401637,0.3083832335329341,isotonic,52
1,0.9997685655498723,1.0,isotonic,52
0,0.20656077823594896,0.17582417582417584,isotonic,52
1,0.9955044890585976,1.0,isotonic,52
1,0.9999170289383557,1.0,isotonic,52
1,0.6457907613855417,0.5869565217391305,isotonic,52
0,0.05722940556797066,0.06521739130434782,isotonic,52
1,0.981208381550481,1.0,isotonic,52
0,0.041019637278764516,0.02702702702702703,isotonic,52
1,0.999868471522165,1.0,isotonic,52
1,0.05623283435401746,0.06521739130434782,isotonic,52
1,0.998261814148593,1.0,isotonic,52
1,0.9986741930345213,1.0,isotonic,52
1,0.17748810164239714,0.15625,isotonic,52
1,0.998494632193045,1.0,isotonic,52
1,0.33742520985155855,0.3083832335329341,isotonic,52
0,0.16266786580971518,0.11564625850340136,isotonic,52
1,0.981208381550481,1.0,isotonic,52
0,0.08358256592631097,0.07547169811320754,isotonic,52
0,0.23182848981393475,0.2641509433962264,isotonic,52
1,0.9978862433782826,1.0,isotonic,52
0,0.06688593070013017,0.07547169811320754,isotonic,52
0,0.0952065950600873,0.08823529411764706,isotonic,52
0,0.02681031913941559,0.02702702702702703,isotonic,52
0,0.04743663302764619,0.02702702702702703,isotonic,52
0,0.01176122876755443,0.0,isotonic,52
1,0.9999366443043618,1.0,isotonic,52
1,0.33130088138918967,0.3083832335329341,isotonic,52
0,0.11617201859192981,0.10218978102189781,isotonic,52
0,0.07862344658946484,0.07547169811320754,isotonic,52
1,0.3851840779128449,0.3083832335329341,isotonic,52
1,0.9999396027631176,1.0,isotonic,52
0,0.43785170684874614,0.41379310344827586,isotonic,52
0,0.050933618632167756,0.058823529411764705,isotonic,52
0,0.020134185250840368,0.0,isotonic,52
0,0.47893692684299277,0.41379310344827586,isotonic,52
1,0.9997937045362623,1.0,isotonic,52
1,0.9980659873122688,1.0,isotonic,52
1,0.9949159953032138,1.0,isotonic,52
0,0.03285633780978489,0.02702702702702703,isotonic,52
0,0.028306024191314443,0.02702702702702703,isotonic,52
1,0.9998808951269433,1.0,isotonic,52
0,0.3810662025003402,0.3083832335329341,isotonic,52
1,0.9991014509103451,1.0,isotonic,52
0,0.030058274392286182,0.02702702702702703,isotonic,52
0,0.07178946154404575,0.07547169811320754,isotonic,52
0,0.04887131916143852,0.02702702702702703,isotonic,52
0,0.048059264447200725,0.02702702702702703,isotonic,52
0,0.13398534660798986,0.11564625850340136,isotonic,52
0,0.019164182043977216,0.0,isotonic,52
0,0.2779551740367601,0.3083832335329341,isotonic,52
1,0.9988265334804746,1.0,isotonic,52
1,0.9971657943153915,1.0,isotonic,52
1,0.9969367903738436,1.0,isotonic,52
1,0.981208381550481,1.0,isotonic,52
1,0.9988063433658682,1.0,isotonic,52
1,0.2744218503544463,0.3083832335329341,isotonic,52
1,0.9998737847440025,1.0,isotonic,52
0,0.08739575036373311,0.07547169811320754,isotonic,52
1,0.9922724225474371,1.0,isotonic,52
1,0.9998408525649528,1.0,isotonic,52
1,0.48845797783050804,0.41379310344827586,isotonic,52
1,0.9998763600590813,1.0,isotonic,52
0,0.19530330051010605,0.17582417582417584,isotonic,52
0,0.3189474162759235,0.3083832335329341,isotonic,52
1,0.999940541511372,1.0,isotonic,52
1,0.9981327034529517,1.0,isotonic,52
1,0.8199347315973436,0.7916666666666666,isotonic,52
0,0.17546856248805295,0.15625,isotonic,52
0,0.08476058346438409,0.07547169811320754,isotonic,52
1,0.9998463595351851,1.0,isotonic,52
1,0.2207554824529531,0.19444444444444445,isotonic,52
0,0.29738559461886876,0.3083832335329341,isotonic,52
1,0.981208381550481,1.0,isotonic,52
1,0.999870296986126,1.0,isotonic,52
0,0.07837012699894123,0.07547169811320754,isotonic,52
1,0.9998400507618251,1.0,isotonic,52
1,0.981208381550481,1.0,isotonic,52
0,0.05490881321809723,0.06521739130434782,isotonic,52
1,0.9980949497614107,1.0,isotonic,52
1,0.18085034871703204,0.15625,isotonic,52
1,0.9967230595537581,1.0,isotonic,52
0,0.02516762979101386,0.02702702702702703,isotonic,52
0,0.11200336202696409,0.10218978102189781,isotonic,52
0,0.21955080223073634,0.19444444444444445,isotonic,52
0,0.168455810654819,0.15625,isotonic,52
0,0.10344881349447187,0.10218978102189781,isotonic,52
1,0.47426364803906323,0.41379310344827586,isotonic,52
1,0.9966568871103569,1.0,isotonic,52
1,0.9991325466799591,1.0,isotonic,52
0,0.3443917949733358,0.3083832335329341,isotonic,52
0,0.3871362182719622,0.3083832335329341,isotonic,52
0,0.03584311589724329,0.02702702702702703,isotonic,52
1,0.9998712410714821,1.0,isotonic,52
1,0.9973457140663837,1.0,isotonic,52
1,0.9999023286226025,1.0,isotonic,52
0,0.05329693806555003,0.06521739130434782,isotonic,52
0,0.07221188534907755,0.07547169811320754,isotonic,52
1,0.999908893040126,1.0,isotonic,52
1,0.6156459154006135,0.5869565217391305,isotonic,52
1,0.33373154556812173,0.3083832335329341,isotonic,52
1,0.9999406506557552,1.0,isotonic,52
1,0.9999755380975384,1.0,isotonic,52
1,0.9999623856170182,1.0,isotonic,52
0,0.047071313414431444,0.02702702702702703,isotonic,52
1,0.39665825386262044,0.3083832335329341,isotonic,52
1,0.6107369422088272,0.5869565217391305,isotonic,52
0,0.23390158419102816,0.2641509433962264,isotonic,52
1,0.4068628941120753,0.3083832335329341,isotonic,52
1,0.9999652941187722,1.0,isotonic,52
0,0.06381918584170856,0.07547169811320754,isotonic,52
0,0.536520812615449,0.5,isotonic,52
0,0.10288143252621,0.10218978102189781,isotonic,52
0,0.32573428592173415,0.3083832335329341,isotonic,52
1,0.9945466624930398,1.0,isotonic,52
1,0.1331452020602652,0.11564625850340136,isotonic,52
0,0.012193845791426468,0.0,isotonic,52
0,0.205181789365522,0.17582417582417584,isotonic,52
1,0.09533343582307537,0.08823529411764706,isotonic,52
0,0.513243595712346,0.41379310344827586,isotonic,52
0,0.10532093157883997,0.10218978102189781,isotonic,52
1,0.981208381550481,1.0,isotonic,52
0,0.1808537679794313,0.15625,isotonic,52
0,0.05488085578097194,0.06521739130434782,isotonic,52
0,0.05422900481303591,0.06521739130434782,isotonic,52
0,0.44141174858473947,0.41379310344827586,isotonic,52
1,0.32000892838819206,0.3083832335329341,isotonic,52
1,0.2691416525454149,0.3083832335329341,isotonic,52
1,0.9998567048032928,1.0,isotonic,52
0,0.3230502455057622,0.3083832335329341,isotonic,52
0,0.2753143469274163,0.3083832335329341,isotonic,52
1,0.999954116401756,1.0,isotonic,52
1,0.10089802831082184,0.10218978102189781,isotonic,52
1,0.9999768830473654,1.0,isotonic,52
0,0.026108372382401546,0.02702702702702703,isotonic,52
0,0.12944410548040727,0.11564625850340136,isotonic,52
0,0.09322763740064494,0.08823529411764706,isotonic,52
1,0.9999441312598653,1.0,isotonic,52
0,0.44570183422174364,0.41379310344827586,isotonic,52
0,0.5368866060286971,0.5,isotonic,52
0,0.05945285080119644,0.07547169811320754,isotonic,52
0,0.02973275012702574,0.02702702702702703,isotonic,52
1,0.48793098723943645,0.41379310344827586,isotonic,52
0,0.2563752260386508,0.3083832335329341,isotonic,52
1,0.4871345131512596,0.41379310344827586,isotonic,52
1,0.981208381550481,1.0,isotonic,52
0,0.15377744331521653,0.11564625850340136,isotonic,52
1,0.16976255970933699,0.15625,isotonic,52
0,0.22457883408389365,0.19444444444444445,isotonic,52
0,0.03843655312125143,0.02702702702702703,isotonic,52
0,0.1011033632770094,0.10218978102189781,isotonic,52
0,0.027000710001751933,0.02702702702702703,isotonic,52
1,0.999961339592614,1.0,isotonic,52
0,0.5942249773901987,0.5869565217391305,isotonic,52
1,0.3915685564840524,0.3083832335329341,isotonic,52
1,0.9987372613387702,1.0,isotonic,52
0,0.3977244863379383,0.3083832335329341,isotonic,52
0,0.21144712108855102,0.17582417582417584,isotonic,52
1,0.9795406913732841,1.0,isotonic,52
0,0.14103739150856198,0.11564625850340136,isotonic,52
