y_true,proba,proba_calibrated,calibration_method,seed
1,0.9024419508184817,1.0,isotonic,42
1,0.9815599499844033,1.0,isotonic,42
0,0.20191451325392046,0.2041343669250646,isotonic,42
1,0.9183637890824243,1.0,isotonic,42
1,0.8630152830903325,1.0,isotonic,42
1,0.9384048025035893,1.0,isotonic,42
0,0.09946759276127651,0.04433497536945813,isotonic,42
1,0.919175086187706,1.0,isotonic,42
0,0.19280220546772966,0.2041343669250646,isotonic,42
0,0.36109803188363687,0.34065934065934067,isotonic,42
1,0.9226823084371015,1.0,isotonic,42
0,0.12110065803109088,0.09090909090909091,isotonic,42
1,0.9506664670232887,1.0,isotonic,42
1,0.3117660591662119,0.28155339805825247,isotonic,42
1,0.31976484034532876,0.28155339805825247,isotonic,42
1,0.8993759759974038,1.0,isotonic,42
1,0.8821888799045795,1.0,isotonic,42
1,0.9992933657448464,1.0,isotonic,42
0,0.060594977445219696,0.0,isotonic,42
0,0.12047010815942513,0.09090909090909091,isotonic,42
0,0.0927617786257441,0.04433497536945813,isotonic,42
1,0.9360083538073068,1.0,isotonic,42
1,0.9886740608653294,1.0,isotonic,42
0,0.11531748956118294,0.04433497536945813,isotonic,42
1,0.9815599499844033,1.0,isotonic,42
1,0.998617320944439,1.0,isotonic,42
0,0.3447388535393016,0.34065934065934067,isotonic,42
0,0.07070573431707261,0.022222222222222223,isotonic,42
1,0.9117292095269223,1.0,isotonic,42
0,0.3849178798749494,0.39705882352941174,isotonic,42
1,0.9396768438851173,1.0,isotonic,42
1,0.9815599499844033,1.0,isotonic,42
0,0.07851641092863813,0.030303030303030304,isotonic,42
1,0.8111440307211931,1.0,isotonic,42
0,0.1489079335699179,0.09090909090909091,isotonic,42
0,0.4263895987847222,0.4146341463414634,isotonic,42
1,0.4434851687691888,0.4166666666666667,isotonic,42
1,0.9288341053920038,1.0,isotonic,42
0,0.18878415884058936,0.2041343669250646,isotonic,42
0,0.32137679047873763,0.28155339805825247,isotonic,42
0,0.09868057207705071,0.04433497536945813,isotonic,42
0,0.15655054924948603,0.11627906976744186,isotonic,42
1,0.9994597858617766,1.0,isotonic,42
0,0.20705122614799354,0.2041343669250646,isotonic,42
1,0.993685533809808,1.0,isotonic,42
0,0.09998197494255887,0.04433497536945813,isotonic,42
1,0.9301227750005906,1.0,isotonic,42
0,0.14456244128373938,0.09090909090909091,isotonic,42
1,0.9541777960560334,1.0,isotonic,42
1,0.1173346761218883,0.04433497536945813,isotonic,42
1,0.9989189136947908,1.0,isotonic,42
1,0.9375153611681901,1.0,isotonic,42
1,0.9889816605046603,1.0,isotonic,42
0,0.3030136780813756,0.28155339805825247,isotonic,42
1,0.9007371822528246,1.0,isotonic,42
0,0.4801119807488025,0.4687500000000001,isotonic,42
0,0.0884062407628012,0.04433497536945813,isotonic,42
0,0.31610605082869175,0.28155339805825247,isotonic,42
1,0.8703383626935638,1.0,isotonic,42
1,0.88293521527884,1.0,isotonic,42
1,0.9815599499844033,1.0,isotonic,42
0,0.06368461030042935,0.0,isotonic,42
0,0.2723066644776304,0.2041343669250646,isotonic,42
0,0.06831332634679682,0.0,isotonic,42
1,0.9419072388587498,1.0,isotonic,42
1,0.8592205673752852,1.0,isotonic,42
1,0.9920568819509447,1.0,isotonic,42
1,0.9809805144908201,1.0,isotonic,42
1,0.926497749949649,1.0,isotonic,42
1,0.9940414671390448,1.0,isotonic,42
1,0.9330607017732101,1.0,isotonic,42
1,0.13945938889090703,0.09090909090909091,isotonic,42
0,0.4539408893624092,0.4687500000000001,isotonic,42
0,0.07611925985390362,0.022222222222222223,isotonic,42
1,0.9974941525637212,1.0,isotonic,42
0,0.11322551745086507,0.04433497536945813,isotonic,42
1,0.9931751209197822,1.0,isotonic,42
1,0.9358098346133149,1.0,isotonic,42
1,0.9815599499844033,1.0,isotonic,42
1,0.9991635600303056,1.0,isotonic,42
0,0.1679619603240444,0.13333333333333333,isotonic,42
1,0.9911686414670006,1.0,isotonic,42
0,0.19187425139368688,0.2041343669250646,isotonic,42
1,0.9815599499844033,1.0,isotonic,42
1,0.9174608110697807,1.0,isotonic,42
0,0.134974121827029,0.09090909090909091,isotonic,42
1,0.4289120489382979,0.4146341463414634,isotonic,42
0,0.15737287393965452,0.11627906976744186,isotonic,42
0,0.146288806357276,0.09090909090909091,isotonic,42
1,0.988576354401897,1.0,isotonic,42
0,0.06580508672619849,0.0,isotonic,42
1,0.9965263421541886,1.0,isotonic,42
0,0.06061419838003223,0.0,isotonic,42
0,0.3869092888736695,0.39705882352941174,isotonic,42
0,0.076363875153651,0.022222222222222223,isotonic,42
0,0.07356421064942265,0.022222222222222223,isotonic,42
0,0.4882637343027322,0.4687500000000001,isotonic,42
0,0.16150023185886933,0.11627906976744186,isotonic,42
1,0.4539116085482801,0.4687500000000001,isotonic,42
0,0.21601243873486187,0.2041343669250646,isotonic,42
0,0.36545033742399835,0.34065934065934067,isotonic,42
1,0.9939391075598875,1.0,isotonic,42
1,0.9078027183374113,1.0,isotonic,42
1,0.5322816779967965,0.6341463414634146,isotonic,42
1,0.9815599499844033,1.0,isotonic,42
1,0.9923989840796423,1.0,isotonic,42
0,0.2782371534305331,0.2041343669250646,isotonic,42
0,0.25197804338985963,0.2041343669250646,isotonic,42
0,0.38007303739043835,0.39705882352941174,isotonic,42
1,0.990696194690619,1.0,isotonic,42
0,0.19851809179274793,0.2041343669250646,isotonic,42
0,0.3689138126840104,0.34065934065934067,isotonic,42
0,0.06922466818494667,0.0,isotonic,42
0,0.3606648560226063,0.34065934065934067,isotonic,42
0,0.4836120795079803,0.4687500000000001,isotonic,42
0,0.07434380793027627,0.022222222222222223,isotonic,42
1,0.27711425203706247,0.2041343669250646,isotonic,42
1,0.37264110943768924,0.39705882352941174,isotonic,42
1,0.9815599499844033,1.0,isotonic,42
0,0.20319502012909113,0.2041343669250646,isotonic,42
0,0.09793642236607805,0.04433497536945813,isotonic,42
0,0.3754965564963009,0.39705882352941174,isotonic,42
0,0.18933757861823458,0.2041343669250646,isotonic,42
0,0.06622182715156778,0.0,isotonic,42
1,0.9851278601896073,1.0,isotonic,42
0,0.18388283924173937,0.2041343669250646,isotonic,42
1,0.16092779395020848,0.11627906976744186,isotonic,42
1,0.3423597463339398,0.34065934065934067,isotonic,42
0,0.13566934826062252,0.09090909090909091,isotonic,42
1,0.314978692109536,0.28155339805825247,isotonic,42
1,0.9912774921217834,1.0,isotonic,42
0,0.12054452859510327,0.09090909090909091,isotonic,42
0,0.3569627762073708,0.34065934065934067,isotonic,42
0,0.13315367101352196,0.09090909090909091,isotonic,42
1,0.9930110631783585,1.0,isotonic,42
0,0.06215930403974742,0.0,isotonic,42
1,0.9521506159959423,1.0,isotonic,42
1,0.9502248420152516,1.0,isotonic,42
1,0.9478976857490639,1.0,isotonic,42
0,0.06805767887191819,0.0,isotonic,42
0,0.2859084020555441,0.2041343669250646,isotonic,42
0,0.09895160754514956,0.04433497536945813,isotonic,42
0,0.43376962547461584,0.4146341463414634,isotonic,42
1,0.9219057344659338,1.0,isotonic,42
0,0.1093874869662302,0.04433497536945813,isotonic,42
1,0.8177908716737965,1.0,isotonic,42
0,0.1636641868666059,0.11627906976744186,isotonic,42
1,0.2994683976251599,0.28155339805825247,isotonic,42
1,0.935844246880594,1.0,isotonic,42
0,0.1435861492237931,0.09090909090909091,isotonic,42
0,0.4091295669669888,0.4,isotonic,42
0,0.07347894935337215,0.022222222222222223,isotonic,42
0,0.1932693994632562,0.2041343669250646,isotonic,42
0,0.09038962562499508,0.04433497536945813,isotonic,42
1,0.8688567705628191,1.0,isotonic,42
0,0.08961244973834535,0.04433497536945813,isotonic,42
0,0.10959295195911894,0.04433497536945813,isotonic,42
1,0.28640395368187055,0.2041343669250646,isotonic,42
1,0.9943979669753192,1.0,isotonic,42
1,0.9877017015274148,1.0,isotonic,42
1,0.9891909950970154,1.0,isotonic,42
1,0.9815599499844033,1.0,isotonic,42
1,0.940390297122726,1.0,isotonic,42
0,0.3197844559669894,0.28155339805825247,isotonic,42
1,0.9815599499844033,1.0,isotonic,42
0,0.1044483644961837,0.04433497536945813,isotonic,42
0,0.5623322443696855,0.6341463414634146,isotonic,42
0,0.11886897818056759,0.04433497536945813,isotonic,42
0,0.06065552863200998,0.0,isotonic,42
1,0.9050355976017102,1.0,isotonic,42
1,0.8702503693374363,1.0,isotonic,42
0,0.06216071901573483,0.0,isotonic,42
0,0.19537298088031754,0.2041343669250646,isotonic,42
1,0.4361507808435173,0.4146341463414634,isotonic,42
0,0.27387795830658623,0.2041343669250646,isotonic,42
1,0.5604344194787074,0.6341463414634146,isotonic,42
0,0.08888984194366951,0.04433497536945813,isotonic,42
0,0.1931140041040792,0.2041343669250646,isotonic,42
1,0.9815599499844033,1.0,isotonic,42
0,0.2893026717061908,0.2041343669250646,isotonic,42
1,0.9921777701193109,1.0,isotonic,42
0,0.5886583917251694,0.65,isotonic,42
1,0.9572008065804996,1.0,isotonic,42
1,0.11821736642705465,0.04433497536945813,isotonic,42
1,0.1508827981190537,0.09090909090909091,isotonic,42
0,0.24056106263797575,0.2041343669250646,isotonic,42
0,0.11025897066741192,0.04433497536945813,isotonic,42
0,0.09676648509774195,0.04433497536945813,isotonic,42
1,0.21475192918125777,0.2041343669250646,isotonic,42
1,0.9476602453484961,1.0,isotonic,42
0,0.12258727543988424,0.09090909090909091,isotonic,42
1,0.8856775538161509,1.0,isotonic,42
0,0.27598674335038814,0.2041343669250646,isotonic,42
1,0.9039152612334114,1.0,isotonic,42
1,0.9215260605182455,1.0,isotonic,42
0,0.5077933360067932,0.5803392760666999,isotonic,42
0,0.425219614340938,0.4146341463414634,isotonic,42
1,0.9225977578856771,1.0,isotonic,42
1,0.38650479364809204,0.39705882352941174,isotonic,42
0,0.06991819409231793,0.0,isotonic,42
1,0.5724408740185469,0.6341463414634146,isotonic,42
0,0.21286533095338142,0.2041343669250646,isotonic,42
0,0.11485480707259055,0.04433497536945813,isotonic,42
1,0.9262935959628773,1.0,isotonic,42
1,0.8623248211154477,1.0,isotonic,42
1,0.39367136498470545,0.39705882352941174,isotonic,42
0,0.46277267264168404,0.4687500000000001,isotonic,42
1,0.8856633183458111,1.0,isotonic,42
0,0.16368361508892093,0.11627906976744186,isotonic,42
1,0.863452858990328,1.0,isotonic,42
0,0.28474050701324266,0.2041343669250646,isotonic,42
0,0.40254832470515733,0.39705882352941174,isotonic,42
1,0.22752553787052682,0.2041343669250646,isotonic,42
1,0.9388356722647053,1.0,isotonic,42
1,0.9815599499844033,1.0,isotonic,42
0,0.24809011296546615,0.2041343669250646,isotonic,42
1,0.9289683699187127,1.0,isotonic,42
0,0.106548028627135,0.04433497536945813,isotonic,42
0,0.23535371112782358,0.2041343669250646,isotonic,42
0,0.23151447311680304,0.2041343669250646,isotonic,42
1,0.3099919675533921,0.28155339805825247,isotonic,42
1,0.3424494632670258,0.34065934065934067,isotonic,42
1,0.9972437444505962,1.0,isotonic,42
0,0.18894183032142065,0.2041343669250646,isotonic,42
1,0.3498411406812718,0.34065934065934067,isotonic,42
0,0.2288624321189009,0.2041343669250646,isotonic,42
1,0.8672964898968826,1.0,isotonic,42
1,0.9044930424337169,1.0,isotonic,42
0,0.1535615155255057,0.09090909090909091,isotonic,42
0,0.277644271062489,0.2041343669250646,isotonic,42
1,0.993836523370321,1.0,isotonic,42
1,0.9560073377471997,1.0,isotonic,42
0,0.39208627332525336,0.39705882352941174,isotonic,42
1,0.9998072512905601,1.0,isotonic,42
1,0.408210907937717,0.4,isotonic,42
1,0.16936714381785958,0.13333333333333333,isotonic,42
0,0.5084844734257595,0.6206896551724138,isotonic,42
0,0.15497212966032708,0.11627906976744186,isotonic,42
0,0.16843990867747063,0.13333333333333333,isotonic,42
0,0.34026935400616487,0.34065934065934067,isotonic,42
0,0.055622884606408136,0.0,isotonic,42
0,0.16316747671191387,0.11627906976744186,isotonic,42
0,0.1174367252794207,0.04433497536945813,isotonic,42
1,0.9877441224119885,1.0,isotonic,42
1,0.09033125768730557,0.04433497536945813,isotonic,42
1,0.9815599499844033,1.0,isotonic,42
0,0.2830373608651282,0.2041343669250646,isotonic,42
1,0.9954273718364143,1.0,isotonic,42
1,0.9076748447330237,1.0,isotonic,42
1,0.5398665734291983,0.6341463414634146,isotonic,42
1,0.9252890717030724,1.0,isotonic,42
1,0.9815599499844033,1.0,isotonic,42
1,0.19580040058316983,0.2041343669250646,isotonic,42
0,0.21102786239939894,0.2041343669250646,isotonic,42
0,0.09259239286048827,0.04433497536945813,isotonic,42
0,0.16302699136539645,0.11627906976744186,isotonic,42
1,0.9318144118638135,1.0,isotonic,42
1,0.8599839445873562,1.0,isotonic,42
1,0.9933367849596978,1.0,isotonic,42
1,0.9815599499844033,1.0,isotonic,42
1,0.4017858399633002,0.39705882352941174,isotonic,42
0,0.5813919550324194,0.65,isotonic,42
0,0.0777373607343453,0.030303030303030304,isotonic,42
1,0.41999538544388393,0.4050996404792968,isotonic,42
0,0.06104849529667561,0.0,isotonic,42
0,0.15977428905935595,0.11627906976744186,isotonic,42
1,0.9980386108598193,1.0,isotonic,42
0,0.16621363460338948,0.13333333333333333,isotonic,42
0,0.27619160076967575,0.2041343669250646,isotonic,42
0,0.10846674342598722,0.04433497536945813,isotonic,42
0,0.17279343525669866,0.16666666666666666,isotonic,42
0,0.43739722652526686,0.4146341463414634,isotonic,42
0,0.39739180569144544,0.39705882352941174,isotonic,42
1,0.9921042935446036,1.0,isotonic,42
1,0.39676959116471455,0.39705882352941174,isotonic,42
1,0.9962804892896202,1.0,isotonic,42
1,0.9815599499844033,1.0,isotonic,42
1,0.9202411398451709,1.0,isotonic,42
1,0.2835332418812465,0.2041343669250646,isotonic,42
1,0.8968250511879455,1.0,isotonic,42
0,0.4255715551060985,0.4146341463414634,isotonic,42
0,0.13898747383559612,0.09090909090909091,isotonic,42
0,0.09289652337428954,0.04433497536945813,isotonic,42
1,0.9815599499844033,1.0,isotonic,42
1,0.9136512543449095,1.0,isotonic,42
1,0.9901906617551555,1.0,isotonic,42
0,0.12264385155710363,0.09090909090909091,isotonic,42
1,0.40760525197762976,0.3996944799215488,isotonic,42
1,0.9962043622071372,1.0,isotonic,42
0,0.15950447285075395,0.11627906976744186,isotonic,42
1,0.9899691279724897,1.0,isotonic,42
0,0.08862428195522565,0.04433497536945813,isotonic,42
0,0.25398623073729565,0.2041343669250646,isotonic,42
1,0.9851601044507536,1.0,isotonic,42
1,0.36113951961919555,0.34065934065934067,isotonic,42
1,0.9222701120358656,1.0,isotonic,42
1,0.9961722134156842,1.0,isotonic,42
1,0.9933542560297685,1.0,isotonic,42
0,0.2862016687656759,0.2041343669250646,isotonic,42
0,0.059485788762386256,0.0,isotonic,42
0,0.2604525174540536,0.2041343669250646,isotonic,42
1,0.9923039339357509,1.0,isotonic,42
0,0.25035232352189757,0.2041343669250646,isotonic,42
0,0.16591778953384942,0.13333333333333333,isotonic,42
0,0.2528445701105532,0.2041343669250646,isotonic,42
0,0.07035347783584629,0.022222222222222223,isotonic,42
0,0.20068839775223407,0.2041343669250646,isotonic,42
1,0.6385666727033152,0.7142857142857143,isotonic,42
1,0.996273597856135,1.0,isotonic,42
0,0.20225568985719464,0.2041343669250646,isotonic,42
0,0.12464158109987213,0.09090909090909091,isotonic,42
1,0.9363974722673758,1.0,isotonic,42
1,0.9482863798155463,1.0,isotonic,42
1,0.9574231069937523,1.0,isotonic,42
0,0.17492656529728673,0.16666666666666666,isotonic,42
0,0.274143081421294,0.2041343669250646,isotonic,42
0,0.09962234418897574,0.04433497536945813,isotonic,42
1,0.5650871387338523,0.6341463414634146,isotonic,42
0,0.12915333215147373,0.09090909090909091,isotonic,42
0,0.08884482978794551,0.04433497536945813,isotonic,42
0,0.2688381004981646,0.2041343669250646,isotonic,42
1,0.94914567521414,1.0,isotonic,42
0,0.14727919990558716,0.09090909090909091,isotonic,42
0,0.22188788449977556,0.2041343669250646,isotonic,42
1,0.11680571980169598,0.04433497536945813,isotonic,42
1,0.9591262587293081,1.0,isotonic,42
0,0.17237809574214052,0.16666666666666666,isotonic,42
0,0.34141098245426893,0.34065934065934067,isotonic,42
1,0.278490910721016,0.2041343669250646,isotonic,42
1,0.29539082769168123,0.2041343669250646,isotonic,42
0,0.16258554394166141,0.11627906976744186,isotonic,42
1,0.9961468205531435,1.0,isotonic,42
0,0.33528700660922894,0.34065934065934067,isotonic,42
1,0.9299070516151229,1.0,isotonic,42
1,0.989509136174667,1.0,isotonic,42
0,0.1170659022892489,0.04433497536945813,isotonic,42
0,0.1520738023430694,0.09090909090909091,isotonic,42
1,0.8941870706872684,1.0,isotonic,42
1,0.9539995828078867,1.0,isotonic,42
0,0.19547670494841096,0.2041343669250646,isotonic,42
1,0.31180944522663484,0.28155339805825247,isotonic,42
1,0.987369986803479,1.0,isotonic,42
1,0.870243913135775,1.0,isotonic,42
1,0.9494183964945802,1.0,isotonic,42
0,0.5343791819915205,0.6341463414634146,isotonic,42
1,0.9863592780654545,1.0,isotonic,42
0,0.4437460968412297,0.4166666666666667,isotonic,42
1,0.889204254625678,1.0,isotonic,42
1,0.9928252459498107,1.0,isotonic,42
0,0.20563600715142016,0.2041343669250646,isotonic,42
1,0.18333656464022857,0.2041343669250646,isotonic,42
1,0.9982260594058261,1.0,isotonic,42
1,0.9327592328399679,1.0,isotonic,42
1,0.6878228393053901,0.8888888888888888,isotonic,42
1,0.9953111912716872,1.0,isotonic,42
1,0.9933088169483909,1.0,isotonic,42
1,0.996719628216303,1.0,isotonic,42
0,0.1390995492781474,0.09090909090909091,isotonic,42
1,0.53635030956571,0.6341463414634146,isotonic,42
0,0.17413792144092563,0.16666666666666666,isotonic,42
0,0.1405449234992936,0.09090909090909091,isotonic,42
1,0.8756087418392754,1.0,isotonic,42
1,0.9516002599458258,1.0,isotonic,42
1,0.9405479374265641,1.0,isotonic,42
0,0.3301441668331351,0.28155339805825247,isotonic,42
0,0.4266170713185879,0.4146341463414634,isotonic,42
1,0.5331371745931051,0.6341463414634146,isotonic,42
0,0.3033011557782812,0.28155339805825247,isotonic,42
0,0.4297445676047041,0.4146341463414634,isotonic,42
1,0.9237929993830659,1.0,isotonic,42
1,0.9920115897304188,1.0,isotonic,42
1,0.9815599499844033,1.0,isotonic,42
1,0.9442090049926644,1.0,isotonic,42
1,0.8984503319058772,1.0,isotonic,42
1,0.9924412225241368,1.0,isotonic,42
0,0.47805371067255936,0.4687500000000001,isotonic,42
1,0.9428018164262636,1.0,isotonic,42
1,0.42680004650639414,0.4146341463414634,isotonic,42
1,0.25436197096603264,0.2041343669250646,isotonic,42
0,0.21609016138009157,0.2041343669250646,isotonic,42
1,0.9262016242777884,1.0,isotonic,42
1,0.8938167236677058,1.0,isotonic,42
1,0.3014603241662035,0.28155339805825247,isotonic,42
0,0.1443188016888891,0.09090909090909091,isotonic,42
0,0.17243946586437295,0.16666666666666666,isotonic,42
1,0.9445849593669563,1.0,isotonic,42
1,0.993534906616583,1.0,isotonic,42
0,0.295598570290796,0.2041343669250646,isotonic,42
0,0.06277280067567947,0.0,isotonic,42
1,0.9950451030997617,1.0,isotonic,42
0,0.3160682387239912,0.28155339805825247,isotonic,42
0,0.5117207142685382,0.6206896551724138,isotonic,42
1,0.9247953633503113,1.0,isotonic,42
1,0.9486336392978578,1.0,isotonic,42
0,0.27912736077094885,0.2041343669250646,isotonic,42
1,0.9901855544925269,1.0,isotonic,42
1,0.992287473804513,1.0,isotonic,42
0,0.13167311049928757,0.09090909090909091,isotonic,42
0,0.29926785967102987,0.28155339805825247,isotonic,42
1,0.9456753082546635,1.0,isotonic,42
0,0.15129378112586614,0.09090909090909091,isotonic,42
1,0.9455810279535574,1.0,isotonic,42
0,0.11574611145324615,0.04433497536945813,isotonic,42
1,0.3167630979555456,0.28155339805825247,isotonic,42
0,0.1434771866971026,0.09090909090909091,isotonic,42
1,0.9058597524486091,1.0,isotonic,42
0,0.4337856413564516,0.4146341463414634,isotonic,42
1,0.43272578952332375,0.4146341463414634,isotonic,42
1,0.9295691695702175,1.0,isotonic,42
0,0.46952690939206654,0.4687500000000001,isotonic,42
1,0.9177758036702952,1.0,isotonic,42
0,0.16507238611550734,0.13333333333333333,isotonic,42
0,0.4418152741465526,0.4166666666666667,isotonic,42
1,0.9489584785179074,1.0,isotonic,42
1,0.31243162874067365,0.28155339805825247,isotonic,42
0,0.1527453080172044,0.09090909090909091,isotonic,42
1,0.9815599499844033,1.0,isotonic,42
1,0.9900011147551377,1.0,isotonic,42
1,0.258371383643093,0.2041343669250646,isotonic,42
0,0.3169874557289629,0.28155339805825247,isotonic,42
1,0.3193364675053755,0.28155339805825247,isotonic,42
0,0.1410734381744899,0.09090909090909091,isotonic,42
1,0.9996787894518552,1.0,isotonic,42
1,0.867435499177554,1.0,isotonic,42
0,0.49197301468682025,0.4687500000000001,isotonic,42
0,0.27934970268074366,0.2041343669250646,isotonic,42
0,0.5403389568058234,0.6341463414634146,isotonic,42
0,0.2528484604636563,0.2041343669250646,isotonic,42
1,0.9891988119255429,1.0,isotonic,42
1,0.9112819528390633,1.0,isotonic,42
0,0.08064767772779162,0.030303030303030304,isotonic,42
0,0.3207453630147038,0.28155339805825247,isotonic,42
1,0.2093127360397453,0.2041343669250646,isotonic,42
0,0.3428822163952568,0.34065934065934067,isotonic,42
0,0.145284097856808,0.09090909090909091,isotonic,42
0,0.06574190798408776,0.0,isotonic,42
0,0.07179468058506758,0.022222222222222223,isotonic,42
1,0.9487912689324384,1.0,isotonic,42
0,0.1417051694074457,0.09090909090909091,isotonic,42
0,0.10034330012005085,0.04433497536945813,isotonic,42
0,0.17130525062528368,0.16238626993548014,isotonic,42
0,0.3438175963874928,0.34065934065934067,isotonic,42
1,0.09204575612038784,0.04433497536945813,isotonic,42
0,0.06059975942326267,0.0,isotonic,42
0,0.08690950159815974,0.04433497536945813,isotonic,42
1,0.7590138414437898,1.0,isotonic,42
0,0.1821860753595549,0.2041343669250646,isotonic,42
1,0.9815599499844033,1.0,isotonic,42
1,0.5063191727220554,0.4687500000000001,isotonic,42
1,0.9927546528169815,1.0,isotonic,42
0,0.48297113717178186,0.4687500000000001,isotonic,42
1,0.9552115434549605,1.0,isotonic,42
1,0.32577977258816737,0.28155339805825247,isotonic,42
1,0.17036353682782338,0.13333333333333333,isotonic,42
0,0.06369713671544491,0.0,isotonic,42
1,0.575964122593412,0.65,isotonic,42
0,0.09381152001191181,0.04433497536945813,isotonic,42
0,0.1467085220437803,0.09090909090909091,isotonic,42
0,0.07638500554125872,0.022222222222222223,isotonic,42
0,0.1460698954208613,0.09090909090909091,isotonic,42
0,0.12213439023301552,0.09090909090909091,isotonic,42
1,0.9463345865157885,1.0,isotonic,42
0,0.24750478198986064,0.2041343669250646,isotonic,42
0,0.2598071829438772,0.2041343669250646,isotonic,42
1,0.9815599499844033,1.0,isotonic,42
0,0.05649346557501597,0.0,isotonic,42
1,0.920610252446423,1.0,isotonic,42
0,0.10483754662133245,0.04433497536945813,isotonic,42
1,0.9953634705319797,1.0,isotonic,42
1,0.9289694276369683,1.0,isotonic,42
1,0.7791466796941493,1.0,isotonic,42
0,0.16456297150412416,0.13333333333333333,isotonic,42
0,0.10830291541925455,0.04433497536945813,isotonic,42
0,0.15483501800129343,0.11627906976744186,isotonic,42
0,0.11121427039728791,0.04433497536945813,isotonic,42
0,0.3224242884121587,0.28155339805825247,isotonic,42
0,0.2279773247029975,0.2041343669250646,isotonic,42
0,0.17389978904979744,0.16666666666666666,isotonic,42
1,0.995175434692174,1.0,isotonic,42
1,0.9965179828789975,1.0,isotonic,42
1,0.8623213385942936,1.0,isotonic,42
1,0.18023621453166686,0.16666666666666666,isotonic,42
0,0.05712504798045386,0.0,isotonic,42
0,0.30038554553259306,0.28155339805825247,isotonic,42
1,1.0,1.0,isotonic,42
0,0.19691439455907053,0.2041343669250646,isotonic,42
1,0.9239886622272843,1.0,isotonic,42
1,0.9924852872991645,1.0,isotonic,42
1,0.315206581622314,0.28155339805825247,isotonic,42
0,0.14441107878377246,0.09090909090909091,isotonic,42
0,0.0909045561971846,0.04433497536945813,isotonic,42
0,0.06297794376837511,0.0,isotonic,42
1,0.9167820779395479,1.0,isotonic,42
0,0.14266965686505104,0.09090909090909091,isotonic,42
0,0.05782469956026721,0.0,isotonic,42
1,0.9076470095348926,1.0,isotonic,42
0,0.13149463205578518,0.09090909090909091,isotonic,42
0,0.08476828670334782,0.04433497536945813,isotonic,42
1,0.17409253363072075,0.16666666666666666,isotonic,42
0,0.20509687186173192,0.2041343669250646,isotonic,42
1,0.8597741703721887,1.0,isotonic,42
1,0.9999598793554355,1.0,isotonic,42
0,0.22646451971380457,0.2041343669250646,isotonic,42
0,0.06447725254593543,0.0,isotonic,42
1,0.24668504376458883,0.2041343669250646,isotonic,42
1,0.9222431443633777,1.0,isotonic,42
1,0.906715616156789,1.0,isotonic,42
0,0.14821910221966897,0.09090909090909091,isotonic,42
0,0.4153649334725452,0.4,isotonic,42
1,0.9815599499844033,1.0,isotonic,42
0,0.5572546365820963,0.6341463414634146,isotonic,42
1,0.20317317607219876,0.2041343669250646,isotonic,42
1,0.8787088910167868,1.0,isotonic,42
0,0.4614552700855587,0.4687500000000001,isotonic,42
0,0.2401211747036274,0.2041343669250646,isotonic,42
1,0.38722487980350045,0.39705882352941174,isotonic,42
1,0.38548210086077345,0.39705882352941174,isotonic,42
0,0.14402600061156684,0.09090909090909091,isotonic,42
1,0.987172186275531,1.0,isotonic,42
1,0.9457649500936137,1.0,isotonic,42
1,0.445104290486118,0.4687500000000001,isotonic,42
1,0.9815599499844033,1.0,isotonic,42
0,0.19336093282434907,0.2041343669250646,isotonic,42
1,0.9996428548622951,1.0,isotonic,42
0,0.31366511717959367,0.28155339805825247,isotonic,42
0,0.4348006378129073,0.4146341463414634,isotonic,42
1,0.9952262040403093,1.0,isotonic,42
0,0.45188449721559343,0.4687500000000001,isotonic,42
0,0.07574218320156427,0.022222222222222223,isotonic,42
0,0.2453879491185855,0.2041343669250646,isotonic,42
1,0.9567963625398043,1.0,isotonic,42
0,0.27013673718414927,0.2041343669250646,isotonic,42
1,0.8782841939396375,1.0,isotonic,42
0,0.11989950638918309,0.062278641333762194,isotonic,42
0,0.0765149155115023,0.022222222222222223,isotonic,42
0,0.15314522547917545,0.09090909090909091,isotonic,42
1,0.28965229856687874,0.2041343669250646,isotonic,42
0,0.11273166961575048,0.04433497536945813,isotonic,42
1,0.9405271540191912,1.0,isotonic,42
0,0.43442531490876574,0.4146341463414634,isotonic,42
1,0.3129837896648039,0.28155339805825247,isotonic,42
0,0.11977606977644902,0.04433497536945813,isotonic,42
1,0.44805748291261743,0.4687500000000001,isotonic,42
0,0.19816883942509078,0.2041343669250646,isotonic,42
1,0.46425371781710906,0.4687500000000001,isotonic,42
1,0.9925496494682536,1.0,isotonic,42
1,0.9035002319056675,1.0,isotonic,42
0,0.2926153265809702,0.2041343669250646,isotonic,42
1,0.4348890682850656,0.4146341463414634,isotonic,42
0,0.16018737781268558,0.11627906976744186,isotonic,42
1,0.9274724978016299,1.0,isotonic,42
1,0.8655479624679802,1.0,isotonic,42
0,0.36344698744951615,0.34065934065934067,isotonic,42
0,0.13475831964607904,0.09090909090909091,isotonic,42
0,0.17824515012593678,0.16666666666666666,isotonic,42
0,0.12461776442385122,0.09090909090909091,isotonic,42
0,0.2973402251737875,0.28155339805825247,isotonic,42
1,0.9912651679545671,1.0,isotonic,42
1,0.9278674193805676,1.0,isotonic,42
1,0.1767670746220518,0.16666666666666666,isotonic,42
1,0.9999863223508635,1.0,isotonic,42
0,0.22757040872880613,0.2041343669250646,isotonic,42
0,0.1442634148302558,0.09090909090909091,isotonic,42
0,0.1697127673118704,0.13333333333333333,isotonic,42
1,0.9930270822218424,1.0,isotonic,42
0,0.2950636675853073,0.2041343669250646,isotonic,42
1,0.9810080780916949,1.0,isotonic,42
0,0.48323073953686485,0.4687500000000001,isotonic,42
1,0.9928161180222252,1.0,isotonic,42
1,0.21372760579932412,0.2041343669250646,isotonic,42
0,0.2792269670174503,0.2041343669250646,isotonic,42
0,0.08914238561850772,0.04433497536945813,isotonic,42
1,0.9769753692687243,1.0,isotonic,42
0,0.0978520517000604,0.04433497536945813,isotonic,42
1,0.376414297759518,0.39705882352941174,isotonic,42
0,0.18447094364633168,0.2041343669250646,isotonic,42
1,0.22940545609173962,0.2041343669250646,isotonic,42
0,0.3887235185744013,0.39705882352941174,isotonic,42
0,0.16672994966858473,0.13333333333333333,isotonic,42
0,0.07943102339946925,0.030303030303030304,isotonic,42
0,0.09540185844779249,0.04433497536945813,isotonic,42
0,0.3063720055995796,0.28155339805825247,isotonic,42
1,0.8803469650308204,1.0,isotonic,42
0,0.0692991595147567,0.0,isotonic,42
1,0.3229723306220121,0.28155339805825247,isotonic,42
0,0.16188594260620845,0.11627906976744186,isotonic,42
1,0.9853940840988469,1.0,isotonic,42
1,0.5683249676146239,0.6341463414634146,isotonic,42
0,0.3960488058114245,0.39705882352941174,isotonic,42
1,0.9887324776902271,1.0,isotonic,42
1,0.43853914507764397,0.4146341463414634,isotonic,42
1,0.9815599499844033,1.0,isotonic,42
0,0.11168829135423315,0.04433497536945813,isotonic,42
0,0.1047330458038302,0.04433497536945813,isotonic,42
1,0.7798009738034163,1.0,isotonic,42
1,0.5319522780134158,0.6341463414634146,isotonic,42
0,0.15753782604461453,0.11627906976744186,isotonic,42
0,0.1917025019003864,0.2041343669250646,isotonic,42
1,0.9279579316159631,1.0,isotonic,42
0,0.24087787900836613,0.2041343669250646,isotonic,42
1,0.8854659094689373,1.0,isotonic,42
1,0.9930768738223299,1.0,isotonic,42
0,0.30653048363562935,0.28155339805825247,isotonic,42
1,0.9696978283844665,1.0,isotonic,42
0,0.31888027108244205,0.28155339805825247,isotonic,42
1,0.9815599499844033,1.0,isotonic,42
0,0.3090383253515203,0.28155339805825247,isotonic,42
1,0.19604130358523353,0.2041343669250646,isotonic,42
1,0.1901077520045247,0.2041343669250646,isotonic,42
0,0.2694899677333819,0.2041343669250646,isotonic,42
1,0.31013982628887055,0.28155339805825247,isotonic,42
0,0.49904967829513186,0.4687500000000001,isotonic,42
1,0.34857787747945385,0.34065934065934067,isotonic,42
0,0.09985697762725043,0.04433497536945813,isotonic,42
1,0.879668866670988,1.0,isotonic,42
0,0.12567914525130058,0.09090909090909091,isotonic,42
0,0.12067841419601207,0.09090909090909091,isotonic,42
0,0.1575160097632227,0.11627906976744186,isotonic,42
1,0.9873780224772526,1.0,isotonic,42
1,0.8655797773054239,1.0,isotonic,42
1,0.9907896074353902,1.0,isotonic,42
1,0.9288142808234588,1.0,isotonic,42
1,0.9790693577867461,1.0,isotonic,42
1,0.11301828845554503,0.04433497536945813,isotonic,42
0,0.14569414946012113,0.09090909090909091,isotonic,42
1,0.3207612062557193,0.28155339805825247,isotonic,42
0,0.3268983363356227,0.28155339805825247,isotonic,42
0,0.16459175489780517,0.13333333333333333,isotonic,42
1,0.9899148659576497,1.0,isotonic,42
1,0.9949996659482914,1.0,isotonic,42
0,0.25478503141695114,0.2041343669250646,isotonic,42
0,0.24989675419695306,0.2041343669250646,isotonic,42
0,0.5643782581879803,0.6341463414634146,isotonic,42
1,0.9930350157627805,1.0,isotonic,42
1,0.921474399258863,1.0,isotonic,42
0,0.08014692731431249,0.030303030303030304,isotonic,42
1,0.3049980768841536,0.28155339805825247,isotonic,42
0,0.36061280109896043,0.34065934065934067,isotonic,42
0,0.07910144005543004,0.030303030303030304,isotonic,42
0,0.07418373011465644,0.022222222222222223,isotonic,42
1,0.400946927936538,0.39705882352941174,isotonic,42
0,0.20192748713602643,0.2041343669250646,isotonic,42
0,0.13812485079314776,0.09090909090909091,isotonic,42
0,0.11398683792857384,0.04433497536945813,isotonic,42
1,0.4040274165063123,0.39705882352941174,isotonic,42
1,0.9142014786174324,1.0,isotonic,42
1,0.9537801799479653,1.0,isotonic,42
0,0.08140492133485748,0.030303030303030304,isotonic,42
0,0.2673490626145462,0.2041343669250646,isotonic,42
0,0.4626991652932112,0.4687500000000001,isotonic,42
0,0.28288840569127877,0.2041343669250646,isotonic,42
0,0.13301698148461857,0.09090909090909091,isotonic,42
1,0.9815599499844033,1.0,isotonic,42
0,0.2611700845389618,0.2041343669250646,isotonic,42
1,0.8660468442144563,1.0,isotonic,42
0,0.15632514633443237,0.11627906976744186,isotonic,42
0,0.2355272222425478,0.2041343669250646,isotonic,42
1,0.8795341152767417,1.0,isotonic,42
0,0.10074234960935402,0.04433497536945813,isotonic,42
0,0.1944548000930599,0.2041343669250646,isotonic,42
0,0.14226032717683268,0.09090909090909091,isotonic,42
0,0.2595166997192521,0.2041343669250646,isotonic,42
1,0.9492363301604381,1.0,isotonic,42
0,0.1340285454447741,0.09090909090909091,isotonic,42
0,0.16820519364739162,0.13333333333333333,isotonic,42
0,0.1552946344728274,0.11627906976744186,isotonic,42
1,0.14485507139812884,0.09090909090909091,isotonic,42
1,0.7685386515900529,1.0,isotonic,42
0,0.16592512160750506,0.13333333333333333,isotonic,42
1,0.9815599499844033,1.0,isotonic,42
0,0.32784718610935565,0.28155339805825247,isotonic,42
1,0.35560156568069584,0.34065934065934067,isotonic,42
0,0.23880458360610485,0.2041343669250646,isotonic,42
1,0.993652324437406,1.0,isotonic,42
1,0.9815599499844033,1.0,isotonic,42
1,0.9507096326690276,1.0,isotonic,42
0,0.5005427441210137,0.4687500000000001,isotonic,42
1,0.998657936517248,1.0,isotonic,42
1,0.1545488568215755,0.11627906976744186,isotonic,42
1,0.9815599499844033,1.0,isotonic,42
1,0.8951446168990331,1.0,isotonic,42
0,0.09758024878519524,0.04433497536945813,isotonic,42
0,0.2182729389430593,0.2041343669250646,isotonic,42
1,0.4555500447528023,0.4687500000000001,isotonic,42
1,0.992443098549036,1.0,isotonic,42
0,0.17702543571172144,0.16666666666666666,isotonic,42
0,0.38706859984587494,0.39705882352941174,isotonic,42
1,0.9951104333566769,1.0,isotonic,42
0,0.3554510965319121,0.34065934065934067,isotonic,42
1,0.4490822486114434,0.4687500000000001,isotonic,42
1,0.10098862935135708,0.04433497536945813,isotonic,42
1,0.8995915667435201,1.0,isotonic,42
0,0.1471888730748132,0.09090909090909091,isotonic,42
0,0.21098679907007842,0.2041343669250646,isotonic,42
0,0.14954753809195082,0.09090909090909091,isotonic,42
1,0.9815599499844033,1.0,isotonic,42
0,0.1606562945929766,0.11627906976744186,isotonic,42
0,0.1466264126530447,0.09090909090909091,isotonic,42
1,0.9143509342153112,1.0,isotonic,42
0,0.18765243106879123,0.2041343669250646,isotonic,42
0,0.4946266426713546,0.4687500000000001,isotonic,42
1,0.4005315974346119,0.39705882352941174,isotonic,42
0,0.1830399293541259,0.2041343669250646,isotonic,42
1,0.9815599499844033,1.0,isotonic,42
1,0.8579946698293488,1.0,isotonic,42
1,0.91730811536851,1.0,isotonic,42
1,0.9092327791482171,1.0,isotonic,42
1,0.37538324226536984,0.39705882352941174,isotonic,42
1,0.9931518065552555,1.0,isotonic,42
0,0.09808150631458051,0.04433497536945813,isotonic,42
1,0.9815599499844033,1.0,isotonic,42
1,0.7905455896218182,1.0,isotonic,42
1,0.6646317961667261,0.8762028054418813,isotonic,42
0,0.4419337565478356,0.4166666666666667,isotonic,42
0,0.09784934339306503,0.04433497536945813,isotonic,42
0,0.27104842913728966,0.2041343669250646,isotonic,42
0,0.6848991328242053,0.8888888888888888,isotonic,42
0,0.20632179827843625,0.2041343669250646,isotonic,42
1,0.7141968927692384,0.9326208871224648,isotonic,42
1,0.9483892138313508,1.0,isotonic,42
1,0.940288188475408,1.0,isotonic,42
1,0.913251614584559,1.0,isotonic,42
0,0.08488972884305088,0.04433497536945813,isotonic,42
0,0.11790187515611464,0.04433497536945813,isotonic,42
0,0.0844428603400673,0.04433497536945813,isotonic,42
1,0.9917520047047603,1.0,isotonic,42
1,0.5545267920645205,0.6341463414634146,isotonic,42
0,0.21281405830090375,0.2041343669250646,isotonic,42
1,0.8906248592331479,1.0,isotonic,42
0,0.09947209765994448,0.04433497536945813,isotonic,42
1,0.9998242998741311,1.0,isotonic,42
0,0.19339324881298198,0.2041343669250646,isotonic,42
0,0.3145240979331326,0.28155339805825247,isotonic,42
1,0.32680667959788695,0.28155339805825247,isotonic,42
1,0.2806981279405674,0.2041343669250646,isotonic,42
0,0.3688915189587528,0.34065934065934067,isotonic,42
1,0.9518431856867967,1.0,isotonic,42
0,0.23047176360694535,0.2041343669250646,isotonic,42
0,0.48106169167627466,0.4687500000000001,isotonic,42
1,0.39520611037444825,0.39705882352941174,isotonic,42
1,0.9235056649809328,1.0,isotonic,42
0,0.0877318410879493,0.04433497536945813,isotonic,42
0,0.15802680826430285,0.11627906976744186,isotonic,42
0,0.12481523746454871,0.09090909090909091,isotonic,42
1,0.5139831591551627,0.6206896551724138,isotonic,42
0,0.4235103231856878,0.4146341463414634,isotonic,42
0,0.24094368723696158,0.2041343669250646,isotonic,42
1,0.9941028466327009,1.0,isotonic,42
1,0.4470969319399946,0.4687500000000001,isotonic,42
0,0.11912405077013197,0.04433497536945813,isotonic,42
0,0.07162623845871506,0.022222222222222223,isotonic,42
1,0.9025292207914214,1.0,isotonic,42
0,0.24640491722289157,0.2041343669250646,isotonic,42
1,0.9815599499844033,1.0,isotonic,42
0,0.2354738760538244,0.2041343669250646,isotonic,42
1,0.3773691816894858,0.39705882352941174,isotonic,42
0,0.11431023232257222,0.04433497536945813,isotonic,42
1,0.9548986304380676,1.0,isotonic,42
1,0.9999744628325815,1.0,isotonic,42
0,0.15578266673017432,0.11627906976744186,isotonic,42
1,0.9944899878952964,1.0,isotonic,42
1,0.3603723854138456,0.34065934065934067,isotonic,42
1,0.9736465985228231,1.0,isotonic,42
0,0.07133806073569883,0.022222222222222223,isotonic,42
1,0.8523961586759817,1.0,isotonic,42
1,0.9920741140544114,1.0,isotonic,42
1,0.3401159641138209,0.34065934065934067,isotonic,42
1,0.9021117389467457,1.0,isotonic,42
1,0.990048963496217,1.0,isotonic,42
1,0.8727919157876464,1.0,isotonic,42
1,0.9815599499844033,1.0,isotonic,42
1,0.8827022829217609,1.0,isotonic,42
1,0.9815599499844033,1.0,isotonic,42
0,0.18813379206793557,0.2041343669250646,isotonic,42
1,0.8803416860349084,1.0,isotonic,42
0,0.1587529691366017,0.11627906976744186,isotonic,42
1,0.9195054556111942,1.0,isotonic,42
0,0.21589624095720977,0.2041343669250646,isotonic,42
0,0.18886455253457304,0.2041343669250646,isotonic,42
0,0.06523625654819773,0.0,isotonic,42
1,0.9530582181524521,1.0,isotonic,42
0,0.22805730102519386,0.2041343669250646,isotonic,42
1,0.9898672238789497,1.0,isotonic,42
1,0.9815599499844033,1.0,isotonic,42
1,0.9988787930502263,1.0,isotonic,42
0,0.19189139745249165,0.2041343669250646,isotonic,42
0,0.29644774766741283,0.2041343669250646,isotonic,42
0,0.06008244094854131,0.0,isotonic,42
1,0.18302820179745038,0.2041343669250646,isotonic,42
1,0.993592221686808,1.0,isotonic,42
1,0.18509636584411382,0.2041343669250646,isotonic,42
0,0.13895428429384238,0.09090909090909091,isotonic,42
0,0.10588688911956202,0.04433497536945813,isotonic,42
1,0.9180271329305634,1.0,isotonic,42
0,0.4457621974831716,0.4687500000000001,isotonic,42
0,0.26822280136857907,0.2041343669250646,isotonic,42
1,0.921474748437044,1.0,isotonic,42
1,0.9535499577139193,1.0,isotonic,42
1,0.9082874350535451,1.0,isotonic,42
0,0.30825095747796916,0.28155339805825247,isotonic,42
1,0.8881666237818266,1.0,isotonic,42
1,0.8628075871409775,1.0,isotonic,42
0,0.10332158500370553,0.04433497536945813,isotonic,42
0,0.2619878366733877,0.2041343669250646,isotonic,42
0,0.41603226011683797,0.4,isotonic,42
1,0.9342941018715264,1.0,isotonic,42
0,0.13822169127343117,0.09090909090909091,isotonic,42
1,0.35109588665807756,0.34065934065934067,isotonic,42
1,0.3511781651147173,0.34065934065934067,isotonic,42
1,0.9265470095455868,1.0,isotonic,42
1,0.8128452537313777,1.0,isotonic,42
0,0.43522598983326277,0.4146341463414634,isotonic,42
1,0.26845670235265695,0.2041343669250646,isotonic,42
0,0.4051040196447497,0.39705882352941174,isotonic,42
0,0.2233055952838128,0.2041343669250646,isotonic,42
0,0.06578570419184972,0.0,isotonic,42
1,0.4784755322816462,0.4687500000000001,isotonic,42
0,0.07842139346757088,0.030303030303030304,isotonic,42
1,0.9524529634039197,1.0,isotonic,42
0,0.16298211382853592,0.11627906976744186,isotonic,42
1,0.14952039418313304,0.09090909090909091,isotonic,42
0,0.31305805989805635,0.28155339805825247,isotonic,42
1,0.9935516203033812,1.0,isotonic,42
0,0.06505199403176648,0.0,isotonic,42
0,0.12977760645931247,0.09090909090909091,isotonic,42
0,0.09609776445924251,0.04433497536945813,isotonic,42
0,0.42807344934003044,0.4146341463414634,isotonic,42
1,0.9928072756769674,1.0,isotonic,42
1,0.21720140663911333,0.2041343669250646,isotonic,42
1,0.9906860274050022,1.0,isotonic,42
0,0.12226274706540313,0.09090909090909091,isotonic,42
0,0.26059794802800035,0.2041343669250646,isotonic,42
0,0.16876193241945697,0.13333333333333333,isotonic,42
1,0.9834586100582662,1.0,isotonic,42
0,0.1445612844824913,0.09090909090909091,isotonic,42
0,0.15140317165036776,0.09090909090909091,isotonic,42
1,0.9629608581216037,1.0,isotonic,42
0,0.18106963400620563,0.2041343669250646,isotonic,42
0,0.15387892735334074,0.09090909090909091,isotonic,42
0,0.14158287632713798,0.09090909090909091,isotonic,42
1,0.31198684089055106,0.28155339805825247,isotonic,42
0,0.10024751420154282,0.04433497536945813,isotonic,42
0,0.1927960710709247,0.2041343669250646,isotonic,42
1,0.8825556027340161,1.0,isotonic,42
1,0.5064351542859885,0.4687500000000001,isotonic,42
0,0.20627432042717483,0.2041343669250646,isotonic,42
0,0.16907797754419057,0.13333333333333333,isotonic,42
0,0.23470567603170933,0.2041343669250646,isotonic,42
0,0.15656830075728592,0.11627906976744186,isotonic,42
0,0.43415002842467676,0.4146341463414634,isotonic,42
1,0.9355831390263543,1.0,isotonic,42
0,0.21554021313847296,0.2041343669250646,isotonic,42
1,0.9906822422046165,1.0,isotonic,42
0,0.31555512892109167,0.28155339805825247,isotonic,42
0,0.18147032954450362,0.2041343669250646,isotonic,42
0,0.43357175374962686,0.4146341463414634,isotonic,42
1,0.9482915243491463,1.0,isotonic,42
1,0.9815599499844033,1.0,isotonic,42
0,0.15251131989960295,0.09090909090909091,isotonic,42
0,0.49675804396288564,0.4687500000000001,isotonic,42
0,0.13475636191314685,0.09090909090909091,isotonic,42
0,0.30071154613557505,0.28155339805825247,isotonic,42
0,0.11598561812018905,0.04433497536945813,isotonic,42
1,0.9372807066066019,1.0,isotonic,42
1,0.8691796367683001,1.0,isotonic,42
0,0.07721834864132691,0.022222222222222223,isotonic,42
0,0.37070400612491416,0.39705882352941174,isotonic,42
0,0.5395349185956877,0.6341463414634146,isotonic,42
1,0.9911646070320534,1.0,isotonic,42
1,0.9973580322338745,1.0,isotonic,42
0,0.06759895985983362,0.0,isotonic,42
1,0.9234756816001601,1.0,isotonic,42
0,0.06596786522329225,0.0,isotonic,42
1,0.3385865322820394,0.34065934065934067,isotonic,42
0,0.17489316682782102,0.16666666666666666,isotonic,42
0,0.25946068722532567,0.2041343669250646,isotonic,42
1,0.9333149918895868,1.0,isotonic,42
0,0.08998061437359471,0.04433497536945813,isotonic,42
1,0.12914405333901968,0.09090909090909091,isotonic,42
0,0.22313480167843566,0.2041343669250646,isotonic,42
0,0.17201008533774004,0.16666666666666666,isotonic,42
0,0.07722642194018915,0.022222222222222223,isotonic,42
1,0.3301304207144575,0.28155339805825247,isotonic,42
1,1.0,1.0,isotonic,42
1,0.938976252690346,1.0,isotonic,42
1,0.9243113989540175,1.0,isotonic,42
1,0.370685219375138,0.39705882352941174,isotonic,42
0,0.13821736418824582,0.09090909090909091,isotonic,42
0,0.24844297316235564,0.2041343669250646,isotonic,42
1,0.3702985860819667,0.39705882352941174,isotonic,42
0,0.25317890118198627,0.2041343669250646,isotonic,42
1,0.32706452235339406,0.28155339805825247,isotonic,42
1,0.9342242689688061,1.0,isotonic,42
1,0.14246937392721143,0.09090909090909091,isotonic,42
0,0.42802618729123587,0.4146341463414634,isotonic,42
1,0.33591761815195087,0.34065934065934067,isotonic,42
1,0.400518961329872,0.39705882352941174,isotonic,42
0,0.153354647513531,0.09090909090909091,isotonic,42
0,0.15878491499087022,0.11627906976744186,isotonic,42
1,0.28941532633126743,0.2041343669250646,isotonic,42
0,0.15652619984802457,0.11627906976744186,isotonic,42
0,0.29263017493448673,0.2041343669250646,isotonic,42
1,0.9048213037359351,1.0,isotonic,42
0,0.14297012849584056,0.09090909090909091,isotonic,42
0,0.2285425892707777,0.2041343669250646,isotonic,42
0,0.48969579495366683,0.4687500000000001,isotonic,42
0,0.23690316772408182,0.2041343669250646,isotonic,42
1,0.24359220328877765,0.2041343669250646,isotonic,42
1,0.9552473886837483,1.0,isotonic,42
1,0.8897130192623054,1.0,isotonic,42
1,0.8576522711279643,1.0,isotonic,42
1,0.9356044354203171,1.0,isotonic,42
1,0.1431836510441193,0.09090909090909091,isotonic,42
0,0.100031130871421,0.04433497536945813,isotonic,42
0,0.3772502752452091,0.39705882352941174,isotonic,42
0,0.17131552820656706,0.16323387021911717,isotonic,42
0,0.22502071929024628,0.2041343669250646,isotonic,42
1,0.9167494603483661,1.0,isotonic,42
0,0.14388585248757468,0.09090909090909091,isotonic,42
0,0.1826335229461451,0.2041343669250646,isotonic,42
1,0.9383310437360268,1.0,isotonic,42
0,0.0645951958371315,0.0,isotonic,42
1,0.9822465181896802,1.0,isotonic,42
0,0.09727188644134695,0.04433497536945813,isotonic,42
0,0.10316929184491438,0.04433497536945813,isotonic,42
1,0.9491167840775632,1.0,isotonic,42
0,0.2640496100571335,0.2041343669250646,isotonic,42
1,0.9314606286707343,1.0,isotonic,42
1,0.2720249165506482,0.2041343669250646,isotonic,42
1,0.9815599499844033,1.0,isotonic,42
1,0.4637588458729991,0.4687500000000001,isotonic,42
1,0.9923237919197881,1.0,isotonic,42
1,0.20513891096286901,0.2041343669250646,isotonic,42
1,0.8850471145995404,1.0,isotonic,42
1,0.9923512604779584,1.0,isotonic,42
0,0.09754499653464721,0.04433497536945813,isotonic,42
0,0.10325508545046834,0.04433497536945813,isotonic,42
0,0.1751160772709681,0.16666666666666666,isotonic,42
1,0.9507384097846022,1.0,isotonic,42
1,0.9302511875661654,1.0,isotonic,42
0,0.07093770121849524,0.022222222222222223,isotonic,42
0,0.2616136897847659,0.2041343669250646,isotonic,42
0,0.09034393416305626,0.04433497536945813,isotonic,42
0,0.07864064496116804,0.030303030303030304,isotonic,42
0,0.2996983852145132,0.28155339805825247,isotonic,42
0,0.07214122093178554,0.022222222222222223,isotonic,42
0,0.4088054539335161,0.4,isotonic,42
0,0.1957687826351527,0.2041343669250646,isotonic,42
0,0.3198448918550185,0.28155339805825247,isotonic,42
0,0.09252080326882355,0.04433497536945813,isotonic,42
0,0.14418734811656053,0.09090909090909091,isotonic,42
0,0.27740399857398973,0.2041343669250646,isotonic,42
0,0.3038282453011552,0.28155339805825247,isotonic,42
0,0.28594015295477626,0.2041343669250646,isotonic,42
0,0.34149049242982243,0.34065934065934067,isotonic,42
0,0.10944698260665113,0.04433497536945813,isotonic,42
0,0.13063763778899318,0.09090909090909091,isotonic,42
0,0.28540379582963954,0.2041343669250646,isotonic,42
1,0.9905216913323734,1.0,isotonic,42
1,0.9936670447072234,1.0,isotonic,42
0,0.10705959516326646,0.04433497536945813,isotonic,42
1,0.9349487020364614,1.0,isotonic,42
1,0.9799824621592099,1.0,isotonic,42
0,0.07806363855877181,0.030303030303030304,isotonic,42
1,0.8817767474025864,1.0,isotonic,42
1,0.9278482262543151,1.0,isotonic,42
1,0.9999863223508635,1.0,isotonic,42
1,0.9815599499844033,1.0,isotonic,42
0,0.1641589379350726,0.13333333333333333,isotonic,42
0,0.05672663120826551,0.0,isotonic,42
1,0.6375791235701397,0.7142857142857143,isotonic,42
1,0.8883943943812619,1.0,isotonic,42
1,0.9298725835219485,1.0,isotonic,42
1,0.9182564475972076,1.0,isotonic,42
1,0.9946743991967424,1.0,isotonic,42
1,0.953485464592433,1.0,isotonic,42
1,0.9922997494700151,1.0,isotonic,42
1,0.9954565713826096,1.0,isotonic,42
0,0.2736744827531521,0.2041343669250646,isotonic,42
0,0.4868423177679222,0.4687500000000001,isotonic,42
0,0.17252048488663727,0.16666666666666666,isotonic,42
1,0.9378146703661165,1.0,isotonic,42
0,0.07543180269568736,0.022222222222222223,isotonic,42
1,0.41540574749991355,0.4,isotonic,42
0,0.0889609856895813,0.04433497536945813,isotonic,42
1,0.9051929846096738,1.0,isotonic,42
0,0.07305646654731618,0.022222222222222223,isotonic,42
1,0.9547669881240766,1.0,isotonic,42
1,0.4344665579157607,0.4146341463414634,isotonic,42
0,0.11813766385866373,0.04433497536945813,isotonic,42
0,0.25553805533148233,0.2041343669250646,isotonic,42
1,0.8064765727447689,1.0,isotonic,42
1,0.9490440256946749,1.0,isotonic,42
0,0.1333014886743281,0.09090909090909091,isotonic,42
1,0.7690558608169707,1.0,isotonic,42
0,0.06040874641679416,0.0,isotonic,42
1,0.9917940516677608,1.0,isotonic,42
0,0.0643947408283322,0.0,isotonic,42
1,0.41872811841139823,0.4,isotonic,42
1,0.9062597649602765,1.0,isotonic,42
0,0.13599875534493525,0.09090909090909091,isotonic,42
1,0.09057700620696757,0.04433497536945813,isotonic,42
1,0.5261159014647043,0.6206896551724138,isotonic,42
1,0.27893262607880687,0.2041343669250646,isotonic,42
0,0.1309529189838381,0.09090909090909091,isotonic,42
1,0.9908012210823329,1.0,isotonic,42
1,0.9926326451050458,1.0,isotonic,42
0,0.26533267209094036,0.2041343669250646,isotonic,42
0,0.14608889938862185,0.09090909090909091,isotonic,42
1,0.920317477133853,1.0,isotonic,42
0,0.15667611601881884,0.11627906976744186,isotonic,42
0,0.12925126692560618,0.09090909090909091,isotonic,42
1,0.993878247725111,1.0,isotonic,42
1,0.4868309247646267,0.4687500000000001,isotonic,42
0,0.1581197027187741,0.11627906976744186,isotonic,42
0,0.4539791635346928,0.4687500000000001,isotonic,42
0,0.42637071281014177,0.4146341463414634,isotonic,42
0,0.07758930212696272,0.022222222222222223,isotonic,42
1,0.8935821320812052,1.0,isotonic,42
1,0.9519483889447158,1.0,isotonic,42
0,0.30586318006894564,0.28155339805825247,isotonic,42
0,0.45588836097237884,0.4687500000000001,isotonic,42
0,0.07897319782251072,0.030303030303030304,isotonic,42
0,0.5240449880309912,0.6206896551724138,isotonic,42
1,0.8998641631409051,1.0,isotonic,42
0,0.2517096378992597,0.2041343669250646,isotonic,42
0,0.09384129048949101,0.04433497536945813,isotonic,42
1,0.8993949145290835,1.0,isotonic,42
1,0.8044473719867519,1.0,isotonic,42
0,0.421063520940147,0.4146341463414634,isotonic,42
1,0.8532229812906568,1.0,isotonic,42
1,0.9622845487455561,1.0,isotonic,42
1,0.3973455557837981,0.39705882352941174,isotonic,42
1,0.9472568874013393,1.0,isotonic,42
1,0.9925127193834957,1.0,isotonic,42
0,0.23895774590744376,0.2041343669250646,isotonic,42
1,0.9988376190549036,1.0,isotonic,42
0,0.4982263939536432,0.4687500000000001,isotonic,42
1,0.40887121376525687,0.4,isotonic,42
1,0.9990341445921348,1.0,isotonic,42
0,0.41962990444135945,0.4,isotonic,42
0,0.37638512999343293,0.39705882352941174,isotonic,42
0,0.16884612615364022,0.13333333333333333,isotonic,42
1,0.9067761297030252,1.0,isotonic,42
1,0.32370993472542947,0.28155339805825247,isotonic,42
1,0.9124648009722148,1.0,isotonic,42
1,0.9506579042849598,1.0,isotonic,42
1,0.9815599499844033,1.0,isotonic,42
1,0.2350265308919155,0.2041343669250646,isotonic,42
0,0.26896849136342976,0.2041343669250646,isotonic,42
1,0.8869550982119722,1.0,isotonic,42
1,0.5020428094644012,0.4687500000000001,isotonic,42
0,0.1800309824685322,0.16666666666666666,isotonic,42
0,0.10820303044471034,0.04433497536945813,isotonic,42
1,0.9998750268309156,1.0,isotonic,42
0,0.13665299655558585,0.09090909090909091,isotonic,42
1,0.9902622481696562,1.0,isotonic,42
1,0.8175756291899057,1.0,isotonic,42
1,0.9945225207593309,1.0,isotonic,42
0,0.3440158920060265,0.34065934065934067,isotonic,42
1,0.9851588522381074,1.0,isotonic,42
1,0.3458975016026231,0.34065934065934067,isotonic,42
1,0.8756030284932104,1.0,isotonic,42
1,0.8952722413981199,1.0,isotonic,42
1,0.9257606770612119,1.0,isotonic,42
1,0.9815599499844033,1.0,isotonic,42
0,0.20533219050344115,0.2041343669250646,isotonic,42
0,0.31682658567579175,0.28155339805825247,isotonic,42
0,0.12911963592150144,0.09090909090909091,isotonic,42
0,0.07147967683823161,0.022222222222222223,isotonic,42
0,0.09900580845305744,0.04433497536945813,isotonic,42
1,0.9484871618284164,1.0,isotonic,42
1,0.9455525747582711,1.0,isotonic,42
0,0.09072148137835681,0.04433497536945813,isotonic,42
0,0.4291179897366289,0.4146341463414634,isotonic,42
1,0.9955440054565525,1.0,isotonic,42
1,0.16714322190204012,0.13333333333333333,isotonic,42
0,0.46505609961082506,0.4687500000000001,isotonic,42
1,0.8581965734266959,1.0,isotonic,42
1,0.9544146020129779,1.0,isotonic,42
1,0.9867710437321379,1.0,isotonic,42
1,0.10765116602242396,0.04433497536945813,isotonic,42
0,0.42543439827112517,0.4146341463414634,isotonic,42
0,0.20013754509109008,0.2041343669250646,isotonic,42
0,0.14852375239587762,0.09090909090909091,isotonic,42
0,0.24626031363122133,0.2041343669250646,isotonic,42
1,0.8710290425414591,1.0,isotonic,42
0,0.14456325015866675,0.09090909090909091,isotonic,42
1,0.3022216146093529,0.28155339805825247,isotonic,42
0,0.11876963873283629,0.04433497536945813,isotonic,42
1,0.3654383129382866,0.34065934065934067,isotonic,42
0,0.10159184294869991,0.04433497536945813,isotonic,42
0,0.21225605357919283,0.2041343669250646,isotonic,42
0,0.08006493486831993,0.030303030303030304,isotonic,42
1,0.27600398107606183,0.2041343669250646,isotonic,42
1,0.14383700930739013,0.09090909090909091,isotonic,42
1,0.4316656857613711,0.4146341463414634,isotonic,42
1,0.4599572063572845,0.4687500000000001,isotonic,42
0,0.16122827190218708,0.11627906976744186,isotonic,42
1,0.9957135544159056,1.0,isotonic,42
0,0.13101765543387905,0.09090909090909091,isotonic,42
0,0.1808484508242938,0.2041343669250646,isotonic,42
0,0.14452858478321964,0.09090909090909091,isotonic,42
1,0.9918988212003703,1.0,isotonic,42
0,0.23824897729032693,0.2041343669250646,isotonic,42
0,0.5132719187245708,0.6206896551724138,isotonic,42
0,0.15033146782119725,0.09090909090909091,isotonic,42
0,0.05889481729672515,0.0,isotonic,42
0,0.18329067497894602,0.2041343669250646,isotonic,42
0,0.5219593906231339,0.6206896551724138,isotonic,42
1,0.9307375407239131,1.0,isotonic,42
1,0.9815599499844033,1.0,isotonic,42
1,0.9815599499844033,1.0,isotonic,42
0,0.28194207546632766,0.2041343669250646,isotonic,42
0,0.24507778745760178,0.2041343669250646,isotonic,42
0,0.08893822974266083,0.04433497536945813,isotonic,42
1,0.9370751212968619,1.0,isotonic,42
1,0.3411152955660908,0.34065934065934067,isotonic,42
0,0.15408209801661366,0.09090909090909091,isotonic,42
1,0.488010299670222,0.4687500000000001,isotonic,42
1,0.35039652173855773,0.34065934065934067,isotonic,42
0,0.3107665514837776,0.28155339805825247,isotonic,42
1,0.7504475272997715,1.0,isotonic,42
1,0.17737379772497608,0.16666666666666666,isotonic,42
1,0.3949937054306414,0.39705882352941174,isotonic,42
1,0.9232084032268932,1.0,isotonic,42
0,0.193202583962435,0.2041343669250646,isotonic,42
0,0.2718219417051734,0.2041343669250646,isotonic,42
0,0.4190734319371465,0.4,isotonic,42
0,0.402903971760801,0.39705882352941174,isotonic,42
1,0.9885785104745183,1.0,isotonic,42
0,0.27299865070770096,0.2041343669250646,isotonic,42
0,0.1892904860367203,0.2041343669250646,isotonic,42
1,0.45266116168478504,0.4687500000000001,isotonic,42
0,0.28886953475748195,0.2041343669250646,isotonic,42
1,0.4437396954678307,0.4166666666666667,isotonic,42
0,0.13591028985150622,0.09090909090909091,isotonic,42
0,0.068731008629643,0.0,isotonic,42
1,0.16554873623002506,0.13333333333333333,isotonic,42
0,0.2664791327610148,0.2041343669250646,isotonic,42
1,0.9914806993831591,1.0,isotonic,42
0,0.06907222796308506,0.0,isotonic,42
0,0.24732930874024683,0.2041343669250646,isotonic,42
0,0.2247184527041102,0.2041343669250646,isotonic,42
1,0.9891780457158834,1.0,isotonic,42
1,0.9503444043888275,1.0,isotonic,42
0,0.1256344392976606,0.09090909090909091,isotonic,42
0,0.4446397003513379,0.4687500000000001,isotonic,42
0,0.18405054703989104,0.2041343669250646,isotonic,42
1,0.43230834189958195,0.4146341463414634,isotonic,42
1,0.7835219547474339,1.0,isotonic,42
0,0.09433613377220187,0.04433497536945813,isotonic,42
1,0.9815599499844033,1.0,isotonic,42
1,0.9158069681017014,1.0,isotonic,42
0,0.19897917042770022,0.2041343669250646,isotonic,42
1,0.9519532651332535,1.0,isotonic,42
1,0.9815599499844033,1.0,isotonic,42
0,0.10604400299360406,0.04433497536945813,isotonic,42
0,0.08052206180298296,0.030303030303030304,isotonic,42
0,0.11105118631804745,0.04433497536945813,isotonic,42
0,0.058583792322050576,0.0,isotonic,42
0,0.05994064328020487,0.0,isotonic,42
0,0.06116722710430976,0.0,isotonic,42
1,0.9598899305570833,1.0,isotonic,42
1,0.2218149688263156,0.2041343669250646,isotonic,42
0,0.13170147222486223,0.09090909090909091,isotonic,42
1,0.889767842383604,1.0,isotonic,42
0,0.3901038512598946,0.39705882352941174,isotonic,42
1,0.2683332593174215,0.2041343669250646,isotonic,42
0,0.2761699211465132,0.2041343669250646,isotonic,42
1,0.8600169624782155,1.0,isotonic,42
0,0.21904059624004782,0.2041343669250646,isotonic,42
0,0.21746588864984892,0.2041343669250646,isotonic,42
0,0.13373891188188028,0.09090909090909091,isotonic,42
1,0.9094401669120862,1.0,isotonic,42
0,0.07672146704633259,0.022222222222222223,isotonic,42
0,0.267315102304228,0.2041343669250646,isotonic,42
0,0.38359335059299887,0.39705882352941174,isotonic,42
1,0.3624695274921281,0.34065934065934067,isotonic,42
1,0.9496238141082187,1.0,isotonic,42
0,0.0958296532195023,0.04433497536945813,isotonic,42
1,0.99188064359226,1.0,isotonic,42
0,0.2235718765506779,0.2041343669250646,isotonic,42
0,0.2508883561275209,0.2041343669250646,isotonic,42
0,0.5293632151653841,0.6206896551724138,isotonic,42
0,0.22947282260500168,0.2041343669250646,isotonic,42
0,0.5552942091321906,0.6341463414634146,isotonic,42
0,0.0795355298942737,0.030303030303030304,isotonic,42
1,0.2865166706403086,0.2041343669250646,isotonic,42
1,0.17188021961992028,0.16666666666666666,isotonic,42
0,0.21635440658590013,0.2041343669250646,isotonic,42
0,0.3198144589022522,0.28155339805825247,isotonic,42
1,0.8931802549998775,1.0,isotonic,42
0,0.1421152989934245,0.09090909090909091,isotonic,42
1,0.991400662632221,1.0,isotonic,42
0,0.16632700865723848,0.13333333333333333,isotonic,42
1,0.2631753190344041,0.2041343669250646,isotonic,42
0,0.5118943945582328,0.6206896551724138,isotonic,42
0,0.43574634343266494,0.4146341463414634,isotonic,42
1,0.9936265791958112,1.0,isotonic,42
0,0.11730013171894661,0.04433497536945813,isotonic,42
1,0.9815599499844033,1.0,isotonic,42
0,0.35089639052775257,0.34065934065934067,isotonic,42
0,0.3148786870254948,0.28155339805825247,isotonic,42
1,0.33693101164126893,0.34065934065934067,isotonic,42
1,0.999947721733101,1.0,isotonic,42
0,0.07082938837570385,0.022222222222222223,isotonic,42
1,0.9989254341454765,1.0,isotonic,42
1,0.9735904538069978,1.0,isotonic,42
1,0.9990789252047638,1.0,isotonic,42
1,0.4092481844576534,0.4,isotonic,42
0,0.17554519366416857,0.16666666666666666,isotonic,42
1,0.8798049675025352,1.0,isotonic,42
0,0.2980238442385808,0.28155339805825247,isotonic,42
0,0.48826658017998653,0.4687500000000001,isotonic,42
1,0.9914833348413755,1.0,isotonic,42
1,0.9533152358928686,1.0,isotonic,42
0,0.18463724558294528,0.2041343669250646,isotonic,42
0,0.5216267417671885,0.6206896551724138,isotonic,42
0,0.38628905983248873,0.39705882352941174,isotonic,42
0,0.06888983572456052,0.0,isotonic,42
1,0.9575290586365844,1.0,isotonic,42
0,0.08030897434975459,0.030303030303030304,isotonic,42
1,0.5975475333882638,0.65,isotonic,42
1,0.8875768381647159,1.0,isotonic,42
0,0.19601332181355047,0.2041343669250646,isotonic,42
1,0.4597202611944932,0.4687500000000001,isotonic,42
1,0.9815599499844033,1.0,isotonic,42
0,0.08491053749112135,0.04433497536945813,isotonic,42
1,0.986834902193728,1.0,isotonic,42
1,0.9835137139872313,1.0,isotonic,42
1,0.9934757892419951,1.0,isotonic,42
0,0.170184364955753,0.13333333333333333,isotonic,42
0,0.19710841263638232,0.2041343669250646,isotonic,42
0,0.08945323062533851,0.04433497536945813,isotonic,42
1,0.9606698031634909,1.0,isotonic,42
0,0.2575482661232924,0.2041343669250646,isotonic,42
0,0.24008087753113927,0.2041343669250646,isotonic,42
0,0.13905316392817518,0.09090909090909091,isotonic,42
0,0.23521653918972216,0.2041343669250646,isotonic,42
0,0.18340115700706866,0.2041343669250646,isotonic,42
0,0.2023859934377542,0.2041343669250646,isotonic,42
0,0.4233018911073172,0.4146341463414634,isotonic,42
0,0.22886818462638828,0.2041343669250646,isotonic,42
0,0.1286505161222031,0.09090909090909091,isotonic,42
0,0.10720036052675352,0.04433497536945813,isotonic,42
1,0.8177770880711548,1.0,isotonic,42
0,0.46976428230408684,0.4687500000000001,isotonic,42
1,0.9443230565704936,1.0,isotonic,42
0,0.1228503184660762,0.09090909090909091,isotonic,42
0,0.10128095921138734,0.04433497536945813,isotonic,42
0,0.12282233607505394,0.09090909090909091,isotonic,42
0,0.10894704436454267,0.04433497536945813,isotonic,42
1,0.966759391403956,1.0,isotonic,42
1,0.9923779690603768,1.0,isotonic,42
1,0.9648196881074165,1.0,isotonic,42
1,0.5792193234974945,0.65,isotonic,42
0,0.08401727040756841,0.04433497536945813,isotonic,42
0,0.15058155278883648,0.09090909090909091,isotonic,42
1,0.9311070160559145,1.0,isotonic,42
0,0.061456194054608976,0.0,isotonic,42
0,0.09969105010925401,0.04433497536945813,isotonic,42
1,0.9142740744603727,1.0,isotonic,42
1,0.9815599499844033,1.0,isotonic,42
0,0.1495555477494542,0.09090909090909091,isotonic,42
0,0.11787741753972594,0.04433497536945813,isotonic,42
0,0.13327984116152067,0.09090909090909091,isotonic,42
1,0.9075696768636697,1.0,isotonic,42
1,0.9950911183611941,1.0,isotonic,42
0,0.27827009272341197,0.2041343669250646,isotonic,42
0,0.05859991095820606,0.0,isotonic,42
0,0.4748375086271031,0.4687500000000001,isotonic,42
0,0.09093071873453497,0.04433497536945813,isotonic,42
1,0.9966865218763278,1.0,isotonic,42
1,0.9491575451525341,1.0,isotonic,42
0,0.11966472068453013,0.04433497536945813,isotonic,42
0,0.2640333759431132,0.2041343669250646,isotonic,42
1,0.9890601045775943,1.0,isotonic,42
1,0.9911555967028443,1.0,isotonic,42
1,0.997891584625254,1.0,isotonic,42
1,0.9921481251210118,1.0,isotonic,42
0,0.37958772978467564,0.39705882352941174,isotonic,42
1,0.9890299945673047,1.0,isotonic,42
0,0.11082964432842933,0.04433497536945813,isotonic,42
1,0.45703678305031703,0.4687500000000001,isotonic,42
1,0.985648194694979,1.0,isotonic,42
0,0.09431175505297085,0.04433497536945813,isotonic,42
1,0.916224960073691,1.0,isotonic,42
0,0.18143861689002463,0.2041343669250646,isotonic,42
0,0.09355860591200732,0.04433497536945813,isotonic,42
0,0.1676802176336814,0.13333333333333333,isotonic,42
0,0.15210255039068965,0.09090909090909091,isotonic,42
0,0.10123527862717402,0.04433497536945813,isotonic,42
1,0.9482618913660987,1.0,isotonic,42
1,0.9388233351400913,1.0,isotonic,42
1,0.9998072512905601,1.0,isotonic,42
0,0.11385633982024035,0.04433497536945813,isotonic,42
0,0.18284661278873046,0.2041343669250646,isotonic,42
0,0.34344153662956856,0.34065934065934067,isotonic,42
1,0.9953208014574494,1.0,isotonic,42
0,0.15893126000672847,0.11627906976744186,isotonic,42
0,0.49798235909343713,0.4687500000000001,isotonic,42
0,0.06583416037752023,0.0,isotonic,42
0,0.1816376507187636,0.2041343669250646,isotonic,42
1,0.8619204568919814,1.0,isotonic,42
1,0.9905255628407558,1.0,isotonic,42
0,0.2126548845318729,0.2041343669250646,isotonic,42
0,0.1655928479811186,0.13333333333333333,isotonic,42
1,0.9922437289507513,1.0,isotonic,42
1,0.9568043635930078,1.0,isotonic,42
1,0.978150564723781,1.0,isotonic,42
0,0.3266291709151983,0.28155339805825247,isotonic,42
1,0.998670799569328,1.0,isotonic,42
0,0.0996785447636089,0.04433497536945813,isotonic,42
0,0.09113680934126075,0.04433497536945813,isotonic,42
0,0.301810861838031,0.28155339805825247,isotonic,42
1,0.9925420500239401,1.0,isotonic,42
1,0.38357194927320887,0.39705882352941174,isotonic,42
0,0.10027326690851296,0.04433497536945813,isotonic,42
1,0.48534117779272484,0.4687500000000001,isotonic,42
1,0.9906735483962452,1.0,isotonic,42
1,0.9005275705469167,1.0,isotonic,42
1,0.384846065179159,0.39705882352941174,isotonic,42
1,0.8816328656686822,1.0,isotonic,42
1,0.9880331420485327,1.0,isotonic,42
1,0.9250408570814763,1.0,isotonic,42
1,0.8704451214402176,1.0,isotonic,42
0,0.2587589590152805,0.2041343669250646,isotonic,42
1,0.9815599499844033,1.0,isotonic,42
0,0.2987164087290852,0.28155339805825247,isotonic,42
0,0.15290085295585298,0.09090909090909091,isotonic,42
0,0.13405523683690743,0.09090909090909091,isotonic,42
0,0.13831224727559374,0.09090909090909091,isotonic,42
0,0.18465569420989342,0.2041343669250646,isotonic,42
0,0.25899189778419607,0.2041343669250646,isotonic,42
1,0.4518654913821419,0.4687500000000001,isotonic,42
0,0.053584233626658054,0.0,isotonic,42
1,0.9815599499844033,1.0,isotonic,42
0,0.1740603736015721,0.16666666666666666,isotonic,42
0,0.5057307649718412,0.4687500000000001,isotonic,42
1,0.31603760937321,0.28155339805825247,isotonic,42
0,0.29269905240106214,0.2041343669250646,isotonic,42
0,0.3551475022812174,0.34065934065934067,isotonic,42
1,0.9352515340633722,1.0,isotonic,42
0,0.37229116204379387,0.39705882352941174,isotonic,42
1,0.9320386775971226,1.0,isotonic,42
1,0.998941811968515,1.0,isotonic,42
1,0.6616226962529828,0.8512275719653389,isotonic,42
1,0.35877915439328606,0.34065934065934067,isotonic,42
1,0.4829364638982472,0.4687500000000001,isotonic,42
0,0.2791153140202467,0.2041343669250646,isotonic,42
1,0.8172738109991852,1.0,isotonic,42
0,0.23971351327850768,0.2041343669250646,isotonic,42
0,0.6704060898958805,0.8888888888888888,isotonic,42
0,0.1517432333609205,0.09090909090909091,isotonic,42
1,0.8711790705262527,1.0,isotonic,42
0,0.46544850083007616,0.4687500000000001,isotonic,42
0,0.10593942235188972,0.04433497536945813,isotonic,42
0,0.09615098000274004,0.04433497536945813,isotonic,42
1,0.23741387665582428,0.2041343669250646,isotonic,42
0,0.19013533106973343,0.2041343669250646,isotonic,42
1,0.8698825778261514,1.0,isotonic,42
1,0.3498464178119938,0.34065934065934067,isotonic,42
1,0.9878837972241736,1.0,isotonic,42
0,0.23447081004392487,0.2041343669250646,isotonic,42
1,0.9534855319913317,1.0,isotonic,42
1,0.9377764540687322,1.0,isotonic,42
1,0.9815599499844033,1.0,isotonic,42
1,0.9243761026699301,1.0,isotonic,42
0,0.30367819965651166,0.28155339805825247,isotonic,42
0,0.25343831391859,0.2041343669250646,isotonic,42
1,0.4626040472887316,0.4687500000000001,isotonic,42
0,0.49978894647670263,0.4687500000000001,isotonic,42
0,0.12283942777555415,0.09090909090909091,isotonic,42
0,0.28709023805689854,0.2041343669250646,isotonic,42
0,0.1323209802875609,0.09090909090909091,isotonic,42
0,0.10214173615754218,0.04433497536945813,isotonic,42
0,0.11652919299270906,0.04433497536945813,isotonic,42
0,0.1404426788466827,0.09090909090909091,isotonic,42
0,0.07088567076974908,0.022222222222222223,isotonic,42
1,0.8672497707739346,1.0,isotonic,42
1,0.8833768260506173,1.0,isotonic,42
0,0.09381435201632445,0.04433497536945813,isotonic,42
1,0.9593031827976878,1.0,isotonic,42
1,0.4048457116136337,0.39705882352941174,isotonic,42
0,0.07988585434072265,0.030303030303030304,isotonic,42
1,0.9570477279659328,1.0,isotonic,42
0,0.15673664177061206,0.11627906976744186,isotonic,42
1,0.8869650931309633,1.0,isotonic,42
1,0.7783287354402499,1.0,isotonic,42
0,0.1159664244992606,0.04433497536945813,isotonic,42
1,0.35162440654553145,0.34065934065934067,isotonic,42
0,0.1727785115321172,0.16666666666666666,isotonic,42
1,0.9704408407533439,1.0,isotonic,42
0,0.30596588102275085,0.28155339805825247,isotonic,42
0,0.4941785655702251,0.4687500000000001,isotonic,42
0,0.29584610383435894,0.2041343669250646,isotonic,42
0,0.366996553112324,0.34065934065934067,isotonic,42
1,0.8716295718498888,1.0,isotonic,42
1,0.9961539451585515,1.0,isotonic,42
0,0.14457354540693979,0.09090909090909091,isotonic,42
1,0.2941836376548581,0.2041343669250646,isotonic,42
0,0.09099384139368286,0.04433497536945813,isotonic,42
1,0.8943399105249062,1.0,isotonic,42
1,0.9919684512894336,1.0,isotonic,42
0,0.506959275055652,0.4687500000000001,isotonic,42
0,0.09000767556363075,0.04433497536945813,isotonic,42
0,0.07783798655300196,0.030303030303030304,isotonic,42
1,0.9895688927909236,1.0,isotonic,42
1,0.9595018245922582,1.0,isotonic,42
0,0.4527729408335358,0.4687500000000001,isotonic,42
0,0.3853024942588549,0.39705882352941174,isotonic,42
0,0.08574926082384936,0.04433497536945813,isotonic,42
1,0.9944847181281116,1.0,isotonic,42
1,0.8770830220049521,1.0,isotonic,42
0,0.19155213535616264,0.2041343669250646,isotonic,42
0,0.16131441542609035,0.11627906976744186,isotonic,42
0,0.10513449494938064,0.04433497536945813,isotonic,42
0,0.2833706532879729,0.2041343669250646,isotonic,42
0,0.11078267350135952,0.04433497536945813,isotonic,42
1,0.9227865392566869,1.0,isotonic,42
0,0.2982259779932951,0.28155339805825247,isotonic,42
0,0.12257944579462307,0.09090909090909091,isotonic,42
0,0.20522724886760102,0.2041343669250646,isotonic,42
1,0.5820436221340023,0.65,isotonic,42
1,0.9815599499844033,1.0,isotonic,42
1,0.9170787797026353,1.0,isotonic,42
0,0.4619595556999523,0.4687500000000001,isotonic,42
1,0.9516195187724517,1.0,isotonic,42
1,0.29283500519769023,0.2041343669250646,isotonic,42
0,0.09035945806812994,0.04433497536945813,isotonic,42
0,0.49513868066814787,0.4687500000000001,isotonic,42
1,0.9560653574236491,1.0,isotonic,42
1,0.9366279269262916,1.0,isotonic,42
0,0.13107696927716556,0.09090909090909091,isotonic,42
1,0.8913394207711777,1.0,isotonic,42
1,0.9332832794680481,1.0,isotonic,42
0,0.11785506094665081,0.04433497536945813,isotonic,42
0,0.1642531166520432,0.13333333333333333,isotonic,42
0,0.09343032099373089,0.04433497536945813,isotonic,42
0,0.24605663292026345,0.2041343669250646,isotonic,42
0,0.1855661409342689,0.2041343669250646,isotonic,42
0,0.12258449534575064,0.09090909090909091,isotonic,42
0,0.28063034602153575,0.2041343669250646,isotonic,42
0,0.12051045843111374,0.09090909090909091,isotonic,42
1,0.32303794791331364,0.28155339805825247,isotonic,42
0,0.41929261917015914,0.4,isotonic,42
0,0.08189169883263507,0.030303030303030304,isotonic,42
1,0.3478634553855899,0.34065934065934067,isotonic,42
1,0.9816897491827725,1.0,isotonic,42
0,0.2232009194337924,0.2041343669250646,isotonic,42
0,0.11805039297646346,0.04433497536945813,isotonic,42
1,0.9100061865199719,1.0,isotonic,42
0,0.4409569835857162,0.4166666666666667,isotonic,42
1,0.3761406241481613,0.39705882352941174,isotonic,42
1,0.46504915624870896,0.4687500000000001,isotonic,42
1,0.3999106840629802,0.39705882352941174,isotonic,42
1,0.997736834182835,1.0,isotonic,42
1,0.9933874632720456,1.0,isotonic,42
0,0.06594144650042104,0.0,isotonic,42
1,0.481771242048592,0.4687500000000001,isotonic,42
0,0.26054943881094306,0.2041343669250646,isotonic,42
1,0.9507143188798785,1.0,isotonic,42
0,0.054971691721821724,0.0,isotonic,42
0,0.36590626969274603,0.34065934065934067,isotonic,42
0,0.28732184436741354,0.2041343669250646,isotonic,42
0,0.3008030336355028,0.28155339805825247,isotonic,42
0,0.07605145805092121,0.022222222222222223,isotonic,42
1,0.2938660613525343,0.2041343669250646,isotonic,42
1,0.27518198808355804,0.2041343669250646,isotonic,42
0,0.15516233088051834,0.11627906976744186,isotonic,42
0,0.15491181842272125,0.11627906976744186,isotonic,42
1,0.317639919988005,0.28155339805825247,isotonic,42
1,0.9694946888800878,1.0,isotonic,42
0,0.2292368379815482,0.2041343669250646,isotonic,42
1,0.9335040732959252,1.0,isotonic,42
0,0.2739519203377688,0.2041343669250646,isotonic,42
1,0.9851354175500389,1.0,isotonic,42
1,0.993220032127634,1.0,isotonic,42
0,0.1454960212966985,0.09090909090909091,isotonic,42
0,0.22024950948102778,0.2041343669250646,isotonic,42
1,0.9287797875139608,1.0,isotonic,42
0,0.3896887043039843,0.39705882352941174,isotonic,42
0,0.25117424520379733,0.2041343669250646,isotonic,42
0,0.3784371450146726,0.39705882352941174,isotonic,42
0,0.37864408530081833,0.39705882352941174,isotonic,42
0,0.08427116593354061,0.04433497536945813,isotonic,42
0,0.34907176662262485,0.34065934065934067,isotonic,42
1,0.986516022520767,1.0,isotonic,42
0,0.11630940131660769,0.04433497536945813,isotonic,42
0,0.21464964518977298,0.2041343669250646,isotonic,42
1,0.2834608248020502,0.2041343669250646,isotonic,42
1,0.9941011216142392,1.0,isotonic,42
1,0.20157959904888523,0.2041343669250646,isotonic,42
0,0.08109502874189203,0.030303030303030304,isotonic,42
0,0.4667110507953254,0.4687500000000001,isotonic,42
1,0.9297676121896571,1.0,isotonic,42
0,0.16048972649179835,0.11627906976744186,isotonic,42
1,0.936478268213653,1.0,isotonic,42
0,0.08265573683489875,0.04433497536945813,isotonic,42
1,0.9999415417382345,1.0,isotonic,42
0,0.35641716774416865,0.34065934065934067,isotonic,42
0,0.34203054696428836,0.34065934065934067,isotonic,42
0,0.6263868501611537,0.7142857142857143,isotonic,42
1,0.9011892686870417,1.0,isotonic,42
1,0.9875970990289564,1.0,isotonic,42
1,0.5168070575698213,0.6206896551724138,isotonic,42
1,0.3055475795278297,0.28155339805825247,isotonic,42
0,0.0887009478412004,0.04433497536945813,isotonic,42
1,0.9253473114517933,1.0,isotonic,42
1,0.8632518092379216,1.0,isotonic,42
0,0.07626959825795813,0.022222222222222223,isotonic,42
0,0.4741447308751552,0.4687500000000001,isotonic,42
1,0.5274279508837395,0.6206896551724138,isotonic,42
1,0.9815599499844033,1.0,isotonic,42
0,0.3602633457795936,0.34065934065934067,isotonic,42
0,0.3403137521752319,0.34065934065934067,isotonic,42
1,0.9975443029697972,1.0,isotonic,42
1,0.09708204098222356,0.04433497536945813,isotonic,42
0,0.16663641708359847,0.13333333333333333,isotonic,42
0,0.28790526746716866,0.2041343669250646,isotonic,42
1,0.9815599499844033,1.0,isotonic,42
1,0.9318314651554024,1.0,isotonic,42
1,0.2310176621791626,0.2041343669250646,isotonic,42
0,0.3230144064215651,0.28155339805825247,isotonic,42
0,0.0754013814066339,0.022222222222222223,isotonic,42
0,0.14488166676802572,0.09090909090909091,isotonic,42
0,0.20809437611392106,0.2041343669250646,isotonic,42
1,0.9868276224820501,1.0,isotonic,42
1,0.9058437726196011,1.0,isotonic,42
1,0.9272132456110355,1.0,isotonic,42
0,0.18406064858131535,0.2041343669250646,isotonic,42
1,0.9492271524042125,1.0,isotonic,42
0,0.13924397456843754,0.09090909090909091,isotonic,42
1,0.9859134909152184,1.0,isotonic,42
0,0.10968208781901564,0.04433497536945813,isotonic,42
0,0.1315800653990462,0.09090909090909091,isotonic,42
1,0.3740856267082618,0.39705882352941174,isotonic,42
0,0.0954577596894052,0.04433497536945813,isotonic,42
0,0.2388017656485042,0.2041343669250646,isotonic,42
1,0.9997987609832358,1.0,isotonic,42
0,0.4353105535082803,0.4146341463414634,isotonic,42
1,0.5218874594522194,0.6206896551724138,isotonic,42
1,0.9220113172163338,1.0,isotonic,42
1,0.9769364694049796,1.0,isotonic,42
0,0.08813719938933164,0.04433497536945813,isotonic,42
1,0.8994568287256542,1.0,isotonic,42
0,0.300552347914583,0.28155339805825247,isotonic,42
0,0.08664154462242998,0.04433497536945813,isotonic,42
1,0.9878604193242133,1.0,isotonic,42
0,0.27655405628506036,0.2041343669250646,isotonic,42
0,0.43873822892375824,0.4146341463414634,isotonic,42
1,0.9378633383004433,1.0,isotonic,42
0,0.1127564666690324,0.04433497536945813,isotonic,42
0,0.14149778506445487,0.09090909090909091,isotonic,42
0,0.23186447219931453,0.2041343669250646,isotonic,42
0,0.34790802896669637,0.34065934065934067,isotonic,42
1,0.9815599499844033,1.0,isotonic,42
1,0.9182160271078893,1.0,isotonic,42
1,0.9913661723276952,1.0,isotonic,42
0,0.07465431144097763,0.022222222222222223,isotonic,42
1,0.4411029915520338,0.4166666666666667,isotonic,42
1,0.6039030375121632,0.65,isotonic,42
1,0.9815599499844033,1.0,isotonic,42
1,0.9451855068050997,1.0,isotonic,42
1,0.5669712226198057,0.6341463414634146,isotonic,42
0,0.06886239701189627,0.0,isotonic,42
1,0.9326568317767375,1.0,isotonic,42
0,0.28509147838502275,0.2041343669250646,isotonic,42
1,0.9174877068422075,1.0,isotonic,42
0,0.1049124325375414,0.04433497536945813,isotonic,42
1,0.28760613692780057,0.2041343669250646,isotonic,42
0,0.31042300960130453,0.28155339805825247,isotonic,42
0,0.08966245674036467,0.04433497536945813,isotonic,42
1,0.11752010725589057,0.04433497536945813,isotonic,42
1,0.9248599720933637,1.0,isotonic,42
1,0.9286689988650397,1.0,isotonic,42
0,0.08727730987818111,0.04433497536945813,isotonic,42
1,0.9898302983904269,1.0,isotonic,42
0,0.11593292115445335,0.04433497536945813,isotonic,42
0,0.30135019694084975,0.28155339805825247,isotonic,42
0,0.3263086749984288,0.28155339805825247,isotonic,42
1,0.9374571928961412,1.0,isotonic,42
0,0.07514152905828522,0.022222222222222223,isotonic,42
1,0.5615865856175624,0.6341463414634146,isotonic,42
1,0.9815599499844033,1.0,isotonic,42
1,0.9913556003587289,1.0,isotonic,42
1,0.8737297368772613,1.0,isotonic,42
1,0.31528648726654235,0.28155339805825247,isotonic,42
1,0.9990722582489265,1.0,isotonic,42
0,0.12612942222573817,0.09090909090909091,isotonic,42
0,0.4113036109293221,0.4,isotonic,42
1,0.400776400016641,0.39705882352941174,isotonic,42
0,0.07826348640101186,0.030303030303030304,isotonic,42
0,0.1735548286051728,0.16666666666666666,isotonic,42
1,0.9933090438365264,1.0,isotonic,42
1,0.9855326503922824,1.0,isotonic,42
1,0.9228276633164313,1.0,isotonic,42
1,0.9218941039820799,1.0,isotonic,42
0,0.39722636852387994,0.39705882352941174,isotonic,42
1,0.9570541465504956,1.0,isotonic,42
1,0.9432787007217543,1.0,isotonic,42
1,0.9918067994335066,1.0,isotonic,42
0,0.14140057089274433,0.09090909090909091,isotonic,42
0,0.3069438776797546,0.28155339805825247,isotonic,42
0,0.18041742550846937,0.16666666666666666,isotonic,42
0,0.28237670203331255,0.2041343669250646,isotonic,42
1,0.36785819244529977,0.34065934065934067,isotonic,42
0,0.3469574752645301,0.34065934065934067,isotonic,42
0,0.17696569213876992,0.16666666666666666,isotonic,42
1,0.991661552504975,1.0,isotonic,42
1,0.9250490824778155,1.0,isotonic,42
1,0.9896637706473485,1.0,isotonic,42
0,0.3261950818665184,0.28155339805825247,isotonic,42
1,0.9186647042401275,1.0,isotonic,42
0,0.2903725630776746,0.2041343669250646,isotonic,42
0,0.14307326025902242,0.09090909090909091,isotonic,42
0,0.23243372121319245,0.2041343669250646,isotonic,42
1,0.9514837657216424,1.0,isotonic,42
0,0.09450322991471431,0.04433497536945813,isotonic,42
0,0.06696349927157368,0.0,isotonic,42
0,0.10559051839771237,0.04433497536945813,isotonic,42
0,0.07741955203245589,0.022222222222222223,isotonic,42
0,0.1786688023319563,0.16666666666666666,isotonic,42
0,0.1623301638730351,0.11627906976744186,isotonic,42
1,0.23840621833893805,0.2041343669250646,isotonic,42
1,0.2725617214397141,0.2041343669250646,isotonic,42
0,0.44509662657212185,0.4687500000000001,isotonic,42
0,0.3148890165288273,0.28155339805825247,isotonic,42
1,0.868681356011182,1.0,isotonic,42
1,0.9357660157901254,1.0,isotonic,42
0,0.06013362675943892,0.0,isotonic,42
0,0.15726942437056798,0.11627906976744186,isotonic,42
1,0.5179649202395561,0.6206896551724138,isotonic,42
1,0.9091066209683075,1.0,isotonic,42
0,0.24612133167102196,0.2041343669250646,isotonic,42
1,0.9527147471444998,1.0,isotonic,42
1,0.9815599499844033,1.0,isotonic,42
0,0.24941152519076562,0.2041343669250646,isotonic,42
1,0.990001736734791,1.0,isotonic,42
0,0.18453648923581426,0.2041343669250646,isotonic,42
1,0.9676913980234506,1.0,isotonic,42
0,0.4260728415605375,0.4146341463414634,isotonic,42
0,0.18216577357063826,0.2041343669250646,isotonic,42
0,0.14669674160823404,0.09090909090909091,isotonic,42
1,0.9940822917227022,1.0,isotonic,42
1,0.9815599499844033,1.0,isotonic,42
0,0.30597295042749506,0.28155339805825247,isotonic,42
0,0.30676105202528364,0.28155339805825247,isotonic,42
0,0.14737686330681044,0.09090909090909091,isotonic,42
1,0.9209807029043573,1.0,isotonic,42
1,0.8847113255752318,1.0,isotonic,42
0,0.07500985430666386,0.022222222222222223,isotonic,42
0,0.08353561738661762,0.04433497536945813,isotonic,42
1,0.8821638971029429,1.0,isotonic,42
0,0.1152445417618168,0.04433497536945813,isotonic,42
0,0.0810056589596772,0.030303030303030304,isotonic,42
0,0.2728044209073268,0.2041343669250646,isotonic,42
1,0.6790629770923008,0.8888888888888888,isotonic,42
0,0.318075168992897,0.28155339805825247,isotonic,42
0,0.48865154699757984,0.4687500000000001,isotonic,42
1,0.1852757495741045,0.2041343669250646,isotonic,42
0,0.08043594441881234,0.030303030303030304,isotonic,42
0,0.2395117706584276,0.2041343669250646,isotonic,42
1,0.9297546146740355,1.0,isotonic,42
1,0.9961952651706902,1.0,isotonic,42
1,0.10434577263615824,0.04433497536945813,isotonic,42
1,0.6366352804368135,0.7142857142857143,isotonic,42
1,0.9104057125901617,1.0,isotonic,42
1,0.952679053453553,1.0,isotonic,42
1,0.9923036251425189,1.0,isotonic,42
0,0.3122083441205385,0.28155339805825247,isotonic,42
1,0.9901450118838587,1.0,isotonic,42
0,0.26452779289467854,0.2041343669250646,isotonic,42
1,0.34029709534697067,0.34065934065934067,isotonic,42
0,0.15330963069083214,0.09090909090909091,isotonic,42
1,0.9918552121158464,1.0,isotonic,42
0,0.2537682780444916,0.2041343669250646,isotonic,42
1,0.4719659033797345,0.4687500000000001,isotonic,42
1,0.9999863223508635,1.0,isotonic,42
1,0.9957198430026991,1.0,isotonic,42
1,0.9156378594178517,1.0,isotonic,42
0,0.20663974093340037,0.2041343669250646,isotonic,42
1,0.16445107130401604,0.13333333333333333,isotonic,42
0,0.06605930669516841,0.0,isotonic,42
1,0.9815599499844033,1.0,isotonic,42
0,0.23876473631017944,0.2041343669250646,isotonic,42
0,0.0979725157153633,0.04433497536945813,isotonic,42
1,0.47861715865146776,0.4687500000000001,isotonic,42
0,0.14297728580050517,0.09090909090909091,isotonic,42
0,0.10526432203194899,0.04433497536945813,isotonic,42
1,0.9260797881625854,1.0,isotonic,42
0,0.1128115387271985,0.04433497536945813,isotonic,42
1,0.38764550222804955,0.39705882352941174,isotonic,42
0,0.4548225354130326,0.4687500000000001,isotonic,42
1,0.9279993786205326,1.0,isotonic,42
1,0.2618775870743947,0.2041343669250646,isotonic,42
0,0.09463145985688692,0.04433497536945813,isotonic,42
0,0.1525734020783656,0.09090909090909091,isotonic,42
1,0.9321183739285006,1.0,isotonic,42
1,0.8618658691683083,1.0,isotonic,42
0,0.08751226439460218,0.04433497536945813,isotonic,42
0,0.11071580171370511,0.04433497536945813,isotonic,42
1,0.9939173818227588,1.0,isotonic,42
0,0.09886775225760297,0.04433497536945813,isotonic,42
1,0.9549781954458537,1.0,isotonic,42
0,0.19865311352157744,0.2041343669250646,isotonic,42
0,0.060845854341483006,0.0,isotonic,42
0,0.19844730847164652,0.2041343669250646,isotonic,42
1,0.98886880633789,1.0,isotonic,42
1,0.38432270745914576,0.39705882352941174,isotonic,42
0,0.2362970139210305,0.2041343669250646,isotonic,42
1,0.4398044866838519,0.4146341463414634,isotonic,42
0,0.13646250320218048,0.09090909090909091,isotonic,42
1,0.9911446603793591,1.0,isotonic,42
0,0.1908505837535662,0.2041343669250646,isotonic,42
0,0.1516963285020131,0.09090909090909091,isotonic,42
0,0.28494598222832856,0.2041343669250646,isotonic,42
1,0.5171963463896361,0.6206896551724138,isotonic,42
0,0.18333816985232942,0.2041343669250646,isotonic,42
1,0.9908946065577766,1.0,isotonic,42
0,0.12391980259421383,0.09090909090909091,isotonic,42
1,0.8892372565912243,1.0,isotonic,42
0,0.3867661871361488,0.39705882352941174,isotonic,42
0,0.5601758981142541,0.6341463414634146,isotonic,42
0,0.14547891117978773,0.09090909090909091,isotonic,42
1,0.41930110466352816,0.4,isotonic,42
0,0.1690759586166459,0.13333333333333333,isotonic,42
0,0.14061072895976912,0.09090909090909091,isotonic,42
1,0.9815599499844033,1.0,isotonic,42
0,0.32897050250294424,0.28155339805825247,isotonic,42
0,0.15483447523772087,0.11627906976744186,isotonic,42
1,0.9815599499844033,1.0,isotonic,42
0,0.3656831304441691,0.34065934065934067,isotonic,42
0,0.18757144207356005,0.2041343669250646,isotonic,42
0,0.13294624655122336,0.09090909090909091,isotonic,42
1,0.8966691547164511,1.0,isotonic,42
1,0.9920100922135089,1.0,isotonic,42
1,0.12498287812403597,0.09090909090909091,isotonic,42
1,0.8722905544686977,1.0,isotonic,42
0,0.41063068364668875,0.4,isotonic,42
0,0.26519724433097647,0.2041343669250646,isotonic,42
0,0.1264111983411629,0.09090909090909091,isotonic,42
1,0.4745873285039568,0.4687500000000001,isotonic,42
0,0.31546949848011663,0.28155339805825247,isotonic,42
0,0.09219081799516636,0.04433497536945813,isotonic,42
1,0.9105615413569316,1.0,isotonic,42
0,0.32003047954513403,0.28155339805825247,isotonic,42
1,0.7689646313431532,1.0,isotonic,42
0,0.35284046728603147,0.34065934065934067,isotonic,42
1,0.9440951612105097,1.0,isotonic,42
1,0.9060702570161472,1.0,isotonic,42
0,0.3089975300325512,0.28155339805825247,isotonic,42
1,0.9193475566539424,1.0,isotonic,42
0,0.20467466742070517,0.2041343669250646,isotonic,42
1,0.9879385248602879,1.0,isotonic,42
0,0.28392258483087657,0.2041343669250646,isotonic,42
0,0.12353144535561517,0.09090909090909091,isotonic,42
0,0.1507233772311207,0.09090909090909091,isotonic,42
1,0.9884361270170903,1.0,isotonic,42
0,0.20976113748824743,0.2041343669250646,isotonic,42
1,0.9356285621112748,1.0,isotonic,42
0,0.10221700653445315,0.04433497536945813,isotonic,42
0,0.06837367779861153,0.0,isotonic,42
1,0.12809204101272126,0.09090909090909091,isotonic,42
1,0.2114738571526834,0.2041343669250646,isotonic,42
1,0.1931736726986448,0.2041343669250646,isotonic,42
0,0.18649408451221366,0.2041343669250646,isotonic,42
1,0.9118837678812457,1.0,isotonic,42
1,0.2847623948961114,0.2041343669250646,isotonic,42
0,0.061064195126738004,0.0,isotonic,42
1,0.9388957764639366,1.0,isotonic,42
0,0.12110678420270041,0.09090909090909091,isotonic,42
1,0.9223887858382683,1.0,isotonic,42
0,0.14423618417799872,0.09090909090909091,isotonic,42
0,0.2479479875823806,0.2041343669250646,isotonic,42
0,0.0645031143667148,0.0,isotonic,42
0,0.2946837199151076,0.2041343669250646,isotonic,42
0,0.06936210374443443,0.0,isotonic,42
0,0.18866770771889854,0.2041343669250646,isotonic,42
1,0.9349945537032767,1.0,isotonic,42
0,0.11751618193223533,0.04433497536945813,isotonic,42
1,0.9654984663098196,1.0,isotonic,42
0,0.10709890219519816,0.04433497536945813,isotonic,42
1,0.9504152721788982,1.0,isotonic,42
1,0.4085931932415075,0.4,isotonic,42
0,0.11540150902430414,0.04433497536945813,isotonic,42
0,0.08810330571270521,0.04433497536945813,isotonic,42
0,0.10817625149725248,0.04433497536945813,isotonic,42
0,0.17168155370758806,0.16666666666666666,isotonic,42
0,0.06213730673327112,0.0,isotonic,42
0,0.27397671382280225,0.2041343669250646,isotonic,42
1,0.9873812727541296,1.0,isotonic,42
0,0.28459057215336436,0.2041343669250646,isotonic,42
0,0.1897278625299939,0.2041343669250646,isotonic,42
1,0.989290349863841,1.0,isotonic,42
0,0.527037491619681,0.6206896551724138,isotonic,42
0,0.11737539685259954,0.04433497536945813,isotonic,42
1,0.9959440474010162,1.0,isotonic,42
0,0.13101746241072623,0.09090909090909091,isotonic,42
1,0.4290273490386355,0.4146341463414634,isotonic,42
1,0.9815599499844033,1.0,isotonic,42
1,0.9038386516667404,1.0,isotonic,42
0,0.12144391798227934,0.09090909090909091,isotonic,42
0,0.1086272866685112,0.04433497536945813,isotonic,42
1,0.11712075425986468,0.04433497536945813,isotonic,42
1,0.9179599190393776,1.0,isotonic,42
0,0.14729724906655112,0.09090909090909091,isotonic,42
1,0.4638077760527119,0.4687500000000001,isotonic,42
0,0.14197285077960664,0.09090909090909091,isotonic,42
0,0.06501776618782536,0.0,isotonic,42
1,0.887952537877655,1.0,isotonic,42
1,0.9493864918023407,1.0,isotonic,42
0,0.2793816209014584,0.2041343669250646,isotonic,42
1,0.9568518683038313,1.0,isotonic,42
1,0.9999863223508635,1.0,isotonic,42
0,0.334872384258392,0.34065934065934067,isotonic,42
0,0.12751473725834142,0.09090909090909091,isotonic,42
1,0.9932003381162067,1.0,isotonic,42
0,0.37338110108977807,0.39705882352941174,isotonic,42
0,0.15114473354111724,0.09090909090909091,isotonic,42
0,0.22663303298015833,0.2041343669250646,isotonic,42
1,0.3435677158148279,0.34065934065934067,isotonic,42
0,0.13169495433929537,0.09090909090909091,isotonic,42
1,0.30906809083283454,0.28155339805825247,isotonic,42
0,0.2729471687073891,0.2041343669250646,isotonic,42
1,0.9090185931159754,1.0,isotonic,42
0,0.304017289659415,0.28155339805825247,isotonic,42
0,0.16940555410699024,0.13333333333333333,isotonic,42
1,0.9896354307330031,1.0,isotonic,42
0,0.18167789466449147,0.2041343669250646,isotonic,42
0,0.09554422353508646,0.04433497536945813,isotonic,42
1,0.7571857024544467,1.0,isotonic,42
1,0.9900604337683849,1.0,isotonic,42
1,0.34290032215919175,0.34065934065934067,isotonic,42
0,0.2737533773698391,0.2041343669250646,isotonic,42
1,0.898381139537867,1.0,isotonic,42
1,0.45163829698466,0.4687500000000001,isotonic,42
0,0.17736727672124392,0.16666666666666666,isotonic,42
1,0.6089005575646067,0.65,isotonic,42
1,0.4539047623094293,0.4687500000000001,isotonic,42
1,0.2632925487689042,0.2041343669250646,isotonic,42
1,0.9267763603404666,1.0,isotonic,42
0,0.06488710028592995,0.0,isotonic,42
1,0.6383066944275435,0.7142857142857143,isotonic,42
1,0.923157021460745,1.0,isotonic,42
1,0.9960360565198133,1.0,isotonic,42
0,0.13485017491650864,0.09090909090909091,isotonic,42
0,0.6716379964132274,0.8888888888888888,isotonic,42
1,0.9905909627267412,1.0,isotonic,42
1,0.9189551204110705,1.0,isotonic,42
1,0.9503387846731425,1.0,isotonic,42
1,0.1905157413379427,0.2041343669250646,isotonic,42
0,0.3201083277302519,0.28155339805825247,isotonic,42
0,0.09031363751668514,0.04433497536945813,isotonic,42
0,0.2079494918699703,0.2041343669250646,isotonic,42
1,0.9365330915503809,1.0,isotonic,42
1,0.30716498202349835,0.28155339805825247,isotonic,42
1,0.5177033751680226,0.6206896551724138,isotonic,42
0,0.19072384587767985,0.2041343669250646,isotonic,42
0,0.06364630718672654,0.0,isotonic,42
0,0.17187613720875095,0.16666666666666666,isotonic,42
0,0.5547087526458858,0.6341463414634146,isotonic,42
0,0.08682249745767523,0.04433497536945813,isotonic,42
1,0.9863868609037758,1.0,isotonic,42
1,0.9815599499844033,1.0,isotonic,42
1,0.9603671838460465,1.0,isotonic,42
0,0.19766810831658413,0.2041343669250646,isotonic,42
1,0.9865482674772653,1.0,isotonic,42
1,0.2729817341362794,0.2041343669250646,isotonic,42
1,0.9838210276877603,1.0,isotonic,42
0,0.4387598049819296,0.4146341463414634,isotonic,42
0,0.43341555726155395,0.4146341463414634,isotonic,42
1,0.9997787786415153,1.0,isotonic,42
1,0.8498772968345304,1.0,isotonic,42
1,0.918728471557387,1.0,isotonic,42
0,0.1920697730175071,0.2041343669250646,isotonic,42
0,0.07056433203674227,0.022222222222222223,isotonic,42
0,0.25566862063138385,0.2041343669250646,isotonic,42
0,0.08110024020041674,0.030303030303030304,isotonic,42
1,0.9940501603119877,1.0,isotonic,42
1,0.9815599499844033,1.0,isotonic,42
0,0.4762503211132641,0.4687500000000001,isotonic,42
0,0.059160932113809774,0.0,isotonic,42
1,0.9256412246383338,1.0,isotonic,42
1,1.0,1.0,isotonic,42
0,0.28273741074172903,0.2041343669250646,isotonic,42
0,0.11412189942389583,0.04433497536945813,isotonic,42
0,0.05885730505152951,0.0,isotonic,42
0,0.4513159971475807,0.4687500000000001,isotonic,42
1,0.9906608733599075,1.0,isotonic,42
1,0.9566306036270408,1.0,isotonic,42
0,0.13631297961878208,0.09090909090909091,isotonic,42
0,0.27748515934645485,0.2041343669250646,isotonic,42
0,0.11402839722896914,0.04433497536945813,isotonic,42
0,0.43870649719715515,0.4146341463414634,isotonic,42
0,0.08336795262758442,0.04433497536945813,isotonic,42
1,0.9104945077976758,1.0,isotonic,42
0,0.1295006267421524,0.09090909090909091,isotonic,42
1,0.9999598793554355,1.0,isotonic,42
0,0.18163647834179722,0.2041343669250646,isotonic,42
1,0.9164751161389662,1.0,isotonic,42
0,0.16418699969928569,0.13333333333333333,isotonic,42
1,0.2523033888519369,0.2041343669250646,isotonic,42
1,0.9891009265824402,1.0,isotonic,42
1,0.9266395866398114,1.0,isotonic,42
0,0.11281160603430626,0.04433497536945813,isotonic,42
1,0.952027876243021,1.0,isotonic,42
1,0.9815599499844033,1.0,isotonic,42
1,0.931692180191798,1.0,isotonic,42
0,0.35748843049977497,0.34065934065934067,isotonic,42
0,0.06281161131673205,0.0,isotonic,42
1,0.136907356044198,0.09090909090909091,isotonic,42
0,0.13242545166685096,0.09090909090909091,isotonic,42
1,0.8987641196424719,1.0,isotonic,42
0,0.29961701027032267,0.28155339805825247,isotonic,42
0,0.4616962863123508,0.4687500000000001,isotonic,42
1,0.14521696702776984,0.09090909090909091,isotonic,42
0,0.4604497540061743,0.4687500000000001,isotonic,42
0,0.12702500415620505,0.09090909090909091,isotonic,42
0,0.28085953554003373,0.2041343669250646,isotonic,42
1,0.9892792627721946,1.0,isotonic,42
1,0.8867150766630116,1.0,isotonic,42
1,0.9864625554014564,1.0,isotonic,42
1,0.36123908397977184,0.34065934065934067,isotonic,42
0,0.1284560119311627,0.09090909090909091,isotonic,42
0,0.06808378592555876,0.0,isotonic,42
1,0.47564867691104645,0.4687500000000001,isotonic,42
0,0.34382627242371183,0.34065934065934067,isotonic,42
1,0.897272074678236,1.0,isotonic,42
0,0.3483492920808936,0.34065934065934067,isotonic,42
0,0.3451022219944144,0.34065934065934067,isotonic,42
0,0.12208890986557407,0.09090909090909091,isotonic,42
1,0.894953271541332,1.0,isotonic,42
0,0.110837323741604,0.04433497536945813,isotonic,42
0,0.2158659243768912,0.2041343669250646,isotonic,42
0,0.5106669367829667,0.6206896551724138,isotonic,42
1,0.9966925191961,1.0,isotonic,42
0,0.09367113715372642,0.04433497536945813,isotonic,42
0,0.08235809243489084,0.04433497536945813,isotonic,42
0,0.3202907302996318,0.28155339805825247,isotonic,42
1,0.9385478092317646,1.0,isotonic,42
1,0.8488982169090807,1.0,isotonic,42
0,0.13317396036705978,0.09090909090909091,isotonic,42
1,0.8882837678712006,1.0,isotonic,42
0,0.17347272833247246,0.16666666666666666,isotonic,42
0,0.25081600801693427,0.2041343669250646,isotonic,42
1,0.9030474168271378,1.0,isotonic,42
0,0.07822997079780565,0.030303030303030304,isotonic,42
0,0.10603206873231824,0.04433497536945813,isotonic,42
1,0.9289585992054462,1.0,isotonic,42
0,0.2052326512802241,0.2041343669250646,isotonic,42
0,0.15974435058436467,0.11627906976744186,isotonic,42
1,0.5630792896728865,0.6341463414634146,isotonic,42
1,0.9997500035832665,1.0,isotonic,42
0,0.4704029805457127,0.4687500000000001,isotonic,42
0,0.1766783800222281,0.16666666666666666,isotonic,42
0,0.19077937272905363,0.2041343669250646,isotonic,42
1,0.9993705437262173,1.0,isotonic,42
0,0.19591241785602,0.2041343669250646,isotonic,42
1,0.9016412125204102,1.0,isotonic,42
0,0.22216938739288822,0.2041343669250646,isotonic,42
0,0.23493990276702018,0.2041343669250646,isotonic,42
0,0.410049272035249,0.4,isotonic,42
1,0.06963751835356496,0.0,isotonic,42
1,0.9175042458250988,1.0,isotonic,42
0,0.09778942112649082,0.04433497536945813,isotonic,42
0,0.1959459186439883,0.2041343669250646,isotonic,42
0,0.06859635785878546,0.0,isotonic,42
1,0.9800396398523399,1.0,isotonic,42
0,0.4056448771686175,0.39705882352941174,isotonic,42
1,0.9958441709298459,1.0,isotonic,42
0,0.1739093975677018,0.16666666666666666,isotonic,42
1,0.8770622799793997,1.0,isotonic,42
1,0.9163862478645289,1.0,isotonic,42
1,0.935188280236935,1.0,isotonic,42
1,0.3555758372870581,0.34065934065934067,isotonic,42
0,0.06778688605158593,0.0,isotonic,42
0,0.4941771550224817,0.4687500000000001,isotonic,42
0,0.4851233044732188,0.4687500000000001,isotonic,42
1,0.9956678027235929,1.0,isotonic,42
0,0.05445286964868635,0.0,isotonic,42
1,0.9878504258789749,1.0,isotonic,42
1,0.9992911937572474,1.0,isotonic,42
0,0.20323954094248267,0.2041343669250646,isotonic,42
0,0.14454710247548436,0.09090909090909091,isotonic,42
0,0.20963205067625817,0.2041343669250646,isotonic,42
1,0.9344528034432172,1.0,isotonic,42
1,0.8637353471681692,1.0,isotonic,42
0,0.15569176182360403,0.11627906976744186,isotonic,42
1,0.7703560303011291,1.0,isotonic,42
1,0.33521912793577485,0.34065934065934067,isotonic,42
1,0.26441765190793276,0.2041343669250646,isotonic,42
1,0.9815599499844033,1.0,isotonic,42
1,0.44486004823335584,0.4687500000000001,isotonic,42
0,0.4026994406985418,0.39705882352941174,isotonic,42
0,0.11118165127550621,0.04433497536945813,isotonic,42
0,0.20330261952629852,0.2041343669250646,isotonic,42
0,0.5682767135690014,0.6341463414634146,isotonic,42
0,0.415891922089111,0.4,isotonic,42
0,0.2858899889831851,0.2041343669250646,isotonic,42
1,0.4029270520581852,0.39705882352941174,isotonic,42
1,0.9536578386597019,1.0,isotonic,42
1,0.9927905059237804,1.0,isotonic,42
1,0.9830219241655966,1.0,isotonic,42
1,0.990963605116306,1.0,isotonic,42
0,0.6531532437155076,0.7809319484880857,isotonic,42
1,0.9815599499844033,1.0,isotonic,42
0,0.38994473543160135,0.39705882352941174,isotonic,42
1,0.5139376754150041,0.6206896551724138,isotonic,42
0,0.31498984138585145,0.28155339805825247,isotonic,42
1,0.9815599499844033,1.0,isotonic,42
1,0.9681179548687804,1.0,isotonic,42
0,0.13454782103007334,0.09090909090909091,isotonic,42
1,0.9445274928240618,1.0,isotonic,42
1,0.9313465230377541,1.0,isotonic,42
1,0.8767713525470117,1.0,isotonic,42
0,0.16628464435659696,0.13333333333333333,isotonic,42
1,0.9342676700222791,1.0,isotonic,42
0,0.127815979077445,0.09090909090909091,isotonic,42
0,0.16996350445376077,0.13333333333333333,isotonic,42
1,0.3443314478309239,0.34065934065934067,isotonic,42
0,0.1476165110418696,0.09090909090909091,isotonic,42
0,0.3941926982532946,0.39705882352941174,isotonic,42
0,0.30808253899510235,0.28155339805825247,isotonic,42
0,0.16804164853402045,0.13333333333333333,isotonic,42
0,0.5315403277024913,0.6341463414634146,isotonic,42
0,0.3700482093397077,0.34727782729356094,isotonic,42
1,0.21698080063118744,0.2041343669250646,isotonic,42
0,0.24482747201286126,0.2041343669250646,isotonic,42
0,0.1578234272034874,0.11627906976744186,isotonic,42
0,0.0719860225354903,0.022222222222222223,isotonic,42
0,0.459145878407977,0.4687500000000001,isotonic,42
1,0.9238385376908667,1.0,isotonic,42
1,0.9921372326210879,1.0,isotonic,42
0,0.2077636178567522,0.2041343669250646,isotonic,42
1,0.938166387722599,1.0,isotonic,42
0,0.17270922296790764,0.16666666666666666,isotonic,42
1,0.9815599499844033,1.0,isotonic,42
0,0.2609969895301155,0.2041343669250646,isotonic,42
0,0.18370580275071705,0.2041343669250646,isotonic,42
1,0.14319934890896296,0.09090909090909091,isotonic,42
0,0.27237650606274594,0.2041343669250646,isotonic,42
1,0.9227554658624073,1.0,isotonic,42
0,0.43748212322237623,0.4146341463414634,isotonic,42
0,0.18037170810597686,0.16666666666666666,isotonic,42
0,0.42846890330901755,0.4146341463414634,isotonic,42
1,0.4707354211227653,0.4687500000000001,isotonic,42
1,0.9348467576634588,1.0,isotonic,42
1,0.6750011609942532,0.8888888888888888,isotonic,42
0,0.33995376864568067,0.34065934065934067,isotonic,42
1,0.8659126012607714,1.0,isotonic,42
0,0.41852063878383844,0.4,isotonic,42
0,0.1441574372039483,0.09090909090909091,isotonic,42
1,0.991164778071639,1.0,isotonic,42
1,0.49315536354892703,0.4687500000000001,isotonic,42
1,0.2489465102525133,0.2041343669250646,isotonic,42
0,0.09541371281333892,0.04433497536945813,isotonic,42
0,0.10451681959195669,0.04433497536945813,isotonic,42
1,0.903439651056554,1.0,isotonic,42
1,0.9964511196828865,1.0,isotonic,42
0,0.07600657196964242,0.022222222222222223,isotonic,42
0,0.10611905165255586,0.04433497536945813,isotonic,42
0,0.06658623464992439,0.0,isotonic,42
1,0.9319914656176108,1.0,isotonic,42
0,0.08261673527830476,0.04433497536945813,isotonic,42
0,0.2918690875490076,0.2041343669250646,isotonic,42
1,0.8829388737104872,1.0,isotonic,42
1,0.3348750531565209,0.34065934065934067,isotonic,42
0,0.10374000079921608,0.04433497536945813,isotonic,42
1,0.8765464034075736,1.0,isotonic,42
0,0.07547740187179469,0.022222222222222223,isotonic,42
0,0.05979467623566786,0.0,isotonic,42
1,0.22043797097782605,0.2041343669250646,isotonic,42
0,0.5056486455367523,0.4687500000000001,isotonic,42
1,0.9926825319102986,1.0,isotonic,42
1,0.3539841880487473,0.34065934065934067,isotonic,42
1,0.9413333655683684,1.0,isotonic,42
1,0.9888476722480323,1.0,isotonic,42
1,0.9505452256488638,1.0,isotonic,42
1,0.8765984723923403,1.0,isotonic,42
1,0.10588783938158815,0.04433497536945813,isotonic,42
1,0.9208826439837318,1.0,isotonic,42
1,0.9998692856941028,1.0,isotonic,42
1,0.9815599499844033,1.0,isotonic,42
0,0.15781047395372988,0.11627906976744186,isotonic,42
1,0.3098948229460073,0.28155339805825247,isotonic,42
0,0.11280034174029396,0.04433497536945813,isotonic,42
0,0.06442553461240157,0.0,isotonic,42
1,0.20979026052082542,0.2041343669250646,isotonic,42
0,0.12926758178490444,0.09090909090909091,isotonic,42
0,0.19153869437572843,0.2041343669250646,isotonic,42
1,0.1890181694802626,0.2041343669250646,isotonic,42
1,0.9974919626315507,1.0,isotonic,42
0,0.5088960608237832,0.6206896551724138,isotonic,42
0,0.11139364618299531,0.04433497536945813,isotonic,42
1,0.9533791811063007,1.0,isotonic,42
1,0.9382348576814051,1.0,isotonic,42
1,0.33928108945779156,0.34065934065934067,isotonic,42
1,0.35386481489255234,0.34065934065934067,isotonic,42
1,0.9815599499844033,1.0,isotonic,42
1,0.9534337080295662,1.0,isotonic,42
1,0.9863612259506749,1.0,isotonic,42
1,0.8817996369328235,1.0,isotonic,42
1,0.9986694778639351,1.0,isotonic,42
1,0.9959574973326751,1.0,isotonic,42
1,0.7494582108187009,1.0,isotonic,42
1,0.9904949334204296,1.0,isotonic,42
0,0.1653187316188919,0.13333333333333333,isotonic,42
0,0.06694687126095135,0.0,isotonic,42
1,0.9265230807546051,1.0,isotonic,42
1,0.9637981917605434,1.0,isotonic,42
0,0.1426014673429448,0.09090909090909091,isotonic,42
1,0.9581350021866532,1.0,isotonic,42
1,0.8667178841287608,1.0,isotonic,42
0,0.2658187454033903,0.2041343669250646,isotonic,42
1,0.2859079222991582,0.2041343669250646,isotonic,42
0,0.4430510792318549,0.4166666666666667,isotonic,42
1,0.8677525742222162,1.0,isotonic,42
0,0.14932981208469562,0.09090909090909091,isotonic,42
1,0.9943883913960203,1.0,isotonic,42
0,0.45765349894107327,0.4687500000000001,isotonic,42
0,0.1802744406941317,0.16666666666666666,isotonic,42
0,0.292671470744572,0.2041343669250646,isotonic,42
1,0.8829201407000522,1.0,isotonic,42
0,0.06465587503895355,0.0,isotonic,42
1,0.9317880227347175,1.0,isotonic,42
1,0.9229385032808094,1.0,isotonic,42
0,0.11037797404123519,0.04433497536945813,isotonic,42
0,0.3320868637348098,0.34065934065934067,isotonic,42
0,0.09851961835861832,0.04433497536945813,isotonic,42
0,0.39685711517930855,0.39705882352941174,isotonic,42
0,0.28484547469584326,0.2041343669250646,isotonic,42
0,0.4592975963941527,0.4687500000000001,isotonic,42
0,0.3156897516548966,0.28155339805825247,isotonic,42
1,0.9871839432157151,1.0,isotonic,42
0,0.14249551055887938,0.09090909090909091,isotonic,42
0,0.12493446367980897,0.09090909090909091,isotonic,42
1,0.9233341787099923,1.0,isotonic,42
1,0.8570396789671441,1.0,isotonic,42
0,0.5526371705886873,0.6341463414634146,isotonic,42
0,0.11015436045733248,0.04433497536945813,isotonic,42
1,0.9576288957747808,1.0,isotonic,42
0,0.12929736711120193,0.09090909090909091,isotonic,42
0,0.07006643928894828,0.0,isotonic,42
1,0.9151966720002733,1.0,isotonic,42
1,0.8564355217929682,1.0,isotonic,42
0,0.08087807202271576,0.030303030303030304,isotonic,42
0,0.22080626848802173,0.2041343669250646,isotonic,42
1,0.9815599499844033,1.0,isotonic,42
1,0.9075619206489538,1.0,isotonic,42
0,0.1819860426704908,0.2041343669250646,isotonic,42
1,0.21921249527166503,0.2041343669250646,isotonic,42
1,0.9815599499844033,1.0,isotonic,42
0,0.40048604344713423,0.39705882352941174,isotonic,42
1,0.9930635914526219,1.0,isotonic,42
0,0.3038096558031758,0.28155339805825247,isotonic,42
0,0.4520899403581845,0.4687500000000001,isotonic,42
1,0.9291384874600948,1.0,isotonic,42
0,0.2897180001250888,0.2041343669250646,isotonic,42
1,0.9931563219815602,1.0,isotonic,42
0,0.3031855585181955,0.28155339805825247,isotonic,42
0,0.2747549974488744,0.2041343669250646,isotonic,42
0,0.0625361827497109,0.0,isotonic,42
1,0.9253142033324601,1.0,isotonic,42
1,0.9126230622313443,1.0,isotonic,42
0,0.06335225626974458,0.0,isotonic,42
0,0.09645136050583773,0.04433497536945813,isotonic,42
1,0.9610156902234578,1.0,isotonic,42
0,0.29141701530344366,0.2041343669250646,isotonic,42
1,0.25852356322690634,0.2041343669250646,isotonic,42
0,0.24547488342201826,0.2041343669250646,isotonic,42
1,0.9203301441672327,1.0,isotonic,42
0,0.3172541438712256,0.28155339805825247,isotonic,42
0,0.35073632536824384,0.34065934065934067,isotonic,42
0,0.12580614019343467,0.09090909090909091,isotonic,42
1,0.9940842910307447,1.0,isotonic,42
0,0.10469037363362482,0.04433497536945813,isotonic,42
0,0.5113256001670964,0.6206896551724138,isotonic,42
0,0.4597226199198778,0.4687500000000001,isotonic,42
0,0.06873055506806826,0.0,isotonic,42
0,0.3335175513464356,0.34065934065934067,isotonic,42
1,0.3255842236870699,0.28155339805825247,isotonic,42
1,0.9534697555223196,1.0,isotonic,42
0,0.12015411413128287,0.09090909090909091,isotonic,42
1,0.24570045051642733,0.2041343669250646,isotonic,42
0,0.46942392837322927,0.4687500000000001,isotonic,42
0,0.28533242160368416,0.2041343669250646,isotonic,42
0,0.3702353798404492,0.39705882352941174,isotonic,42
1,0.3943482783241269,0.39705882352941174,isotonic,42
1,0.28051245729114904,0.2041343669250646,isotonic,42
0,0.08361862562779657,0.04433497536945813,isotonic,42
1,0.9878435086594621,1.0,isotonic,42
1,0.9598351876964089,1.0,isotonic,42
0,0.12331567014552258,0.09090909090909091,isotonic,42
0,0.07985838549184818,0.030303030303030304,isotonic,42
1,0.8981953928154824,1.0,isotonic,42
1,0.2750983231427971,0.2041343669250646,isotonic,42
0,0.05549520876432901,0.0,isotonic,42
1,0.997815549110645,1.0,isotonic,42
0,0.09677475974561577,0.04433497536945813,isotonic,42
1,0.36583166958289737,0.34065934065934067,isotonic,42
1,0.9963979996511796,1.0,isotonic,42
1,0.937766710157239,1.0,isotonic,42
1,0.9580264356920328,1.0,isotonic,42
1,0.2526601918302129,0.2041343669250646,isotonic,42
0,0.23530192639490968,0.2041343669250646,isotonic,42
0,0.24249934078326693,0.2041343669250646,isotonic,42
0,0.07051609440960013,0.022222222222222223,isotonic,42
1,0.9890888560513341,1.0,isotonic,42
1,0.5450200576635276,0.6341463414634146,isotonic,42
0,0.2689995092195778,0.2041343669250646,isotonic,42
0,0.132900120364694,0.09090909090909091,isotonic,42
0,0.45104958017341074,0.4687500000000001,isotonic,42
0,0.06614290621997078,0.0,isotonic,42
1,0.9414143465099261,1.0,isotonic,42
0,0.4012425981032114,0.39705882352941174,isotonic,42
0,0.2381613855977217,0.2041343669250646,isotonic,42
0,0.3796821927096726,0.39705882352941174,isotonic,42
1,0.8870120637914677,1.0,isotonic,42
0,0.10826802977080364,0.04433497536945813,isotonic,42
0,0.10646938984045791,0.04433497536945813,isotonic,42
1,0.3104327411724004,0.28155339805825247,isotonic,42
1,0.9319793344852818,1.0,isotonic,42
0,0.0632973054788382,0.0,isotonic,42
1,0.43688178208214756,0.4146341463414634,isotonic,42
0,0.09166424211612077,0.04433497536945813,isotonic,42
1,0.9296570261100796,1.0,isotonic,42
1,0.9878290789180827,1.0,isotonic,42
0,0.08836524851457299,0.04433497536945813,isotonic,42
1,0.9930179178332539,1.0,isotonic,42
0,0.21594154678725266,0.2041343669250646,isotonic,42
1,0.9963459351709224,1.0,isotonic,42
1,0.9016700203883428,1.0,isotonic,42
0,0.26811541663950256,0.2041343669250646,isotonic,42
1,0.9999598793554355,1.0,isotonic,42
0,0.16927712447043383,0.13333333333333333,isotonic,42
1,0.989320142670277,1.0,isotonic,42
1,0.9535328012583654,1.0,isotonic,42
0,0.09986345155038215,0.04433497536945813,isotonic,42
0,0.17985682620760146,0.16666666666666666,isotonic,42
1,0.5243067632156646,0.6206896551724138,isotonic,42
1,0.9328081550000834,1.0,isotonic,42
0,0.3732331463804339,0.39705882352941174,isotonic,42
1,0.3056505383161766,0.28155339805825247,isotonic,42
0,0.1883319270339471,0.2041343669250646,isotonic,42
1,0.999947721733101,1.0,isotonic,42
0,0.21098825159827386,0.2041343669250646,isotonic,42
1,0.8942085885411915,1.0,isotonic,42
0,0.4689562618288328,0.4687500000000001,isotonic,42
0,0.28718001643081364,0.2041343669250646,isotonic,42
1,0.9457741283761342,1.0,isotonic,42
0,0.345685993508799,0.34065934065934067,isotonic,42
0,0.14643265926911064,0.09090909090909091,isotonic,42
0,0.05508344159703889,0.0,isotonic,42
0,0.07768155494369682,0.02954911807785723,isotonic,42
1,0.9178791610535065,1.0,isotonic,42
1,0.9447084065563293,1.0,isotonic,42
0,0.21135181262274338,0.2041343669250646,isotonic,42
0,0.32625276218557425,0.28155339805825247,isotonic,42
1,0.3327476820149382,0.34065934065934067,isotonic,42
1,0.9926537806417425,1.0,isotonic,42
0,0.22351617380937777,0.2041343669250646,isotonic,42
1,0.9571741340966611,1.0,isotonic,42
1,0.9910552309257292,1.0,isotonic,42
0,0.08561997020540758,0.04433497536945813,isotonic,42
1,0.9917122597898758,1.0,isotonic,42
1,0.9304084713168768,1.0,isotonic,42
1,0.9370349194035706,1.0,isotonic,42
0,0.23523228095730947,0.2041343669250646,isotonic,42
0,0.16022741400577037,0.11627906976744186,isotonic,42
1,0.42130341308560937,0.4146341463414634,isotonic,42
1,0.9877381160708328,1.0,isotonic,42
0,0.07929618609799874,0.030303030303030304,isotonic,42
1,0.23282237817613127,0.2041343669250646,isotonic,42
1,0.9815599499844033,1.0,isotonic,42
1,0.938351421524332,1.0,isotonic,42
0,0.2627718633643435,0.2041343669250646,isotonic,42
1,0.9935578128121131,1.0,isotonic,42
1,0.21881765348433882,0.2041343669250646,isotonic,42
1,0.9895127775893909,1.0,isotonic,42
1,0.9497471912225625,1.0,isotonic,42
1,0.34842213370253255,0.34065934065934067,isotonic,42
1,0.9943417993906445,1.0,isotonic,42
1,0.9647723896162063,1.0,isotonic,42
0,0.37047596091336227,0.39705882352941174,isotonic,42
1,0.3795125423266757,0.39705882352941174,isotonic,42
1,0.9983058645591554,1.0,isotonic,42
0,0.21133707555628697,0.2041343669250646,isotonic,42
0,0.14954875480888982,0.09090909090909091,isotonic,42
1,0.9183547316779757,1.0,isotonic,42
1,0.963743126900838,1.0,isotonic,42
0,0.4017256783789654,0.39705882352941174,isotonic,42
1,0.9869906096470279,1.0,isotonic,42
1,0.9991517941691268,1.0,isotonic,42
1,0.958988791581206,1.0,isotonic,42
0,0.4845124232413435,0.4687500000000001,isotonic,42
1,0.9937307531984025,1.0,isotonic,42
0,0.27852178290239166,0.2041343669250646,isotonic,42
0,0.08382618615578145,0.04433497536945813,isotonic,42
1,0.11120371465709576,0.04433497536945813,isotonic,42
0,0.12779072900043378,0.09090909090909091,isotonic,42
1,0.48955103643861864,0.4687500000000001,isotonic,42
1,0.6043589035231264,0.65,isotonic,42
1,0.9394180590125152,1.0,isotonic,42
0,0.06877417831835653,0.0,isotonic,42
1,0.91662253050773,1.0,isotonic,42
1,0.25858517715568413,0.2041343669250646,isotonic,42
1,0.9545053757418007,1.0,isotonic,42
1,0.940361223824206,1.0,isotonic,42
1,0.9567940521334847,1.0,isotonic,42
1,0.5429958776220142,0.6341463414634146,isotonic,42
0,0.4794237430312623,0.4687500000000001,isotonic,42
1,0.8867636760477527,1.0,isotonic,42
0,0.1278035885514007,0.09090909090909091,isotonic,42
1,0.9624571772472346,1.0,isotonic,42
1,0.3966305259415373,0.39705882352941174,isotonic,42
1,0.9481744581822699,1.0,isotonic,42
1,0.8926942107671476,1.0,isotonic,42
0,0.22851807830809331,0.2041343669250646,isotonic,42
0,0.2797502610537738,0.2041343669250646,isotonic,42
0,0.11777386115888087,0.04433497536945813,isotonic,42
1,0.952715882534258,1.0,isotonic,42
1,0.9713580842630597,1.0,isotonic,42
1,0.31957705042823087,0.28155339805825247,isotonic,42
0,0.07384236264258254,0.022222222222222223,isotonic,42
1,0.9931245430570944,1.0,isotonic,42
0,0.21092121425930446,0.2041343669250646,isotonic,42
1,0.9940586051076695,1.0,isotonic,42
0,0.3226156325069041,0.28155339805825247,isotonic,42
0,0.22394920772986576,0.2041343669250646,isotonic,42
0,0.1323395620995102,0.09090909090909091,isotonic,42
1,0.9277433291006661,1.0,isotonic,42
1,0.9189308281845373,1.0,isotonic,42
1,0.9021624704682425,1.0,isotonic,42
0,0.0806301074627751,0.030303030303030304,isotonic,42
0,0.22440598114622376,0.2041343669250646,isotonic,42
1,0.9498229862944834,1.0,isotonic,42
0,0.10791131972861895,0.04433497536945813,isotonic,42
1,0.9905507144498092,1.0,isotonic,42
1,0.9557303628198499,1.0,isotonic,42
1,0.9530692908775855,1.0,isotonic,42
1,0.999796344188743,1.0,isotonic,42
1,0.30822854805421807,0.28155339805825247,isotonic,42
0,0.08530807779552858,0.04433497536945813,isotonic,42
0,0.41589550963286487,0.4,isotonic,42
1,0.3219716804588574,0.28155339805825247,isotonic,42
0,0.33478310791755833,0.34065934065934067,isotonic,42
0,0.13554806831234656,0.09090909090909091,isotonic,42
1,0.8620020528274736,1.0,isotonic,42
1,0.9568747846211413,1.0,isotonic,42
0,0.22324175794072218,0.2041343669250646,isotonic,42
1,0.9303831426502296,1.0,isotonic,42
0,0.16144283226293768,0.11627906976744186,isotonic,42
1,0.9995573652542427,1.0,isotonic,42
0,0.20115756880326488,0.2041343669250646,isotonic,42
0,0.27326759893100266,0.2041343669250646,isotonic,42
0,0.14316457189259515,0.09090909090909091,isotonic,42
1,0.992205511320585,1.0,isotonic,42
1,0.5353574565399589,0.6341463414634146,isotonic,42
0,0.14799881364045786,0.09090909090909091,isotonic,42
0,0.16041994552891845,0.11627906976744186,isotonic,42
1,0.990714705302131,1.0,isotonic,42
0,0.15741982291660755,0.11627906976744186,isotonic,42
1,0.9191079667123923,1.0,isotonic,42
0,0.38200495203624824,0.39705882352941174,isotonic,42
1,0.9921019453925645,1.0,isotonic,42
1,0.9901499681112355,1.0,isotonic,42
1,0.9466370041617256,1.0,isotonic,42
0,0.22377324969240808,0.2041343669250646,isotonic,42
1,0.989806072309277,1.0,isotonic,42
1,0.302784608049698,0.28155339805825247,isotonic,42
1,0.32399960279474205,0.28155339805825247,isotonic,42
0,0.15960770773116076,0.11627906976744186,isotonic,42
0,0.2584838925807449,0.2041343669250646,isotonic,42
1,0.681991977442871,0.8888888888888888,isotonic,42
0,0.11974836822332403,0.04433497536945813,isotonic,42
0,0.5229552584377555,0.6206896551724138,isotonic,42
0,0.41905148205166964,0.4,isotonic,42
0,0.08023081063919395,0.030303030303030304,isotonic,42
1,0.9914719682087739,1.0,isotonic,42
1,0.276514498995686,0.2041343669250646,isotonic,42
0,0.21972857346324867,0.2041343669250646,isotonic,42
0,0.09955559226686045,0.04433497536945813,isotonic,42
1,0.9128618077816266,1.0,isotonic,42
1,0.9487461023364668,1.0,isotonic,42
0,0.06619302560012826,0.0,isotonic,42
0,0.18443405749746,0.2041343669250646,isotonic,42
1,0.9513539695711634,1.0,isotonic,42
0,0.07358191714372157,0.022222222222222223,isotonic,42
0,0.2277118155081026,0.2041343669250646,isotonic,42
1,0.4367312592764003,0.4146341463414634,isotonic,42
0,0.07132958417589251,0.022222222222222223,isotonic,42
0,0.09171781478215967,0.04433497536945813,isotonic,42
1,0.9815599499844033,1.0,isotonic,42
0,0.22723574895810875,0.2041343669250646,isotonic,42
1,0.8949566658737029,1.0,isotonic,42
0,0.3207965827879523,0.28155339805825247,isotonic,42
1,0.8869918174290996,1.0,isotonic,42
0,0.304474730622541,0.28155339805825247,isotonic,42
1,0.9129329170547796,1.0,isotonic,42
0,0.17569148500112097,0.16666666666666666,isotonic,42
0,0.1737002109828906,0.16666666666666666,isotonic,42
0,0.1077554008471759,0.04433497536945813,isotonic,42
0,0.20213948374765012,0.2041343669250646,isotonic,42
0,0.08342490274699328,0.04433497536945813,isotonic,42
0,0.1926354468759287,0.2041343669250646,isotonic,42
0,0.1703353110802533,0.13333333333333333,isotonic,42
1,0.9815599499844033,1.0,isotonic,42
0,0.2644164825847591,0.2041343669250646,isotonic,42
1,0.9941195155372958,1.0,isotonic,42
1,0.9940736349713301,1.0,isotonic,42
0,0.26849853685802166,0.2041343669250646,isotonic,42
1,0.9901529666855695,1.0,isotonic,42
1,0.2593182140215262,0.2041343669250646,isotonic,42
1,0.9553610554250054,1.0,isotonic,42
1,0.8596578279041279,1.0,isotonic,42
1,0.911757847802491,1.0,isotonic,42
1,0.4085526788337434,0.4,isotonic,42
0,0.3832993339606251,0.39705882352941174,isotonic,42
1,0.3362857769529436,0.34065934065934067,isotonic,42
1,0.9987411842375494,1.0,isotonic,42
1,0.9891441231322577,1.0,isotonic,42
0,0.13901936045983626,0.09090909090909091,isotonic,42
0,0.10836494423633981,0.04433497536945813,isotonic,42
0,0.3300354209239329,0.28155339805825247,isotonic,42
0,0.23172185746005264,0.2041343669250646,isotonic,42
1,0.9870125954876774,1.0,isotonic,42
1,0.40611943921890153,0.39705882352941174,isotonic,42
1,0.2196825471261099,0.2041343669250646,isotonic,42
1,0.408764128557958,0.4,isotonic,42
0,0.26237942319163404,0.2041343669250646,isotonic,42
0,0.11856436373915563,0.04433497536945813,isotonic,42
1,0.8852905261906652,1.0,isotonic,42
1,0.5177688524690438,0.6206896551724138,isotonic,42
1,0.9923512604779584,1.0,isotonic,42
0,0.140667992158608,0.09090909090909091,isotonic,42
1,0.9672776943363298,1.0,isotonic,42
0,0.09867666706605105,0.04433497536945813,isotonic,42
0,0.2291089246367906,0.2041343669250646,isotonic,42
0,0.2933896421726799,0.2041343669250646,isotonic,42
0,0.06919384871993506,0.0,isotonic,42
1,0.9374143905955505,1.0,isotonic,42
0,0.3207791021187294,0.28155339805825247,isotonic,42
0,0.15685738131126092,0.11627906976744186,isotonic,42
0,0.06680719938933256,0.0,isotonic,42
0,0.32218170007387614,0.28155339805825247,isotonic,42
0,0.24870199090840364,0.2041343669250646,isotonic,42
