y_true,proba,proba_calibrated,calibration_method,seed
0,0.1185104995441864,0.0821917808219178,isotonic,52
0,0.16670848306533922,0.11267605633802817,isotonic,52
0,0.15651729398561584,0.11267605633802817,isotonic,52
0,0.1534905097107569,0.09090909090909091,isotonic,52
1,0.9971725261124611,1.0,isotonic,52
0,0.07974504648520493,0.02617801047120419,isotonic,52
1,0.9858846322572636,1.0,isotonic,52
0,0.28713523841248517,0.23076923076923078,isotonic,52
0,0.2778659620870897,0.18039215686274512,isotonic,52
0,0.17874836809207192,0.11267605633802817,isotonic,52
0,0.16828154768786868,0.11267605633802817,isotonic,52
0,0.2898364169869618,0.26865671641791045,isotonic,52
1,0.9858846322572636,1.0,isotonic,52
1,0.9165293556620696,1.0,isotonic,52
1,0.3663198482223098,0.32116788321167883,isotonic,52
0,0.24527700031332741,0.18039215686274512,isotonic,52
0,0.43950646499637824,0.40609137055837563,isotonic,52
1,0.8747154348317852,1.0,isotonic,52
0,0.06926726965214046,0.02617801047120419,isotonic,52
1,0.9318443148795429,1.0,isotonic,52
0,0.09040798565188998,0.02617801047120419,isotonic,52
0,0.13643693606634608,0.0821917808219178,isotonic,52
1,0.9938361212357942,1.0,isotonic,52
1,0.3426371018790508,0.32116788321167883,isotonic,52
0,0.26426478195890235,0.18039215686274512,isotonic,52
1,0.9858846322572636,1.0,isotonic,52
0,0.18134282762721854,0.11267605633802817,isotonic,52
0,0.21616148104835364,0.18039215686274512,isotonic,52
1,0.9512259948622386,1.0,isotonic,52
1,0.9837567372599991,1.0,isotonic,52
0,0.52626472416839,0.6000000000000001,isotonic,52
1,0.4681629309227635,0.40609137055837563,isotonic,52
1,0.9343683472554187,1.0,isotonic,52
0,0.24939654072920278,0.18039215686274512,isotonic,52
1,0.9341880535572974,1.0,isotonic,52
0,0.2541501040817049,0.18039215686274512,isotonic,52
1,0.9022208559371311,1.0,isotonic,52
0,0.15728284126974568,0.11267605633802817,isotonic,52
0,0.13018411505215013,0.0821917808219178,isotonic,52
0,0.34506249408316725,0.32116788321167883,isotonic,52
0,0.10148161326712081,0.03225806451612903,isotonic,52
1,0.9893783073675295,1.0,isotonic,52
1,0.3237245528926447,0.3125,isotonic,52
0,0.44917690146422945,0.40609137055837563,isotonic,52
0,0.06750868530216965,0.02617801047120419,isotonic,52
1,0.36853322581477954,0.32116788321167883,isotonic,52
1,0.9911475941331483,1.0,isotonic,52
0,0.08171614619336048,0.02617801047120419,isotonic,52
0,0.2047414573423928,0.11267605633802817,isotonic,52
0,0.24792065008502684,0.18039215686274512,isotonic,52
0,0.09944094983827072,0.03225806451612903,isotonic,52
0,0.2308347549180372,0.18039215686274512,isotonic,52
0,0.44097796292089136,0.40609137055837563,isotonic,52
0,0.20587589539308523,0.11267605633802817,isotonic,52
0,0.4553289088007072,0.40609137055837563,isotonic,52
1,0.9520760611269286,1.0,isotonic,52
0,0.4274022690466159,0.40609137055837563,isotonic,52
1,0.8776062761428549,1.0,isotonic,52
1,0.48797638264205156,0.5675675675675675,isotonic,52
1,0.9288173471120054,1.0,isotonic,52
0,0.297258676056356,0.26865671641791045,isotonic,52
1,0.9991919148136911,1.0,isotonic,52
0,0.6590507749636589,0.7222222222222222,isotonic,52
0,0.05050559743054777,0.0,isotonic,52
1,0.13197077524197434,0.0821917808219178,isotonic,52
0,0.22831371382372628,0.18039215686274512,isotonic,52
0,0.3894004603480121,0.33528310744460244,isotonic,52
1,0.43875398278351657,0.40609137055837563,isotonic,52
1,0.9858846322572636,1.0,isotonic,52
0,0.40165240979426103,0.40609137055837563,isotonic,52
0,0.24422634361954962,0.18039215686274512,isotonic,52
0,0.591057038254135,0.6000000000000001,isotonic,52
0,0.3624519359438256,0.32116788321167883,isotonic,52
0,0.05789636072848802,0.0,isotonic,52
1,0.9357429138188873,1.0,isotonic,52
1,0.9404745516091606,1.0,isotonic,52
1,0.9714660632537647,1.0,isotonic,52
0,0.17036116750498306,0.11267605633802817,isotonic,52
1,0.9975703248134729,1.0,isotonic,52
1,0.99549414555787,1.0,isotonic,52
1,0.3029780110568678,0.26865671641791045,isotonic,52
0,0.5134883883838128,0.6000000000000001,isotonic,52
0,0.142421677862808,0.0821917808219178,isotonic,52
0,0.1667991998198148,0.11267605633802817,isotonic,52
0,0.2784441904130873,0.18039215686274512,isotonic,52
0,0.45000895491115445,0.40609137055837563,isotonic,52
1,0.379572622533916,0.32116788321167883,isotonic,52
0,0.08323397891689381,0.02617801047120419,isotonic,52
1,0.3818523540952227,0.32116788321167883,isotonic,52
1,0.06676113537400694,0.02617801047120419,isotonic,52
1,0.21526472895251955,0.18039215686274512,isotonic,52
1,0.43450334293609766,0.40609137055837563,isotonic,52
1,0.5564887416725978,0.6000000000000001,isotonic,52
0,0.4638529403881424,0.40609137055837563,isotonic,52
0,0.3561046004995479,0.32116788321167883,isotonic,52
0,0.08288141991124268,0.02617801047120419,isotonic,52
1,0.9356768601191061,1.0,isotonic,52
1,0.9965181230645254,1.0,isotonic,52
1,0.40233208315720476,0.40609137055837563,isotonic,52
1,0.9171276116822173,1.0,isotonic,52
0,0.10802961248082817,0.0821917808219178,isotonic,52
1,0.4724727228266687,0.40609137055837563,isotonic,52
0,0.30561234824198946,0.26865671641791045,isotonic,52
0,0.06967121299749773,0.02617801047120419,isotonic,52
1,0.9960564465268217,1.0,isotonic,52
0,0.4135954774614483,0.40609137055837563,isotonic,52
1,0.9908190696732724,1.0,isotonic,52
1,0.9992266289787949,1.0,isotonic,52
1,0.41101827020578635,0.40609137055837563,isotonic,52
1,0.09020873827273669,0.02617801047120419,isotonic,52
0,0.13221409317118993,0.0821917808219178,isotonic,52
0,0.15994970475831558,0.11267605633802817,isotonic,52
1,0.915968519034216,1.0,isotonic,52
1,0.9316319790958194,1.0,isotonic,52
0,0.1485143413729434,0.08333333333333333,isotonic,52
0,0.27393052815627766,0.18039215686274512,isotonic,52
1,0.36077172059480095,0.32116788321167883,isotonic,52
0,0.08593602367811477,0.02617801047120419,isotonic,52
0,0.08021362191934071,0.02617801047120419,isotonic,52
0,0.32280820993688186,0.3125,isotonic,52
0,0.22821289046339732,0.18039215686274512,isotonic,52
1,0.2684113599393345,0.18039215686274512,isotonic,52
1,0.24327812385910452,0.18039215686274512,isotonic,52
0,0.273757042174709,0.18039215686274512,isotonic,52
0,0.13111530409064834,0.0821917808219178,isotonic,52
1,0.28121853718822143,0.18039215686274512,isotonic,52
0,0.2730798361867819,0.18039215686274512,isotonic,52
1,0.9368178486924169,1.0,isotonic,52
1,0.3371885235752105,0.32116788321167883,isotonic,52
1,0.32321431189765926,0.3125,isotonic,52
0,0.19117289465157516,0.11267605633802817,isotonic,52
0,0.14707473937355225,0.0821917808219178,isotonic,52
1,0.9175953003734162,1.0,isotonic,52
0,0.47724961430558477,0.40609137055837563,isotonic,52
0,0.2754622672637397,0.18039215686274512,isotonic,52
1,0.35607347272637624,0.32116788321167883,isotonic,52
1,0.9270155299560137,1.0,isotonic,52
1,0.9858846322572636,1.0,isotonic,52
1,0.9279101609533638,1.0,isotonic,52
0,0.09867506611641146,0.03225806451612903,isotonic,52
0,0.13828840259321687,0.0821917808219178,isotonic,52
0,0.2732590859833155,0.18039215686274512,isotonic,52
1,0.4756220509727972,0.40609137055837563,isotonic,52
1,0.9906290811556518,1.0,isotonic,52
0,0.3482449043808426,0.32116788321167883,isotonic,52
0,0.07036410071246574,0.02617801047120419,isotonic,52
0,0.42514717925866186,0.40609137055837563,isotonic,52
0,0.17020323401609058,0.11267605633802817,isotonic,52
1,0.9272664163980087,1.0,isotonic,52
0,0.12463741972098902,0.0821917808219178,isotonic,52
0,0.1816592420837444,0.11267605633802817,isotonic,52
0,0.3511183821976579,0.32116788321167883,isotonic,52
0,0.22505301968542857,0.18039215686274512,isotonic,52
0,0.22861677068760072,0.18039215686274512,isotonic,52
1,0.5426210557162671,0.6000000000000001,isotonic,52
1,0.9996745576355249,1.0,isotonic,52
1,0.9051377928409022,1.0,isotonic,52
0,0.13075337645665489,0.0821917808219178,isotonic,52
0,0.06949813310578733,0.02617801047120419,isotonic,52
0,0.08646988187007855,0.02617801047120419,isotonic,52
1,0.9378251296591659,1.0,isotonic,52
1,0.8542898430968884,1.0,isotonic,52
0,0.2206426694506823,0.18039215686274512,isotonic,52
0,0.42283510180383543,0.40609137055837563,isotonic,52
0,0.17262917449440368,0.11267605633802817,isotonic,52
0,0.3201906007936951,0.3125,isotonic,52
0,0.23548414994035766,0.18039215686274512,isotonic,52
1,0.884104974072658,1.0,isotonic,52
0,0.3081705144344632,0.26865671641791045,isotonic,52
1,0.9858846322572636,1.0,isotonic,52
0,0.08638000440851201,0.02617801047120419,isotonic,52
1,0.9940600239119441,1.0,isotonic,52
1,0.9384454927539069,1.0,isotonic,52
0,0.15424687292039324,0.10391596147212048,isotonic,52
1,0.9206402446882741,1.0,isotonic,52
0,0.11763910891008651,0.0821917808219178,isotonic,52
0,0.12184502253837609,0.0821917808219178,isotonic,52
0,0.4641542449682724,0.40609137055837563,isotonic,52
0,0.18120180926851884,0.11267605633802817,isotonic,52
1,0.9430652826751036,1.0,isotonic,52
1,0.08989451816066688,0.02617801047120419,isotonic,52
0,0.11290407134398815,0.0821917808219178,isotonic,52
1,0.9858846322572636,1.0,isotonic,52
0,0.20566841527509686,0.11267605633802817,isotonic,52
1,0.9858846322572636,1.0,isotonic,52
0,0.4173091856425026,0.40609137055837563,isotonic,52
0,0.11341288813691457,0.0821917808219178,isotonic,52
0,0.14406652306216766,0.0821917808219178,isotonic,52
0,0.08390946048366545,0.02617801047120419,isotonic,52
1,0.9892329550852139,1.0,isotonic,52
1,0.9908475503146926,1.0,isotonic,52
0,0.2827503972816189,0.23076923076923078,isotonic,52
1,0.4739045986891892,0.40609137055837563,isotonic,52
1,0.3770627432823998,0.32116788321167883,isotonic,52
1,0.8999441757555583,1.0,isotonic,52
1,0.9085140805142906,1.0,isotonic,52
0,0.2860112245904306,0.23076923076923078,isotonic,52
1,0.07883601516616,0.02617801047120419,isotonic,52
0,0.23262463422765453,0.18039215686274512,isotonic,52
1,0.9993280475894917,1.0,isotonic,52
1,0.4561450504600587,0.40609137055837563,isotonic,52
1,0.9192734251360141,1.0,isotonic,52
0,0.09584657546057485,0.02617801047120419,isotonic,52
0,0.05762764308929825,0.0,isotonic,52
1,0.9185127872819099,1.0,isotonic,52
0,0.10785927824182417,0.0821917808219178,isotonic,52
0,0.21576004981599947,0.18039215686274512,isotonic,52
0,0.19069986994096458,0.11267605633802817,isotonic,52
1,0.9154401031641229,1.0,isotonic,52
0,0.2519872474129168,0.18039215686274512,isotonic,52
0,0.07114129593455941,0.02617801047120419,isotonic,52
0,0.21620798287120513,0.18039215686274512,isotonic,52
0,0.36237971235322985,0.32116788321167883,isotonic,52
0,0.32082494947462675,0.3125,isotonic,52
1,0.9427876858401053,1.0,isotonic,52
0,0.05741319028323808,0.0,isotonic,52
1,0.9889803172825039,1.0,isotonic,52
0,0.18799719528404552,0.11267605633802817,isotonic,52
1,0.9982232852672372,1.0,isotonic,52
0,0.1349360488699618,0.0821917808219178,isotonic,52
0,0.319334129736852,0.3125,isotonic,52
1,0.9539426838157351,1.0,isotonic,52
1,0.9858846322572636,1.0,isotonic,52
0,0.45593099253105623,0.40609137055837563,isotonic,52
0,0.16691863129632933,0.11267605633802817,isotonic,52
0,0.22884888151300467,0.18039215686274512,isotonic,52
1,0.49259593538289104,0.5675675675675675,isotonic,52
1,0.9934988281960396,1.0,isotonic,52
1,0.9858846322572636,1.0,isotonic,52
0,0.13455863563724677,0.0821917808219178,isotonic,52
1,0.9881648914527867,1.0,isotonic,52
1,0.9933203076003246,1.0,isotonic,52
0,0.1475033566688174,0.0821917808219178,isotonic,52
0,0.2737734787575918,0.18039215686274512,isotonic,52
1,0.9858846322572636,1.0,isotonic,52
0,0.1997421053000479,0.11267605633802817,isotonic,52
1,0.40940983864007663,0.40609137055837563,isotonic,52
0,0.20594147179926003,0.11267605633802817,isotonic,52
0,0.07884039304590934,0.02617801047120419,isotonic,52
1,0.9917776783416528,1.0,isotonic,52
0,0.2167208993762253,0.18039215686274512,isotonic,52
1,0.9153513035270628,1.0,isotonic,52
1,0.8694754743991934,1.0,isotonic,52
0,0.08707848258199637,0.02617801047120419,isotonic,52
1,0.452750329093316,0.40609137055837563,isotonic,52
1,0.8872964707640495,1.0,isotonic,52
1,0.9858846322572636,1.0,isotonic,52
1,0.9393600607654173,1.0,isotonic,52
1,0.9898297977954594,1.0,isotonic,52
1,0.9858846322572636,1.0,isotonic,52
1,0.9228514463435619,1.0,isotonic,52
1,0.9320802546994483,1.0,isotonic,52
1,0.9071220705092509,1.0,isotonic,52
0,0.4383584755186097,0.40609137055837563,isotonic,52
0,0.062416632801342416,0.02617801047120419,isotonic,52
1,0.9929054391599105,1.0,isotonic,52
0,0.06933677162251964,0.02617801047120419,isotonic,52
1,0.9858846322572636,1.0,isotonic,52
0,0.2849793238887401,0.23076923076923078,isotonic,52
0,0.07584245815426857,0.02617801047120419,isotonic,52
1,0.9839008603208438,1.0,isotonic,52
1,0.8962485098090605,1.0,isotonic,52
1,0.4253193045719406,0.40609137055837563,isotonic,52
1,0.9975784899144653,1.0,isotonic,52
1,0.9507052925276523,1.0,isotonic,52
0,0.08481745788030853,0.02617801047120419,isotonic,52
1,0.9895508072588647,1.0,isotonic,52
1,0.9546479373618488,1.0,isotonic,52
0,0.44022618650247175,0.40609137055837563,isotonic,52
0,0.06381161386459672,0.02617801047120419,isotonic,52
1,0.9858846322572636,1.0,isotonic,52
1,0.8980665586171432,1.0,isotonic,52
0,0.17376461282350786,0.11267605633802817,isotonic,52
1,0.9858846322572636,1.0,isotonic,52
0,0.42138552486894204,0.40609137055837563,isotonic,52
0,0.34006497980121475,0.32116788321167883,isotonic,52
1,0.9858846322572636,1.0,isotonic,52
0,0.3418943809384488,0.32116788321167883,isotonic,52
1,0.923568015488397,1.0,isotonic,52
0,0.5671409611862889,0.6000000000000001,isotonic,52
1,0.28740794414336657,0.23076923076923078,isotonic,52
1,0.9702988231719955,1.0,isotonic,52
1,0.9385723695964284,1.0,isotonic,52
1,0.22785959917257528,0.18039215686274512,isotonic,52
1,0.8734056252524451,1.0,isotonic,52
0,0.31559769471557997,0.3125,isotonic,52
0,0.08232451374101571,0.02617801047120419,isotonic,52
0,0.20025130538130834,0.11267605633802817,isotonic,52
0,0.21140086060669885,0.18039215686274512,isotonic,52
0,0.4681212108776033,0.40609137055837563,isotonic,52
1,0.97253392061128,1.0,isotonic,52
0,0.14386293701183228,0.0821917808219178,isotonic,52
0,0.16667043501920656,0.11267605633802817,isotonic,52
0,0.33084362684342267,0.32116788321167883,isotonic,52
1,0.9858846322572636,1.0,isotonic,52
0,0.2181190627172579,0.18039215686274512,isotonic,52
1,0.9394924808871893,1.0,isotonic,52
1,0.9064726613093974,1.0,isotonic,52
1,0.9874280896447108,1.0,isotonic,52
0,0.3961491150175478,0.40609137055837563,isotonic,52
0,0.08839276397500666,0.02617801047120419,isotonic,52
1,0.910057715944659,1.0,isotonic,52
1,0.34935975134115255,0.32116788321167883,isotonic,52
0,0.09526810852061388,0.02617801047120419,isotonic,52
0,0.08899259830138316,0.02617801047120419,isotonic,52
1,0.9334883227237285,1.0,isotonic,52
0,0.29041143426295174,0.26865671641791045,isotonic,52
0,0.058826690960306405,0.0,isotonic,52
0,0.11030268160819709,0.0821917808219178,isotonic,52
1,0.338891028562969,0.32116788321167883,isotonic,52
1,0.9965139938690667,1.0,isotonic,52
1,0.2929859941470419,0.26865671641791045,isotonic,52
0,0.15016561531754913,0.08333333333333333,isotonic,52
1,0.9033392172510105,1.0,isotonic,52
1,0.8701737552724188,1.0,isotonic,52
1,0.9858846322572636,1.0,isotonic,52
1,0.9515859036933553,1.0,isotonic,52
0,0.09255154602112588,0.02617801047120419,isotonic,52
0,0.2742427683672325,0.18039215686274512,isotonic,52
1,0.6406109997327744,0.7222222222222222,isotonic,52
0,0.2714241245761265,0.18039215686274512,isotonic,52
0,0.21984931968686966,0.18039215686274512,isotonic,52
1,0.9897833177726432,1.0,isotonic,52
0,0.0858364879706023,0.02617801047120419,isotonic,52
1,0.8713241871089469,1.0,isotonic,52
0,0.09724569975784593,0.031129536635697234,isotonic,52
0,0.13903656786704627,0.0821917808219178,isotonic,52
1,0.22597573464302698,0.18039215686274512,isotonic,52
1,0.3550677286352026,0.32116788321167883,isotonic,52
0,0.08577356063241491,0.02617801047120419,isotonic,52
0,0.08585824768009515,0.02617801047120419,isotonic,52
0,0.06670715216793445,0.02617801047120419,isotonic,52
0,0.19478574007075836,0.11267605633802817,isotonic,52
0,0.45667359435351634,0.40609137055837563,isotonic,52
0,0.11112553984105666,0.0821917808219178,isotonic,52
1,0.42145893425651004,0.40609137055837563,isotonic,52
1,0.8618615786316766,1.0,isotonic,52
1,0.9642152213854613,1.0,isotonic,52
0,0.22539573147194242,0.18039215686274512,isotonic,52
0,0.39439998539938564,0.40609137055837563,isotonic,52
1,0.2922659910149656,0.26865671641791045,isotonic,52
1,0.9969296923396197,1.0,isotonic,52
0,0.37392498797324725,0.32116788321167883,isotonic,52
1,0.9393667906793565,1.0,isotonic,52
0,0.17470350911613855,0.11267605633802817,isotonic,52
1,0.9826499145484,1.0,isotonic,52
0,0.27344503118797947,0.18039215686274512,isotonic,52
0,0.13126430949629467,0.0821917808219178,isotonic,52
0,0.08213326281753423,0.02617801047120419,isotonic,52
0,0.05640208426721868,0.0,isotonic,52
0,0.2673099868555068,0.18039215686274512,isotonic,52
0,0.32771856834838853,0.3125,isotonic,52
0,0.38769929309507206,0.32116788321167883,isotonic,52
0,0.15722091060297422,0.11267605633802817,isotonic,52
1,0.9917438545657951,1.0,isotonic,52
0,0.27401302454759563,0.18039215686274512,isotonic,52
0,0.12105684178140909,0.0821917808219178,isotonic,52
0,0.2836458476096198,0.23076923076923078,isotonic,52
1,0.8814287392127401,1.0,isotonic,52
1,0.19818882724767362,0.11267605633802817,isotonic,52
1,0.995142405404167,1.0,isotonic,52
0,0.14454854244843865,0.0821917808219178,isotonic,52
0,0.08328839560421732,0.02617801047120419,isotonic,52
1,0.07208806829708515,0.02617801047120419,isotonic,52
0,0.1296171154534186,0.0821917808219178,isotonic,52
0,0.3036391711972342,0.26865671641791045,isotonic,52
0,0.2875735640393386,0.23076923076923078,isotonic,52
0,0.14615421894156538,0.0821917808219178,isotonic,52
0,0.13834081194959352,0.0821917808219178,isotonic,52
0,0.3918684877097616,0.40609137055837563,isotonic,52
1,0.941427579024015,1.0,isotonic,52
1,0.9865161323172168,1.0,isotonic,52
1,0.27809940781442344,0.18039215686274512,isotonic,52
1,0.9473927787373148,1.0,isotonic,52
1,0.5194655369930824,0.6000000000000001,isotonic,52
0,0.05924425852425396,0.0,isotonic,52
0,0.28837326658176554,0.2620755270463835,isotonic,52
0,0.14586564727535167,0.0821917808219178,isotonic,52
0,0.057405392409291656,0.0,isotonic,52
0,0.18512132899655329,0.11267605633802817,isotonic,52
0,0.43168332188065356,0.40609137055837563,isotonic,52
1,0.9920200428464028,1.0,isotonic,52
1,0.8233538841418802,1.0,isotonic,52
0,0.07850646036103126,0.02617801047120419,isotonic,52
0,0.4902380304281788,0.5675675675675675,isotonic,52
0,0.07605383268387064,0.02617801047120419,isotonic,52
1,0.9558577740960654,1.0,isotonic,52
0,0.5319833352620182,0.6000000000000001,isotonic,52
1,0.2671421199160253,0.18039215686274512,isotonic,52
1,0.28199161207032364,0.18039215686274512,isotonic,52
0,0.4468878228156396,0.40609137055837563,isotonic,52
1,0.4728893227054926,0.40609137055837563,isotonic,52
1,0.9213194162417719,1.0,isotonic,52
0,0.17197921913544598,0.11267605633802817,isotonic,52
1,0.9915216367032585,1.0,isotonic,52
0,0.1819805147743506,0.11267605633802817,isotonic,52
1,0.9968435180767596,1.0,isotonic,52
0,0.19702067812527313,0.11267605633802817,isotonic,52
1,0.4618549704035747,0.40609137055837563,isotonic,52
0,0.3123150459198079,0.3125,isotonic,52
1,0.9965190891446709,1.0,isotonic,52
1,0.9858846322572636,1.0,isotonic,52
0,0.27554460459628244,0.18039215686274512,isotonic,52
0,0.2290312681636781,0.18039215686274512,isotonic,52
0,0.061955192964307564,0.02617801047120419,isotonic,52
1,0.9231687265576356,1.0,isotonic,52
0,0.3027856202184828,0.26865671641791045,isotonic,52
0,0.29913152182841046,0.26865671641791045,isotonic,52
0,0.27552748505430324,0.18039215686274512,isotonic,52
1,0.8844413161194082,1.0,isotonic,52
0,0.3210245525102141,0.3125,isotonic,52
1,0.3389300135923855,0.32116788321167883,isotonic,52
1,0.9003991579816965,1.0,isotonic,52
1,0.3637096315738624,0.32116788321167883,isotonic,52
1,0.9252882542834567,1.0,isotonic,52
0,0.06629979308939873,0.02617801047120419,isotonic,52
1,0.5013808604385535,0.5675675675675675,isotonic,52
1,0.999040474873154,1.0,isotonic,52
0,0.4906458132085608,0.5675675675675675,isotonic,52
1,0.9948248693572068,1.0,isotonic,52
1,0.9331165376198682,1.0,isotonic,52
0,0.3074687995815076,0.26865671641791045,isotonic,52
1,0.9783169415316582,1.0,isotonic,52
0,0.13913177878166297,0.0821917808219178,isotonic,52
0,0.42157067424703937,0.40609137055837563,isotonic,52
1,0.9545830270481642,1.0,isotonic,52
1,0.31182212746327076,0.3125,isotonic,52
0,0.41133021024218636,0.40609137055837563,isotonic,52
1,0.9858846322572636,1.0,isotonic,52
1,0.9899820030362085,1.0,isotonic,52
0,0.05432589520904409,0.0,isotonic,52
0,0.16137833038850527,0.11267605633802817,isotonic,52
1,0.8671610088165602,1.0,isotonic,52
1,0.9384374994926505,1.0,isotonic,52
0,0.05209715496168407,0.0,isotonic,52
0,0.06773717088235165,0.02617801047120419,isotonic,52
1,0.9372331856015355,1.0,isotonic,52
0,0.0677927119216669,0.02617801047120419,isotonic,52
1,0.9395029726087557,1.0,isotonic,52
1,0.42321852086170475,0.40609137055837563,isotonic,52
1,0.9383160936076281,1.0,isotonic,52
0,0.3288211810965269,0.32116788321167883,isotonic,52
1,0.8781452084443809,1.0,isotonic,52
0,0.17151355681789965,0.11267605633802817,isotonic,52
0,0.11607247301313846,0.0821917808219178,isotonic,52
0,0.2865751374693209,0.23076923076923078,isotonic,52
0,0.26137330612667575,0.18039215686274512,isotonic,52
1,0.17183010228742568,0.11267605633802817,isotonic,52
0,0.21728376285366158,0.18039215686274512,isotonic,52
1,0.18455026466109353,0.11267605633802817,isotonic,52
0,0.4404271350258271,0.40609137055837563,isotonic,52
1,0.9992785668159477,1.0,isotonic,52
0,0.308921082146726,0.26865671641791045,isotonic,52
1,0.23155619064664615,0.18039215686274512,isotonic,52
1,0.6037041327609984,0.6000000000000001,isotonic,52
0,0.5047362475982465,0.5675675675675675,isotonic,52
0,0.44822329118830717,0.40609137055837563,isotonic,52
0,0.053981032457281905,0.0,isotonic,52
1,0.9228393216725836,1.0,isotonic,52
0,0.2241348082560136,0.18039215686274512,isotonic,52
0,0.21242981589929033,0.18039215686274512,isotonic,52
1,0.883617984560777,1.0,isotonic,52
0,0.08380193761321608,0.02617801047120419,isotonic,52
1,0.35435779964570246,0.32116788321167883,isotonic,52
0,0.10540381135986875,0.0821917808219178,isotonic,52
0,0.07171104749328365,0.02617801047120419,isotonic,52
1,0.9470445004911204,1.0,isotonic,52
1,0.9972503781633386,1.0,isotonic,52
0,0.13688887083259554,0.0821917808219178,isotonic,52
1,0.8463418692611926,1.0,isotonic,52
0,0.14133989349314008,0.0821917808219178,isotonic,52
0,0.1577229495894424,0.11267605633802817,isotonic,52
0,0.13083836803284699,0.0821917808219178,isotonic,52
0,0.10497619505659053,0.0821917808219178,isotonic,52
1,0.9288299777472664,1.0,isotonic,52
1,0.9926784967453528,1.0,isotonic,52
0,0.3099776668396451,0.26865671641791045,isotonic,52
0,0.5413297500222382,0.6000000000000001,isotonic,52
1,0.6443725113691829,0.7222222222222222,isotonic,52
1,0.9881324904867307,1.0,isotonic,52
0,0.11679214398388038,0.0821917808219178,isotonic,52
0,0.2639958712966854,0.18039215686274512,isotonic,52
0,0.15027127148763034,0.08333333333333333,isotonic,52
0,0.26491867024030136,0.18039215686274512,isotonic,52
1,0.9145421480029968,1.0,isotonic,52
0,0.1439137624394198,0.0821917808219178,isotonic,52
1,0.9955996310644162,1.0,isotonic,52
0,0.2196852316952238,0.18039215686274512,isotonic,52
1,0.9372760083809302,1.0,isotonic,52
1,0.9401401849983974,1.0,isotonic,52
1,0.9933006851144152,1.0,isotonic,52
0,0.05750728035719989,0.0,isotonic,52
0,0.3705342248413102,0.32116788321167883,isotonic,52
0,0.14373880907865716,0.0821917808219178,isotonic,52
0,0.6212276728626092,0.7222222222222222,isotonic,52
0,0.2781549301508227,0.18039215686274512,isotonic,52
1,0.9489507547054827,1.0,isotonic,52
0,0.3203108948284377,0.3125,isotonic,52
1,0.6318694464894331,0.7222222222222222,isotonic,52
1,0.9407822171792769,1.0,isotonic,52
1,0.9217818580379312,1.0,isotonic,52
1,0.9924241963716554,1.0,isotonic,52
0,0.16513827692081026,0.11267605633802817,isotonic,52
0,0.22287466167061085,0.18039215686274512,isotonic,52
1,0.998597814736011,1.0,isotonic,52
0,0.060940306882053374,0.02617801047120419,isotonic,52
1,0.24639620737353246,0.18039215686274512,isotonic,52
0,0.06341904163724278,0.02617801047120419,isotonic,52
1,0.9919469669047908,1.0,isotonic,52
0,0.14033297951680115,0.0821917808219178,isotonic,52
0,0.5186598708594106,0.6000000000000001,isotonic,52
1,0.9415317091442523,1.0,isotonic,52
0,0.11719428139329703,0.0821917808219178,isotonic,52
1,0.43731063209961074,0.40609137055837563,isotonic,52
0,0.12590758836007243,0.0821917808219178,isotonic,52
1,0.9194142161535592,1.0,isotonic,52
1,0.22841754722306418,0.18039215686274512,isotonic,52
1,0.2018523220184104,0.11267605633802817,isotonic,52
0,0.12003115206370256,0.0821917808219178,isotonic,52
1,0.9911933572261946,1.0,isotonic,52
0,0.18703859641397835,0.11267605633802817,isotonic,52
1,0.33074992229495737,0.32116788321167883,isotonic,52
1,0.9858846322572636,1.0,isotonic,52
0,0.47221140477677864,0.40609137055837563,isotonic,52
0,0.18176987141529055,0.11267605633802817,isotonic,52
0,0.15427599274666592,0.10462685516967264,isotonic,52
1,0.9858846322572636,1.0,isotonic,52
1,0.4027050924514605,0.40609137055837563,isotonic,52
1,0.907040243597127,1.0,isotonic,52
1,0.9087521586316986,1.0,isotonic,52
1,0.3506339704827884,0.32116788321167883,isotonic,52
1,0.5175218945460233,0.6000000000000001,isotonic,52
1,0.2751964219683826,0.18039215686274512,isotonic,52
0,0.6022515832865294,0.6000000000000001,isotonic,52
1,0.9018487709488443,1.0,isotonic,52
0,0.4716879354565941,0.40609137055837563,isotonic,52
0,0.1978511288407342,0.11267605633802817,isotonic,52
1,0.985842254793144,1.0,isotonic,52
0,0.5619407934600494,0.6000000000000001,isotonic,52
0,0.1757064799425539,0.11267605633802817,isotonic,52
0,0.14448521705913855,0.0821917808219178,isotonic,52
0,0.4192304663796139,0.40609137055837563,isotonic,52
0,0.06199253257881189,0.02617801047120419,isotonic,52
0,0.4154795180468896,0.40609137055837563,isotonic,52
0,0.23359070399374707,0.18039215686274512,isotonic,52
1,0.07776788300314016,0.02617801047120419,isotonic,52
1,0.45596138384541474,0.40609137055837563,isotonic,52
0,0.5966893056830213,0.6000000000000001,isotonic,52
0,0.31842167152350437,0.3125,isotonic,52
1,0.8928090565498288,1.0,isotonic,52
0,0.08192753316479129,0.02617801047120419,isotonic,52
1,0.6002171464356288,0.6000000000000001,isotonic,52
1,0.9417843938908542,1.0,isotonic,52
0,0.10494257101644863,0.0821917808219178,isotonic,52
1,0.9915458369092249,1.0,isotonic,52
0,0.40188564187323317,0.40609137055837563,isotonic,52
0,0.14758406658545206,0.0821917808219178,isotonic,52
0,0.19981148263881418,0.11267605633802817,isotonic,52
1,0.33430401346157984,0.32116788321167883,isotonic,52
1,0.9417475116014774,1.0,isotonic,52
1,0.9963901553398025,1.0,isotonic,52
1,0.9876776846397358,1.0,isotonic,52
0,0.3235522746071936,0.3125,isotonic,52
1,0.4333237696050954,0.40609137055837563,isotonic,52
1,0.9211935399118611,1.0,isotonic,52
0,0.058716593870595093,0.0,isotonic,52
1,0.991740287626208,1.0,isotonic,52
1,0.9099034982583949,1.0,isotonic,52
0,0.11555794562886172,0.0821917808219178,isotonic,52
1,0.1612851998274253,0.11267605633802817,isotonic,52
1,0.9881535348269926,1.0,isotonic,52
0,0.1685379679416876,0.11267605633802817,isotonic,52
0,0.2611790995773713,0.18039215686274512,isotonic,52
0,0.10881836599239096,0.0821917808219178,isotonic,52
1,0.9858846322572636,1.0,isotonic,52
0,0.16665085657119613,0.11267605633802817,isotonic,52
0,0.22916858527488207,0.18039215686274512,isotonic,52
1,0.9940781072232109,1.0,isotonic,52
1,0.9629049741460796,1.0,isotonic,52
0,0.1366170632417535,0.0821917808219178,isotonic,52
0,0.31731880614980884,0.3125,isotonic,52
0,0.19522346673395533,0.11267605633802817,isotonic,52
0,0.11013514145857113,0.0821917808219178,isotonic,52
0,0.18163732449420406,0.11267605633802817,isotonic,52
0,0.12776949148323904,0.0821917808219178,isotonic,52
0,0.46351736681985567,0.40609137055837563,isotonic,52
1,0.9929631624626196,1.0,isotonic,52
1,0.9945868936325756,1.0,isotonic,52
1,0.9098408770801814,1.0,isotonic,52
0,0.09432232904437686,0.02617801047120419,isotonic,52
0,0.1341740737245183,0.0821917808219178,isotonic,52
1,0.941577718655786,1.0,isotonic,52
1,0.9382186756204667,1.0,isotonic,52
1,0.9920544202366905,1.0,isotonic,52
0,0.0739535625565724,0.02617801047120419,isotonic,52
0,0.09638215080591049,0.02617801047120419,isotonic,52
0,0.05679567775594113,0.0,isotonic,52
0,0.17463932070453872,0.11267605633802817,isotonic,52
1,0.9392007810411581,1.0,isotonic,52
0,0.21855532487329957,0.18039215686274512,isotonic,52
0,0.5148014593961802,0.6000000000000001,isotonic,52
0,0.1305705805474211,0.0821917808219178,isotonic,52
1,0.8407636599297545,1.0,isotonic,52
0,0.6703076805301638,0.7222222222222222,isotonic,52
1,0.9930222451437826,1.0,isotonic,52
1,0.5031877569379788,0.5675675675675675,isotonic,52
1,0.9913144470704007,1.0,isotonic,52
1,0.0825072601788687,0.02617801047120419,isotonic,52
0,0.21028906433466085,0.18039215686274512,isotonic,52
0,0.21078735117799163,0.18039215686274512,isotonic,52
1,0.9333063923057311,1.0,isotonic,52
1,0.9422421075588993,1.0,isotonic,52
0,0.5154138183315894,0.6000000000000001,isotonic,52
0,0.3487167779455936,0.32116788321167883,isotonic,52
1,0.9950737146365058,1.0,isotonic,52
1,0.4958170880675194,0.5675675675675675,isotonic,52
0,0.33227694679437536,0.32116788321167883,isotonic,52
0,0.07380076366220517,0.02617801047120419,isotonic,52
0,0.24712168557482125,0.18039215686274512,isotonic,52
1,0.9879425731765566,1.0,isotonic,52
0,0.33186235615524307,0.32116788321167883,isotonic,52
0,0.19800007021257154,0.11267605633802817,isotonic,52
1,0.45251942419047464,0.40609137055837563,isotonic,52
0,0.4388819364268462,0.40609137055837563,isotonic,52
0,0.12601148306223606,0.0821917808219178,isotonic,52
1,0.9858846322572636,1.0,isotonic,52
0,0.31136118007029856,0.3125,isotonic,52
0,0.15110214990075482,0.09090909090909091,isotonic,52
1,0.9976571441206246,1.0,isotonic,52
1,0.9913911112866295,1.0,isotonic,52
0,0.152118963544592,0.09090909090909091,isotonic,52
1,0.9555004177820003,1.0,isotonic,52
1,0.8593315940546196,1.0,isotonic,52
1,0.7737332921930401,1.0,isotonic,52
0,0.20195443601232968,0.11267605633802817,isotonic,52
1,0.9895160319101755,1.0,isotonic,52
1,0.5539056201407975,0.6000000000000001,isotonic,52
0,0.5664301183109928,0.6000000000000001,isotonic,52
1,0.9858846322572636,1.0,isotonic,52
1,0.9350798707703831,1.0,isotonic,52
0,0.05904978379942006,0.0,isotonic,52
0,0.08592987996953175,0.02617801047120419,isotonic,52
1,0.9981319137958845,1.0,isotonic,52
1,0.9901815003963562,1.0,isotonic,52
0,0.33104582600642163,0.32116788321167883,isotonic,52
1,0.5063764293588446,0.5675675675675675,isotonic,52
0,0.1571936470357049,0.11267605633802817,isotonic,52
1,0.9008561374254618,1.0,isotonic,52
0,0.2664356003066258,0.18039215686274512,isotonic,52
1,0.45670825885652466,0.40609137055837563,isotonic,52
0,0.09726755537155742,0.03143262539366476,isotonic,52
1,0.8993265868605214,1.0,isotonic,52
1,0.9904242748955479,1.0,isotonic,52
1,0.6995796522648671,0.7222222222222222,isotonic,52
0,0.20679714160973484,0.11267605633802817,isotonic,52
1,0.9345851885657722,1.0,isotonic,52
0,0.1789178139819701,0.11267605633802817,isotonic,52
0,0.2033777058288574,0.11267605633802817,isotonic,52
0,0.10073583130650933,0.03225806451612903,isotonic,52
0,0.28774024014939614,0.23076923076923078,isotonic,52
1,0.4174161146840074,0.40609137055837563,isotonic,52
1,0.9904829475709424,1.0,isotonic,52
1,0.9982829556170322,1.0,isotonic,52
0,0.2681015738868425,0.18039215686274512,isotonic,52
1,0.8942580491141497,1.0,isotonic,52
1,0.31428535723516354,0.3125,isotonic,52
0,0.11491166541092353,0.0821917808219178,isotonic,52
0,0.6058937889851235,0.6000000000000001,isotonic,52
0,0.14543132073295248,0.0821917808219178,isotonic,52
0,0.25458770071927966,0.18039215686274512,isotonic,52
0,0.119165344181945,0.0821917808219178,isotonic,52
1,0.8528654317118988,1.0,isotonic,52
0,0.12065430879255222,0.0821917808219178,isotonic,52
1,0.9900543377035066,1.0,isotonic,52
1,0.5324807595820762,0.6000000000000001,isotonic,52
1,0.9519406953160169,1.0,isotonic,52
1,0.756320306265168,1.0,isotonic,52
0,0.2661952775046292,0.18039215686274512,isotonic,52
1,0.4006587295898473,0.40609137055837563,isotonic,52
0,0.18244994626555897,0.11267605633802817,isotonic,52
1,0.17698005555672808,0.11267605633802817,isotonic,52
0,0.08827369863785836,0.02617801047120419,isotonic,52
0,0.09031860763816253,0.02617801047120419,isotonic,52
1,0.44015777912907766,0.40609137055837563,isotonic,52
1,0.9564768681358963,1.0,isotonic,52
0,0.28485963865063507,0.23076923076923078,isotonic,52
0,0.1590129750270155,0.11267605633802817,isotonic,52
0,0.11289997024573142,0.0821917808219178,isotonic,52
0,0.17452510525796272,0.11267605633802817,isotonic,52
1,0.9287285574894945,1.0,isotonic,52
0,0.05990192828333449,0.0,isotonic,52
0,0.26852321473070667,0.18039215686274512,isotonic,52
0,0.07423531411965899,0.02617801047120419,isotonic,52
1,0.9289913676968125,1.0,isotonic,52
1,0.9321708224420829,1.0,isotonic,52
0,0.29607606531887004,0.26865671641791045,isotonic,52
0,0.28847019205917074,0.26865671641791045,isotonic,52
0,0.21611282340905083,0.18039215686274512,isotonic,52
1,0.926455498998016,1.0,isotonic,52
0,0.10145556340415395,0.03225806451612903,isotonic,52
1,0.11931466501451218,0.0821917808219178,isotonic,52
0,0.15710997923904857,0.11267605633802817,isotonic,52
1,0.9213787397597757,1.0,isotonic,52
0,0.43506057800810716,0.40609137055837563,isotonic,52
0,0.15204042383928557,0.09090909090909091,isotonic,52
0,0.2680980475773362,0.18039215686274512,isotonic,52
1,0.8993490224553862,1.0,isotonic,52
0,0.3004551722126497,0.26865671641791045,isotonic,52
0,0.20072685597900386,0.11267605633802817,isotonic,52
1,0.9919812371750677,1.0,isotonic,52
1,0.9176669545032811,1.0,isotonic,52
0,0.30062205989088503,0.26865671641791045,isotonic,52
1,0.9912357724755039,1.0,isotonic,52
0,0.07945524130929553,0.02617801047120419,isotonic,52
0,0.4165925222985737,0.40609137055837563,isotonic,52
0,0.165097643321007,0.11267605633802817,isotonic,52
1,0.2566198231893825,0.18039215686274512,isotonic,52
0,0.14819318048007293,0.08333333333333333,isotonic,52
1,0.9371392766561089,1.0,isotonic,52
0,0.2515261892163602,0.18039215686274512,isotonic,52
0,0.06763899317663043,0.02617801047120419,isotonic,52
0,0.3744025081043812,0.32116788321167883,isotonic,52
0,0.08410195595513152,0.02617801047120419,isotonic,52
1,0.9906327327237279,1.0,isotonic,52
0,0.05616281257610283,0.0,isotonic,52
1,0.9222702917858332,1.0,isotonic,52
1,0.8299668293927825,1.0,isotonic,52
1,0.16999275429165944,0.11267605633802817,isotonic,52
1,0.9994630840269179,1.0,isotonic,52
0,0.4632232176337962,0.40609137055837563,isotonic,52
0,0.44014117556177174,0.40609137055837563,isotonic,52
0,0.24065167572837295,0.18039215686274512,isotonic,52
1,0.904418995892098,1.0,isotonic,52
1,0.33842177917036537,0.32116788321167883,isotonic,52
0,0.1204527667453448,0.0821917808219178,isotonic,52
0,0.29229806551141135,0.26865671641791045,isotonic,52
0,0.14451711270276388,0.0821917808219178,isotonic,52
0,0.2847386703060937,0.23076923076923078,isotonic,52
1,0.8296762785766693,1.0,isotonic,52
1,0.47321154270623944,0.40609137055837563,isotonic,52
1,0.9648280308118194,1.0,isotonic,52
0,0.18637632154345946,0.11267605633802817,isotonic,52
1,0.9213398459603629,1.0,isotonic,52
1,0.832855635123118,1.0,isotonic,52
0,0.058179223810966386,0.0,isotonic,52
0,0.47164801624879865,0.40609137055837563,isotonic,52
1,0.9402294254152762,1.0,isotonic,52
1,0.1790915844363491,0.11267605633802817,isotonic,52
1,0.9858846322572636,1.0,isotonic,52
1,0.15566481145539596,0.11267605633802817,isotonic,52
0,0.27790232022067995,0.18039215686274512,isotonic,52
1,0.9598054027820964,1.0,isotonic,52
0,0.3201180762764908,0.3125,isotonic,52
0,0.42691739989253097,0.40609137055837563,isotonic,52
1,0.8864474228533914,1.0,isotonic,52
1,0.9505327089236897,1.0,isotonic,52
0,0.12712299018107184,0.0821917808219178,isotonic,52
0,0.07757325029336905,0.02617801047120419,isotonic,52
0,0.19404288256859703,0.11267605633802817,isotonic,52
1,0.27675844760711105,0.18039215686274512,isotonic,52
0,0.19521521354092675,0.11267605633802817,isotonic,52
0,0.3106158318785334,0.3125,isotonic,52
1,0.8762440924967706,1.0,isotonic,52
0,0.14647728822238196,0.0821917808219178,isotonic,52
1,0.9993523570887946,1.0,isotonic,52
0,0.08688459334790402,0.02617801047120419,isotonic,52
1,1.0,1.0,isotonic,52
0,0.3893305305214671,0.33267209662871305,isotonic,52
1,0.9467498628269678,1.0,isotonic,52
0,0.3277679581269988,0.3125,isotonic,52
1,0.9917841252182381,1.0,isotonic,52
0,0.10968848600731929,0.0821917808219178,isotonic,52
0,0.15641551891565444,0.11267605633802817,isotonic,52
0,0.12072422702397406,0.0821917808219178,isotonic,52
1,0.9917771927739171,1.0,isotonic,52
0,0.13663243695674923,0.0821917808219178,isotonic,52
1,0.998777430978487,1.0,isotonic,52
0,0.14396544241345527,0.0821917808219178,isotonic,52
1,0.9392291714586387,1.0,isotonic,52
1,0.9358635128168802,1.0,isotonic,52
0,0.19520206378352709,0.11267605633802817,isotonic,52
0,0.10932675766660459,0.0821917808219178,isotonic,52
0,0.06084122780664864,0.02617801047120419,isotonic,52
1,0.2084766226294637,0.11267605633802817,isotonic,52
0,0.05659064302300199,0.0,isotonic,52
0,0.15086236796465374,0.09090909090909091,isotonic,52
0,0.10636196500447141,0.0821917808219178,isotonic,52
0,0.1655012593157473,0.11267605633802817,isotonic,52
1,0.47801653240776354,0.40609137055837563,isotonic,52
1,0.31769046799857553,0.3125,isotonic,52
0,0.05404351760007374,0.0,isotonic,52
0,0.17183172161902208,0.11267605633802817,isotonic,52
1,0.7661766115595015,1.0,isotonic,52
1,0.988636576103095,1.0,isotonic,52
1,0.9258427603971557,1.0,isotonic,52
0,0.14260301699326366,0.0821917808219178,isotonic,52
1,0.8959374251651332,1.0,isotonic,52
0,0.11998846161946917,0.0821917808219178,isotonic,52
1,0.22227957485236455,0.18039215686274512,isotonic,52
1,0.9858846322572636,1.0,isotonic,52
0,0.07795515461843748,0.02617801047120419,isotonic,52
1,0.947691854218454,1.0,isotonic,52
0,0.10853780677143145,0.0821917808219178,isotonic,52
1,0.9340974998437016,1.0,isotonic,52
0,0.1401735741903394,0.0821917808219178,isotonic,52
0,0.20199819046229664,0.11267605633802817,isotonic,52
1,0.9426929057105357,1.0,isotonic,52
1,0.9919428706444965,1.0,isotonic,52
0,0.23576968062149517,0.18039215686274512,isotonic,52
1,0.4222677705527162,0.40609137055837563,isotonic,52
0,0.394416834745836,0.40609137055837563,isotonic,52
0,0.11669678321520129,0.0821917808219178,isotonic,52
1,0.9226578177236073,1.0,isotonic,52
0,0.2782180760915729,0.18039215686274512,isotonic,52
1,0.9416995043776505,1.0,isotonic,52
1,0.9442405060954596,1.0,isotonic,52
0,0.3321980410588114,0.32116788321167883,isotonic,52
1,0.933519704358271,1.0,isotonic,52
1,0.6597975994765192,0.7222222222222222,isotonic,52
1,0.2059421273350216,0.11267605633802817,isotonic,52
0,0.07978515085000572,0.02617801047120419,isotonic,52
0,0.18215485638269316,0.11267605633802817,isotonic,52
0,0.0813399517957628,0.02617801047120419,isotonic,52
0,0.2236738253562728,0.18039215686274512,isotonic,52
0,0.1796541529445885,0.11267605633802817,isotonic,52
1,0.9122194002503556,1.0,isotonic,52
0,0.09592220029481578,0.02617801047120419,isotonic,52
0,0.20023584913530607,0.11267605633802817,isotonic,52
0,0.10069832755173888,0.03225806451612903,isotonic,52
0,0.07836704303741578,0.02617801047120419,isotonic,52
1,0.9812637724228339,1.0,isotonic,52
1,0.9013195468555987,1.0,isotonic,52
0,0.2952567212063414,0.26865671641791045,isotonic,52
0,0.31567727933553247,0.3125,isotonic,52
1,0.8467690733046547,1.0,isotonic,52
1,0.2669337219438891,0.18039215686274512,isotonic,52
0,0.15731346828875603,0.11267605633802817,isotonic,52
0,0.18157522255807682,0.11267605633802817,isotonic,52
1,0.9052200187532522,1.0,isotonic,52
1,0.3319655476449679,0.32116788321167883,isotonic,52
0,0.19973963659674435,0.11267605633802817,isotonic,52
1,0.9323280582432751,1.0,isotonic,52
0,0.13389259747301657,0.0821917808219178,isotonic,52
1,0.9993912027706668,1.0,isotonic,52
1,0.9939279587322166,1.0,isotonic,52
1,0.9952245292638956,1.0,isotonic,52
0,0.1480353708258534,0.08333333333333333,isotonic,52
1,0.8965713120476306,1.0,isotonic,52
0,0.24918100669588297,0.18039215686274512,isotonic,52
1,0.9858846322572636,1.0,isotonic,52
1,0.9178737390172728,1.0,isotonic,52
0,0.41711543785095906,0.40609137055837563,isotonic,52
0,0.06509767153797164,0.02617801047120419,isotonic,52
0,0.10729607733118819,0.0821917808219178,isotonic,52
1,0.40194818465392035,0.40609137055837563,isotonic,52
0,0.30068141040093155,0.26865671641791045,isotonic,52
0,0.2912839145884296,0.26865671641791045,isotonic,52
1,0.9898121099923469,1.0,isotonic,52
1,0.28535901364107874,0.23076923076923078,isotonic,52
1,0.9281939566798246,1.0,isotonic,52
0,0.40573961176518786,0.40609137055837563,isotonic,52
0,0.11534058463584775,0.0821917808219178,isotonic,52
0,0.06635781198184851,0.02617801047120419,isotonic,52
0,0.5519899095521178,0.6000000000000001,isotonic,52
1,0.9843826263814206,1.0,isotonic,52
1,0.34759389060659707,0.32116788321167883,isotonic,52
1,0.9960215060256244,1.0,isotonic,52
0,0.14424347823466113,0.0821917808219178,isotonic,52
1,0.9289098875989417,1.0,isotonic,52
1,0.9268678283931409,1.0,isotonic,52
0,0.2616519076749166,0.18039215686274512,isotonic,52
1,0.9204482106429522,1.0,isotonic,52
0,0.11854708740604451,0.0821917808219178,isotonic,52
1,0.9898605492292398,1.0,isotonic,52
0,0.27081803381709846,0.18039215686274512,isotonic,52
1,0.7567501815392667,1.0,isotonic,52
0,0.04989177447298208,0.0,isotonic,52
0,0.5606885175842501,0.6000000000000001,isotonic,52
0,0.13316915219953165,0.0821917808219178,isotonic,52
1,0.9993104112293179,1.0,isotonic,52
1,0.9950945315756277,1.0,isotonic,52
0,0.22722881561404293,0.18039215686274512,isotonic,52
1,0.9292259913634427,1.0,isotonic,52
0,0.2860050367755227,0.23076923076923078,isotonic,52
0,0.049956398470717506,0.0,isotonic,52
1,0.37872342544468296,0.32116788321167883,isotonic,52
1,0.4137020570408857,0.40609137055837563,isotonic,52
1,0.9592822240550973,1.0,isotonic,52
0,0.41861207213648316,0.40609137055837563,isotonic,52
0,0.16894644050687296,0.11267605633802817,isotonic,52
0,0.2654495334500055,0.18039215686274512,isotonic,52
0,0.2323842046139688,0.18039215686274512,isotonic,52
1,0.9935724376912359,1.0,isotonic,52
0,0.16473978024685187,0.11267605633802817,isotonic,52
1,0.9241606151989293,1.0,isotonic,52
0,0.16830510548600008,0.11267605633802817,isotonic,52
0,0.2591705028165568,0.18039215686274512,isotonic,52
1,0.19584864116581616,0.11267605633802817,isotonic,52
1,0.14710484887549208,0.0821917808219178,isotonic,52
0,0.19463157993284758,0.11267605633802817,isotonic,52
0,0.12496677186825228,0.0821917808219178,isotonic,52
0,0.0765519903542948,0.02617801047120419,isotonic,52
1,0.8768883237039788,1.0,isotonic,52
1,0.9283421580882035,1.0,isotonic,52
1,0.9427993965656488,1.0,isotonic,52
1,0.9216939407264899,1.0,isotonic,52
0,0.24026296986022155,0.18039215686274512,isotonic,52
0,0.24756443980069795,0.18039215686274512,isotonic,52
1,0.9858846322572636,1.0,isotonic,52
0,0.0653228572171945,0.02617801047120419,isotonic,52
1,0.9981003997291631,1.0,isotonic,52
0,0.20783440923304516,0.11267605633802817,isotonic,52
1,0.9151248792008243,1.0,isotonic,52
1,0.9940296925078623,1.0,isotonic,52
1,0.9877207843257908,1.0,isotonic,52
1,0.10884194767205618,0.0821917808219178,isotonic,52
1,0.9858846322572636,1.0,isotonic,52
0,0.14255926319029166,0.0821917808219178,isotonic,52
1,0.8994230179334105,1.0,isotonic,52
1,0.964152954986863,1.0,isotonic,52
1,0.9412921109948237,1.0,isotonic,52
0,0.10183927797918792,0.03225806451612903,isotonic,52
1,0.11512625970256515,0.0821917808219178,isotonic,52
1,0.994851164381139,1.0,isotonic,52
0,0.06610326520980385,0.02617801047120419,isotonic,52
0,0.4708127972460174,0.40609137055837563,isotonic,52
1,0.10758139844802543,0.0821917808219178,isotonic,52
1,0.6993948770224805,0.7222222222222222,isotonic,52
0,0.12744997753862558,0.0821917808219178,isotonic,52
0,0.22758018241347538,0.18039215686274512,isotonic,52
1,0.1372539180034096,0.0821917808219178,isotonic,52
0,0.06741447007326849,0.02617801047120419,isotonic,52
0,0.28981764572886864,0.26865671641791045,isotonic,52
1,0.9442235963990091,1.0,isotonic,52
0,0.43353380989133056,0.40609137055837563,isotonic,52
1,0.9398909914253469,1.0,isotonic,52
1,0.9858846322572636,1.0,isotonic,52
0,0.41744756815313405,0.40609137055837563,isotonic,52
1,0.4804774722811565,0.40609137055837563,isotonic,52
0,0.3353550958184642,0.32116788321167883,isotonic,52
0,0.06347031925844641,0.02617801047120419,isotonic,52
1,0.4762170800837192,0.40609137055837563,isotonic,52
0,0.14793499109975644,0.0821917808219178,isotonic,52
0,0.12459961216588558,0.0821917808219178,isotonic,52
0,0.34993310599442984,0.32116788321167883,isotonic,52
0,0.08107026346081152,0.02617801047120419,isotonic,52
1,0.9940909107930697,1.0,isotonic,52
0,0.09454896564284762,0.02617801047120419,isotonic,52
0,0.31046734256116154,0.3125,isotonic,52
1,0.3497972183157799,0.32116788321167883,isotonic,52
1,0.7764885459012786,1.0,isotonic,52
0,0.4877775896336892,0.5675675675675675,isotonic,52
0,0.23893628307450968,0.18039215686274512,isotonic,52
1,0.49522168395286853,0.5675675675675675,isotonic,52
0,0.21835468181806755,0.18039215686274512,isotonic,52
0,0.1278779462190411,0.0821917808219178,isotonic,52
1,0.9269554120717401,1.0,isotonic,52
1,0.9935109398340063,1.0,isotonic,52
0,0.40288282273411674,0.40609137055837563,isotonic,52
1,0.9169462768022953,1.0,isotonic,52
0,0.1441301754415883,0.0821917808219178,isotonic,52
1,0.27663417307473165,0.18039215686274512,isotonic,52
0,0.2697951042651456,0.18039215686274512,isotonic,52
0,0.4268291496165953,0.40609137055837563,isotonic,52
1,0.37202566487837835,0.32116788321167883,isotonic,52
0,0.20280091794782196,0.11267605633802817,isotonic,52
1,0.3423955648364178,0.32116788321167883,isotonic,52
0,0.3389285367279724,0.32116788321167883,isotonic,52
0,0.12333079601330627,0.0821917808219178,isotonic,52
0,0.11844549294787067,0.0821917808219178,isotonic,52
0,0.06202728013504894,0.02617801047120419,isotonic,52
0,0.32581817428504006,0.3125,isotonic,52
1,0.9922486129078398,1.0,isotonic,52
1,0.989016291833806,1.0,isotonic,52
1,0.9255857230511686,1.0,isotonic,52
1,0.4357969993354294,0.40609137055837563,isotonic,52
1,0.938481440697064,1.0,isotonic,52
0,0.3278528541469817,0.3125,isotonic,52
1,0.9315522940310065,1.0,isotonic,52
0,0.08677023588481148,0.02617801047120419,isotonic,52
0,0.4283334732781953,0.40609137055837563,isotonic,52
0,0.05735634530983257,0.0,isotonic,52
0,0.2961226557759203,0.26865671641791045,isotonic,52
1,0.9878627120274603,1.0,isotonic,52
1,0.9083663865705143,1.0,isotonic,52
1,0.9944408319238257,1.0,isotonic,52
1,0.3576535886920525,0.32116788321167883,isotonic,52
0,0.18984536880010233,0.11267605633802817,isotonic,52
0,0.10315418947318952,0.0821917808219178,isotonic,52
1,0.42583194990514334,0.40609137055837563,isotonic,52
1,0.9371782056232731,1.0,isotonic,52
1,0.16280177682219188,0.11267605633802817,isotonic,52
0,0.13330706370051096,0.0821917808219178,isotonic,52
1,0.8589886795864455,1.0,isotonic,52
0,0.24688419864742342,0.18039215686274512,isotonic,52
1,0.9267686613476618,1.0,isotonic,52
0,0.08452084889610172,0.02617801047120419,isotonic,52
1,0.9488373272260366,1.0,isotonic,52
0,0.39066010348501423,0.38231513965986674,isotonic,52
0,0.16092976246964524,0.11267605633802817,isotonic,52
1,0.8622000120423138,1.0,isotonic,52
1,0.9443339112276654,1.0,isotonic,52
1,0.9222791983212261,1.0,isotonic,52
1,0.9847487662142945,1.0,isotonic,52
1,0.9858846322572636,1.0,isotonic,52
0,0.0572642994685384,0.0,isotonic,52
1,0.8905472600971456,1.0,isotonic,52
0,0.05239773578459617,0.0,isotonic,52
1,0.9865929265434721,1.0,isotonic,52
0,0.2961614359948065,0.26865671641791045,isotonic,52
1,0.9858846322572636,1.0,isotonic,52
0,0.0754936125541731,0.02617801047120419,isotonic,52
1,0.25365039154940827,0.18039215686274512,isotonic,52
0,0.13984030606555728,0.0821917808219178,isotonic,52
0,0.13852738680655144,0.0821917808219178,isotonic,52
0,0.06544941279505063,0.02617801047120419,isotonic,52
0,0.19644095756988122,0.11267605633802817,isotonic,52
1,0.9858846322572636,1.0,isotonic,52
0,0.3260718139760304,0.3125,isotonic,52
1,0.6403044985466948,0.7222222222222222,isotonic,52
0,0.21971974840047712,0.18039215686274512,isotonic,52
0,0.3337822285853572,0.32116788321167883,isotonic,52
1,0.9566687695273697,1.0,isotonic,52
0,0.23661938260460058,0.18039215686274512,isotonic,52
0,0.05902099142435808,0.0,isotonic,52
1,0.9858846322572636,1.0,isotonic,52
1,0.9999938456365034,1.0,isotonic,52
0,0.8050600479079595,1.0,isotonic,52
1,0.9203461175462196,1.0,isotonic,52
0,0.10290971930844996,0.0821917808219178,isotonic,52
1,0.9293293427425698,1.0,isotonic,52
1,0.7728302895060889,1.0,isotonic,52
1,0.4698028080847026,0.40609137055837563,isotonic,52
1,0.6941953058123957,0.7222222222222222,isotonic,52
1,0.9884066425250146,1.0,isotonic,52
0,0.19577226043856788,0.11267605633802817,isotonic,52
1,0.6581828289956627,0.7222222222222222,isotonic,52
1,0.9387497027098668,1.0,isotonic,52
1,0.3377987895390074,0.32116788321167883,isotonic,52
1,0.9293604136021283,1.0,isotonic,52
1,0.9046186871206797,1.0,isotonic,52
0,0.11039929812717254,0.0821917808219178,isotonic,52
1,0.9916146988019009,1.0,isotonic,52
1,0.9963124431166445,1.0,isotonic,52
1,0.9102592569284197,1.0,isotonic,52
0,0.344693815076142,0.32116788321167883,isotonic,52
1,0.3671604541745632,0.32116788321167883,isotonic,52
1,0.9904516491599329,1.0,isotonic,52
0,0.08984588988242129,0.02617801047120419,isotonic,52
0,0.3073926686902395,0.26865671641791045,isotonic,52
0,0.20677464523342517,0.11267605633802817,isotonic,52
1,0.9955938386509962,1.0,isotonic,52
1,0.9955106049226712,1.0,isotonic,52
0,0.1998956940223389,0.11267605633802817,isotonic,52
0,0.0891077716772264,0.02617801047120419,isotonic,52
1,0.9452237716007375,1.0,isotonic,52
1,0.988535023618003,1.0,isotonic,52
1,0.5174031231236029,0.6000000000000001,isotonic,52
0,0.29247941348486906,0.26865671641791045,isotonic,52
1,0.9362770243836286,1.0,isotonic,52
0,0.4615849779092506,0.40609137055837563,isotonic,52
0,0.2619022300166195,0.18039215686274512,isotonic,52
0,0.07991553216165351,0.02617801047120419,isotonic,52
0,0.17454195300689804,0.11267605633802817,isotonic,52
1,0.9858846322572636,1.0,isotonic,52
1,0.9896855654826762,1.0,isotonic,52
1,0.9996558827544694,1.0,isotonic,52
0,0.2941107254965081,0.26865671641791045,isotonic,52
0,0.2432136169520615,0.18039215686274512,isotonic,52
0,0.3654215116380694,0.32116788321167883,isotonic,52
1,0.998594391162725,1.0,isotonic,52
1,0.9223493814504415,1.0,isotonic,52
1,0.1509429138342569,0.09090909090909091,isotonic,52
0,0.14848803354747947,0.08333333333333333,isotonic,52
1,0.947619947625518,1.0,isotonic,52
1,0.39722002741435136,0.40609137055837563,isotonic,52
1,0.9963023412237112,1.0,isotonic,52
0,0.08195820497372615,0.02617801047120419,isotonic,52
1,0.9545092083955659,1.0,isotonic,52
0,0.3420492473887281,0.32116788321167883,isotonic,52
1,0.932385283801742,1.0,isotonic,52
1,0.9253348316622563,1.0,isotonic,52
1,0.9262353215681308,1.0,isotonic,52
0,0.19380201354179222,0.11267605633802817,isotonic,52
0,0.15615696421826583,0.11267605633802817,isotonic,52
1,0.9858846322572636,1.0,isotonic,52
1,0.9398859079750035,1.0,isotonic,52
0,0.5498391003126802,0.6000000000000001,isotonic,52
0,0.12097072559402006,0.0821917808219178,isotonic,52
0,0.24471467650364048,0.18039215686274512,isotonic,52
0,0.08553465688456113,0.02617801047120419,isotonic,52
1,0.9157711193134258,1.0,isotonic,52
1,0.4015601638878803,0.40609137055837563,isotonic,52
0,0.11585031491520288,0.0821917808219178,isotonic,52
0,0.27053371485746575,0.18039215686274512,isotonic,52
0,0.1365502621881766,0.0821917808219178,isotonic,52
0,0.219632113029472,0.18039215686274512,isotonic,52
1,0.9210880023827294,1.0,isotonic,52
1,0.9517041423169165,1.0,isotonic,52
0,0.07705454263119366,0.02617801047120419,isotonic,52
0,0.17057547187219288,0.11267605633802817,isotonic,52
1,0.30029412780982934,0.26865671641791045,isotonic,52
1,0.9858846322572636,1.0,isotonic,52
0,0.27492841325112183,0.18039215686274512,isotonic,52
0,0.05592724589663744,0.0,isotonic,52
0,0.31582083038002384,0.3125,isotonic,52
0,0.30912805271027577,0.26865671641791045,isotonic,52
0,0.2667247946706411,0.18039215686274512,isotonic,52
1,0.5335144430159321,0.6000000000000001,isotonic,52
1,0.9858846322572636,1.0,isotonic,52
1,0.8917967370682591,1.0,isotonic,52
1,0.903339155416569,1.0,isotonic,52
0,0.2213460403021196,0.18039215686274512,isotonic,52
0,0.1232242048589161,0.0821917808219178,isotonic,52
0,0.07159076059363864,0.02617801047120419,isotonic,52
1,0.915085031633099,1.0,isotonic,52
1,0.9372737213163833,1.0,isotonic,52
0,0.06692709865488372,0.02617801047120419,isotonic,52
0,0.09521171157189937,0.02617801047120419,isotonic,52
0,0.25608020734582065,0.18039215686274512,isotonic,52
0,0.12771225485462245,0.0821917808219178,isotonic,52
1,0.9960782936039311,1.0,isotonic,52
0,0.4007900417971658,0.40609137055837563,isotonic,52
1,0.9280376109668398,1.0,isotonic,52
0,0.3462722714998662,0.32116788321167883,isotonic,52
1,0.7758196301976694,1.0,isotonic,52
1,0.9950761209304532,1.0,isotonic,52
0,0.3797125974229176,0.32116788321167883,isotonic,52
0,0.496149601474226,0.5675675675675675,isotonic,52
0,0.2238431333809624,0.18039215686274512,isotonic,52
0,0.5659715830002269,0.6000000000000001,isotonic,52
1,0.9858846322572636,1.0,isotonic,52
0,0.08086909812584256,0.02617801047120419,isotonic,52
0,0.1438109679593122,0.0821917808219178,isotonic,52
1,0.9278754018629646,1.0,isotonic,52
0,0.3341270146816575,0.32116788321167883,isotonic,52
0,0.17819820328997685,0.11267605633802817,isotonic,52
0,0.20395617695532284,0.11267605633802817,isotonic,52
0,0.544404339182568,0.6000000000000001,isotonic,52
1,0.9858846322572636,1.0,isotonic,52
0,0.5205093420330127,0.6000000000000001,isotonic,52
0,0.6511881968305738,0.7222222222222222,isotonic,52
1,0.9937166154667157,1.0,isotonic,52
1,0.9392168494702849,1.0,isotonic,52
1,0.9842738317044298,1.0,isotonic,52
1,0.9999732126008538,1.0,isotonic,52
0,0.32450753701775875,0.3125,isotonic,52
0,0.18892187540063365,0.11267605633802817,isotonic,52
0,0.36016545273203066,0.32116788321167883,isotonic,52
0,0.2374094746929221,0.18039215686274512,isotonic,52
0,0.24079188799742696,0.18039215686274512,isotonic,52
0,0.17764669099984898,0.11267605633802817,isotonic,52
1,0.2574944332226612,0.18039215686274512,isotonic,52
1,0.9256444552223061,1.0,isotonic,52
0,0.512316364711614,0.6000000000000001,isotonic,52
0,0.13476521701754354,0.0821917808219178,isotonic,52
1,0.9219521269972364,1.0,isotonic,52
1,0.9351651114320901,1.0,isotonic,52
0,0.1596046314110486,0.11267605633802817,isotonic,52
1,0.66532833302428,0.7222222222222222,isotonic,52
0,0.37388085728568277,0.32116788321167883,isotonic,52
0,0.22001183075265623,0.18039215686274512,isotonic,52
1,0.9361814132417662,1.0,isotonic,52
0,0.25121355694378006,0.18039215686274512,isotonic,52
1,0.9858846322572636,1.0,isotonic,52
0,0.17037396393547022,0.11267605633802817,isotonic,52
0,0.15024711692274673,0.08333333333333333,isotonic,52
1,0.9875815932318321,1.0,isotonic,52
1,0.9956665050679961,1.0,isotonic,52
1,0.39260349833799163,0.40609137055837563,isotonic,52
1,0.9799253323155516,1.0,isotonic,52
0,0.19496051909393336,0.11267605633802817,isotonic,52
0,0.41551898481189853,0.40609137055837563,isotonic,52
1,0.08658293698118974,0.02617801047120419,isotonic,52
0,0.06605586287934759,0.02617801047120419,isotonic,52
0,0.3152878074965208,0.3125,isotonic,52
0,0.13887671491729758,0.0821917808219178,isotonic,52
0,0.26566453987533917,0.18039215686274512,isotonic,52
0,0.31105920725287517,0.3125,isotonic,52
0,0.4402551888012771,0.40609137055837563,isotonic,52
0,0.0715700211186849,0.02617801047120419,isotonic,52
0,0.08783468632569832,0.02617801047120419,isotonic,52
0,0.16679916330527414,0.11267605633802817,isotonic,52
1,0.9795665405099085,1.0,isotonic,52
0,0.07286342877648033,0.02617801047120419,isotonic,52
1,0.9340950792762548,1.0,isotonic,52
0,0.24297914716128474,0.18039215686274512,isotonic,52
0,0.33057380326788494,0.32116788321167883,isotonic,52
1,0.5772580332050775,0.6000000000000001,isotonic,52
0,0.35057569729692006,0.32116788321167883,isotonic,52
1,0.9858846322572636,1.0,isotonic,52
1,0.9417008328228087,1.0,isotonic,52
1,0.9858846322572636,1.0,isotonic,52
0,0.29170886981176203,0.26865671641791045,isotonic,52
0,0.15217703251990322,0.09090909090909091,isotonic,52
0,0.1402763852079476,0.0821917808219178,isotonic,52
0,0.1598713314753712,0.11267605633802817,isotonic,52
0,0.06174662904537943,0.02617801047120419,isotonic,52
1,0.8660208964339785,1.0,isotonic,52
0,0.36015306862164415,0.32116788321167883,isotonic,52
0,0.4925455003079687,0.5675675675675675,isotonic,52
1,0.9815570891297525,1.0,isotonic,52
1,0.9148211374703819,1.0,isotonic,52
0,0.26841216199952395,0.18039215686274512,isotonic,52
1,0.34688406712222464,0.32116788321167883,isotonic,52
1,0.19243102310744567,0.11267605633802817,isotonic,52
0,0.3348785200621105,0.32116788321167883,isotonic,52
0,0.15459482558599877,0.11241042688235839,isotonic,52
1,0.46171435212792084,0.40609137055837563,isotonic,52
1,0.4236492721105407,0.40609137055837563,isotonic,52
1,0.2739657918162301,0.18039215686274512,isotonic,52
0,0.060729639427366,0.02617801047120419,isotonic,52
1,0.9858846322572636,1.0,isotonic,52
0,0.32244573576405017,0.3125,isotonic,52
0,0.11010557313335202,0.0821917808219178,isotonic,52
0,0.20886866525665448,0.11267605633802817,isotonic,52
1,0.9904897957946982,1.0,isotonic,52
1,0.990025194147877,1.0,isotonic,52
1,0.9858846322572636,1.0,isotonic,52
1,0.9301276002978166,1.0,isotonic,52
0,0.1035671571950081,0.0821917808219178,isotonic,52
1,0.9065736397936043,1.0,isotonic,52
1,0.9882445900963535,1.0,isotonic,52
1,0.9945702416280416,1.0,isotonic,52
0,0.19810138193023913,0.11267605633802817,isotonic,52
0,0.10213316858667824,0.043932198083438734,isotonic,52
1,0.09760325853215492,0.03225806451612903,isotonic,52
0,0.11040363177441527,0.0821917808219178,isotonic,52
1,0.9947231538623065,1.0,isotonic,52
0,0.06953707563627012,0.02617801047120419,isotonic,52
0,0.16419821451135536,0.11267605633802817,isotonic,52
0,0.07297930381630885,0.02617801047120419,isotonic,52
1,0.9858846322572636,1.0,isotonic,52
1,0.9266667854001178,1.0,isotonic,52
0,0.11761461016257828,0.0821917808219178,isotonic,52
1,0.3522770978969972,0.32116788321167883,isotonic,52
0,0.1690034863688382,0.11267605633802817,isotonic,52
1,0.45168646870113216,0.40609137055837563,isotonic,52
1,0.545972821571548,0.6000000000000001,isotonic,52
0,0.2489553739645989,0.18039215686274512,isotonic,52
1,0.895406276321533,1.0,isotonic,52
0,0.06868956352897394,0.02617801047120419,isotonic,52
0,0.5390812229056794,0.6000000000000001,isotonic,52
1,0.5634412370837907,0.6000000000000001,isotonic,52
0,0.07059725072071445,0.02617801047120419,isotonic,52
1,0.9909795329703696,1.0,isotonic,52
0,0.18374205471963856,0.11267605633802817,isotonic,52
1,0.6556961290229566,0.7222222222222222,isotonic,52
1,0.3303351156208967,0.32116788321167883,isotonic,52
1,0.8733203481862444,1.0,isotonic,52
0,0.18137189683515623,0.11267605633802817,isotonic,52
0,0.3360899386791794,0.32116788321167883,isotonic,52
1,0.9436832123387463,1.0,isotonic,52
1,0.9924543901320814,1.0,isotonic,52
1,0.8449845965392521,1.0,isotonic,52
1,0.09010914794530252,0.02617801047120419,isotonic,52
0,0.12156486731734908,0.0821917808219178,isotonic,52
1,0.9111482114738658,1.0,isotonic,52
0,0.08595571151096758,0.02617801047120419,isotonic,52
0,0.15186291861063528,0.09090909090909091,isotonic,52
0,0.17602343751506508,0.11267605633802817,isotonic,52
0,0.16174722993637503,0.11267605633802817,isotonic,52
0,0.3150816255174354,0.3125,isotonic,52
0,0.19184673046083692,0.11267605633802817,isotonic,52
1,0.45037301918569833,0.40609137055837563,isotonic,52
1,0.9890739806152521,1.0,isotonic,52
1,0.9999140010132904,1.0,isotonic,52
1,0.9942269639408793,1.0,isotonic,52
1,0.3253757672973286,0.3125,isotonic,52
0,0.5007565437948656,0.5675675675675675,isotonic,52
1,0.9908291891367526,1.0,isotonic,52
1,0.2417857818256128,0.18039215686274512,isotonic,52
0,0.06859217857989608,0.02617801047120419,isotonic,52
0,0.18839249388253307,0.11267605633802817,isotonic,52
0,0.3325015330420618,0.32116788321167883,isotonic,52
1,0.665351538472721,0.7222222222222222,isotonic,52
0,0.2506661990260937,0.18039215686274512,isotonic,52
1,0.9209184576110063,1.0,isotonic,52
0,0.12111126164638639,0.0821917808219178,isotonic,52
0,0.4643624276300375,0.40609137055837563,isotonic,52
1,0.9319305156080562,1.0,isotonic,52
0,0.16536004127062212,0.11267605633802817,isotonic,52
0,0.2902643982966297,0.26865671641791045,isotonic,52
1,0.9923637946509574,1.0,isotonic,52
1,0.9028287722881488,1.0,isotonic,52
0,0.5262759798956875,0.6000000000000001,isotonic,52
0,0.5592280592336075,0.6000000000000001,isotonic,52
0,0.05976096397221801,0.0,isotonic,52
1,0.6397117031759576,0.7222222222222222,isotonic,52
1,0.9230244411123274,1.0,isotonic,52
0,0.4016249542543668,0.40609137055837563,isotonic,52
0,0.4125347051233542,0.40609137055837563,isotonic,52
1,0.9015920580574694,1.0,isotonic,52
0,0.14788966841299686,0.0821917808219178,isotonic,52
1,0.1528044356972405,0.09090909090909091,isotonic,52
0,0.21818356864191027,0.18039215686274512,isotonic,52
0,0.20636095855270545,0.11267605633802817,isotonic,52
1,0.9999732126008538,1.0,isotonic,52
1,0.9858846322572636,1.0,isotonic,52
0,0.21338928557855236,0.18039215686274512,isotonic,52
0,0.18591745478600472,0.11267605633802817,isotonic,52
1,0.9858846322572636,1.0,isotonic,52
1,0.4653580466225848,0.40609137055837563,isotonic,52
1,0.3576411635854629,0.32116788321167883,isotonic,52
0,0.0919659084434986,0.02617801047120419,isotonic,52
0,0.11231278988258923,0.0821917808219178,isotonic,52
0,0.0918688798463601,0.02617801047120419,isotonic,52
1,0.9319692165481342,1.0,isotonic,52
0,0.26549818575254747,0.18039215686274512,isotonic,52
1,0.08410519380625167,0.02617801047120419,isotonic,52
1,0.9294333610276323,1.0,isotonic,52
0,0.13711160006948356,0.0821917808219178,isotonic,52
1,0.9426797012124378,1.0,isotonic,52
0,0.06895769182875792,0.02617801047120419,isotonic,52
0,0.11655601582872156,0.0821917808219178,isotonic,52
0,0.05687937208441979,0.0,isotonic,52
0,0.11570619455406643,0.0821917808219178,isotonic,52
0,0.3334545710112041,0.32116788321167883,isotonic,52
1,0.9858846322572636,1.0,isotonic,52
1,0.9429348770479952,1.0,isotonic,52
0,0.06532407243255453,0.02617801047120419,isotonic,52
0,0.4546434129625388,0.40609137055837563,isotonic,52
0,0.2713293170806081,0.18039215686274512,isotonic,52
0,0.21286442724278978,0.18039215686274512,isotonic,52
1,0.39614739806234106,0.40609137055837563,isotonic,52
1,0.9433380068720375,1.0,isotonic,52
0,0.4986714723717582,0.5675675675675675,isotonic,52
1,0.9858846322572636,1.0,isotonic,52
1,0.8567308189399265,1.0,isotonic,52
1,0.9956891048053442,1.0,isotonic,52
0,0.25947444812667697,0.18039215686274512,isotonic,52
0,0.3934871281694672,0.40609137055837563,isotonic,52
0,0.42157018636343646,0.40609137055837563,isotonic,52
0,0.5367224834662092,0.6000000000000001,isotonic,52
0,0.09273663997074412,0.02617801047120419,isotonic,52
0,0.05780166732388626,0.0,isotonic,52
1,0.9858846322572636,1.0,isotonic,52
0,0.06658835017593417,0.02617801047120419,isotonic,52
0,0.4629298361687549,0.40609137055837563,isotonic,52
0,0.07880555123880438,0.02617801047120419,isotonic,52
0,0.19357724397980267,0.11267605633802817,isotonic,52
0,0.08405619519576744,0.02617801047120419,isotonic,52
0,0.4394362049207491,0.40609137055837563,isotonic,52
1,0.9923910369112158,1.0,isotonic,52
1,0.9858846322572636,1.0,isotonic,52
1,0.8866018211636341,1.0,isotonic,52
1,0.4721403722990301,0.40609137055837563,isotonic,52
1,0.0793656718768687,0.02617801047120419,isotonic,52
0,0.06309094970805237,0.02617801047120419,isotonic,52
0,0.36750247267867026,0.32116788321167883,isotonic,52
1,0.9965547945990858,1.0,isotonic,52
0,0.06808552396100308,0.02617801047120419,isotonic,52
1,0.9926028026411235,1.0,isotonic,52
1,0.9898109666490755,1.0,isotonic,52
1,0.983315258178512,1.0,isotonic,52
0,0.105774675030485,0.0821917808219178,isotonic,52
1,0.999894559054026,1.0,isotonic,52
0,0.15650163074253493,0.11267605633802817,isotonic,52
1,0.9913600050842812,1.0,isotonic,52
1,0.9048789041298518,1.0,isotonic,52
0,0.06547660714794735,0.02617801047120419,isotonic,52
1,0.9858846322572636,1.0,isotonic,52
1,0.9939845348725023,1.0,isotonic,52
0,0.09056866635249852,0.02617801047120419,isotonic,52
0,0.4149808722748454,0.40609137055837563,isotonic,52
1,0.9865531183083593,1.0,isotonic,52
0,0.18791636495596528,0.11267605633802817,isotonic,52
0,0.36295448085806403,0.32116788321167883,isotonic,52
1,0.9858846322572636,1.0,isotonic,52
1,0.9135334630596541,1.0,isotonic,52
0,0.28210240846848217,0.18039215686274512,isotonic,52
1,0.5187590868395627,0.6000000000000001,isotonic,52
1,0.9915753395718038,1.0,isotonic,52
0,0.13639446901195768,0.0821917808219178,isotonic,52
1,0.9887137467474628,1.0,isotonic,52
1,0.14359444732242374,0.0821917808219178,isotonic,52
1,0.942793601651616,1.0,isotonic,52
1,0.9280287001128132,1.0,isotonic,52
0,0.18594914507857763,0.11267605633802817,isotonic,52
0,0.09436934631602346,0.02617801047120419,isotonic,52
1,0.9160724235777936,1.0,isotonic,52
0,0.2500177487345544,0.18039215686274512,isotonic,52
0,0.27861828403208516,0.18039215686274512,isotonic,52
1,0.9917212624646642,1.0,isotonic,52
1,0.8932572902876653,1.0,isotonic,52
1,0.9921093809008107,1.0,isotonic,52
0,0.3080514471790343,0.26865671641791045,isotonic,52
0,0.38183958432885556,0.32116788321167883,isotonic,52
0,0.2962135488052195,0.26865671641791045,isotonic,52
0,0.4367604525401059,0.40609137055837563,isotonic,52
0,0.1114155723497409,0.0821917808219178,isotonic,52
0,0.4226052141318141,0.40609137055837563,isotonic,52
0,0.47001581875489723,0.40609137055837563,isotonic,52
0,0.14112820218804886,0.0821917808219178,isotonic,52
1,0.9906693618497496,1.0,isotonic,52
0,0.5226119440856766,0.6000000000000001,isotonic,52
1,0.9958280611428071,1.0,isotonic,52
1,0.9326665735664754,1.0,isotonic,52
1,0.45186868826348425,0.40609137055837563,isotonic,52
0,0.48429649075813663,0.5675675675675675,isotonic,52
0,0.12005281577423375,0.0821917808219178,isotonic,52
0,0.21214403390362502,0.18039215686274512,isotonic,52
0,0.269323200350375,0.18039215686274512,isotonic,52
0,0.210885375146633,0.18039215686274512,isotonic,52
0,0.29602741811863664,0.26865671641791045,isotonic,52
1,0.16973695766310365,0.11267605633802817,isotonic,52
1,0.9306980637574412,1.0,isotonic,52
1,0.927565506012988,1.0,isotonic,52
0,0.07554273619539513,0.02617801047120419,isotonic,52
0,0.15419510252697838,0.10265210618487426,isotonic,52
0,0.10862954391747252,0.0821917808219178,isotonic,52
1,0.9487849957931208,1.0,isotonic,52
0,0.0966287926850114,0.02617801047120419,isotonic,52
0,0.29552110525866304,0.26865671641791045,isotonic,52
0,0.43277446365849753,0.40609137055837563,isotonic,52
1,0.934418008285103,1.0,isotonic,52
1,0.9991687146942498,1.0,isotonic,52
0,0.3530394083665919,0.32116788321167883,isotonic,52
1,0.9292423217303715,1.0,isotonic,52
0,0.12845917201196513,0.0821917808219178,isotonic,52
1,0.9858846322572636,1.0,isotonic,52
0,0.20412048894086487,0.11267605633802817,isotonic,52
0,0.32500329989524623,0.3125,isotonic,52
1,0.859732149622943,1.0,isotonic,52
0,0.08842358617111777,0.02617801047120419,isotonic,52
0,0.06016327547489484,0.0,isotonic,52
1,0.9409563043089151,1.0,isotonic,52
0,0.10986344918954062,0.0821917808219178,isotonic,52
1,0.9855080975444355,1.0,isotonic,52
0,0.4031322885935817,0.40609137055837563,isotonic,52
1,0.9886167493520426,1.0,isotonic,52
0,0.3563597822180556,0.32116788321167883,isotonic,52
0,0.39437640491238957,0.40609137055837563,isotonic,52
0,0.06276537001578507,0.02617801047120419,isotonic,52
1,0.9870536671069351,1.0,isotonic,52
1,0.9445584046039324,1.0,isotonic,52
1,0.9858846322572636,1.0,isotonic,52
1,0.9416573207508618,1.0,isotonic,52
0,0.46060844965478726,0.40609137055837563,isotonic,52
0,0.23059075047393274,0.18039215686274512,isotonic,52
1,0.9993965341428611,1.0,isotonic,52
0,0.3623945789173864,0.32116788321167883,isotonic,52
0,0.19773448858281636,0.11267605633802817,isotonic,52
0,0.1302562853607317,0.0821917808219178,isotonic,52
0,0.4011578788013086,0.40609137055837563,isotonic,52
1,0.9926990802083331,1.0,isotonic,52
0,0.19698998485805036,0.11267605633802817,isotonic,52
1,0.8792963467515996,1.0,isotonic,52
1,0.9986595762196745,1.0,isotonic,52
0,0.17263084048535648,0.11267605633802817,isotonic,52
1,0.3467578908451845,0.32116788321167883,isotonic,52
0,0.17704578495016698,0.11267605633802817,isotonic,52
1,0.9858846322572636,1.0,isotonic,52
1,0.41215444465222345,0.40609137055837563,isotonic,52
0,0.19059517622849864,0.11267605633802817,isotonic,52
1,0.43579769568352966,0.40609137055837563,isotonic,52
0,0.42345038023479586,0.40609137055837563,isotonic,52
0,0.16997113625616553,0.11267605633802817,isotonic,52
1,0.9959333575054938,1.0,isotonic,52
0,0.07539482551312215,0.02617801047120419,isotonic,52
0,0.20714091885173352,0.11267605633802817,isotonic,52
1,0.9858846322572636,1.0,isotonic,52
0,0.2176809051878665,0.18039215686274512,isotonic,52
0,0.3617931248532904,0.32116788321167883,isotonic,52
1,0.9992160772409413,1.0,isotonic,52
0,0.055077216583515484,0.0,isotonic,52
0,0.2625073852634261,0.18039215686274512,isotonic,52
0,0.4248177829706497,0.40609137055837563,isotonic,52
0,0.21697765148406456,0.18039215686274512,isotonic,52
0,0.18094397818415645,0.11267605633802817,isotonic,52
0,0.31502322314834297,0.3125,isotonic,52
0,0.21326934227517308,0.18039215686274512,isotonic,52
0,0.13641212580055082,0.0821917808219178,isotonic,52
1,0.8368378727291899,1.0,isotonic,52
1,0.5560411541160032,0.6000000000000001,isotonic,52
1,0.42657180840873016,0.40609137055837563,isotonic,52
1,0.5691214802441998,0.6000000000000001,isotonic,52
1,0.9911330883905892,1.0,isotonic,52
0,0.2823874651295684,0.2223282325297671,isotonic,52
0,0.1312198379637686,0.0821917808219178,isotonic,52
1,0.9058021277093674,1.0,isotonic,52
0,0.12529250954786694,0.0821917808219178,isotonic,52
0,0.5207281981631898,0.6000000000000001,isotonic,52
0,0.05712680090394536,0.0,isotonic,52
0,0.18887153751441552,0.11267605633802817,isotonic,52
1,0.7280847349917696,0.7222222222222222,isotonic,52
0,0.10555684221764883,0.0821917808219178,isotonic,52
1,0.6123585260677332,0.6113285637133741,isotonic,52
1,0.9988921492097196,1.0,isotonic,52
1,0.33650644919868744,0.32116788321167883,isotonic,52
1,0.25501917000419866,0.18039215686274512,isotonic,52
1,0.9926437852989844,1.0,isotonic,52
1,0.8591070622384022,1.0,isotonic,52
1,0.9864255920985162,1.0,isotonic,52
1,0.49900784310053115,0.5675675675675675,isotonic,52
0,0.14117678762830652,0.0821917808219178,isotonic,52
0,0.2944494744224385,0.26865671641791045,isotonic,52
1,0.9255408827448008,1.0,isotonic,52
0,0.058468035997700354,0.0,isotonic,52
0,0.24227290781068822,0.18039215686274512,isotonic,52
1,0.9875030102235823,1.0,isotonic,52
1,0.9461127549970115,1.0,isotonic,52
0,0.20490795336409973,0.11267605633802817,isotonic,52
1,0.265899992526483,0.18039215686274512,isotonic,52
1,0.10365880203103973,0.0821917808219178,isotonic,52
0,0.22434349482580132,0.18039215686274512,isotonic,52
1,0.49429636413497635,0.5675675675675675,isotonic,52
0,0.21168238925544908,0.18039215686274512,isotonic,52
1,0.9941255440328488,1.0,isotonic,52
1,0.9271045341141928,1.0,isotonic,52
1,0.9406221182950644,1.0,isotonic,52
0,0.17841493108238488,0.11267605633802817,isotonic,52
1,0.8883818715315738,1.0,isotonic,52
1,0.904749072084738,1.0,isotonic,52
1,0.9896854606404656,1.0,isotonic,52
1,0.4523101287229065,0.40609137055837563,isotonic,52
0,0.14483349029298057,0.0821917808219178,isotonic,52
1,0.9641956871931918,1.0,isotonic,52
0,0.06278977639719903,0.02617801047120419,isotonic,52
0,0.16501913740781138,0.11267605633802817,isotonic,52
1,0.47389037779269755,0.40609137055837563,isotonic,52
0,0.18728167446309488,0.11267605633802817,isotonic,52
1,0.1615052691403872,0.11267605633802817,isotonic,52
0,0.43565967195878275,0.40609137055837563,isotonic,52
1,0.9930582154084169,1.0,isotonic,52
0,0.5337004926223986,0.6000000000000001,isotonic,52
1,0.8568747648399778,1.0,isotonic,52
0,0.229590877275509,0.18039215686274512,isotonic,52
0,0.10748106696306906,0.0821917808219178,isotonic,52
0,0.20926353555851382,0.11267605633802817,isotonic,52
1,0.8884986359207626,1.0,isotonic,52
1,0.9921569956421797,1.0,isotonic,52
1,0.9888252533208753,1.0,isotonic,52
1,0.9914206123590359,1.0,isotonic,52
0,0.4347479200470015,0.40609137055837563,isotonic,52
0,0.07274378449979535,0.02617801047120419,isotonic,52
0,0.16157303934608935,0.11267605633802817,isotonic,52
0,0.08471737219544966,0.02617801047120419,isotonic,52
0,0.4624875923295175,0.40609137055837563,isotonic,52
0,0.10548328904908932,0.0821917808219178,isotonic,52
1,0.9900490788474265,1.0,isotonic,52
0,0.13010422138549702,0.0821917808219178,isotonic,52
0,0.31431202586076357,0.3125,isotonic,52
1,0.9884597790739866,1.0,isotonic,52
1,0.32075759718823277,0.3125,isotonic,52
0,0.3690455855956813,0.32116788321167883,isotonic,52
1,0.5479149147659175,0.6000000000000001,isotonic,52
1,0.4720934128601402,0.40609137055837563,isotonic,52
0,0.42173572384339203,0.40609137055837563,isotonic,52
1,0.9074954832068807,1.0,isotonic,52
0,0.2480929133706968,0.18039215686274512,isotonic,52
1,0.9325175222992084,1.0,isotonic,52
0,0.22253801944456833,0.18039215686274512,isotonic,52
0,0.08407139959675285,0.02617801047120419,isotonic,52
0,0.31228058897539007,0.3125,isotonic,52
1,0.9439117136437564,1.0,isotonic,52
0,0.13191646851532252,0.0821917808219178,isotonic,52
0,0.24211799150567653,0.18039215686274512,isotonic,52
0,0.3732607605475824,0.32116788321167883,isotonic,52
0,0.07064756505745398,0.02617801047120419,isotonic,52
1,0.9958542138307739,1.0,isotonic,52
1,0.9485122249596285,1.0,isotonic,52
1,0.3300649589636307,0.32116788321167883,isotonic,52
0,0.15555782201855972,0.11267605633802817,isotonic,52
1,0.8645186046787139,1.0,isotonic,52
1,0.5171599964523311,0.6000000000000001,isotonic,52
1,0.4987045050157683,0.5675675675675675,isotonic,52
0,0.09318847536267907,0.02617801047120419,isotonic,52
1,0.9315600913813947,1.0,isotonic,52
0,0.23784860210076275,0.18039215686274512,isotonic,52
1,0.9886202595807364,1.0,isotonic,52
1,0.9459913604935143,1.0,isotonic,52
1,0.9194975398949229,1.0,isotonic,52
0,0.19011910769805332,0.11267605633802817,isotonic,52
1,0.9241165089143105,1.0,isotonic,52
1,0.9858846322572636,1.0,isotonic,52
1,0.5011235225799969,0.5675675675675675,isotonic,52
0,0.3403625159000172,0.32116788321167883,isotonic,52
1,0.9485429108996226,1.0,isotonic,52
0,0.07891462449986615,0.02617801047120419,isotonic,52
0,0.09016578507809213,0.02617801047120419,isotonic,52
1,0.4398771869088742,0.40609137055837563,isotonic,52
1,0.8972369272141466,1.0,isotonic,52
0,0.2052596896495941,0.11267605633802817,isotonic,52
0,0.1812765604759482,0.11267605633802817,isotonic,52
0,0.27958508849709274,0.18039215686274512,isotonic,52
0,0.4226719950746838,0.40609137055837563,isotonic,52
1,0.35449722533493094,0.32116788321167883,isotonic,52
1,0.9886392710525956,1.0,isotonic,52
1,0.9677910458149693,1.0,isotonic,52
0,0.19738170074661038,0.11267605633802817,isotonic,52
1,0.9847801961842642,1.0,isotonic,52
1,0.9406829233093549,1.0,isotonic,52
0,0.3083221302231166,0.26865671641791045,isotonic,52
1,0.994077606286768,1.0,isotonic,52
0,0.12364977935630618,0.0821917808219178,isotonic,52
1,0.21922674799079597,0.18039215686274512,isotonic,52
0,0.15397213853670041,0.09720895230114471,isotonic,52
1,0.9953604677237475,1.0,isotonic,52
0,0.36493696028322586,0.32116788321167883,isotonic,52
0,0.11055481994150024,0.0821917808219178,isotonic,52
0,0.14583762098376604,0.0821917808219178,isotonic,52
1,0.9852916454636278,1.0,isotonic,52
1,0.9907046708426901,1.0,isotonic,52
0,0.0901565706700058,0.02617801047120419,isotonic,52
1,0.4407667486215081,0.40609137055837563,isotonic,52
1,0.8979928553539231,1.0,isotonic,52
1,0.9858846322572636,1.0,isotonic,52
1,0.5663854989001594,0.6000000000000001,isotonic,52
0,0.088081111280395,0.02617801047120419,isotonic,52
0,0.1123134419773799,0.0821917808219178,isotonic,52
1,0.9030167530640876,1.0,isotonic,52
1,0.30881358893072725,0.26865671641791045,isotonic,52
1,0.37462944810448934,0.32116788321167883,isotonic,52
1,0.8911861404014622,1.0,isotonic,52
1,0.9344762131091339,1.0,isotonic,52
1,0.351920366404669,0.32116788321167883,isotonic,52
1,0.9380703513543532,1.0,isotonic,52
0,0.429989748560915,0.40609137055837563,isotonic,52
1,0.4133798548937015,0.40609137055837563,isotonic,52
1,0.9896479107538663,1.0,isotonic,52
1,0.9995778873874455,1.0,isotonic,52
1,0.08154812806206234,0.02617801047120419,isotonic,52
1,0.19676736340093395,0.11267605633802817,isotonic,52
1,0.42983069061874746,0.40609137055837563,isotonic,52
0,0.11925488525153549,0.0821917808219178,isotonic,52
1,0.9082728832963577,1.0,isotonic,52
1,0.9952499142264934,1.0,isotonic,52
1,0.9998461034708578,1.0,isotonic,52
1,0.9999097568452813,1.0,isotonic,52
1,0.9912436969360666,1.0,isotonic,52
0,0.16663433075698864,0.11267605633802817,isotonic,52
0,0.19852573010784152,0.11267605633802817,isotonic,52
1,0.9454684485590416,1.0,isotonic,52
0,0.4732979557748749,0.40609137055837563,isotonic,52
1,0.9341075801806018,1.0,isotonic,52
0,0.08944954603596213,0.02617801047120419,isotonic,52
1,0.3390068299800007,0.32116788321167883,isotonic,52
0,0.37289467190554526,0.32116788321167883,isotonic,52
0,0.09616778157968854,0.02617801047120419,isotonic,52
1,0.9422046528747126,1.0,isotonic,52
1,0.9439748444785524,1.0,isotonic,52
1,0.9855059521972553,1.0,isotonic,52
1,0.866954890586869,1.0,isotonic,52
1,0.3385035095909455,0.32116788321167883,isotonic,52
0,0.08241945169562799,0.02617801047120419,isotonic,52
0,0.05112265261643631,0.0,isotonic,52
0,0.15625229390166676,0.11267605633802817,isotonic,52
0,0.48344523310097787,0.40609137055837563,isotonic,52
1,0.30738876568800605,0.26865671641791045,isotonic,52
1,0.38464607833851955,0.32116788321167883,isotonic,52
0,0.27703945906677463,0.18039215686274512,isotonic,52
0,0.2734309749175612,0.18039215686274512,isotonic,52
0,0.30778482329824186,0.26865671641791045,isotonic,52
0,0.0995483350318853,0.03225806451612903,isotonic,52
1,0.9520728540048489,1.0,isotonic,52
0,0.22622138346215578,0.18039215686274512,isotonic,52
0,0.23743403416643966,0.18039215686274512,isotonic,52
1,0.9109712116295248,1.0,isotonic,52
0,0.13295923788379688,0.0821917808219178,isotonic,52
0,0.17832672040274525,0.11267605633802817,isotonic,52
1,0.8865537278570512,1.0,isotonic,52
0,0.337762488240852,0.32116788321167883,isotonic,52
1,0.5358144323651296,0.6000000000000001,isotonic,52
1,0.27928215086991937,0.18039215686274512,isotonic,52
1,0.9369393774096053,1.0,isotonic,52
0,0.4789114314271467,0.40609137055837563,isotonic,52
1,0.9863356554245742,1.0,isotonic,52
0,0.42330933755076855,0.40609137055837563,isotonic,52
0,0.2873264760984888,0.23076923076923078,isotonic,52
0,0.19307307393688394,0.11267605633802817,isotonic,52
0,0.4206854017054677,0.40609137055837563,isotonic,52
0,0.16091058563262928,0.11267605633802817,isotonic,52
1,0.44786016870844975,0.40609137055837563,isotonic,52
1,0.19992853641158376,0.11267605633802817,isotonic,52
1,0.9904657411319441,1.0,isotonic,52
0,0.2091319327517759,0.11267605633802817,isotonic,52
0,0.12666005694989685,0.0821917808219178,isotonic,52
1,0.29667158233553154,0.26865671641791045,isotonic,52
0,0.0632276497424626,0.02617801047120419,isotonic,52
1,0.9961309329147877,1.0,isotonic,52
0,0.08621795669782907,0.02617801047120419,isotonic,52
1,0.9302342778697901,1.0,isotonic,52
1,0.9083965385936019,1.0,isotonic,52
1,0.124162612507374,0.0821917808219178,isotonic,52
0,0.3944675023156164,0.40609137055837563,isotonic,52
0,0.15949685739431926,0.11267605633802817,isotonic,52
1,0.9858846322572636,1.0,isotonic,52
0,0.05071232171337383,0.0,isotonic,52
1,0.9378750066098047,1.0,isotonic,52
1,0.9858846322572636,1.0,isotonic,52
1,0.15139077292292644,0.09090909090909091,isotonic,52
0,0.7336311954067646,0.7222222222222222,isotonic,52
0,0.07695641029554721,0.02617801047120419,isotonic,52
1,0.8963257544950879,1.0,isotonic,52
0,0.28545726879299643,0.23076923076923078,isotonic,52
0,0.22031154010988993,0.18039215686274512,isotonic,52
0,0.08777820756022725,0.02617801047120419,isotonic,52
0,0.573657893841565,0.6000000000000001,isotonic,52
0,0.416188807690152,0.40609137055837563,isotonic,52
1,0.9262139684307554,1.0,isotonic,52
1,0.98717155438278,1.0,isotonic,52
1,0.9909910484705569,1.0,isotonic,52
0,0.09590356289573113,0.02617801047120419,isotonic,52
1,0.9913429949680788,1.0,isotonic,52
1,0.9196277844413875,1.0,isotonic,52
1,0.27591357824379487,0.18039215686274512,isotonic,52
0,0.2982927808930555,0.26865671641791045,isotonic,52
1,0.9842220129420709,1.0,isotonic,52
0,0.08871957104881459,0.02617801047120419,isotonic,52
1,0.9858846322572636,1.0,isotonic,52
0,0.30602851320938224,0.26865671641791045,isotonic,52
0,0.13403202668006353,0.0821917808219178,isotonic,52
0,0.12718016954612307,0.0821917808219178,isotonic,52
1,0.4208362681485151,0.40609137055837563,isotonic,52
0,0.21375288406391751,0.18039215686274512,isotonic,52
1,0.9013999229523044,1.0,isotonic,52
1,0.9858846322572636,1.0,isotonic,52
1,0.9213621592351533,1.0,isotonic,52
1,0.8946526007490059,1.0,isotonic,52
1,0.9991115305896519,1.0,isotonic,52
0,0.29918274035369213,0.26865671641791045,isotonic,52
0,0.18960619808394782,0.11267605633802817,isotonic,52
0,0.12038106479585857,0.0821917808219178,isotonic,52
0,0.11849759310694606,0.0821917808219178,isotonic,52
0,0.44114626609134033,0.40609137055837563,isotonic,52
0,0.059768203751586584,0.0,isotonic,52
0,0.14588564157774245,0.0821917808219178,isotonic,52
1,0.23286125041047095,0.18039215686274512,isotonic,52
1,0.9823569479833084,1.0,isotonic,52
0,0.07600319677874072,0.02617801047120419,isotonic,52
0,0.2627299699495539,0.18039215686274512,isotonic,52
1,0.9858846322572636,1.0,isotonic,52
0,0.09904117789223742,0.03225806451612903,isotonic,52
0,0.25591318293964066,0.18039215686274512,isotonic,52
0,0.06260094918644662,0.02617801047120419,isotonic,52
0,0.3920091992421252,0.40609137055837563,isotonic,52
1,0.26116700378368535,0.18039215686274512,isotonic,52
0,0.056709697370534065,0.0,isotonic,52
1,0.8793738626296761,1.0,isotonic,52
0,0.15719222722353984,0.11267605633802817,isotonic,52
1,0.9878144899761798,1.0,isotonic,52
1,0.9902113823796359,1.0,isotonic,52
1,0.6549859289025554,0.7222222222222222,isotonic,52
0,0.21616395799621382,0.18039215686274512,isotonic,52
0,0.49185701089657186,0.5675675675675675,isotonic,52
1,0.3017284949518891,0.26865671641791045,isotonic,52
1,0.9903209128670952,1.0,isotonic,52
1,0.5163854818829867,0.6000000000000001,isotonic,52
0,0.09264205747042298,0.02617801047120419,isotonic,52
1,0.8824985540911722,1.0,isotonic,52
0,0.12377589751973109,0.0821917808219178,isotonic,52
0,0.4793141082037177,0.40609137055837563,isotonic,52
0,0.4378260435153609,0.40609137055837563,isotonic,52
0,0.0653555661430115,0.02617801047120419,isotonic,52
1,0.4946256057522291,0.5675675675675675,isotonic,52
0,0.29629618020944093,0.26865671641791045,isotonic,52
1,0.9320015070050914,1.0,isotonic,52
1,0.886224606910866,1.0,isotonic,52
0,0.1899259383050455,0.11267605633802817,isotonic,52
0,0.060759081265618596,0.02617801047120419,isotonic,52
0,0.25920175265918977,0.18039215686274512,isotonic,52
1,0.3270938813826989,0.3125,isotonic,52
1,0.9800697878590904,1.0,isotonic,52
0,0.13734388462903713,0.0821917808219178,isotonic,52
0,0.061213873579059844,0.02617801047120419,isotonic,52
0,0.30650198049119903,0.26865671641791045,isotonic,52
1,0.19888479202350293,0.11267605633802817,isotonic,52
1,0.9858846322572636,1.0,isotonic,52
1,0.8707529932387886,1.0,isotonic,52
0,0.15797689676021592,0.11267605633802817,isotonic,52
0,0.119483044680315,0.0821917808219178,isotonic,52
0,0.14160468255829214,0.0821917808219178,isotonic,52
0,0.05554564660050282,0.0,isotonic,52
0,0.10183155823509062,0.03225806451612903,isotonic,52
0,0.2983802872961741,0.26865671641791045,isotonic,52
1,0.9388184052158832,1.0,isotonic,52
1,0.9648512713360246,1.0,isotonic,52
1,0.9323670567416728,1.0,isotonic,52
0,0.4451042603823992,0.40609137055837563,isotonic,52
0,0.054190378087757576,0.0,isotonic,52
0,0.09087680549785054,0.02617801047120419,isotonic,52
0,0.337662181043198,0.32116788321167883,isotonic,52
0,0.448163196320358,0.40609137055837563,isotonic,52
0,0.12309563121297375,0.0821917808219178,isotonic,52
1,0.4742395600170848,0.40609137055837563,isotonic,52
1,0.9046302769707423,1.0,isotonic,52
1,0.9891250752660996,1.0,isotonic,52
1,0.9057873018907996,1.0,isotonic,52
1,0.9970814107646561,1.0,isotonic,52
0,0.08489217741124203,0.02617801047120419,isotonic,52
0,0.273934700581774,0.18039215686274512,isotonic,52
1,0.9241723402835483,1.0,isotonic,52
0,0.38681299128091273,0.32116788321167883,isotonic,52
0,0.5503526791469545,0.6000000000000001,isotonic,52
1,0.9907465431084936,1.0,isotonic,52
1,0.9093306884103598,1.0,isotonic,52
0,0.11117203057245509,0.0821917808219178,isotonic,52
1,0.9997092151153968,1.0,isotonic,52
1,0.9034285642091008,1.0,isotonic,52
0,0.4275610120003294,0.40609137055837563,isotonic,52
0,0.3522521409054625,0.32116788321167883,isotonic,52
1,0.9908422756177009,1.0,isotonic,52
1,0.998109767949334,1.0,isotonic,52
1,0.9990437895603111,1.0,isotonic,52
1,0.9279845789252551,1.0,isotonic,52
0,0.3143960910323511,0.3125,isotonic,52
1,0.9932258927737183,1.0,isotonic,52
0,0.15287898806435024,0.09090909090909091,isotonic,52
1,0.9940950959283605,1.0,isotonic,52
1,0.9391480815376957,1.0,isotonic,52
0,0.19994600569545312,0.11267605633802817,isotonic,52
0,0.2745424477605504,0.18039215686274512,isotonic,52
1,0.909830192743306,1.0,isotonic,52
0,0.07658055794343939,0.02617801047120419,isotonic,52
0,0.10200923395829138,0.03225806451612903,isotonic,52
0,0.19777016298618813,0.11267605633802817,isotonic,52
1,0.9999428158954021,1.0,isotonic,52
1,0.9378048376034546,1.0,isotonic,52
1,0.9374707783440089,1.0,isotonic,52
1,0.9575226621299968,1.0,isotonic,52
0,0.3011717652172815,0.26865671641791045,isotonic,52
0,0.11895794084671915,0.0821917808219178,isotonic,52
1,0.462605021136843,0.40609137055837563,isotonic,52
0,0.5103279793776266,0.5692385686132504,isotonic,52
1,0.9162775309055011,1.0,isotonic,52
1,0.9491782033144553,1.0,isotonic,52
1,0.46121133689675126,0.40609137055837563,isotonic,52
0,0.21943379998682602,0.18039215686274512,isotonic,52
1,0.12286673323580963,0.0821917808219178,isotonic,52
1,0.9446145663231353,1.0,isotonic,52
1,0.563936601778348,0.6000000000000001,isotonic,52
0,0.27009818175842526,0.18039215686274512,isotonic,52
0,0.36774930869613276,0.32116788321167883,isotonic,52
0,0.2633737411459693,0.18039215686274512,isotonic,52
1,0.91825453140391,1.0,isotonic,52
0,0.3212531126021087,0.3125,isotonic,52
0,0.4500562021805219,0.40609137055837563,isotonic,52
0,0.08767475107022446,0.02617801047120419,isotonic,52
1,0.28227798869855686,0.20183574737642274,isotonic,52
1,0.45102211042105816,0.40609137055837563,isotonic,52
0,0.08289663927834795,0.02617801047120419,isotonic,52
1,0.9955926139131914,1.0,isotonic,52
0,0.5661761548398411,0.6000000000000001,isotonic,52
1,0.95056872187326,1.0,isotonic,52
1,0.9318729932099213,1.0,isotonic,52
1,0.9858846322572636,1.0,isotonic,52
0,0.3262801813126968,0.3125,isotonic,52
0,0.18213995633702618,0.11267605633802817,isotonic,52
0,0.3505771080873804,0.32116788321167883,isotonic,52
1,0.9487662296842448,1.0,isotonic,52
0,0.07951212437535894,0.02617801047120419,isotonic,52
1,0.9817425115617112,1.0,isotonic,52
1,0.9905608705637354,1.0,isotonic,52
1,0.990067790587529,1.0,isotonic,52
0,0.15686915926885123,0.11267605633802817,isotonic,52
1,0.9921083932811082,1.0,isotonic,52
1,0.538104102865521,0.6000000000000001,isotonic,52
1,0.9920340730031815,1.0,isotonic,52
1,0.9903873403119263,1.0,isotonic,52
0,0.091832441756294,0.02617801047120419,isotonic,52
1,0.9941149445875918,1.0,isotonic,52
1,0.9309025172091405,1.0,isotonic,52
0,0.10255808951697463,0.0821917808219178,isotonic,52
0,0.14794306544907465,0.0821917808219178,isotonic,52
0,0.0835336986093841,0.02617801047120419,isotonic,52
1,0.872127814667471,1.0,isotonic,52
0,0.13674318564541912,0.0821917808219178,isotonic,52
0,0.13921912003754391,0.0821917808219178,isotonic,52
1,0.9228268293312561,1.0,isotonic,52
1,0.9385759213106804,1.0,isotonic,52
0,0.1966389502286529,0.11267605633802817,isotonic,52
1,0.9356905059939521,1.0,isotonic,52
0,0.15186240215954852,0.09090909090909091,isotonic,52
1,0.9352650654789084,1.0,isotonic,52
0,0.34580126324007776,0.32116788321167883,isotonic,52
0,0.22080895112629012,0.18039215686274512,isotonic,52
1,0.9198657924998617,1.0,isotonic,52
1,0.9814883180912675,1.0,isotonic,52
1,0.3702503565218129,0.32116788321167883,isotonic,52
1,0.9950310800474078,1.0,isotonic,52
1,0.981894676236963,1.0,isotonic,52
0,0.23295336298459038,0.18039215686274512,isotonic,52
0,0.09690701968289156,0.02643279717912803,isotonic,52
1,0.2113245393355457,0.18039215686274512,isotonic,52
1,0.9298232388972728,1.0,isotonic,52
1,1.0,1.0,isotonic,52
1,0.45699083498240894,0.40609137055837563,isotonic,52
1,0.9967631756087343,1.0,isotonic,52
1,0.9904237802130605,1.0,isotonic,52
0,0.05626220252636132,0.0,isotonic,52
1,0.9245155485104758,1.0,isotonic,52
1,0.9344278180453728,1.0,isotonic,52
1,0.51449720155399,0.6000000000000001,isotonic,52
1,0.9069467699125541,1.0,isotonic,52
1,0.9121698567937229,1.0,isotonic,52
0,0.15699122715166847,0.11267605633802817,isotonic,52
1,0.992842892328828,1.0,isotonic,52
0,0.21865904075029594,0.18039215686274512,isotonic,52
0,0.3217096068666512,0.3125,isotonic,52
1,0.9482548761717831,1.0,isotonic,52
1,1.0,1.0,isotonic,52
1,0.9891101275794093,1.0,isotonic,52
0,0.2152610646057481,0.18039215686274512,isotonic,52
0,0.35117227714439303,0.32116788321167883,isotonic,52
1,0.2702758529142304,0.18039215686274512,isotonic,52
1,0.9887047612295183,1.0,isotonic,52
1,0.9263900011714609,1.0,isotonic,52
0,0.30486165684579264,0.26865671641791045,isotonic,52
0,0.12843158017034947,0.0821917808219178,isotonic,52
1,0.945796870205355,1.0,isotonic,52
1,0.46272373688931756,0.40609137055837563,isotonic,52
0,0.1084454786015592,0.0821917808219178,isotonic,52
0,0.32231719397527586,0.3125,isotonic,52
0,0.06463472632747921,0.02617801047120419,isotonic,52
1,0.9919647508324516,1.0,isotonic,52
1,0.3942054255970518,0.40609137055837563,isotonic,52
0,0.3702710352368078,0.32116788321167883,isotonic,52
0,0.6470762067777123,0.7222222222222222,isotonic,52
0,0.23639536974432193,0.18039215686274512,isotonic,52
0,0.2367110399024691,0.18039215686274512,isotonic,52
1,0.577714057745688,0.6000000000000001,isotonic,52
0,0.2584826609971446,0.18039215686274512,isotonic,52
1,0.9834068700298209,1.0,isotonic,52
1,0.8721262785149461,1.0,isotonic,52
0,0.11921831879340444,0.0821917808219178,isotonic,52
1,0.9360038909640762,1.0,isotonic,52
1,0.4517863279540656,0.40609137055837563,isotonic,52
1,0.308378012413893,0.26865671641791045,isotonic,52
0,0.28629746978267206,0.23076923076923078,isotonic,52
0,0.22182696195195542,0.18039215686274512,isotonic,52
1,0.37813875063751645,0.32116788321167883,isotonic,52
0,0.20674997746718893,0.11267605633802817,isotonic,52
1,0.2595167837763764,0.18039215686274512,isotonic,52
1,1.0,1.0,isotonic,52
0,0.07562494941494811,0.02617801047120419,isotonic,52
0,0.2015701943648964,0.11267605633802817,isotonic,52
1,0.93834284412396,1.0,isotonic,52
1,0.9625318346477004,1.0,isotonic,52
1,0.5626852568678089,0.6000000000000001,isotonic,52
0,0.14048586869521998,0.0821917808219178,isotonic,52
0,0.16691437117816868,0.11267605633802817,isotonic,52
0,0.25280211521912566,0.18039215686274512,isotonic,52
0,0.21064247363704786,0.18039215686274512,isotonic,52
0,0.11950359304708423,0.0821917808219178,isotonic,52
0,0.3790827635713639,0.32116788321167883,isotonic,52
1,0.9248632362903085,1.0,isotonic,52
1,0.8965187038679352,1.0,isotonic,52
0,0.10829034214756451,0.0821917808219178,isotonic,52
1,1.0,1.0,isotonic,52
0,0.10856670970939473,0.0821917808219178,isotonic,52
1,0.9943744217085861,1.0,isotonic,52
0,0.31964422925043373,0.3125,isotonic,52
1,0.9999178639034397,1.0,isotonic,52
1,0.2565663760304991,0.18039215686274512,isotonic,52
0,0.2596744858111977,0.18039215686274512,isotonic,52
0,0.16070623166215212,0.11267605633802817,isotonic,52
1,0.9858846322572636,1.0,isotonic,52
1,0.928586461355205,1.0,isotonic,52
0,0.07723731179072531,0.02617801047120419,isotonic,52
0,0.12317846245455949,0.0821917808219178,isotonic,52
1,0.9858846322572636,1.0,isotonic,52
1,0.2822418722386164,0.19507524182940789,isotonic,52
1,0.5895265277995239,0.6000000000000001,isotonic,52
0,0.14982630156299853,0.08333333333333333,isotonic,52
1,0.939246950012616,1.0,isotonic,52
1,0.9161133799243377,1.0,isotonic,52
0,0.30237592582238276,0.26865671641791045,isotonic,52
1,0.9910914576435247,1.0,isotonic,52
0,0.20354836218380068,0.11267605633802817,isotonic,52
1,0.6705289392058055,0.7222222222222222,isotonic,52
1,0.9882656592123611,1.0,isotonic,52
1,0.20685811564917342,0.11267605633802817,isotonic,52
1,0.9350367697931824,1.0,isotonic,52
0,0.17123578763682257,0.11267605633802817,isotonic,52
1,0.48091289000626564,0.40609137055837563,isotonic,52
0,0.07503408099258957,0.02617801047120419,isotonic,52
1,0.987565775221956,1.0,isotonic,52
1,0.9922687923856618,1.0,isotonic,52
1,0.9885637801118732,1.0,isotonic,52
1,0.4501142963848891,0.40609137055837563,isotonic,52
0,0.296971450682957,0.26865671641791045,isotonic,52
1,0.46742001675227896,0.40609137055837563,isotonic,52
0,0.5341587886969404,0.6000000000000001,isotonic,52
1,0.9858846322572636,1.0,isotonic,52
1,0.9726247309300102,1.0,isotonic,52
1,0.919005920909827,1.0,isotonic,52
1,0.9909694281733059,1.0,isotonic,52
1,0.9493885944400287,1.0,isotonic,52
1,0.8797340039833754,1.0,isotonic,52
0,0.29139038235133813,0.26865671641791045,isotonic,52
0,0.07263290050693769,0.02617801047120419,isotonic,52
0,0.17115508983046537,0.11267605633802817,isotonic,52
1,0.5289217558447916,0.6000000000000001,isotonic,52
1,0.9415079978067307,1.0,isotonic,52
0,0.4501380038080037,0.40609137055837563,isotonic,52
1,0.25673767393877234,0.18039215686274512,isotonic,52
1,0.9858846322572636,1.0,isotonic,52
1,0.9100338896065842,1.0,isotonic,52
0,0.3249942559227552,0.3125,isotonic,52
0,0.1490199333535996,0.08333333333333333,isotonic,52
1,0.9935775522730553,1.0,isotonic,52
1,0.9291882514935065,1.0,isotonic,52
0,0.055501097934361796,0.0,isotonic,52
0,0.4144005437424442,0.40609137055837563,isotonic,52
0,0.32411948090376036,0.3125,isotonic,52
1,0.9912802464136384,1.0,isotonic,52
0,0.4809382227382232,0.40609137055837563,isotonic,52
1,0.9858846322572636,1.0,isotonic,52
0,0.06452950599835362,0.02617801047120419,isotonic,52
1,0.9539831557560965,1.0,isotonic,52
0,0.08132732206049147,0.02617801047120419,isotonic,52
0,0.09286503120608901,0.02617801047120419,isotonic,52
0,0.26241860060694144,0.18039215686274512,isotonic,52
1,0.9985695863760221,1.0,isotonic,52
1,0.3517361601554878,0.32116788321167883,isotonic,52
1,0.9140602643371171,1.0,isotonic,52
1,0.9858846322572636,1.0,isotonic,52
0,0.2942844344568592,0.26865671641791045,isotonic,52
0,0.0854033703339773,0.02617801047120419,isotonic,52
0,0.3812847230740616,0.32116788321167883,isotonic,52
0,0.10153570932569968,0.03225806451612903,isotonic,52
1,0.9170889595748551,1.0,isotonic,52
0,0.38632339316020536,0.32116788321167883,isotonic,52
1,0.9564206794854473,1.0,isotonic,52
1,0.9897831387292481,1.0,isotonic,52
1,0.9912932832674674,1.0,isotonic,52
0,0.1689328281742935,0.11267605633802817,isotonic,52
1,0.9474838172669231,1.0,isotonic,52
1,0.292499556185357,0.26865671641791045,isotonic,52
0,0.06319210618211009,0.02617801047120419,isotonic,52
1,0.9395510963720578,1.0,isotonic,52
0,0.057939292527621464,0.0,isotonic,52
0,0.5932734495779759,0.6000000000000001,isotonic,52
0,0.06643655242213303,0.02617801047120419,isotonic,52
0,0.23323362346955093,0.18039215686274512,isotonic,52
1,0.9858846322572636,1.0,isotonic,52
1,0.2744235993724582,0.18039215686274512,isotonic,52
1,0.9858846322572636,1.0,isotonic,52
1,0.4573711069440275,0.40609137055837563,isotonic,52
0,0.07030693417496689,0.02617801047120419,isotonic,52
0,0.23600376395411185,0.18039215686274512,isotonic,52
0,0.06729279828079221,0.02617801047120419,isotonic,52
0,0.14068106672490333,0.0821917808219178,isotonic,52
1,0.9858846322572636,1.0,isotonic,52
0,0.18963912970888225,0.11267605633802817,isotonic,52
1,0.9492698753970654,1.0,isotonic,52
1,0.9712241608423269,1.0,isotonic,52
1,0.9383672256758044,1.0,isotonic,52
1,0.39872031415597853,0.40609137055837563,isotonic,52
1,0.587425566727455,0.6000000000000001,isotonic,52
1,0.9921177323363062,1.0,isotonic,52
1,0.935974837522053,1.0,isotonic,52
0,0.5304438489063736,0.6000000000000001,isotonic,52
1,0.9940154640094941,1.0,isotonic,52
0,0.10695382242035234,0.0821917808219178,isotonic,52
0,0.3869863451591875,0.32116788321167883,isotonic,52
0,0.06591462909526764,0.02617801047120419,isotonic,52
1,0.48266273517912917,0.40609137055837563,isotonic,52
1,0.2073120420254417,0.11267605633802817,isotonic,52
0,0.13486197180084417,0.0821917808219178,isotonic,52
0,0.08336623488081872,0.02617801047120419,isotonic,52
1,0.2723766842381166,0.18039215686274512,isotonic,52
1,0.990830321283229,1.0,isotonic,52
0,0.30535502899481387,0.26865671641791045,isotonic,52
0,0.07964808813610431,0.02617801047120419,isotonic,52
1,0.4805537693412082,0.40609137055837563,isotonic,52
1,0.9067143869792428,1.0,isotonic,52
0,0.2055799405786182,0.11267605633802817,isotonic,52
0,0.13082663350936188,0.0821917808219178,isotonic,52
1,0.8341693267034698,1.0,isotonic,52
0,0.2697908330320737,0.18039215686274512,isotonic,52
0,0.14294083660458143,0.0821917808219178,isotonic,52
0,0.18383949876698877,0.11267605633802817,isotonic,52
0,0.5651577618745077,0.6000000000000001,isotonic,52
0,0.4598320698015889,0.40609137055837563,isotonic,52
0,0.13349577729604023,0.0821917808219178,isotonic,52
1,1.0,1.0,isotonic,52
0,0.0716765037847474,0.02617801047120419,isotonic,52
1,0.9858846322572636,1.0,isotonic,52
1,0.4856994687610587,0.5675675675675675,isotonic,52
0,0.05705773012698953,0.0,isotonic,52
1,0.9421018289305921,1.0,isotonic,52
0,0.19419520147727115,0.11267605633802817,isotonic,52
0,0.27273594282033975,0.18039215686274512,isotonic,52
1,0.22970875815862216,0.18039215686274512,isotonic,52
0,0.29479904190345957,0.26865671641791045,isotonic,52
1,0.9383602552085168,1.0,isotonic,52
1,0.9874630519002076,1.0,isotonic,52
0,0.24156312601764968,0.18039215686274512,isotonic,52
1,0.37875344476468964,0.32116788321167883,isotonic,52
1,0.9858846322572636,1.0,isotonic,52
0,0.15410622322984902,0.10048232221774252,isotonic,52
0,0.10008247163425148,0.03225806451612903,isotonic,52
0,0.3304185414956117,0.32116788321167883,isotonic,52
1,0.9922765410877716,1.0,isotonic,52
0,0.150577276456801,0.0879538109482715,isotonic,52
0,0.25597837352405145,0.18039215686274512,isotonic,52
1,0.9080560949853568,1.0,isotonic,52
1,0.8827656019881431,1.0,isotonic,52
0,0.10461916736852633,0.0821917808219178,isotonic,52
1,0.3217713056585229,0.3125,isotonic,52
1,0.9075954296777362,1.0,isotonic,52
0,0.15915323608548224,0.11267605633802817,isotonic,52
1,0.9516061257897189,1.0,isotonic,52
0,0.4407298686666623,0.40609137055837563,isotonic,52
1,0.6504404845912812,0.7222222222222222,isotonic,52
0,0.19631255209060125,0.11267605633802817,isotonic,52
0,0.6970274229377814,0.7222222222222222,isotonic,52
0,0.1713523884478393,0.11267605633802817,isotonic,52
1,0.3915601104520988,0.40609137055837563,isotonic,52
1,0.8510732793786691,1.0,isotonic,52
1,0.9956104238223213,1.0,isotonic,52
1,0.9858846322572636,1.0,isotonic,52
0,0.12260980456100314,0.0821917808219178,isotonic,52
1,0.8553500460194774,1.0,isotonic,52
1,0.9401058927258856,1.0,isotonic,52
1,0.9864775272093024,1.0,isotonic,52
0,0.22318706469604593,0.18039215686274512,isotonic,52
0,0.24473629621025902,0.18039215686274512,isotonic,52
1,0.9266127101464413,1.0,isotonic,52
1,0.9027883118717064,1.0,isotonic,52
0,0.08257073322926481,0.02617801047120419,isotonic,52
0,0.08796975658510768,0.02617801047120419,isotonic,52
1,0.9872088617948005,1.0,isotonic,52
0,0.09060390799664204,0.02617801047120419,isotonic,52
1,0.9964346627382658,1.0,isotonic,52
0,0.1445266630752334,0.0821917808219178,isotonic,52
0,0.280379888836021,0.18039215686274512,isotonic,52
1,0.9858846322572636,1.0,isotonic,52
0,0.29149892494375046,0.26865671641791045,isotonic,52
1,0.8717929534016995,1.0,isotonic,52
1,0.9272042214358978,1.0,isotonic,52
0,0.27770933932923975,0.18039215686274512,isotonic,52
0,0.09627921580244472,0.02617801047120419,isotonic,52
1,0.9951355536564059,1.0,isotonic,52
0,0.12294684811616943,0.0821917808219178,isotonic,52
1,0.052881463297497176,0.0,isotonic,52
1,0.9383110814095126,1.0,isotonic,52
1,0.9913152589310584,1.0,isotonic,52
0,0.11104820833310898,0.0821917808219178,isotonic,52
0,0.19614815996926524,0.11267605633802817,isotonic,52
1,0.23003102448352328,0.18039215686274512,isotonic,52
1,0.9879698233348525,1.0,isotonic,52
1,0.9929683611714821,1.0,isotonic,52
1,0.5544137645253335,0.6000000000000001,isotonic,52
1,0.9962689257723718,1.0,isotonic,52
1,0.3279150537845789,0.31672655347680856,isotonic,52
0,0.13548699643965972,0.0821917808219178,isotonic,52
0,0.09273597288695509,0.02617801047120419,isotonic,52
0,0.23850134563466643,0.18039215686274512,isotonic,52
1,0.9926412514510372,1.0,isotonic,52
0,0.2568722887865032,0.18039215686274512,isotonic,52
0,0.10028230272534644,0.03225806451612903,isotonic,52
1,0.37399696280872224,0.32116788321167883,isotonic,52
1,0.36069999627296395,0.32116788321167883,isotonic,52
0,0.25586202518604473,0.18039215686274512,isotonic,52
0,0.25136900269886053,0.18039215686274512,isotonic,52
1,0.9108435510102214,1.0,isotonic,52
0,0.25802118485564796,0.18039215686274512,isotonic,52
1,0.4473122103152024,0.40609137055837563,isotonic,52
0,0.17356039301696385,0.11267605633802817,isotonic,52
1,0.8400492055456853,1.0,isotonic,52
1,0.9858846322572636,1.0,isotonic,52
1,0.4289845686794415,0.40609137055837563,isotonic,52
0,0.06366080841851322,0.02617801047120419,isotonic,52
0,0.16363065148437816,0.11267605633802817,isotonic,52
1,0.986874419516476,1.0,isotonic,52
1,0.8876121825907342,1.0,isotonic,52
1,0.9993548349886379,1.0,isotonic,52
0,0.3241455527891968,0.3125,isotonic,52
1,0.9390156995174749,1.0,isotonic,52
1,0.9858846322572636,1.0,isotonic,52
0,0.1171159543319262,0.0821917808219178,isotonic,52
0,0.30084517478914585,0.26865671641791045,isotonic,52
0,0.13387621403660108,0.0821917808219178,isotonic,52
0,0.11060070965438733,0.0821917808219178,isotonic,52
1,0.9385408260415147,1.0,isotonic,52
0,0.4381274630985416,0.40609137055837563,isotonic,52
1,0.37073172612221006,0.32116788321167883,isotonic,52
1,0.9340541916870332,1.0,isotonic,52
0,0.1356587739535216,0.0821917808219178,isotonic,52
1,0.500633402784432,0.5675675675675675,isotonic,52
0,0.4913361226112845,0.5675675675675675,isotonic,52
0,0.12252557975753846,0.0821917808219178,isotonic,52
1,0.2342321122660267,0.18039215686274512,isotonic,52
1,0.8997812065701248,1.0,isotonic,52
1,0.41427075077951375,0.40609137055837563,isotonic,52
1,0.9239855472607736,1.0,isotonic,52
0,0.47530304540409285,0.40609137055837563,isotonic,52
1,0.26477464636000664,0.18039215686274512,isotonic,52
1,0.9998461034708578,1.0,isotonic,52
0,0.23993985113665492,0.18039215686274512,isotonic,52
1,0.9527894417947421,1.0,isotonic,52
1,0.9488380959848858,1.0,isotonic,52
1,0.9040230937397865,1.0,isotonic,52
0,0.15285452777832143,0.09090909090909091,isotonic,52
0,0.08328993446667511,0.02617801047120419,isotonic,52
0,0.06064102051404807,0.02617801047120419,isotonic,52
0,0.327410581799182,0.3125,isotonic,52
0,0.388540294646613,0.32116788321167883,isotonic,52
1,0.9724808107831691,1.0,isotonic,52
1,0.20006642401833788,0.11267605633802817,isotonic,52
0,0.17034831375364995,0.11267605633802817,isotonic,52
1,0.9904870293130555,1.0,isotonic,52
1,0.9293956041100887,1.0,isotonic,52
1,0.4678869898819295,0.40609137055837563,isotonic,52
1,0.375161975478109,0.32116788321167883,isotonic,52
1,0.9249509520207095,1.0,isotonic,52
1,0.9880860382756669,1.0,isotonic,52
0,0.05855049318868542,0.0,isotonic,52
1,0.9901733816255446,1.0,isotonic,52
1,0.9439615163653992,1.0,isotonic,52
1,0.9899487083492806,1.0,isotonic,52
1,0.37706995426278844,0.32116788321167883,isotonic,52
0,0.1881940589521521,0.11267605633802817,isotonic,52
0,0.2546238016869236,0.18039215686274512,isotonic,52
1,0.9858846322572636,1.0,isotonic,52
0,0.24828253224401015,0.18039215686274512,isotonic,52
0,0.39595295943325826,0.40609137055837563,isotonic,52
0,0.16392277704626498,0.11267605633802817,isotonic,52
0,0.49564283880123033,0.5675675675675675,isotonic,52
0,0.20229364453770027,0.11267605633802817,isotonic,52
0,0.20695905158714528,0.11267605633802817,isotonic,52
0,0.16470587117576174,0.11267605633802817,isotonic,52
1,0.9270955876488554,1.0,isotonic,52
1,0.9981305452274157,1.0,isotonic,52
0,0.14135853381738328,0.0821917808219178,isotonic,52
0,0.14263887611835757,0.0821917808219178,isotonic,52
0,0.29718580543390793,0.26865671641791045,isotonic,52
0,0.05474486181632168,0.0,isotonic,52
1,0.8930095799847716,1.0,isotonic,52
0,0.2653890000119028,0.18039215686274512,isotonic,52
1,0.9920627511914396,1.0,isotonic,52
0,0.05906332520689459,0.0,isotonic,52
0,0.24845961437730651,0.18039215686274512,isotonic,52
1,0.9858846322572636,1.0,isotonic,52
0,0.40583457181264976,0.40609137055837563,isotonic,52
0,0.25953295663202436,0.18039215686274512,isotonic,52
0,0.0597509587801387,0.0,isotonic,52
0,0.10021976681341722,0.03225806451612903,isotonic,52
1,0.9415387905373566,1.0,isotonic,52
0,0.08552877981753508,0.02617801047120419,isotonic,52
1,0.993059215142312,1.0,isotonic,52
0,0.18621100736909296,0.11267605633802817,isotonic,52
0,0.24935956187330802,0.18039215686274512,isotonic,52
1,0.27137430930177103,0.18039215686274512,isotonic,52
0,0.1178714765593526,0.0821917808219178,isotonic,52
0,0.2535101072799491,0.18039215686274512,isotonic,52
1,0.9856984329132742,1.0,isotonic,52
0,0.18328628338726274,0.11267605633802817,isotonic,52
1,0.7234770410783382,0.7222222222222222,isotonic,52
0,0.2289600864524582,0.18039215686274512,isotonic,52
1,0.3235903972051242,0.3125,isotonic,52
0,0.06543023394130752,0.02617801047120419,isotonic,52
1,0.9842615936504377,1.0,isotonic,52
1,0.9858846322572636,1.0,isotonic,52
0,0.2836778479936398,0.23076923076923078,isotonic,52
1,0.9831947545553829,1.0,isotonic,52
0,0.07351330945618464,0.02617801047120419,isotonic,52
1,0.999741881741179,1.0,isotonic,52
0,0.25260899706015405,0.18039215686274512,isotonic,52
1,0.5482677983156015,0.6000000000000001,isotonic,52
0,0.17866658480634004,0.11267605633802817,isotonic,52
0,0.2661873045353813,0.18039215686274512,isotonic,52
1,0.9108318295117014,1.0,isotonic,52
1,0.41023244037382145,0.40609137055837563,isotonic,52
1,0.937628639296819,1.0,isotonic,52
1,0.5666400636492426,0.6000000000000001,isotonic,52
0,0.06379737994004966,0.02617801047120419,isotonic,52
1,0.2582586110301131,0.18039215686274512,isotonic,52
0,0.07299569176564373,0.02617801047120419,isotonic,52
0,0.1504897203158846,0.0844315717809073,isotonic,52
0,0.09410919846006414,0.02617801047120419,isotonic,52
0,0.08769089626096879,0.02617801047120419,isotonic,52
0,0.06005076832059042,0.0,isotonic,52
1,0.9858846322572636,1.0,isotonic,52
1,0.35373848078198644,0.32116788321167883,isotonic,52
0,0.16216692562919244,0.11267605633802817,isotonic,52
1,0.9999732126008538,1.0,isotonic,52
1,0.992905211202949,1.0,isotonic,52
1,0.4062025326285729,0.40609137055837563,isotonic,52
1,0.9387879763470206,1.0,isotonic,52
1,0.870436188369699,1.0,isotonic,52
1,0.934989462739483,1.0,isotonic,52
1,0.9852815148614735,1.0,isotonic,52
0,0.2038417721162816,0.11267605633802817,isotonic,52
1,0.9858866684025681,1.0,isotonic,52
1,0.40975839377001444,0.40609137055837563,isotonic,52
1,0.9901072603211384,1.0,isotonic,52
0,0.2619280401159841,0.18039215686274512,isotonic,52
1,0.8901727165677926,1.0,isotonic,52
1,0.9980991743826163,1.0,isotonic,52
1,0.43140239472429176,0.40609137055837563,isotonic,52
0,0.06851894126284201,0.02617801047120419,isotonic,52
1,0.9858846322572636,1.0,isotonic,52
0,0.06396251597794533,0.02617801047120419,isotonic,52
1,0.9927115684284659,1.0,isotonic,52
1,0.13769568515638078,0.0821917808219178,isotonic,52
1,0.9326504726599726,1.0,isotonic,52
1,0.9452729692672379,1.0,isotonic,52
1,0.25969617429818176,0.18039215686274512,isotonic,52
1,0.9330643512357075,1.0,isotonic,52
1,0.4223745311945132,0.40609137055837563,isotonic,52
0,0.2486955957478465,0.18039215686274512,isotonic,52
1,0.9858846322572636,1.0,isotonic,52
0,0.09522267613377258,0.02617801047120419,isotonic,52
0,0.27056797650149345,0.18039215686274512,isotonic,52
1,0.920033270193555,1.0,isotonic,52
0,0.11704506764213192,0.0821917808219178,isotonic,52
0,0.1532910198796872,0.09090909090909091,isotonic,52
0,0.05630324286967679,0.0,isotonic,52
0,0.15422536060865447,0.10339078777459679,isotonic,52
0,0.05903930497391953,0.0,isotonic,52
1,0.9968119792200821,1.0,isotonic,52
1,0.42589173439883854,0.40609137055837563,isotonic,52
0,0.15966403898937956,0.11267605633802817,isotonic,52
0,0.10129584108057152,0.03225806451612903,isotonic,52
1,0.3168894377386182,0.3125,isotonic,52
1,0.9939116847817743,1.0,isotonic,52
0,0.46119113174502196,0.40609137055837563,isotonic,52
0,0.0841555359271816,0.02617801047120419,isotonic,52
0,0.08395643159193225,0.02617801047120419,isotonic,52
0,0.5884167150148722,0.6000000000000001,isotonic,52
1,0.9950688403861934,1.0,isotonic,52
1,0.9302232480351402,1.0,isotonic,52
1,0.9032275368206835,1.0,isotonic,52
0,0.07563547481195015,0.02617801047120419,isotonic,52
0,0.07128078221177088,0.02617801047120419,isotonic,52
1,0.995768182553482,1.0,isotonic,52
0,0.3900112068050756,0.35808690496485257,isotonic,52
1,0.9667422024437254,1.0,isotonic,52
0,0.061779385294771935,0.02617801047120419,isotonic,52
0,0.12516155163415296,0.0821917808219178,isotonic,52
0,0.06556952981214444,0.02617801047120419,isotonic,52
0,0.09294334935739813,0.02617801047120419,isotonic,52
0,0.1349679512885281,0.0821917808219178,isotonic,52
0,0.0698669713577927,0.02617801047120419,isotonic,52
0,0.22917698674800532,0.18039215686274512,isotonic,52
1,0.9430538562353735,1.0,isotonic,52
1,0.920186325380932,1.0,isotonic,52
1,0.915116956926049,1.0,isotonic,52
1,0.9858846322572636,1.0,isotonic,52
1,0.9333870616955052,1.0,isotonic,52
1,0.2944407726341498,0.26865671641791045,isotonic,52
1,0.9918516793802336,1.0,isotonic,52
0,0.1310702458450903,0.0821917808219178,isotonic,52
1,0.8733217932161299,1.0,isotonic,52
1,0.9908579913528643,1.0,isotonic,52
1,0.4864463615181297,0.5675675675675675,isotonic,52
1,0.9939398054462727,1.0,isotonic,52
0,0.2354400303000071,0.18039215686274512,isotonic,52
0,0.3951352723707701,0.40609137055837563,isotonic,52
1,0.9943405349523952,1.0,isotonic,52
1,0.9068859397632019,1.0,isotonic,52
1,0.6704864178179808,0.7222222222222222,isotonic,52
0,0.25299235850703333,0.18039215686274512,isotonic,52
0,0.10856320552535408,0.0821917808219178,isotonic,52
1,0.9931154754221696,1.0,isotonic,52
1,0.29671066820351266,0.26865671641791045,isotonic,52
0,0.31960146763333713,0.3125,isotonic,52
1,0.9858846322572636,1.0,isotonic,52
1,0.9969515610555536,1.0,isotonic,52
0,0.12348785711733763,0.0821917808219178,isotonic,52
1,0.9899098099054856,1.0,isotonic,52
1,0.9858846322572636,1.0,isotonic,52
0,0.08220190009710827,0.02617801047120419,isotonic,52
1,0.9164120674250965,1.0,isotonic,52
1,0.26449811410932855,0.18039215686274512,isotonic,52
1,0.9021540001502089,1.0,isotonic,52
0,0.06285258827950968,0.02617801047120419,isotonic,52
0,0.14030634803305675,0.0821917808219178,isotonic,52
0,0.33909312872594377,0.32116788321167883,isotonic,52
0,0.21505323184971417,0.18039215686274512,isotonic,52
0,0.16454410490032986,0.11267605633802817,isotonic,52
1,0.36939520802574294,0.32116788321167883,isotonic,52
1,0.8871242919283651,1.0,isotonic,52
1,0.9166829661370491,1.0,isotonic,52
0,0.358645193565316,0.32116788321167883,isotonic,52
0,0.4476502786465423,0.40609137055837563,isotonic,52
0,0.06260688071666924,0.02617801047120419,isotonic,52
1,0.9939054956507342,1.0,isotonic,52
1,0.9431611060258946,1.0,isotonic,52
1,0.9963248091655085,1.0,isotonic,52
0,0.11138945609431294,0.0821917808219178,isotonic,52
0,0.20667048887022757,0.11267605633802817,isotonic,52
1,0.9906183054670143,1.0,isotonic,52
1,0.5322066623490677,0.6000000000000001,isotonic,52
1,0.43088000981744606,0.40609137055837563,isotonic,52
1,0.9891477076383501,1.0,isotonic,52
1,0.9996857817381334,1.0,isotonic,52
1,0.9954959691049834,1.0,isotonic,52
0,0.08728555908197486,0.02617801047120419,isotonic,52
1,0.4580115304946301,0.40609137055837563,isotonic,52
1,0.500565765930677,0.5675675675675675,isotonic,52
0,0.25902720277721253,0.18039215686274512,isotonic,52
1,0.3958350600152758,0.40609137055837563,isotonic,52
1,0.9998606797988419,1.0,isotonic,52
0,0.11297871036849576,0.0821917808219178,isotonic,52
0,0.4144488847942813,0.40609137055837563,isotonic,52
0,0.23278302005152735,0.18039215686274512,isotonic,52
0,0.31600177319823414,0.3125,isotonic,52
1,0.9128910968265826,1.0,isotonic,52
1,0.20510068421603195,0.11267605633802817,isotonic,52
0,0.056686376351230715,0.0,isotonic,52
0,0.235398166831055,0.18039215686274512,isotonic,52
1,0.13378204471070174,0.0821917808219178,isotonic,52
0,0.45830506720742137,0.40609137055837563,isotonic,52
0,0.16521030606111353,0.11267605633802817,isotonic,52
1,0.9858846322572636,1.0,isotonic,52
0,0.2473165406175377,0.18039215686274512,isotonic,52
0,0.12254157466501671,0.0821917808219178,isotonic,52
0,0.0672001149765796,0.02617801047120419,isotonic,52
0,0.5233335433932528,0.6000000000000001,isotonic,52
1,0.3003093457646594,0.26865671641791045,isotonic,52
1,0.27051079190918903,0.18039215686274512,isotonic,52
1,0.9892288934987056,1.0,isotonic,52
0,0.3106317477785836,0.3125,isotonic,52
0,0.28791458942925613,0.23076923076923078,isotonic,52
1,0.9986419972145945,1.0,isotonic,52
1,0.19860853290089514,0.11267605633802817,isotonic,52
1,0.999958147755708,1.0,isotonic,52
0,0.11693728484269542,0.0821917808219178,isotonic,52
0,0.16815288987059362,0.11267605633802817,isotonic,52
0,0.11436361481977367,0.0821917808219178,isotonic,52
1,0.9823559269760962,1.0,isotonic,52
0,0.4456258706169153,0.40609137055837563,isotonic,52
0,0.49253852776110507,0.5675675675675675,isotonic,52
0,0.1257402337361246,0.0821917808219178,isotonic,52
0,0.06069231616082701,0.02617801047120419,isotonic,52
1,0.5084352825076592,0.5675675675675675,isotonic,52
0,0.38177801074582784,0.32116788321167883,isotonic,52
1,0.43242747850917557,0.40609137055837563,isotonic,52
1,0.9858846322572636,1.0,isotonic,52
0,0.26171453159731767,0.18039215686274512,isotonic,52
1,0.18252364647154073,0.11267605633802817,isotonic,52
0,0.2373237490021079,0.18039215686274512,isotonic,52
0,0.07551015171942406,0.02617801047120419,isotonic,52
0,0.17427418586477553,0.11267605633802817,isotonic,52
0,0.062481332875332134,0.02617801047120419,isotonic,52
1,0.9969648167806179,1.0,isotonic,52
0,0.5493708988173395,0.6000000000000001,isotonic,52
1,0.39043215478111143,0.3738040856395197,isotonic,52
1,0.9311008491985481,1.0,isotonic,52
0,0.37291185849183484,0.32116788321167883,isotonic,52
0,0.24042751425892414,0.18039215686274512,isotonic,52
1,0.8588877991004813,1.0,isotonic,52
0,0.12926692016729055,0.0821917808219178,isotonic,52
