y_true,proba,proba_calibrated,calibration_method,seed
1,0.9371773494462426,1.0,isotonic,62
1,0.9782439548378329,1.0,isotonic,62
0,0.09095308188725294,0.02702702702702703,isotonic,62
0,0.14001460989977546,0.10655737704918032,isotonic,62
0,0.5522883573009914,0.4189189189189189,isotonic,62
1,0.9354807402899484,1.0,isotonic,62
0,0.289766150637606,0.21176470588235294,isotonic,62
1,0.9150108003354124,1.0,isotonic,62
1,0.9999831542284153,1.0,isotonic,62
1,0.9913526348146771,1.0,isotonic,62
1,0.9820638578191879,1.0,isotonic,62
1,0.9892707824007908,1.0,isotonic,62
0,0.488359572618216,0.41350210970464135,isotonic,62
1,0.9356600197083949,1.0,isotonic,62
1,0.5035176942170313,0.4189189189189189,isotonic,62
0,0.10457690092499693,0.02702702702702703,isotonic,62
0,0.5746752910662178,0.4375,isotonic,62
1,0.251571968483438,0.2,isotonic,62
0,0.20062535120377817,0.18556701030927836,isotonic,62
1,0.9431348645192514,1.0,isotonic,62
0,0.3504716384911854,0.3333333333333333,isotonic,62
1,0.5679593148951749,0.4189189189189189,isotonic,62
0,0.7350957152961042,0.6666666666666666,isotonic,62
0,0.18654647772119706,0.18556701030927836,isotonic,62
1,0.5044683237267279,0.4189189189189189,isotonic,62
0,0.4838902736755183,0.41350210970464135,isotonic,62
1,0.6922015996515656,0.6109471785190307,isotonic,62
0,0.2796055760818462,0.2,isotonic,62
1,0.9820638578191879,1.0,isotonic,62
1,0.9826694938068238,1.0,isotonic,62
0,0.13857860187810975,0.08333333333333333,isotonic,62
1,0.7426395292982972,0.6666666666666666,isotonic,62
0,0.124854997009931,0.06896551724137931,isotonic,62
0,0.26703929560292056,0.2,isotonic,62
1,0.7330066623199333,0.6666666666666666,isotonic,62
1,0.9234024146142443,1.0,isotonic,62
1,0.9953111670679649,1.0,isotonic,62
1,0.9898239856999621,1.0,isotonic,62
0,0.0710054772063603,0.020833333333333332,isotonic,62
0,0.09536271160639644,0.02702702702702703,isotonic,62
0,0.18449386992336067,0.18556701030927836,isotonic,62
1,0.6222855076187671,0.5769230769230769,isotonic,62
0,0.4911933722731962,0.41350210970464135,isotonic,62
0,0.37498872703883573,0.41350210970464135,isotonic,62
0,0.0585093917247368,0.0,isotonic,62
0,0.07834143238064434,0.02631578947368421,isotonic,62
0,0.06414966274747885,0.0,isotonic,62
0,0.23155845705550418,0.2,isotonic,62
0,0.49585512250184344,0.41350210970464135,isotonic,62
0,0.06883711423589903,0.020833333333333332,isotonic,62
0,0.28795270907162873,0.21176470588235294,isotonic,62
1,0.9251147509653811,1.0,isotonic,62
0,0.4957895466298539,0.41350210970464135,isotonic,62
1,0.46203531252741425,0.41350210970464135,isotonic,62
1,0.1568807989813093,0.10655737704918032,isotonic,62
0,0.060309820038048065,0.0,isotonic,62
1,0.8335731306432201,1.0,isotonic,62
0,0.3380878654404531,0.3188405797101449,isotonic,62
0,0.1719058580167836,0.11538461538461539,isotonic,62
1,0.92078020983042,1.0,isotonic,62
1,0.9421289171144395,1.0,isotonic,62
0,0.19755460997067115,0.18556701030927836,isotonic,62
1,0.5508656909443679,0.4189189189189189,isotonic,62
0,0.11026784260511514,0.03571428571428571,isotonic,62
1,0.31225427838968256,0.2564102564102564,isotonic,62
1,0.5093166419667681,0.4189189189189189,isotonic,62
0,0.05941829946797388,0.0,isotonic,62
1,0.12129761089792902,0.03571428571428571,isotonic,62
1,0.987206229421743,1.0,isotonic,62
0,0.3177438006995699,0.2564102564102564,isotonic,62
1,0.9155843457591114,1.0,isotonic,62
1,0.9032421741320092,1.0,isotonic,62
1,0.9921379806469623,1.0,isotonic,62
1,0.9952576324662181,1.0,isotonic,62
1,0.8891956419782533,1.0,isotonic,62
1,0.9293458836196156,1.0,isotonic,62
0,0.14356469031559815,0.10655737704918032,isotonic,62
0,0.3730881250401984,0.41350210970464135,isotonic,62
1,0.9899912990888349,1.0,isotonic,62
0,0.6505722111087328,0.5769230769230769,isotonic,62
0,0.08509714647437434,0.02631578947368421,isotonic,62
1,0.9912341573331502,1.0,isotonic,62
0,0.1601895449578515,0.10655737704918032,isotonic,62
0,0.08514777767487242,0.02631578947368421,isotonic,62
1,0.9611385256281797,1.0,isotonic,62
0,0.23772805074615908,0.2,isotonic,62
0,0.14803400571726358,0.10655737704918032,isotonic,62
1,0.23895197096228282,0.2,isotonic,62
0,0.10357495760391117,0.02702702702702703,isotonic,62
1,0.9849716752594915,1.0,isotonic,62
0,0.33600414239735443,0.3188405797101449,isotonic,62
1,0.9090938822231451,1.0,isotonic,62
1,0.9520833712092652,1.0,isotonic,62
0,0.07957286774398219,0.02631578947368421,isotonic,62
1,0.9841273504890976,1.0,isotonic,62
1,0.9844452906819883,1.0,isotonic,62
0,0.3732962708333856,0.41350210970464135,isotonic,62
0,0.2669585104848629,0.2,isotonic,62
1,0.8896042259389751,1.0,isotonic,62
0,0.13714486966362094,0.08023096410367839,isotonic,62
0,0.09037820136448069,0.02702702702702703,isotonic,62
0,0.21281857069657767,0.1875,isotonic,62
1,0.9789280109385298,1.0,isotonic,62
1,0.863617868866855,1.0,isotonic,62
0,0.4025495815166089,0.41350210970464135,isotonic,62
1,0.8889968672291161,1.0,isotonic,62
0,0.08342483750959617,0.02631578947368421,isotonic,62
0,0.19047291873940358,0.18556701030927836,isotonic,62
1,0.98126311212773,1.0,isotonic,62
0,0.06507221405628047,0.0,isotonic,62
0,0.2325114218540578,0.2,isotonic,62
1,0.9935968276061868,1.0,isotonic,62
1,0.1342712328525399,0.06896551724137931,isotonic,62
0,0.5094896346583372,0.4189189189189189,isotonic,62
1,0.1724591588502028,0.11538461538461539,isotonic,62
0,0.09261512442604605,0.02702702702702703,isotonic,62
1,0.9993366573423431,1.0,isotonic,62
0,0.10290467080843411,0.02702702702702703,isotonic,62
0,0.2740754587528013,0.2,isotonic,62
0,0.057605703550644156,0.0,isotonic,62
0,0.28703754998483766,0.21176470588235294,isotonic,62
0,0.16503788402509398,0.10655737704918032,isotonic,62
1,0.9335902803047785,1.0,isotonic,62
1,0.4842234599765908,0.41350210970464135,isotonic,62
0,0.19188942978882778,0.18556701030927836,isotonic,62
0,0.09326539946435018,0.02702702702702703,isotonic,62
1,0.9808853167289144,1.0,isotonic,62
0,0.08389698070391298,0.02631578947368421,isotonic,62
1,0.3928490738289716,0.41350210970464135,isotonic,62
0,0.4009121457290979,0.41350210970464135,isotonic,62
1,0.9786848190647851,1.0,isotonic,62
1,0.9107543138942888,1.0,isotonic,62
1,0.4444429370982787,0.41350210970464135,isotonic,62
0,0.1890783279853997,0.18556701030927836,isotonic,62
0,0.06188073999476836,0.0,isotonic,62
0,0.06848091742405188,0.020833333333333332,isotonic,62
0,0.22611943429702364,0.2,isotonic,62
1,0.8798195432373955,1.0,isotonic,62
1,0.9452099706292862,1.0,isotonic,62
1,0.9820638578191879,1.0,isotonic,62
1,0.8940521259169103,1.0,isotonic,62
1,0.916057488545589,1.0,isotonic,62
0,0.2300797161631363,0.2,isotonic,62
0,0.130602444083832,0.06896551724137931,isotonic,62
0,0.3379414559782281,0.3188405797101449,isotonic,62
1,0.8792379926837707,1.0,isotonic,62
0,0.07293248356029357,0.02631578947368421,isotonic,62
0,0.13837141312122128,0.08333333333333333,isotonic,62
1,0.9820638578191879,1.0,isotonic,62
1,0.9249668093293322,1.0,isotonic,62
1,0.8553511169100144,1.0,isotonic,62
0,0.18785955932813006,0.18556701030927836,isotonic,62
0,0.1042871128884564,0.02702702702702703,isotonic,62
0,0.12639766827237658,0.06896551724137931,isotonic,62
1,0.8932103196910766,1.0,isotonic,62
1,0.9820638578191879,1.0,isotonic,62
0,0.1476290191238684,0.10655737704918032,isotonic,62
0,0.0628745123659964,0.0,isotonic,62
0,0.33192560293391443,0.3188405797101449,isotonic,62
1,0.9893745928057008,1.0,isotonic,62
1,0.8512214708217181,1.0,isotonic,62
1,0.4558037258265946,0.41350210970464135,isotonic,62
0,0.15353405936462888,0.10655737704918032,isotonic,62
1,0.9987607748691151,1.0,isotonic,62
0,0.48260865624704297,0.41350210970464135,isotonic,62
0,0.05789836006206516,0.0,isotonic,62
0,0.5042235140645183,0.4189189189189189,isotonic,62
0,0.1972120483056394,0.18556701030927836,isotonic,62
1,0.17114589568682587,0.11538461538461539,isotonic,62
0,0.1054659784231598,0.02702702702702703,isotonic,62
0,0.29568967060692525,0.21176470588235294,isotonic,62
1,0.9290342061583321,1.0,isotonic,62
1,0.9820638578191879,1.0,isotonic,62
1,0.993530832038714,1.0,isotonic,62
1,0.5671503135462426,0.4189189189189189,isotonic,62
0,0.15090045988336306,0.10655737704918032,isotonic,62
0,0.33084601211458803,0.3188405797101449,isotonic,62
0,0.3053735970061801,0.21176470588235294,isotonic,62
0,0.29852715373309313,0.21176470588235294,isotonic,62
1,0.6252219269440428,0.5769230769230769,isotonic,62
1,0.9820638578191879,1.0,isotonic,62
1,0.18372404023224892,0.18556701030927836,isotonic,62
0,0.6644281684555906,0.5769230769230769,isotonic,62
1,0.9885941731844925,1.0,isotonic,62
1,0.882498338133292,1.0,isotonic,62
1,0.9987131907388853,1.0,isotonic,62
0,0.11679504320428583,0.03571428571428571,isotonic,62
1,0.41330026189024716,0.41350210970464135,isotonic,62
1,0.9276027286105514,1.0,isotonic,62
0,0.19598271659904248,0.18556701030927836,isotonic,62
1,0.5242550639435789,0.4189189189189189,isotonic,62
0,0.5621021466058271,0.4189189189189189,isotonic,62
0,0.10500979362181175,0.02702702702702703,isotonic,62
0,0.3137113218917875,0.2564102564102564,isotonic,62
1,0.2937560895679411,0.21176470588235294,isotonic,62
0,0.07967302527360294,0.02631578947368421,isotonic,62
1,0.9252585792315953,1.0,isotonic,62
0,0.36615277771127985,0.3889547781588121,isotonic,62
1,0.48834860481840897,0.41350210970464135,isotonic,62
1,0.9870695622112796,1.0,isotonic,62
0,0.250864488700881,0.2,isotonic,62
0,0.32362093718965507,0.2564102564102564,isotonic,62
0,0.14696360909741393,0.10655737704918032,isotonic,62
1,0.994229629524408,1.0,isotonic,62
0,0.1962091525716405,0.18556701030927836,isotonic,62
1,0.9341211325949442,1.0,isotonic,62
1,0.941886279326255,1.0,isotonic,62
0,0.08362413963203857,0.02631578947368421,isotonic,62
0,0.7027635590056353,0.6431920175430303,isotonic,62
0,0.659641892540402,0.5769230769230769,isotonic,62
1,0.8868882216770522,1.0,isotonic,62
1,0.9003876383615551,1.0,isotonic,62
0,0.23769457846194594,0.2,isotonic,62
0,0.1952964426909787,0.18556701030927836,isotonic,62
1,0.9943107264249818,1.0,isotonic,62
1,0.9996948839004631,1.0,isotonic,62
1,0.9391648300469982,1.0,isotonic,62
1,0.9234669395911808,1.0,isotonic,62
0,0.23667054375953203,0.2,isotonic,62
0,0.13511524983911732,0.06896551724137931,isotonic,62
0,0.2131063476624645,0.1875,isotonic,62
0,0.11748366726406911,0.03571428571428571,isotonic,62
1,0.9820638578191879,1.0,isotonic,62
0,0.30419442535642693,0.21176470588235294,isotonic,62
0,0.08609342604342786,0.02702702702702703,isotonic,62
0,0.5326362980612044,0.4189189189189189,isotonic,62
0,0.3081677934708949,0.21176470588235294,isotonic,62
1,0.48073264253792264,0.41350210970464135,isotonic,62
0,0.32189186080007837,0.2564102564102564,isotonic,62
0,0.47911943522848843,0.41350210970464135,isotonic,62
0,0.3279963129956312,0.3188405797101449,isotonic,62
1,0.8348108150900156,1.0,isotonic,62
1,0.9909284726641551,1.0,isotonic,62
0,0.20976770794125285,0.1875,isotonic,62
0,0.48780109557430507,0.41350210970464135,isotonic,62
0,0.07360055625508662,0.02631578947368421,isotonic,62
1,0.9905529246092183,1.0,isotonic,62
1,0.9264585994002215,1.0,isotonic,62
0,0.44806490034117474,0.41350210970464135,isotonic,62
1,0.6309037702072738,0.5769230769230769,isotonic,62
1,0.9820638578191879,1.0,isotonic,62
0,0.16793750634964902,0.11538461538461539,isotonic,62
1,0.8908971790865231,1.0,isotonic,62
0,0.06038720687289224,0.0,isotonic,62
1,0.967114375844692,1.0,isotonic,62
1,0.8716786700809426,1.0,isotonic,62
1,0.5333733421055453,0.4189189189189189,isotonic,62
1,0.934055373308294,1.0,isotonic,62
1,0.3173452993582161,0.2564102564102564,isotonic,62
1,0.9820638578191879,1.0,isotonic,62
1,0.9270992427031467,1.0,isotonic,62
1,0.1439691481115575,0.10655737704918032,isotonic,62
0,0.11005448541051618,0.03571428571428571,isotonic,62
0,0.0796916165384868,0.02631578947368421,isotonic,62
1,0.3483300585735063,0.3188405797101449,isotonic,62
0,0.07057682241353927,0.020833333333333332,isotonic,62
1,0.950418996596539,1.0,isotonic,62
1,0.3789633294795862,0.41350210970464135,isotonic,62
0,0.33854053913907184,0.3188405797101449,isotonic,62
1,0.8985650654924184,1.0,isotonic,62
1,0.20704569989883412,0.1875,isotonic,62
1,0.3048421084253021,0.21176470588235294,isotonic,62
0,0.16655841825357723,0.11538461538461539,isotonic,62
1,0.45436200331375604,0.41350210970464135,isotonic,62
1,0.9922685254739696,1.0,isotonic,62
1,0.9313113153381272,1.0,isotonic,62
1,0.9859233629010435,1.0,isotonic,62
0,0.11898652992281505,0.03571428571428571,isotonic,62
1,0.934003177133816,1.0,isotonic,62
0,0.35933434202747955,0.3333333333333333,isotonic,62
1,0.41726612048433476,0.41350210970464135,isotonic,62
1,0.9189463775644767,1.0,isotonic,62
0,0.14106431466289582,0.10655737704918032,isotonic,62
1,0.7175386097831016,0.6666666666666666,isotonic,62
1,0.9299467952074677,1.0,isotonic,62
1,0.9133065281217431,1.0,isotonic,62
1,0.9390821240655011,1.0,isotonic,62
1,0.2135561039187723,0.19187227609551843,isotonic,62
0,0.189376067263595,0.18556701030927836,isotonic,62
0,0.13961856974781747,0.10655737704918032,isotonic,62
1,0.9734494249123622,1.0,isotonic,62
1,0.359280337581764,0.3333333333333333,isotonic,62
0,0.21060415821352538,0.1875,isotonic,62
1,0.9026407156722495,1.0,isotonic,62
0,0.227195308253462,0.2,isotonic,62
0,0.07124719283454643,0.020833333333333332,isotonic,62
1,0.46236814773055745,0.41350210970464135,isotonic,62
0,0.17676536032702087,0.14285714285714285,isotonic,62
0,0.17802156019236173,0.14285714285714285,isotonic,62
1,0.902856503374882,1.0,isotonic,62
0,0.07516839817643214,0.02631578947368421,isotonic,62
1,0.8723509622473536,1.0,isotonic,62
0,0.06085407426398136,0.0,isotonic,62
1,0.9929602786239216,1.0,isotonic,62
0,0.2854308306375013,0.2,isotonic,62
1,0.9932719062324125,1.0,isotonic,62
0,0.05329027635834256,0.0,isotonic,62
0,0.2007640349918096,0.18556701030927836,isotonic,62
0,0.09715165111933309,0.02702702702702703,isotonic,62
1,0.4388809126958989,0.41350210970464135,isotonic,62
1,0.08317739838753484,0.02631578947368421,isotonic,62
0,0.13241482047379408,0.06896551724137931,isotonic,62
0,0.20186000279864696,0.18556701030927836,isotonic,62
1,0.9215733820643163,1.0,isotonic,62
1,0.9324117843588562,1.0,isotonic,62
0,0.2843048248987363,0.2,isotonic,62
1,0.9814397194257791,1.0,isotonic,62
0,0.24300514065456758,0.2,isotonic,62
1,0.932393858918619,1.0,isotonic,62
0,0.2794584093577805,0.2,isotonic,62
1,0.38218701819000744,0.41350210970464135,isotonic,62
1,0.2880330172942627,0.21176470588235294,isotonic,62
0,0.09074334456305039,0.02702702702702703,isotonic,62
1,0.8941889131792277,1.0,isotonic,62
0,0.0796421986472178,0.02631578947368421,isotonic,62
0,0.3967796332910928,0.41350210970464135,isotonic,62
0,0.1378784345286886,0.08333333333333333,isotonic,62
0,0.08059407182145026,0.02631578947368421,isotonic,62
1,0.9986058483521159,1.0,isotonic,62
1,0.8077235225180786,1.0,isotonic,62
1,0.3607847573477031,0.3333333333333333,isotonic,62
0,0.5728030432615591,0.4189189189189189,isotonic,62
1,0.9958662105664234,1.0,isotonic,62
1,0.9958139210247955,1.0,isotonic,62
1,0.7186478170861819,0.6666666666666666,isotonic,62
1,0.9089729487478974,1.0,isotonic,62
1,0.6077703114648048,0.5769230769230769,isotonic,62
1,0.5455900343894806,0.4189189189189189,isotonic,62
0,0.10516469112981787,0.02702702702702703,isotonic,62
0,0.07760479030612957,0.02631578947368421,isotonic,62
1,0.07118640118823308,0.020833333333333332,isotonic,62
0,0.22047713965827845,0.2,isotonic,62
1,0.9134511703404739,1.0,isotonic,62
0,0.1401968366357116,0.10655737704918032,isotonic,62
1,0.9148319434964668,1.0,isotonic,62
1,0.2966560576201808,0.21176470588235294,isotonic,62
0,0.2389767438302114,0.2,isotonic,62
1,0.9955701446374344,1.0,isotonic,62
0,0.12906045900547247,0.06896551724137931,isotonic,62
1,0.9357516286155039,1.0,isotonic,62
1,0.9794993605028228,1.0,isotonic,62
1,0.989807822635631,1.0,isotonic,62
0,0.057485415328548894,0.0,isotonic,62
0,0.2547042745876194,0.2,isotonic,62
1,0.9009397084430625,1.0,isotonic,62
0,0.2798782900744467,0.2,isotonic,62
0,0.05500428073891625,0.0,isotonic,62
1,0.2985335675441945,0.21176470588235294,isotonic,62
0,0.3913767281769835,0.41350210970464135,isotonic,62
0,0.1016293769476474,0.02702702702702703,isotonic,62
0,0.5398395810065757,0.4189189189189189,isotonic,62
0,0.06802019451600418,0.020833333333333332,isotonic,62
1,0.14151865671439345,0.10655737704918032,isotonic,62
0,0.1856020363593964,0.18556701030927836,isotonic,62
1,0.9330137706499299,1.0,isotonic,62
0,0.11258594117407107,0.03571428571428571,isotonic,62
0,0.088856269285248,0.02702702702702703,isotonic,62
1,0.11541406757296796,0.03571428571428571,isotonic,62
0,0.3214014172462982,0.2564102564102564,isotonic,62
1,0.9281718529014285,1.0,isotonic,62
1,0.9922001829954697,1.0,isotonic,62
0,0.07786497324130126,0.02631578947368421,isotonic,62
1,0.939301133374326,1.0,isotonic,62
0,0.059366357709177996,0.0,isotonic,62
1,0.43783108487770583,0.41350210970464135,isotonic,62
0,0.12964096626736332,0.06896551724137931,isotonic,62
1,0.35781170262657364,0.3333333333333333,isotonic,62
1,0.549021601103876,0.4189189189189189,isotonic,62
1,0.9870623031697937,1.0,isotonic,62
0,0.13044004654242725,0.06896551724137931,isotonic,62
0,0.05300388160032918,0.0,isotonic,62
1,0.36834293240479726,0.41350210970464135,isotonic,62
0,0.21840775719103717,0.2,isotonic,62
0,0.42167981188477816,0.41350210970464135,isotonic,62
1,0.8723576301843612,1.0,isotonic,62
0,0.46991387032713344,0.41350210970464135,isotonic,62
0,0.18825889323355346,0.18556701030927836,isotonic,62
0,0.5494101688893304,0.4189189189189189,isotonic,62
0,0.07585623223880801,0.02631578947368421,isotonic,62
1,0.4459551309051961,0.41350210970464135,isotonic,62
0,0.07669476005404832,0.02631578947368421,isotonic,62
0,0.10174818240492277,0.02702702702702703,isotonic,62
0,0.363563437408959,0.3333333333333333,isotonic,62
0,0.2895806746088176,0.21176470588235294,isotonic,62
0,0.08788422199219979,0.02702702702702703,isotonic,62
1,0.9894382163492943,1.0,isotonic,62
0,0.08844858606997887,0.02702702702702703,isotonic,62
1,0.9820638578191879,1.0,isotonic,62
1,0.8997684527208902,1.0,isotonic,62
1,0.18988835537464424,0.18556701030927836,isotonic,62
1,0.46205932987012177,0.41350210970464135,isotonic,62
1,0.9369624191605334,1.0,isotonic,62
0,0.07026090792706874,0.020833333333333332,isotonic,62
1,0.35571696647105,0.3333333333333333,isotonic,62
1,0.8977307009108514,1.0,isotonic,62
0,0.47072424410164054,0.41350210970464135,isotonic,62
1,0.9991073872364196,1.0,isotonic,62
0,0.3688014583661865,0.41350210970464135,isotonic,62
1,0.9242246752748394,1.0,isotonic,62
1,0.9342630672580369,1.0,isotonic,62
0,0.10507711287651003,0.02702702702702703,isotonic,62
0,0.20276178089672822,0.18599254044852467,isotonic,62
0,0.20494445666308816,0.1875,isotonic,62
0,0.17245248177702394,0.11538461538461539,isotonic,62
0,0.13628060061159442,0.0700023423278835,isotonic,62
0,0.06455541820354001,0.0,isotonic,62
0,0.32360028869348895,0.2564102564102564,isotonic,62
0,0.1495330376273016,0.10655737704918032,isotonic,62
0,0.26549914682096015,0.2,isotonic,62
0,0.06933502217125731,0.020833333333333332,isotonic,62
0,0.1731336405646159,0.11538461538461539,isotonic,62
0,0.20739219081189758,0.1875,isotonic,62
1,0.9820638578191879,1.0,isotonic,62
0,0.176254333061798,0.14285714285714285,isotonic,62
1,0.9953215613218894,1.0,isotonic,62
0,0.12100925880289976,0.03571428571428571,isotonic,62
0,0.541877965414185,0.4189189189189189,isotonic,62
0,0.4496029445334124,0.41350210970464135,isotonic,62
0,0.20978917566979077,0.1875,isotonic,62
1,0.8674219997261917,1.0,isotonic,62
0,0.14440654249007048,0.10655737704918032,isotonic,62
0,0.055680889499425845,0.0,isotonic,62
1,0.1225481103463071,0.06896551724137931,isotonic,62
1,0.5884179233639021,0.4375,isotonic,62
1,0.9270497888735372,1.0,isotonic,62
0,0.3141469654008238,0.2564102564102564,isotonic,62
1,0.9413009004633579,1.0,isotonic,62
0,0.2162334004811306,0.2,isotonic,62
1,0.24152430616290882,0.2,isotonic,62
1,0.9174945137871464,1.0,isotonic,62
0,0.2663020266612918,0.2,isotonic,62
0,0.1901954794772446,0.18556701030927836,isotonic,62
1,0.30508430513829105,0.21176470588235294,isotonic,62
1,0.27521671322423147,0.2,isotonic,62
0,0.228754706331809,0.2,isotonic,62
0,0.06425042619165966,0.0,isotonic,62
0,0.2861470152171965,0.2,isotonic,62
0,0.1997240883148064,0.18556701030927836,isotonic,62
1,0.22161173396825096,0.2,isotonic,62
1,0.6803244701783359,0.5769230769230769,isotonic,62
0,0.40511486404840935,0.41350210970464135,isotonic,62
1,0.9436165104634568,1.0,isotonic,62
0,0.11833058811228267,0.03571428571428571,isotonic,62
1,0.9921636665598059,1.0,isotonic,62
1,0.9315643229296104,1.0,isotonic,62
0,0.5317724223952346,0.4189189189189189,isotonic,62
0,0.3813808105058166,0.41350210970464135,isotonic,62
1,0.9272184477459001,1.0,isotonic,62
0,0.2548145812350177,0.2,isotonic,62
0,0.468739800200878,0.41350210970464135,isotonic,62
0,0.05783581362697783,0.0,isotonic,62
0,0.6601225776621298,0.5769230769230769,isotonic,62
0,0.11593036864055946,0.03571428571428571,isotonic,62
0,0.1698117572162036,0.11538461538461539,isotonic,62
0,0.09672312580561844,0.02702702702702703,isotonic,62
1,0.566072055614784,0.4189189189189189,isotonic,62
0,0.27721904326630364,0.2,isotonic,62
0,0.30015766849319697,0.21176470588235294,isotonic,62
0,0.06552232854487557,0.0,isotonic,62
0,0.21275105909940617,0.1875,isotonic,62
0,0.1950886324206853,0.18556701030927836,isotonic,62
0,0.4909719702805841,0.41350210970464135,isotonic,62
1,0.9180788458016379,1.0,isotonic,62
1,0.9203621304556295,1.0,isotonic,62
0,0.09093793343892036,0.02702702702702703,isotonic,62
0,0.052588610499109734,0.0,isotonic,62
1,0.880373148651818,1.0,isotonic,62
1,0.34301598077170165,0.3188405797101449,isotonic,62
1,0.39774860633337444,0.41350210970464135,isotonic,62
1,0.21511538605168828,0.2,isotonic,62
0,0.3934947792161826,0.41350210970464135,isotonic,62
1,0.19628042688996503,0.18556701030927836,isotonic,62
1,0.9489074535970313,1.0,isotonic,62
0,0.371040956135503,0.41350210970464135,isotonic,62
1,0.15701825388286111,0.10655737704918032,isotonic,62
0,0.12664065494289223,0.06896551724137931,isotonic,62
0,0.28712569883525607,0.21176470588235294,isotonic,62
0,0.1343636317114658,0.06896551724137931,isotonic,62
1,0.663831728471053,0.5769230769230769,isotonic,62
1,0.45345346588001206,0.41350210970464135,isotonic,62
1,0.9934301747719807,1.0,isotonic,62
1,0.85207002154846,1.0,isotonic,62
0,0.16702047498799588,0.11538461538461539,isotonic,62
1,0.259704161390947,0.2,isotonic,62
0,0.18416711346857545,0.18556701030927836,isotonic,62
0,0.1858283070852923,0.18556701030927836,isotonic,62
1,0.3140014955625488,0.2564102564102564,isotonic,62
0,0.11943258992093436,0.03571428571428571,isotonic,62
0,0.13641746734632829,0.07162215974469162,isotonic,62
1,0.5061128696825886,0.4189189189189189,isotonic,62
0,0.11956234190231456,0.03571428571428571,isotonic,62
0,0.21553959803618317,0.2,isotonic,62
0,0.44834999391662317,0.41350210970464135,isotonic,62
1,0.9391398092884348,1.0,isotonic,62
0,0.06717312437770052,0.020833333333333332,isotonic,62
1,0.9992753711629371,1.0,isotonic,62
1,0.9255663086516913,1.0,isotonic,62
0,0.2110641022521819,0.1875,isotonic,62
0,0.2407917364440661,0.2,isotonic,62
0,0.3360620247418293,0.3188405797101449,isotonic,62
0,0.16221308179954627,0.10655737704918032,isotonic,62
0,0.10994927779625084,0.03571428571428571,isotonic,62
0,0.5092492379245288,0.4189189189189189,isotonic,62
0,0.3572600049365628,0.3333333333333333,isotonic,62
1,0.49174770794542744,0.41350210970464135,isotonic,62
1,0.30300678401903997,0.21176470588235294,isotonic,62
0,0.07906383619840918,0.02631578947368421,isotonic,62
1,0.991046335737184,1.0,isotonic,62
0,0.19118511726815482,0.18556701030927836,isotonic,62
0,0.47531485802772344,0.41350210970464135,isotonic,62
0,0.2847276597402,0.2,isotonic,62
0,0.10645720654435116,0.03571428571428571,isotonic,62
0,0.1185249812229066,0.03571428571428571,isotonic,62
1,0.932194837374338,1.0,isotonic,62
1,0.9813790203769446,1.0,isotonic,62
1,0.2555675576250169,0.2,isotonic,62
1,0.9743857832042677,1.0,isotonic,62
1,0.9894292656679753,1.0,isotonic,62
1,0.918493123497037,1.0,isotonic,62
0,0.5594228181739914,0.4189189189189189,isotonic,62
1,0.15696032256903902,0.10655737704918032,isotonic,62
1,0.9898751539757715,1.0,isotonic,62
0,0.3188155904286217,0.2564102564102564,isotonic,62
0,0.0955610502059541,0.02702702702702703,isotonic,62
0,0.21213611596822643,0.1875,isotonic,62
0,0.11821670934200945,0.03571428571428571,isotonic,62
0,0.052832185594254295,0.0,isotonic,62
1,0.9978910961328834,1.0,isotonic,62
1,0.987397812242264,1.0,isotonic,62
1,0.2544674237841608,0.2,isotonic,62
0,0.1009554108579942,0.02702702702702703,isotonic,62
1,0.9820638578191879,1.0,isotonic,62
1,0.9404049064114708,1.0,isotonic,62
0,0.11924799996649246,0.03571428571428571,isotonic,62
1,0.930506785476137,1.0,isotonic,62
0,0.08940288577029899,0.02702702702702703,isotonic,62
0,0.35202288303538926,0.3333333333333333,isotonic,62
1,0.9820638578191879,1.0,isotonic,62
1,0.6190838372120174,0.5769230769230769,isotonic,62
0,0.15128008602705162,0.10655737704918032,isotonic,62
0,0.36115346155320005,0.3333333333333333,isotonic,62
1,0.9322768051091643,1.0,isotonic,62
1,0.9744193758013586,1.0,isotonic,62
1,0.9827671986066225,1.0,isotonic,62
0,0.2650989803027564,0.2,isotonic,62
1,0.9820638578191879,1.0,isotonic,62
1,0.9785306179451491,1.0,isotonic,62
1,0.22789334762775387,0.2,isotonic,62
0,0.38168888943495244,0.41350210970464135,isotonic,62
1,0.9224987624349136,1.0,isotonic,62
1,0.8866219149634673,1.0,isotonic,62
1,0.7058610806238612,0.6526485097150599,isotonic,62
0,0.22270360071848472,0.2,isotonic,62
0,0.16011210327117287,0.10655737704918032,isotonic,62
0,0.10395099819924891,0.02702702702702703,isotonic,62
0,0.17444822570806107,0.14285714285714285,isotonic,62
0,0.18686338771036926,0.18556701030927836,isotonic,62
1,0.8936844745186515,1.0,isotonic,62
1,0.3455781557342542,0.3188405797101449,isotonic,62
1,0.9862770521959908,1.0,isotonic,62
0,0.071342298190653,0.020833333333333332,isotonic,62
1,0.3526671735800495,0.3333333333333333,isotonic,62
0,0.6279848829873484,0.5769230769230769,isotonic,62
1,0.5575223402622665,0.4189189189189189,isotonic,62
1,0.9322922314518785,1.0,isotonic,62
1,0.9417697720674969,1.0,isotonic,62
0,0.11799083929723465,0.03571428571428571,isotonic,62
0,0.5494967172422709,0.4189189189189189,isotonic,62
0,0.09569378657893247,0.02702702702702703,isotonic,62
1,0.9250864812675718,1.0,isotonic,62
1,0.9945446030002724,1.0,isotonic,62
0,0.18085724028755534,0.18556701030927836,isotonic,62
0,0.31704140375413037,0.2564102564102564,isotonic,62
1,0.9863576341285788,1.0,isotonic,62
0,0.1687540680801683,0.11538461538461539,isotonic,62
0,0.41600603430551797,0.41350210970464135,isotonic,62
1,0.9380740502738129,1.0,isotonic,62
1,0.9893683376447396,1.0,isotonic,62
0,0.3326128605390256,0.3188405797101449,isotonic,62
1,0.24227105487877176,0.2,isotonic,62
0,0.47493339677376195,0.41350210970464135,isotonic,62
0,0.26693187730880924,0.2,isotonic,62
0,0.23925560995866163,0.2,isotonic,62
0,0.1088367171782621,0.03571428571428571,isotonic,62
1,0.9820638578191879,1.0,isotonic,62
0,0.09337922645875353,0.02702702702702703,isotonic,62
0,0.18656818970894837,0.18556701030927836,isotonic,62
0,0.22411774037348042,0.2,isotonic,62
1,0.9820638578191879,1.0,isotonic,62
0,0.21426660895916952,0.2,isotonic,62
0,0.11070748133767133,0.03571428571428571,isotonic,62
1,0.4565785981029876,0.41350210970464135,isotonic,62
1,0.9820638578191879,1.0,isotonic,62
0,0.14431260135100776,0.10655737704918032,isotonic,62
1,0.9107128771851248,1.0,isotonic,62
0,0.42202385799904607,0.41350210970464135,isotonic,62
1,0.9042956397080485,1.0,isotonic,62
1,0.5440048704119993,0.4189189189189189,isotonic,62
0,0.26333620777166916,0.2,isotonic,62
1,0.9976508463294252,1.0,isotonic,62
0,0.06716110007134111,0.020833333333333332,isotonic,62
0,0.12089052996149824,0.03571428571428571,isotonic,62
0,0.1357720050822667,0.06896551724137931,isotonic,62
0,0.08780715540391248,0.02702702702702703,isotonic,62
1,0.9883749287513501,1.0,isotonic,62
0,0.17067831936459354,0.11538461538461539,isotonic,62
0,0.12564069316910975,0.06896551724137931,isotonic,62
0,0.19224959755561213,0.18556701030927836,isotonic,62
1,0.9932070174350908,1.0,isotonic,62
1,0.8757587932632508,1.0,isotonic,62
0,0.2233441134357625,0.2,isotonic,62
1,0.2807427118620339,0.2,isotonic,62
1,0.9820638578191879,1.0,isotonic,62
1,0.9912951449620422,1.0,isotonic,62
1,0.8990869190187357,1.0,isotonic,62
0,0.12114249140175797,0.03571428571428571,isotonic,62
0,0.17745219981739555,0.14285714285714285,isotonic,62
0,0.22617469618011843,0.2,isotonic,62
0,0.15578302801898875,0.10655737704918032,isotonic,62
1,0.20077918158300345,0.18556701030927836,isotonic,62
1,0.8600155908654481,1.0,isotonic,62
1,0.959329315340316,1.0,isotonic,62
1,0.9679329738626774,1.0,isotonic,62
1,0.9923750003279402,1.0,isotonic,62
1,0.6138572078101372,0.5769230769230769,isotonic,62
0,0.32012785200243704,0.2564102564102564,isotonic,62
1,0.9209504121768876,1.0,isotonic,62
0,0.09067339510136459,0.02702702702702703,isotonic,62
1,0.18627151142512094,0.18556701030927836,isotonic,62
0,0.07534454654698908,0.02631578947368421,isotonic,62
1,0.9157080877939543,1.0,isotonic,62
1,0.9257402870701152,1.0,isotonic,62
1,0.9295662102139649,1.0,isotonic,62
0,0.34097112818906894,0.3188405797101449,isotonic,62
1,0.9103509716255479,1.0,isotonic,62
1,0.9405982744564773,1.0,isotonic,62
1,0.9465503824541708,1.0,isotonic,62
1,0.9895097758332919,1.0,isotonic,62
0,0.20228817293764856,0.18556701030927836,isotonic,62
0,0.25881716749023714,0.2,isotonic,62
1,0.12540119121770665,0.06896551724137931,isotonic,62
0,0.05852967651955391,0.0,isotonic,62
1,0.9932559513430322,1.0,isotonic,62
0,0.11473959903775516,0.03571428571428571,isotonic,62
1,0.5718274950320955,0.4189189189189189,isotonic,62
0,0.45432350241476627,0.41350210970464135,isotonic,62
0,0.34549666771913295,0.3188405797101449,isotonic,62
1,0.8747642924804323,1.0,isotonic,62
1,0.9200224898809188,1.0,isotonic,62
0,0.061414083130636656,0.0,isotonic,62
0,0.135231639694158,0.06896551724137931,isotonic,62
1,0.9073486609422649,1.0,isotonic,62
0,0.2765290708043692,0.2,isotonic,62
1,0.9280550063716598,1.0,isotonic,62
1,0.3793117459192541,0.41350210970464135,isotonic,62
0,0.061721804349446206,0.0,isotonic,62
0,0.4705515718143326,0.41350210970464135,isotonic,62
1,0.9128317908039494,1.0,isotonic,62
1,0.9938928080901682,1.0,isotonic,62
0,0.19580259215965506,0.18556701030927836,isotonic,62
0,0.5277571519620803,0.4189189189189189,isotonic,62
1,0.8281668364300896,1.0,isotonic,62
0,0.14379092243664177,0.10655737704918032,isotonic,62
0,0.29281729409777024,0.21176470588235294,isotonic,62
1,0.9033928258701341,1.0,isotonic,62
0,0.07586004408970314,0.02631578947368421,isotonic,62
1,0.8527358621090716,1.0,isotonic,62
1,0.9736321217042138,1.0,isotonic,62
1,0.9877927466839364,1.0,isotonic,62
1,0.5515261219555389,0.4189189189189189,isotonic,62
1,0.3666526996870737,0.4070074192969811,isotonic,62
1,0.9820638578191879,1.0,isotonic,62
0,0.17934586039990577,0.14285714285714285,isotonic,62
1,0.9900839398161116,1.0,isotonic,62
0,0.11627637456612858,0.03571428571428571,isotonic,62
0,0.27214096565132356,0.2,isotonic,62
0,0.6765452228555837,0.5769230769230769,isotonic,62
1,0.9782977537401861,1.0,isotonic,62
1,0.9886503067778544,1.0,isotonic,62
1,0.9933374392865759,1.0,isotonic,62
0,0.25531232419833366,0.2,isotonic,62
0,0.3038074506767442,0.21176470588235294,isotonic,62
0,0.43211011759246076,0.41350210970464135,isotonic,62
1,0.9903581264280367,1.0,isotonic,62
0,0.23197057163821957,0.2,isotonic,62
0,0.17126320126116332,0.11538461538461539,isotonic,62
1,0.993967164035433,1.0,isotonic,62
0,0.34920438815681726,0.3232795122182989,isotonic,62
0,0.16028380438645873,0.10655737704918032,isotonic,62
1,0.29449376035969216,0.21176470588235294,isotonic,62
0,0.3925929081337662,0.41350210970464135,isotonic,62
0,0.15417105510874998,0.10655737704918032,isotonic,62
0,0.41178806298310944,0.41350210970464135,isotonic,62
1,0.11103817638418682,0.03571428571428571,isotonic,62
1,0.30459449957496576,0.21176470588235294,isotonic,62
0,0.3173762835213092,0.2564102564102564,isotonic,62
1,0.8894969939954217,1.0,isotonic,62
0,0.4189824800208167,0.41350210970464135,isotonic,62
1,0.999314473992977,1.0,isotonic,62
0,0.35697076512550147,0.3333333333333333,isotonic,62
1,0.9376104771387721,1.0,isotonic,62
0,0.25609801816891997,0.2,isotonic,62
0,0.13940937193559114,0.10655737704918032,isotonic,62
0,0.14727774153499987,0.10655737704918032,isotonic,62
1,0.45037605057967,0.41350210970464135,isotonic,62
0,0.07603606848874259,0.02631578947368421,isotonic,62
1,0.9186236127554285,1.0,isotonic,62
0,0.1995712588625431,0.18556701030927836,isotonic,62
0,0.11979952839996379,0.03571428571428571,isotonic,62
1,0.9905736457979156,1.0,isotonic,62
1,0.9978460627219798,1.0,isotonic,62
1,0.592837880252386,0.4375,isotonic,62
0,0.29913171830606855,0.21176470588235294,isotonic,62
0,0.3231320332093759,0.2564102564102564,isotonic,62
0,0.3704483437560688,0.41350210970464135,isotonic,62
1,0.9374633159775209,1.0,isotonic,62
1,0.9427363238933789,1.0,isotonic,62
1,0.897609022623851,1.0,isotonic,62
0,0.1982659860479672,0.18556701030927836,isotonic,62
0,0.11257575788327571,0.03571428571428571,isotonic,62
0,0.18058168585103845,0.18556701030927836,isotonic,62
1,0.7290068761418095,0.6666666666666666,isotonic,62
0,0.3162396098255288,0.2564102564102564,isotonic,62
0,0.13539021446648,0.06896551724137931,isotonic,62
0,0.39431528583745235,0.41350210970464135,isotonic,62
0,0.16991469936063408,0.11538461538461539,isotonic,62
1,0.9257232280458307,1.0,isotonic,62
0,0.3077143916351929,0.21176470588235294,isotonic,62
1,0.9820638578191879,1.0,isotonic,62
0,0.2672867968098328,0.2,isotonic,62
1,0.9308553750667119,1.0,isotonic,62
1,0.9820638578191879,1.0,isotonic,62
0,0.11991140486005149,0.03571428571428571,isotonic,62
0,0.22360540421986863,0.2,isotonic,62
0,0.10805241910778478,0.03571428571428571,isotonic,62
1,0.5551834255817325,0.4189189189189189,isotonic,62
1,0.8955757526417657,1.0,isotonic,62
1,0.9935907531648449,1.0,isotonic,62
0,0.1555470946449922,0.10655737704918032,isotonic,62
1,0.32207362145042523,0.2564102564102564,isotonic,62
1,0.988090003259656,1.0,isotonic,62
0,0.4960639959330313,0.41350210970464135,isotonic,62
1,0.34985562162675204,0.3322313362284928,isotonic,62
1,0.28533698000531554,0.2,isotonic,62
1,0.9858397757077187,1.0,isotonic,62
1,0.2408180943471463,0.2,isotonic,62
1,0.9999134193102956,1.0,isotonic,62
0,0.1701548723484536,0.11538461538461539,isotonic,62
0,0.06600245925589082,0.020833333333333332,isotonic,62
0,0.05184823474913869,0.0,isotonic,62
1,0.9359529709902578,1.0,isotonic,62
0,0.09762472355524698,0.02702702702702703,isotonic,62
0,0.41693440188780545,0.41350210970464135,isotonic,62
1,0.20618113998692952,0.1875,isotonic,62
1,0.8953075467690089,1.0,isotonic,62
1,0.8729239668829469,1.0,isotonic,62
1,0.8806741835918702,1.0,isotonic,62
0,0.42151471798673223,0.41350210970464135,isotonic,62
0,0.14364408442849008,0.10655737704918032,isotonic,62
0,0.21278103152967967,0.1875,isotonic,62
1,0.3002402011450027,0.21176470588235294,isotonic,62
1,0.987343664805439,1.0,isotonic,62
0,0.08529144028627678,0.02631578947368421,isotonic,62
1,0.9920191698117219,1.0,isotonic,62
1,0.9413485174254103,1.0,isotonic,62
1,0.462126233481047,0.41350210970464135,isotonic,62
1,0.31913141746583085,0.2564102564102564,isotonic,62
1,0.8365430547180285,1.0,isotonic,62
1,0.9360152433513534,1.0,isotonic,62
0,0.16569690798539774,0.11538461538461539,isotonic,62
1,0.997737455227179,1.0,isotonic,62
1,0.9820638578191879,1.0,isotonic,62
0,0.06774851218406217,0.020833333333333332,isotonic,62
0,0.18871825590077637,0.18556701030927836,isotonic,62
0,0.23835766591185314,0.2,isotonic,62
1,0.3822785468662781,0.41350210970464135,isotonic,62
0,0.25090175361900574,0.2,isotonic,62
0,0.08690138029674316,0.02702702702702703,isotonic,62
1,0.24567934066678718,0.2,isotonic,62
0,0.2613150304931763,0.2,isotonic,62
0,0.07738581201996501,0.02631578947368421,isotonic,62
1,0.9315454947115469,1.0,isotonic,62
1,0.9642583824565392,1.0,isotonic,62
1,0.9820638578191879,1.0,isotonic,62
1,0.9847099416131629,1.0,isotonic,62
0,0.07162874627979185,0.020833333333333332,isotonic,62
1,0.9378869418869897,1.0,isotonic,62
1,0.4380490203575415,0.41350210970464135,isotonic,62
0,0.16052761137046956,0.10655737704918032,isotonic,62
0,0.3480857010244532,0.3188405797101449,isotonic,62
1,0.9896106154986671,1.0,isotonic,62
1,0.9958927412792429,1.0,isotonic,62
0,0.19308529008330366,0.18556701030927836,isotonic,62
1,0.11985467022840356,0.03571428571428571,isotonic,62
1,0.9941652428242059,1.0,isotonic,62
0,0.42065143311845926,0.41350210970464135,isotonic,62
0,0.11111367968361423,0.03571428571428571,isotonic,62
0,0.30036215769298275,0.21176470588235294,isotonic,62
1,0.44000619199538504,0.41350210970464135,isotonic,62
1,0.6727905818638202,0.5769230769230769,isotonic,62
1,0.3965220772231256,0.41350210970464135,isotonic,62
1,0.23599678126029672,0.2,isotonic,62
0,0.24253891799911118,0.2,isotonic,62
0,0.18113123976299647,0.18556701030927836,isotonic,62
1,0.9485140063245474,1.0,isotonic,62
1,0.6570672429444677,0.5769230769230769,isotonic,62
1,0.9412890072280641,1.0,isotonic,62
0,0.12365106033921132,0.06896551724137931,isotonic,62
0,0.17938374364247422,0.14285714285714285,isotonic,62
0,0.0809277072192554,0.02631578947368421,isotonic,62
1,0.9175045998848028,1.0,isotonic,62
0,0.06380837858599979,0.0,isotonic,62
0,0.16713460876211148,0.11538461538461539,isotonic,62
0,0.17258178538263025,0.11538461538461539,isotonic,62
1,0.5659354129132275,0.4189189189189189,isotonic,62
0,0.49131693231960044,0.41350210970464135,isotonic,62
1,0.49703759316688007,0.41350210970464135,isotonic,62
1,0.938480811689208,1.0,isotonic,62
1,0.9823563330332125,1.0,isotonic,62
0,0.09495643194019202,0.02702702702702703,isotonic,62
0,0.0672490031480494,0.020833333333333332,isotonic,62
1,0.11487322147716504,0.03571428571428571,isotonic,62
1,0.9820638578191879,1.0,isotonic,62
0,0.2898476877854165,0.21176470588235294,isotonic,62
0,0.09677606207011692,0.02702702702702703,isotonic,62
1,0.9984197211101062,1.0,isotonic,62
1,0.8861026710618097,1.0,isotonic,62
1,0.9536612677657536,1.0,isotonic,62
0,0.12779858503066813,0.06896551724137931,isotonic,62
0,0.6048269737009222,0.5769230769230769,isotonic,62
1,0.9439298046777254,1.0,isotonic,62
1,0.920961642582244,1.0,isotonic,62
1,0.9280771315055879,1.0,isotonic,62
0,0.07023957705417751,0.020833333333333332,isotonic,62
1,1.0,1.0,isotonic,62
1,0.512912675171087,0.4189189189189189,isotonic,62
1,0.9896336537481925,1.0,isotonic,62
1,0.3705267076554892,0.41350210970464135,isotonic,62
0,0.09034705349641727,0.02702702702702703,isotonic,62
1,0.8874693029610354,1.0,isotonic,62
1,0.3308008391537405,0.3188405797101449,isotonic,62
1,0.8899694121082391,1.0,isotonic,62
1,0.9295396882449918,1.0,isotonic,62
1,0.9387868415523839,1.0,isotonic,62
1,0.9893229747671738,1.0,isotonic,62
0,0.2689683746891463,0.2,isotonic,62
0,0.14789686429021037,0.10655737704918032,isotonic,62
1,0.27902235936997255,0.2,isotonic,62
0,0.11074760670450597,0.03571428571428571,isotonic,62
1,0.21490476898799538,0.2,isotonic,62
1,0.25103048959891405,0.2,isotonic,62
1,0.5273834882830006,0.4189189189189189,isotonic,62
1,0.9820638578191879,1.0,isotonic,62
0,0.16035363284711085,0.10655737704918032,isotonic,62
1,0.9779434170594182,1.0,isotonic,62
1,0.9899190835679201,1.0,isotonic,62
0,0.22368971183564984,0.2,isotonic,62
0,0.28887272795297764,0.21176470588235294,isotonic,62
1,0.9253804461752889,1.0,isotonic,62
0,0.08299549209971158,0.02631578947368421,isotonic,62
0,0.06676564454367086,0.020833333333333332,isotonic,62
0,0.07109896683887418,0.020833333333333332,isotonic,62
1,0.5880607254441039,0.4375,isotonic,62
0,0.0974130877571674,0.02702702702702703,isotonic,62
1,0.33012528201886665,0.3188405797101449,isotonic,62
1,0.9517347188895914,1.0,isotonic,62
0,0.06605775524063856,0.020833333333333332,isotonic,62
1,0.93877511927932,1.0,isotonic,62
0,0.13264286097173467,0.06896551724137931,isotonic,62
0,0.1166312328211559,0.03571428571428571,isotonic,62
0,0.08595599833700872,0.02631578947368421,isotonic,62
1,0.41349872577279867,0.41350210970464135,isotonic,62
0,0.2951095555657748,0.21176470588235294,isotonic,62
1,0.9866576973308253,1.0,isotonic,62
1,0.998913067798754,1.0,isotonic,62
0,0.08238623429783162,0.02631578947368421,isotonic,62
1,0.24235491478976276,0.2,isotonic,62
0,0.1440245661029937,0.10655737704918032,isotonic,62
1,0.9946634803109186,1.0,isotonic,62
1,0.9944906972316966,1.0,isotonic,62
1,0.307071181643417,0.21176470588235294,isotonic,62
0,0.22419216874834869,0.2,isotonic,62
1,0.9991036779499689,1.0,isotonic,62
1,0.2625046836172815,0.2,isotonic,62
0,0.062097566206106174,0.0,isotonic,62
0,0.14562604643144142,0.10655737704918032,isotonic,62
0,0.25702622808210135,0.2,isotonic,62
1,0.9452786731988455,1.0,isotonic,62
0,0.17188225976075674,0.11538461538461539,isotonic,62
0,0.06448062351296047,0.0,isotonic,62
0,0.2982838594724973,0.21176470588235294,isotonic,62
0,0.12265295130489819,0.06896551724137931,isotonic,62
0,0.4858914463338826,0.41350210970464135,isotonic,62
1,0.5399937385761406,0.4189189189189189,isotonic,62
1,0.9881601837341966,1.0,isotonic,62
0,0.5378694467203325,0.4189189189189189,isotonic,62
0,0.09154657170228603,0.02702702702702703,isotonic,62
1,0.9820638578191879,1.0,isotonic,62
1,0.4038506775966847,0.41350210970464135,isotonic,62
1,0.4733366534077635,0.41350210970464135,isotonic,62
1,0.13099243419043058,0.06896551724137931,isotonic,62
1,0.9387061900684205,1.0,isotonic,62
1,0.8896278572817653,1.0,isotonic,62
0,0.13255408693481155,0.06896551724137931,isotonic,62
0,0.3022910910679522,0.21176470588235294,isotonic,62
0,0.47901478232552497,0.41350210970464135,isotonic,62
0,0.07341043200089961,0.02631578947368421,isotonic,62
1,0.9993983087903414,1.0,isotonic,62
1,0.9864476326434256,1.0,isotonic,62
1,0.8927644485426723,1.0,isotonic,62
0,0.2843672265455387,0.2,isotonic,62
0,0.34066015617296236,0.3188405797101449,isotonic,62
1,0.8554268637958614,1.0,isotonic,62
1,0.9094494466277661,1.0,isotonic,62
0,0.07832847258711682,0.02631578947368421,isotonic,62
1,0.8437484758436994,1.0,isotonic,62
0,0.4747147145954537,0.41350210970464135,isotonic,62
0,0.2913960598458455,0.21176470588235294,isotonic,62
0,0.2502326347468286,0.2,isotonic,62
1,0.6691494372283476,0.5769230769230769,isotonic,62
0,0.15219809100184917,0.10655737704918032,isotonic,62
0,0.3516607081914536,0.3333333333333333,isotonic,62
0,0.2447840917334554,0.2,isotonic,62
0,0.0649595367006684,0.0,isotonic,62
0,0.20657566565419092,0.1875,isotonic,62
0,0.07715762079633924,0.02631578947368421,isotonic,62
0,0.07432655747502885,0.02631578947368421,isotonic,62
0,0.14048937002194398,0.10655737704918032,isotonic,62
1,0.9946904527258817,1.0,isotonic,62
0,0.24091621952389342,0.2,isotonic,62
0,0.5276915253883993,0.4189189189189189,isotonic,62
1,0.9072188816383175,1.0,isotonic,62
1,0.948254715291017,1.0,isotonic,62
1,0.9955126021674746,1.0,isotonic,62
1,0.4434579433111599,0.41350210970464135,isotonic,62
0,0.09159594403741589,0.02702702702702703,isotonic,62
0,0.07869296861441659,0.02631578947368421,isotonic,62
0,0.39665166817078945,0.41350210970464135,isotonic,62
1,0.9316551586314732,1.0,isotonic,62
1,0.23751999493631942,0.2,isotonic,62
0,0.46113653286446504,0.41350210970464135,isotonic,62
0,0.17709285772999897,0.14285714285714285,isotonic,62
1,0.2599494212743961,0.2,isotonic,62
0,0.33541429172307874,0.3188405797101449,isotonic,62
1,0.4694651381832215,0.41350210970464135,isotonic,62
1,0.14415175074071035,0.10655737704918032,isotonic,62
0,0.1078175853808056,0.03571428571428571,isotonic,62
1,0.9077557190565627,1.0,isotonic,62
0,0.43942943070657614,0.41350210970464135,isotonic,62
1,0.9338144900750848,1.0,isotonic,62
0,0.47208868079530514,0.41350210970464135,isotonic,62
1,0.9346454378645327,1.0,isotonic,62
1,0.9888564237554645,1.0,isotonic,62
0,0.10826887626090849,0.03571428571428571,isotonic,62
1,0.9895894001466043,1.0,isotonic,62
0,0.18281243463851976,0.18556701030927836,isotonic,62
1,0.9895086324917967,1.0,isotonic,62
0,0.5062729431862047,0.4189189189189189,isotonic,62
0,0.16175744324830876,0.10655737704918032,isotonic,62
0,0.2985253816347406,0.21176470588235294,isotonic,62
1,0.9358951553448298,1.0,isotonic,62
0,0.09406718930287827,0.02702702702702703,isotonic,62
1,0.9552573674843705,1.0,isotonic,62
1,0.9962438227619871,1.0,isotonic,62
0,0.32154354106671285,0.2564102564102564,isotonic,62
1,0.28076606771963114,0.2,isotonic,62
1,0.886530299236802,1.0,isotonic,62
1,0.8912037667424725,1.0,isotonic,62
1,0.3428376389452404,0.3188405797101449,isotonic,62
0,0.21167140084378674,0.1875,isotonic,62
1,0.5200467420377897,0.4189189189189189,isotonic,62
0,0.27817262058167774,0.2,isotonic,62
0,0.19539152044768082,0.18556701030927836,isotonic,62
0,0.35977632445269675,0.3333333333333333,isotonic,62
0,0.44470490041610644,0.41350210970464135,isotonic,62
1,0.9371187689774073,1.0,isotonic,62
0,0.06240673698250164,0.0,isotonic,62
1,0.9209665483334618,1.0,isotonic,62
1,0.43840033589076066,0.41350210970464135,isotonic,62
1,0.9060729030970327,1.0,isotonic,62
1,0.9909980796661372,1.0,isotonic,62
1,0.2343076886704291,0.2,isotonic,62
0,0.09668643431519142,0.02702702702702703,isotonic,62
0,0.30353870658889986,0.21176470588235294,isotonic,62
0,0.30334949020501345,0.21176470588235294,isotonic,62
1,0.31531730580114264,0.2564102564102564,isotonic,62
1,0.24927561968401435,0.2,isotonic,62
1,0.9347452420735901,1.0,isotonic,62
0,0.28321435196775413,0.2,isotonic,62
0,0.07756593831009481,0.02631578947368421,isotonic,62
1,0.9872463680047512,1.0,isotonic,62
0,0.249771492961072,0.2,isotonic,62
0,0.3075919513687067,0.21176470588235294,isotonic,62
0,0.15233218159518708,0.10655737704918032,isotonic,62
0,0.1256338743327188,0.06896551724137931,isotonic,62
1,0.9906962492821,1.0,isotonic,62
0,0.13649166031969984,0.07250023337380025,isotonic,62
1,0.9368778508180691,1.0,isotonic,62
1,0.9916025821018392,1.0,isotonic,62
0,0.14021819927351034,0.10655737704918032,isotonic,62
0,0.12386506309363819,0.06896551724137931,isotonic,62
0,0.1935039293334028,0.18556701030927836,isotonic,62
1,0.9252667568811819,1.0,isotonic,62
1,0.6347215965549956,0.5769230769230769,isotonic,62
1,0.9245008481872525,1.0,isotonic,62
0,0.05923276941966921,0.0,isotonic,62
1,0.9991612759847904,1.0,isotonic,62
1,0.9324255131692187,1.0,isotonic,62
0,0.4528446503132795,0.41350210970464135,isotonic,62
0,0.09865401749137723,0.02702702702702703,isotonic,62
1,0.8807584804154468,1.0,isotonic,62
1,0.17113854199868597,0.11538461538461539,isotonic,62
1,0.10570348430727972,0.02702702702702703,isotonic,62
0,0.13948321019363383,0.10655737704918032,isotonic,62
1,0.9815887104293176,1.0,isotonic,62
1,0.18939879090128794,0.18556701030927836,isotonic,62
1,0.9844660135128269,1.0,isotonic,62
1,0.056736626530293904,0.0,isotonic,62
1,0.9317235202031787,1.0,isotonic,62
0,0.08190439377219695,0.02631578947368421,isotonic,62
0,0.1342759158519256,0.06896551724137931,isotonic,62
1,0.8857822575428285,1.0,isotonic,62
1,0.9980326010091655,1.0,isotonic,62
1,0.9371455346860307,1.0,isotonic,62
0,0.28309207333015546,0.2,isotonic,62
0,0.10492486301181152,0.02702702702702703,isotonic,62
1,0.9905412403072448,1.0,isotonic,62
1,0.2669578217749833,0.2,isotonic,62
0,0.1296523386432467,0.06896551724137931,isotonic,62
1,0.8897692904560505,1.0,isotonic,62
0,0.07487752909334826,0.02631578947368421,isotonic,62
1,0.998619100680151,1.0,isotonic,62
1,0.9829896728058416,1.0,isotonic,62
0,0.06600467946457005,0.020833333333333332,isotonic,62
1,0.11302764684903117,0.03571428571428571,isotonic,62
0,0.11821455922864609,0.03571428571428571,isotonic,62
1,0.9820638578191879,1.0,isotonic,62
1,0.9340752443700311,1.0,isotonic,62
1,0.9039785418292237,1.0,isotonic,62
0,0.25927356074310204,0.2,isotonic,62
0,0.10563943391573986,0.02702702702702703,isotonic,62
0,0.4636001547105371,0.41350210970464135,isotonic,62
0,0.2702589907785116,0.2,isotonic,62
0,0.053906971081815594,0.0,isotonic,62
0,0.1271733058343921,0.06896551724137931,isotonic,62
1,0.9441809468032346,1.0,isotonic,62
0,0.22047493760185816,0.2,isotonic,62
0,0.5238565328960754,0.4189189189189189,isotonic,62
1,0.22910328121600973,0.2,isotonic,62
1,0.9932854119651734,1.0,isotonic,62
0,0.1178011714982109,0.03571428571428571,isotonic,62
1,0.9899414797327014,1.0,isotonic,62
0,0.10158417184897643,0.02702702702702703,isotonic,62
0,0.07341547672503626,0.02631578947368421,isotonic,62
1,0.9820638578191879,1.0,isotonic,62
1,0.9104753285356283,1.0,isotonic,62
1,0.9895460828416242,1.0,isotonic,62
1,0.9848254947329131,1.0,isotonic,62
0,0.2510372115932112,0.2,isotonic,62
0,0.1345090089831631,0.06896551724137931,isotonic,62
1,0.9722855397383857,1.0,isotonic,62
1,0.50368704219835,0.4189189189189189,isotonic,62
1,0.9820638578191879,1.0,isotonic,62
1,0.9920448445800074,1.0,isotonic,62
1,0.14445334569975846,0.10655737704918032,isotonic,62
1,0.9445578280429093,1.0,isotonic,62
1,0.8760471029642428,1.0,isotonic,62
1,0.9007268360156306,1.0,isotonic,62
0,0.31379079143287675,0.2564102564102564,isotonic,62
0,0.2762771621356513,0.2,isotonic,62
0,0.35394559770555073,0.3333333333333333,isotonic,62
1,0.9820638578191879,1.0,isotonic,62
0,0.32582812051643484,0.3188405797101449,isotonic,62
0,0.14379440638233193,0.10655737704918032,isotonic,62
0,0.22803660867232603,0.2,isotonic,62
1,0.9926260430964656,1.0,isotonic,62
0,0.19571095322711812,0.18556701030927836,isotonic,62
0,0.2884796750695482,0.21176470588235294,isotonic,62
1,0.3958687315793643,0.41350210970464135,isotonic,62
1,0.270296814921079,0.2,isotonic,62
0,0.16640136906522016,0.11538461538461539,isotonic,62
1,0.40095453878998366,0.41350210970464135,isotonic,62
0,0.20032237916677714,0.18556701030927836,isotonic,62
1,0.91255608261473,1.0,isotonic,62
0,0.07863075681878275,0.02631578947368421,isotonic,62
0,0.06255203311492415,0.0,isotonic,62
1,0.3484001955013142,0.3188405797101449,isotonic,62
1,0.9198011098573988,1.0,isotonic,62
0,0.27696299679631997,0.2,isotonic,62
1,0.9820638578191879,1.0,isotonic,62
0,0.35711938033391266,0.3333333333333333,isotonic,62
0,0.7338777139334415,0.6666666666666666,isotonic,62
0,0.07625580109053288,0.02631578947368421,isotonic,62
1,0.9846247903292474,1.0,isotonic,62
1,0.10422560945733646,0.02702702702702703,isotonic,62
0,0.39161248432214346,0.41350210970464135,isotonic,62
1,0.890708439464831,1.0,isotonic,62
0,0.43761578412264157,0.41350210970464135,isotonic,62
1,0.9820638578191879,1.0,isotonic,62
1,0.16289666274636042,0.10655737704918032,isotonic,62
1,0.982583192347055,1.0,isotonic,62
0,0.08363479616218833,0.02631578947368421,isotonic,62
0,0.19151686986831226,0.18556701030927836,isotonic,62
1,0.9820638578191879,1.0,isotonic,62
1,0.6362622785429487,0.5769230769230769,isotonic,62
0,0.3695511531266492,0.41350210970464135,isotonic,62
0,0.342621547966257,0.3188405797101449,isotonic,62
0,0.3531890505953292,0.3333333333333333,isotonic,62
1,0.3643701770145221,0.3333333333333333,isotonic,62
0,0.24773918567386446,0.2,isotonic,62
0,0.08071225751446641,0.02631578947368421,isotonic,62
1,0.9845514802017434,1.0,isotonic,62
0,0.11876303579142924,0.03571428571428571,isotonic,62
1,0.9895438902473878,1.0,isotonic,62
1,0.9233108180618552,1.0,isotonic,62
1,0.7873706116137249,0.8307746095506117,isotonic,62
0,0.08137044847814244,0.02631578947368421,isotonic,62
1,0.9930478087984985,1.0,isotonic,62
0,0.4874537495058951,0.41350210970464135,isotonic,62
0,0.18077349878001533,0.18556701030927836,isotonic,62
1,0.882858557414655,1.0,isotonic,62
0,0.16782861448251454,0.11538461538461539,isotonic,62
1,0.8841706911666938,1.0,isotonic,62
1,0.9892589120025301,1.0,isotonic,62
0,0.1543542064156588,0.10655737704918032,isotonic,62
0,0.10779254234587303,0.03571428571428571,isotonic,62
1,0.8853079543739901,1.0,isotonic,62
1,0.9258275890452616,1.0,isotonic,62
1,0.9998376447604657,1.0,isotonic,62
1,0.2996943591579368,0.21176470588235294,isotonic,62
1,0.9951539111904009,1.0,isotonic,62
1,0.9982933079271011,1.0,isotonic,62
0,0.43935349564513176,0.41350210970464135,isotonic,62
1,0.24254298033732472,0.2,isotonic,62
0,0.14883984633297043,0.10655737704918032,isotonic,62
0,0.08269555594780924,0.02631578947368421,isotonic,62
1,0.9568266181454889,1.0,isotonic,62
0,0.48768344744371356,0.41350210970464135,isotonic,62
0,0.47025095229345093,0.41350210970464135,isotonic,62
0,0.05610139782881302,0.0,isotonic,62
1,0.986740126485455,1.0,isotonic,62
0,0.5130555099260217,0.4189189189189189,isotonic,62
1,0.9978718803124551,1.0,isotonic,62
1,0.9835476022555835,1.0,isotonic,62
0,0.4759710825293457,0.41350210970464135,isotonic,62
1,0.8619449904639296,1.0,isotonic,62
1,0.5508327003220048,0.4189189189189189,isotonic,62
1,0.924626606611016,1.0,isotonic,62
0,0.515299742835171,0.4189189189189189,isotonic,62
0,0.16815345228503112,0.11538461538461539,isotonic,62
1,0.8631985476808537,1.0,isotonic,62
0,0.3118812705865881,0.2564102564102564,isotonic,62
0,0.07150309327960647,0.020833333333333332,isotonic,62
1,0.1536459231177139,0.10655737704918032,isotonic,62
1,0.9925239315171204,1.0,isotonic,62
1,0.9320333006745699,1.0,isotonic,62
0,0.5026424330762945,0.4189189189189189,isotonic,62
1,0.9988626454754156,1.0,isotonic,62
1,1.0,1.0,isotonic,62
1,0.8953098885547938,1.0,isotonic,62
0,0.10074076974092452,0.02702702702702703,isotonic,62
1,0.5186891947627672,0.4189189189189189,isotonic,62
0,0.18450355770008445,0.18556701030927836,isotonic,62
1,0.5171711039140198,0.4189189189189189,isotonic,62
0,0.2779518539781008,0.2,isotonic,62
1,0.9820638578191879,1.0,isotonic,62
0,0.4090041656032628,0.41350210970464135,isotonic,62
1,0.9282871237136747,1.0,isotonic,62
0,0.2133628453769031,0.1875,isotonic,62
0,0.2665612163251913,0.2,isotonic,62
0,0.07759491599683363,0.02631578947368421,isotonic,62
0,0.15905250179738098,0.10655737704918032,isotonic,62
1,0.8964610693188213,1.0,isotonic,62
0,0.6843570521595245,0.5869983861958031,isotonic,62
0,0.36640728360421815,0.39814521941810754,isotonic,62
1,0.9495648901379339,1.0,isotonic,62
0,0.09857296424482928,0.02702702702702703,isotonic,62
1,0.2600112972864966,0.2,isotonic,62
1,0.8797514279359047,1.0,isotonic,62
0,0.08313025868452018,0.02631578947368421,isotonic,62
1,0.878769354698764,1.0,isotonic,62
1,0.9820638578191879,1.0,isotonic,62
0,0.721913057856057,0.6666666666666666,isotonic,62
0,0.3333303438540613,0.3188405797101449,isotonic,62
1,0.9009886353717484,1.0,isotonic,62
1,0.3920355548347943,0.41350210970464135,isotonic,62
0,0.3287400574032452,0.3188405797101449,isotonic,62
1,0.838457042315722,1.0,isotonic,62
0,0.16735453235337994,0.11538461538461539,isotonic,62
1,0.909419408337463,1.0,isotonic,62
0,0.07570612888541974,0.02631578947368421,isotonic,62
1,0.5698762197211356,0.4189189189189189,isotonic,62
1,0.9893246629197804,1.0,isotonic,62
0,0.5006334431906582,0.41350210970464135,isotonic,62
0,0.23497795001751257,0.2,isotonic,62
0,0.05857433834236732,0.0,isotonic,62
0,0.05990639503433213,0.0,isotonic,62
0,0.13479744262749366,0.06896551724137931,isotonic,62
1,0.9897534601990915,1.0,isotonic,62
0,0.20598492102502214,0.1875,isotonic,62
0,0.7893196308669782,0.8496494368026873,isotonic,62
1,0.8712572371054602,1.0,isotonic,62
0,0.0673273409378726,0.020833333333333332,isotonic,62
1,0.9996217470107667,1.0,isotonic,62
0,0.21093081847646747,0.1875,isotonic,62
1,0.9259600409145103,1.0,isotonic,62
1,0.2689373621057168,0.2,isotonic,62
1,0.23408122088721783,0.2,isotonic,62
0,0.46462287615156717,0.41350210970464135,isotonic,62
1,0.9820638578191879,1.0,isotonic,62
0,0.2694724200945914,0.2,isotonic,62
1,0.9401846375544636,1.0,isotonic,62
0,0.8268045757561459,1.0,isotonic,62
0,0.23377279451866348,0.2,isotonic,62
1,0.9903815625742293,1.0,isotonic,62
1,0.9123360742886456,1.0,isotonic,62
0,0.1897625865786372,0.18556701030927836,isotonic,62
1,0.9414557170845955,1.0,isotonic,62
0,0.08942826364240124,0.02702702702702703,isotonic,62
0,0.10958342738037379,0.03571428571428571,isotonic,62
0,0.4459366110673107,0.41350210970464135,isotonic,62
0,0.1312982544883134,0.06896551724137931,isotonic,62
1,0.942558034265178,1.0,isotonic,62
1,0.9953674583821561,1.0,isotonic,62
1,0.934463891223128,1.0,isotonic,62
1,0.9289821029131419,1.0,isotonic,62
0,0.17295319825913028,0.11538461538461539,isotonic,62
1,0.26113825612989067,0.2,isotonic,62
0,0.44824044350136966,0.41350210970464135,isotonic,62
1,0.2535250085211596,0.2,isotonic,62
0,0.08804616973452907,0.02702702702702703,isotonic,62
0,0.292019808565519,0.21176470588235294,isotonic,62
0,0.06771770305726509,0.020833333333333332,isotonic,62
0,0.2914279654061462,0.21176470588235294,isotonic,62
0,0.11875198539908521,0.03571428571428571,isotonic,62
1,0.9322279216041585,1.0,isotonic,62
1,0.8612502400894814,1.0,isotonic,62
0,0.5835431939579977,0.4375,isotonic,62
1,0.9287873581907392,1.0,isotonic,62
0,0.3213011378636116,0.2564102564102564,isotonic,62
0,0.25003154583077936,0.2,isotonic,62
0,0.17443085664485194,0.14285714285714285,isotonic,62
1,0.9339993454019682,1.0,isotonic,62
1,0.9044947378251625,1.0,isotonic,62
1,0.27219655855731256,0.2,isotonic,62
1,0.9408980006716218,1.0,isotonic,62
0,0.09499706298748214,0.02702702702702703,isotonic,62
0,0.4551898557233418,0.41350210970464135,isotonic,62
0,0.4739820043081682,0.41350210970464135,isotonic,62
0,0.2893443484964163,0.21176470588235294,isotonic,62
1,0.9820638578191879,1.0,isotonic,62
0,0.2683624456754156,0.2,isotonic,62
0,0.13884881185916945,0.08333333333333333,isotonic,62
0,0.11652519569732664,0.03571428571428571,isotonic,62
0,0.06468621402234412,0.0,isotonic,62
0,0.11814706771094102,0.03571428571428571,isotonic,62
1,0.43809717696303324,0.41350210970464135,isotonic,62
1,0.4364902097079395,0.41350210970464135,isotonic,62
0,0.1558672438464332,0.10655737704918032,isotonic,62
0,0.08465683324604986,0.02631578947368421,isotonic,62
0,0.24334981934272573,0.2,isotonic,62
0,0.1489795828236608,0.10655737704918032,isotonic,62
1,0.926065481702272,1.0,isotonic,62
0,0.09827116958575927,0.02702702702702703,isotonic,62
0,0.10344457515131197,0.02702702702702703,isotonic,62
0,0.09307138172058306,0.02702702702702703,isotonic,62
1,0.2750376898081778,0.2,isotonic,62
0,0.47403918680200385,0.41350210970464135,isotonic,62
1,0.8798659486382395,1.0,isotonic,62
1,0.9820638578191879,1.0,isotonic,62
1,0.8951500979436884,1.0,isotonic,62
0,0.0947579806853714,0.02702702702702703,isotonic,62
1,0.5133945853154771,0.4189189189189189,isotonic,62
0,0.1392699271787207,0.10655737704918032,isotonic,62
0,0.16754590196458258,0.11538461538461539,isotonic,62
0,0.08007775323239935,0.02631578947368421,isotonic,62
1,0.11055739015608729,0.03571428571428571,isotonic,62
0,0.44835780814927195,0.41350210970464135,isotonic,62
1,0.9375295637074132,1.0,isotonic,62
0,0.19415852756893104,0.18556701030927836,isotonic,62
0,0.28922917837798096,0.21176470588235294,isotonic,62
0,0.05160756431599097,0.0,isotonic,62
0,0.0674857390534754,0.020833333333333332,isotonic,62
1,0.9887996014986571,1.0,isotonic,62
1,0.22189541765591442,0.2,isotonic,62
1,0.8728422083870504,1.0,isotonic,62
1,0.5737431979959111,0.4272846583754619,isotonic,62
0,0.4974965711318571,0.41350210970464135,isotonic,62
0,0.5179999751787976,0.4189189189189189,isotonic,62
0,0.25648508627066025,0.2,isotonic,62
1,0.9820638578191879,1.0,isotonic,62
1,0.8569475187270111,1.0,isotonic,62
0,0.15193130749125494,0.10655737704918032,isotonic,62
1,0.9935639658928221,1.0,isotonic,62
0,0.30315972759266135,0.21176470588235294,isotonic,62
1,0.5135572310047976,0.4189189189189189,isotonic,62
0,0.06374574785102609,0.0,isotonic,62
1,0.9826442162495692,1.0,isotonic,62
0,0.15787142598195575,0.10655737704918032,isotonic,62
0,0.3235108119891664,0.2564102564102564,isotonic,62
1,0.9309494604304399,1.0,isotonic,62
0,0.07152287540167974,0.020833333333333332,isotonic,62
0,0.1998236535656887,0.18556701030927836,isotonic,62
0,0.11133084473395329,0.03571428571428571,isotonic,62
1,0.09141858857403776,0.02702702702702703,isotonic,62
1,0.8650139103217488,1.0,isotonic,62
1,0.3653056869306859,0.3583655530117654,isotonic,62
0,0.0762978895771061,0.02631578947368421,isotonic,62
0,0.3579395370497303,0.3333333333333333,isotonic,62
1,0.16707908811551817,0.11538461538461539,isotonic,62
1,0.8857425321680281,1.0,isotonic,62
0,0.12483941623372623,0.06896551724137931,isotonic,62
0,0.18733961233011043,0.18556701030927836,isotonic,62
0,0.18623820392751,0.18556701030927836,isotonic,62
0,0.30479334900076227,0.21176470588235294,isotonic,62
0,0.30091479250439696,0.21176470588235294,isotonic,62
1,0.9923360447488403,1.0,isotonic,62
1,0.19503585401827825,0.18556701030927836,isotonic,62
1,0.9970746953349386,1.0,isotonic,62
0,0.06038362254521136,0.0,isotonic,62
1,0.49155328832190853,0.41350210970464135,isotonic,62
1,0.8834390076618587,1.0,isotonic,62
1,0.7346857948068436,0.6666666666666666,isotonic,62
1,0.36790505219248654,0.41350210970464135,isotonic,62
0,0.5686050030360972,0.4189189189189189,isotonic,62
0,0.5287837447869769,0.4189189189189189,isotonic,62
0,0.08944875387864684,0.02702702702702703,isotonic,62
0,0.09482428555527592,0.02702702702702703,isotonic,62
0,0.1368395297786877,0.07661726743280552,isotonic,62
1,0.99224466072093,1.0,isotonic,62
1,0.10957948358604971,0.03571428571428571,isotonic,62
0,0.05149325315048847,0.0,isotonic,62
1,0.9217175461623187,1.0,isotonic,62
0,0.41290806799064494,0.41350210970464135,isotonic,62
1,0.4578173837505788,0.41350210970464135,isotonic,62
0,0.08279051095797679,0.02631578947368421,isotonic,62
0,0.15646412038913993,0.10655737704918032,isotonic,62
1,0.9820638578191879,1.0,isotonic,62
1,0.9272062810463666,1.0,isotonic,62
0,0.3783030703783876,0.41350210970464135,isotonic,62
1,0.933184315333148,1.0,isotonic,62
0,0.08907460197168796,0.02702702702702703,isotonic,62
1,0.9896958608434528,1.0,isotonic,62
0,0.09807242865626016,0.02702702702702703,isotonic,62
0,0.2840477482776782,0.2,isotonic,62
1,0.9340668343210509,1.0,isotonic,62
1,0.9792137390783432,1.0,isotonic,62
0,0.19291105227963276,0.18556701030927836,isotonic,62
0,0.05620511506949717,0.0,isotonic,62
0,0.07999900793292161,0.02631578947368421,isotonic,62
0,0.06302109396282188,0.0,isotonic,62
1,0.8843743025252498,1.0,isotonic,62
1,0.927005045448498,1.0,isotonic,62
1,0.8996148182875536,1.0,isotonic,62
0,0.38871092271858587,0.41350210970464135,isotonic,62
1,0.9944015765900616,1.0,isotonic,62
1,0.8928214106954209,1.0,isotonic,62
0,0.09741516040975401,0.02702702702702703,isotonic,62
0,0.4437490025812695,0.41350210970464135,isotonic,62
1,0.48316990134831184,0.41350210970464135,isotonic,62
0,0.09911776131303549,0.02702702702702703,isotonic,62
0,0.47529199337275146,0.41350210970464135,isotonic,62
0,0.12106534854430426,0.03571428571428571,isotonic,62
1,0.9820638578191879,1.0,isotonic,62
0,0.29591101100466355,0.21176470588235294,isotonic,62
0,0.37886871454245,0.41350210970464135,isotonic,62
0,0.13468096115495934,0.06896551724137931,isotonic,62
1,0.993281448369831,1.0,isotonic,62
1,0.9217604378469391,1.0,isotonic,62
0,0.09873980219784195,0.02702702702702703,isotonic,62
0,0.43557022787916166,0.41350210970464135,isotonic,62
0,0.22147056141924967,0.2,isotonic,62
0,0.09857641204539198,0.02702702702702703,isotonic,62
1,0.28861679280653346,0.21176470588235294,isotonic,62
0,0.13219172324678968,0.06896551724137931,isotonic,62
0,0.10343019358904702,0.02702702702702703,isotonic,62
0,0.10760083419894781,0.03571428571428571,isotonic,62
0,0.061225049946679384,0.0,isotonic,62
0,0.4780952563684226,0.41350210970464135,isotonic,62
0,0.6027376182449993,0.5769230769230769,isotonic,62
1,0.9929109905502019,1.0,isotonic,62
1,0.20346542022440797,0.1875,isotonic,62
1,0.9357766562656135,1.0,isotonic,62
0,0.08588389224395841,0.02631578947368421,isotonic,62
1,0.34937831089253274,0.3256702457929298,isotonic,62
0,0.20755134818889034,0.1875,isotonic,62
0,0.3960720651740978,0.41350210970464135,isotonic,62
0,0.14189204322667212,0.10655737704918032,isotonic,62
1,0.15125572784477478,0.10655737704918032,isotonic,62
1,0.9820638578191879,1.0,isotonic,62
0,0.3799338126011053,0.41350210970464135,isotonic,62
1,0.8757353233653259,1.0,isotonic,62
0,0.172706272939563,0.11538461538461539,isotonic,62
1,0.9417958068540865,1.0,isotonic,62
0,0.06531155002970733,0.0,isotonic,62
0,0.5071359631557127,0.4189189189189189,isotonic,62
1,0.4373983893024981,0.41350210970464135,isotonic,62
0,0.1620322472628161,0.10655737704918032,isotonic,62
1,0.9082108433497434,1.0,isotonic,62
0,0.10057848717864337,0.02702702702702703,isotonic,62
1,0.43110807020663294,0.41350210970464135,isotonic,62
0,0.5146014361550981,0.4189189189189189,isotonic,62
0,0.3532503234773225,0.3333333333333333,isotonic,62
1,0.9474405775894449,1.0,isotonic,62
0,0.10135791630571138,0.02702702702702703,isotonic,62
0,0.06558606122818623,0.0,isotonic,62
1,0.9960136291997174,1.0,isotonic,62
0,0.23015774389147037,0.2,isotonic,62
0,0.08057809748830244,0.02631578947368421,isotonic,62
0,0.1041086500031064,0.02702702702702703,isotonic,62
1,0.9316448735279439,1.0,isotonic,62
0,0.29708987434987694,0.21176470588235294,isotonic,62
1,0.9885080565115248,1.0,isotonic,62
0,0.08612014504329435,0.02702702702702703,isotonic,62
0,0.0926080363216238,0.02702702702702703,isotonic,62
0,0.08568661513829494,0.02631578947368421,isotonic,62
0,0.09895014842697432,0.02702702702702703,isotonic,62
0,0.10329974955345825,0.02702702702702703,isotonic,62
0,0.24760636420887167,0.2,isotonic,62
0,0.1419820825914595,0.10655737704918032,isotonic,62
1,0.9825018809860265,1.0,isotonic,62
1,0.9882497155692994,1.0,isotonic,62
0,0.1335287164303058,0.06896551724137931,isotonic,62
1,0.07939592997449951,0.02631578947368421,isotonic,62
1,0.3321526776251577,0.3188405797101449,isotonic,62
0,0.18004443341517223,0.18556701030927836,isotonic,62
1,0.34589344317323606,0.3188405797101449,isotonic,62
0,0.06306722415677059,0.0,isotonic,62
1,0.8928235438575518,1.0,isotonic,62
1,0.9871949392137458,1.0,isotonic,62
1,0.9105502015429469,1.0,isotonic,62
1,0.9830514531241098,1.0,isotonic,62
1,0.9947039709487135,1.0,isotonic,62
1,0.9191143704236716,1.0,isotonic,62
1,0.9977104903094549,1.0,isotonic,62
0,0.0923520853648136,0.02702702702702703,isotonic,62
1,0.998248703214411,1.0,isotonic,62
0,0.21702049741055027,0.2,isotonic,62
1,0.9608218035598376,1.0,isotonic,62
0,0.19502292971121618,0.18556701030927836,isotonic,62
0,0.2250940083984781,0.2,isotonic,62
1,0.9820638578191879,1.0,isotonic,62
1,0.9953654030056994,1.0,isotonic,62
1,0.8724323482939478,1.0,isotonic,62
0,0.25023804276557,0.2,isotonic,62
1,0.9820638578191879,1.0,isotonic,62
0,0.12015922074546935,0.03571428571428571,isotonic,62
1,0.9830800080458033,1.0,isotonic,62
1,0.9395082725719347,1.0,isotonic,62
0,0.10658351180877389,0.03571428571428571,isotonic,62
0,0.38310726684277296,0.41350210970464135,isotonic,62
0,0.21912813935631859,0.2,isotonic,62
0,0.12377395030188731,0.06896551724137931,isotonic,62
1,0.24251611241599305,0.2,isotonic,62
0,0.24787975468573098,0.2,isotonic,62
0,0.06489824375175735,0.0,isotonic,62
0,0.13023977418011692,0.06896551724137931,isotonic,62
0,0.29826955615406076,0.21176470588235294,isotonic,62
0,0.0865743780296781,0.02702702702702703,isotonic,62
0,0.06992644780134463,0.020833333333333332,isotonic,62
1,0.8647777104182578,1.0,isotonic,62
0,0.4501704033815483,0.41350210970464135,isotonic,62
1,0.9302096146265688,1.0,isotonic,62
1,0.26557869869954065,0.2,isotonic,62
0,0.43415199555064066,0.41350210970464135,isotonic,62
0,0.15666845076405117,0.10655737704918032,isotonic,62
1,0.9958286347074012,1.0,isotonic,62
1,0.9864981076332848,1.0,isotonic,62
1,0.9513107910657328,1.0,isotonic,62
0,0.07250528705326162,0.02631578947368421,isotonic,62
0,0.06842873252765806,0.020833333333333332,isotonic,62
0,0.08236169977660253,0.02631578947368421,isotonic,62
1,0.279667711828324,0.2,isotonic,62
0,0.1470828917195088,0.10655737704918032,isotonic,62
1,0.9114865215792795,1.0,isotonic,62
0,0.08479020047442777,0.02631578947368421,isotonic,62
0,0.41758653456077816,0.41350210970464135,isotonic,62
1,0.2871225501954304,0.21176470588235294,isotonic,62
1,0.881740899556598,1.0,isotonic,62
0,0.06574158310320137,0.020833333333333332,isotonic,62
1,0.11393580877381902,0.03571428571428571,isotonic,62
1,0.9381220211653669,1.0,isotonic,62
1,0.9286504886209538,1.0,isotonic,62
0,0.07133177590466934,0.020833333333333332,isotonic,62
0,0.1307293940216618,0.06896551724137931,isotonic,62
0,0.07470914613902972,0.02631578947368421,isotonic,62
1,0.9351030943667242,1.0,isotonic,62
1,0.509099048573091,0.4189189189189189,isotonic,62
1,0.9820638578191879,1.0,isotonic,62
0,0.31736221205779647,0.2564102564102564,isotonic,62
0,0.1830045287274276,0.18556701030927836,isotonic,62
1,0.9820638578191879,1.0,isotonic,62
1,0.9331745002217418,1.0,isotonic,62
1,0.8965257811931386,1.0,isotonic,62
0,0.2984547638243394,0.21176470588235294,isotonic,62
0,0.12518554789729122,0.06896551724137931,isotonic,62
1,0.9912241229197654,1.0,isotonic,62
1,0.9989490596274394,1.0,isotonic,62
0,0.4896709964322165,0.41350210970464135,isotonic,62
0,0.2122823148320226,0.1875,isotonic,62
1,0.9375005004583508,1.0,isotonic,62
0,0.06258823312669848,0.0,isotonic,62
1,0.9222366999968818,1.0,isotonic,62
1,0.8848800062255682,1.0,isotonic,62
1,0.9973500987526874,1.0,isotonic,62
0,0.6525922760685574,0.5769230769230769,isotonic,62
0,0.34831584080307565,0.3188405797101449,isotonic,62
1,0.9970841002381502,1.0,isotonic,62
1,0.9523445356218445,1.0,isotonic,62
0,0.3704298932742798,0.41350210970464135,isotonic,62
0,0.23918147974782408,0.2,isotonic,62
1,0.9913683590255897,1.0,isotonic,62
1,0.9930236368732366,1.0,isotonic,62
1,0.8808590613317837,1.0,isotonic,62
0,0.14165213780378616,0.10655737704918032,isotonic,62
1,0.39393982395179017,0.41350210970464135,isotonic,62
0,0.10012873630058192,0.02702702702702703,isotonic,62
1,0.4140288968742943,0.41350210970464135,isotonic,62
1,0.9820638578191879,1.0,isotonic,62
1,0.8887987957621462,1.0,isotonic,62
0,0.19426429613420754,0.18556701030927836,isotonic,62
1,0.8914292826965334,1.0,isotonic,62
1,0.9820638578191879,1.0,isotonic,62
1,0.9956655692605424,1.0,isotonic,62
0,0.12330750394976707,0.06896551724137931,isotonic,62
1,0.23654136748494575,0.2,isotonic,62
1,0.9124544670563836,1.0,isotonic,62
1,0.9923280509851209,1.0,isotonic,62
1,0.9828050775833949,1.0,isotonic,62
0,0.1661950966397616,0.11538461538461539,isotonic,62
1,0.9272679221346634,1.0,isotonic,62
0,0.20959735915977995,0.1875,isotonic,62
1,0.49273431616843727,0.41350210970464135,isotonic,62
1,0.9820638578191879,1.0,isotonic,62
0,0.4034019855313228,0.41350210970464135,isotonic,62
0,0.3043466716481616,0.21176470588235294,isotonic,62
0,0.26413031847950513,0.2,isotonic,62
1,0.5338815201781614,0.4189189189189189,isotonic,62
1,0.19779890470697356,0.18556701030927836,isotonic,62
0,0.08143070247303505,0.02631578947368421,isotonic,62
0,0.391458693293275,0.41350210970464135,isotonic,62
1,0.5306511667713013,0.4189189189189189,isotonic,62
0,0.1447105615043044,0.10655737704918032,isotonic,62
0,0.3197744699603202,0.2564102564102564,isotonic,62
0,0.06897878129014691,0.020833333333333332,isotonic,62
0,0.06213683903621502,0.0,isotonic,62
0,0.36384387172953436,0.3333333333333333,isotonic,62
0,0.36272751145595156,0.3333333333333333,isotonic,62
0,0.33220191307623886,0.3188405797101449,isotonic,62
1,0.39470608989927586,0.41350210970464135,isotonic,62
0,0.15021882025065933,0.10655737704918032,isotonic,62
1,0.9820638578191879,1.0,isotonic,62
1,0.9254719480078545,1.0,isotonic,62
1,0.9881447297245508,1.0,isotonic,62
1,0.923350984248569,1.0,isotonic,62
0,0.11363896492700797,0.03571428571428571,isotonic,62
1,0.4516839078714515,0.41350210970464135,isotonic,62
1,0.29858029281550935,0.21176470588235294,isotonic,62
1,0.9991919148136911,1.0,isotonic,62
0,0.07334103874207222,0.02631578947368421,isotonic,62
0,0.2747493421920218,0.2,isotonic,62
1,0.8885233009193079,1.0,isotonic,62
1,0.9851839758356471,1.0,isotonic,62
1,0.9881789360400215,1.0,isotonic,62
0,0.11899643944946547,0.03571428571428571,isotonic,62
0,0.39670080499611954,0.41350210970464135,isotonic,62
0,0.09154278232213439,0.02702702702702703,isotonic,62
1,0.9871205561774373,1.0,isotonic,62
0,0.1867456182457391,0.18556701030927836,isotonic,62
0,0.09396790109266401,0.02702702702702703,isotonic,62
1,0.19836490545401653,0.18556701030927836,isotonic,62
1,0.9856200907843019,1.0,isotonic,62
1,0.9389496127489485,1.0,isotonic,62
1,0.9102660976897436,1.0,isotonic,62
0,0.3224658934361746,0.2564102564102564,isotonic,62
1,0.8468525012989748,1.0,isotonic,62
1,0.9039453799646548,1.0,isotonic,62
1,0.9820638578191879,1.0,isotonic,62
0,0.4371609358077586,0.41350210970464135,isotonic,62
0,0.3388380794373463,0.3188405797101449,isotonic,62
1,0.9181186263211856,1.0,isotonic,62
1,0.9297154333647467,1.0,isotonic,62
0,0.07862056380650098,0.02631578947368421,isotonic,62
1,0.9985826826911887,1.0,isotonic,62
1,0.37948088995248125,0.41350210970464135,isotonic,62
0,0.07122690463402477,0.020833333333333332,isotonic,62
0,0.15428711229199604,0.10655737704918032,isotonic,62
0,0.1374937483625656,0.08333333333333333,isotonic,62
1,0.9104281340141597,1.0,isotonic,62
1,0.877196202135409,1.0,isotonic,62
0,0.1694268899389885,0.11538461538461539,isotonic,62
1,0.986456770533412,1.0,isotonic,62
0,0.05663874415555848,0.0,isotonic,62
0,0.22797324217096596,0.2,isotonic,62
0,0.10406784538049203,0.02702702702702703,isotonic,62
1,0.2519799754996081,0.2,isotonic,62
1,0.8138054691745676,1.0,isotonic,62
1,0.9820638578191879,1.0,isotonic,62
1,0.8456086511181868,1.0,isotonic,62
1,0.9893312325867182,1.0,isotonic,62
0,0.3001759027255715,0.21176470588235294,isotonic,62
1,0.999735144112537,1.0,isotonic,62
1,0.8850698497216944,1.0,isotonic,62
0,0.49485489410336536,0.41350210970464135,isotonic,62
1,0.9021677080972842,1.0,isotonic,62
0,0.0635716789936483,0.0,isotonic,62
1,0.9146708141644266,1.0,isotonic,62
1,0.34323659988466737,0.3188405797101449,isotonic,62
1,0.8821399801907577,1.0,isotonic,62
1,0.9458972176060944,1.0,isotonic,62
0,0.07887153575841371,0.02631578947368421,isotonic,62
1,0.9136665740125782,1.0,isotonic,62
0,0.4984840821346928,0.41350210970464135,isotonic,62
0,0.13074117559603451,0.06896551724137931,isotonic,62
0,0.3510231346187366,0.3333333333333333,isotonic,62
1,0.9843813618675894,1.0,isotonic,62
0,0.07848386863520548,0.02631578947368421,isotonic,62
1,0.9878678443819081,1.0,isotonic,62
1,0.9725716395091405,1.0,isotonic,62
1,0.942036534543778,1.0,isotonic,62
1,0.8733100092284487,1.0,isotonic,62
1,0.646658046568614,0.5769230769230769,isotonic,62
1,0.9449028393342731,1.0,isotonic,62
1,0.884409019593494,1.0,isotonic,62
1,0.9296892091059018,1.0,isotonic,62
1,0.8834904385594672,1.0,isotonic,62
1,0.9904699416553687,1.0,isotonic,62
1,0.9163933017450652,1.0,isotonic,62
0,0.10705008623208771,0.03571428571428571,isotonic,62
1,0.9914351021871147,1.0,isotonic,62
0,0.4708834600448168,0.41350210970464135,isotonic,62
1,0.9291010074086188,1.0,isotonic,62
1,0.9403326309920612,1.0,isotonic,62
0,0.09412890449603527,0.02702702702702703,isotonic,62
1,0.2968112771669982,0.21176470588235294,isotonic,62
1,0.9746925955128293,1.0,isotonic,62
1,0.9971028642561386,1.0,isotonic,62
0,0.33508282869027606,0.3188405797101449,isotonic,62
0,0.09526721126216167,0.02702702702702703,isotonic,62
1,0.9161019228627351,1.0,isotonic,62
1,0.9851329093095976,1.0,isotonic,62
1,0.9820638578191879,1.0,isotonic,62
1,0.09848058647575997,0.02702702702702703,isotonic,62
0,0.1325726621708413,0.06896551724137931,isotonic,62
1,0.8552446920158843,1.0,isotonic,62
0,0.3392700822041652,0.3188405797101449,isotonic,62
0,0.10221335447414102,0.02702702702702703,isotonic,62
0,0.09846966476430943,0.02702702702702703,isotonic,62
1,0.9226831518214211,1.0,isotonic,62
1,0.9235322995339655,1.0,isotonic,62
0,0.6395808116503271,0.5769230769230769,isotonic,62
0,0.3959783035267092,0.41350210970464135,isotonic,62
0,0.12142714617853462,0.03571428571428571,isotonic,62
0,0.27730598810098417,0.2,isotonic,62
1,0.944064425214154,1.0,isotonic,62
0,0.059828168151966905,0.0,isotonic,62
0,0.46515882723038754,0.41350210970464135,isotonic,62
0,0.35442671688772565,0.3333333333333333,isotonic,62
1,0.9969296602711586,1.0,isotonic,62
0,0.15074899677896839,0.10655737704918032,isotonic,62
0,0.44420120915631867,0.41350210970464135,isotonic,62
1,0.9338643372093312,1.0,isotonic,62
1,0.991122474478825,1.0,isotonic,62
1,0.8643719395633311,1.0,isotonic,62
0,0.4615301148482653,0.41350210970464135,isotonic,62
1,0.9935482217056358,1.0,isotonic,62
1,0.21618023295965996,0.2,isotonic,62
1,0.31150924468329855,0.2564102564102564,isotonic,62
1,0.9820638578191879,1.0,isotonic,62
0,0.2717182879699836,0.2,isotonic,62
0,0.058575372668687016,0.0,isotonic,62
1,0.9926735112664424,1.0,isotonic,62
1,0.3529201703087607,0.3333333333333333,isotonic,62
1,0.9350888014169884,1.0,isotonic,62
1,0.9820638578191879,1.0,isotonic,62
0,0.17235249694444296,0.11538461538461539,isotonic,62
1,0.9425730956411682,1.0,isotonic,62
0,0.15281337137212872,0.10655737704918032,isotonic,62
0,0.3023533617378551,0.21176470588235294,isotonic,62
1,0.6804463722937933,0.5769230769230769,isotonic,62
0,0.2711205824173675,0.2,isotonic,62
0,0.3059203582887274,0.21176470588235294,isotonic,62
0,0.2973601058300949,0.21176470588235294,isotonic,62
0,0.15796396445864608,0.10655737704918032,isotonic,62
0,0.37336089958433993,0.41350210970464135,isotonic,62
0,0.22898871772715723,0.2,isotonic,62
1,0.5292201889896289,0.4189189189189189,isotonic,62
1,0.8909128744497576,1.0,isotonic,62
1,0.9820638578191879,1.0,isotonic,62
1,0.45856350577082755,0.41350210970464135,isotonic,62
0,0.28433623989879225,0.2,isotonic,62
0,0.06413024347887984,0.0,isotonic,62
1,0.9871965613724876,1.0,isotonic,62
1,0.8805693624585499,1.0,isotonic,62
1,0.34342259389466,0.3188405797101449,isotonic,62
0,0.45293231472890566,0.41350210970464135,isotonic,62
0,0.2903802929199198,0.21176470588235294,isotonic,62
0,0.2602131689204708,0.2,isotonic,62
0,0.34800959856400515,0.3188405797101449,isotonic,62
0,0.0670109722555655,0.020833333333333332,isotonic,62
0,0.16172816492623165,0.10655737704918032,isotonic,62
1,0.9820638578191879,1.0,isotonic,62
0,0.059904768773034245,0.0,isotonic,62
0,0.2328136689879229,0.2,isotonic,62
0,0.07888412619282895,0.02631578947368421,isotonic,62
1,0.5093497120345257,0.4189189189189189,isotonic,62
0,0.22800447023845818,0.2,isotonic,62
0,0.1980955149203388,0.18556701030927836,isotonic,62
1,0.995528355427532,1.0,isotonic,62
0,0.10870306742507459,0.03571428571428571,isotonic,62
0,0.20008250223038596,0.18556701030927836,isotonic,62
0,0.1779013250669602,0.14285714285714285,isotonic,62
0,0.10695509654155058,0.03571428571428571,isotonic,62
1,0.9408594924070729,1.0,isotonic,62
1,0.9345491209645431,1.0,isotonic,62
0,0.10764237060790512,0.03571428571428571,isotonic,62
0,0.39509057504870876,0.41350210970464135,isotonic,62
0,0.07448100210038422,0.02631578947368421,isotonic,62
1,0.9658602501355794,1.0,isotonic,62
1,0.8830255695466042,1.0,isotonic,62
0,0.2571107342751204,0.2,isotonic,62
1,0.9880285975183785,1.0,isotonic,62
1,0.38631513775172105,0.41350210970464135,isotonic,62
0,0.1332211804121892,0.06896551724137931,isotonic,62
0,0.07406180374067363,0.02631578947368421,isotonic,62
0,0.32192653069571314,0.2564102564102564,isotonic,62
0,0.5466825781187322,0.4189189189189189,isotonic,62
1,0.10035001883738506,0.02702702702702703,isotonic,62
0,0.2190095967923045,0.2,isotonic,62
1,0.5002348916217343,0.41350210970464135,isotonic,62
0,0.2900038862160991,0.21176470588235294,isotonic,62
0,0.09978092056915604,0.02702702702702703,isotonic,62
1,0.9931263310605913,1.0,isotonic,62
0,0.2607055727415151,0.2,isotonic,62
1,0.9820638578191879,1.0,isotonic,62
0,0.33206036236783604,0.3188405797101449,isotonic,62
0,0.07731121108213247,0.02631578947368421,isotonic,62
1,0.9310645688478176,1.0,isotonic,62
0,0.3622869157382967,0.3333333333333333,isotonic,62
1,0.9284603541559276,1.0,isotonic,62
0,0.2795508939596504,0.2,isotonic,62
0,0.43662604659340387,0.41350210970464135,isotonic,62
0,0.17055081460168692,0.11538461538461539,isotonic,62
0,0.11551244502805548,0.03571428571428571,isotonic,62
1,0.20713027077449767,0.1875,isotonic,62
1,0.8894380206974409,1.0,isotonic,62
0,0.09940770950804273,0.02702702702702703,isotonic,62
0,0.7153582997114718,0.6666666666666666,isotonic,62
0,0.10107134370857022,0.02702702702702703,isotonic,62
0,0.3118228722177922,0.2564102564102564,isotonic,62
1,0.9806084983573368,1.0,isotonic,62
0,0.08152597957921456,0.02631578947368421,isotonic,62
0,0.6855807999403289,0.59073439282821,isotonic,62
1,0.28263962445136676,0.2,isotonic,62
1,0.9820638578191879,1.0,isotonic,62
0,0.5811620555485557,0.4375,isotonic,62
0,0.18028083061151615,0.18556701030927836,isotonic,62
0,0.09417008089584158,0.02702702702702703,isotonic,62
0,0.13160436038871168,0.06896551724137931,isotonic,62
0,0.1988443772601957,0.18556701030927836,isotonic,62
1,0.27715444993371674,0.2,isotonic,62
0,0.3523886430448429,0.3333333333333333,isotonic,62
0,0.130674159379772,0.06896551724137931,isotonic,62
1,0.9820638578191879,1.0,isotonic,62
0,0.29462974462600516,0.21176470588235294,isotonic,62
0,0.09079470339980585,0.02702702702702703,isotonic,62
1,0.5474566650981821,0.4189189189189189,isotonic,62
0,0.2251257840762222,0.2,isotonic,62
0,0.09067104338059202,0.02702702702702703,isotonic,62
0,0.5678212312542374,0.4189189189189189,isotonic,62
0,0.46726045677667744,0.41350210970464135,isotonic,62
0,0.12081595206267169,0.03571428571428571,isotonic,62
1,0.9021319897733662,1.0,isotonic,62
0,0.19765235953129962,0.18556701030927836,isotonic,62
0,0.197134472970342,0.18556701030927836,isotonic,62
1,0.1952705021280066,0.18556701030927836,isotonic,62
1,0.9954262061834364,1.0,isotonic,62
1,0.8800633421313573,1.0,isotonic,62
0,0.3258936275564635,0.3188405797101449,isotonic,62
1,0.9430227792807853,1.0,isotonic,62
1,0.8735547083966518,1.0,isotonic,62
1,0.4662267871130549,0.41350210970464135,isotonic,62
0,0.06491825932707115,0.0,isotonic,62
1,0.9800337674757967,1.0,isotonic,62
1,0.9050298595923143,1.0,isotonic,62
1,0.45988113462805275,0.41350210970464135,isotonic,62
0,0.29507670108221956,0.21176470588235294,isotonic,62
1,0.9856671814469664,1.0,isotonic,62
1,0.7845125504362271,0.8030963755305587,isotonic,62
0,0.17205482575063022,0.11538461538461539,isotonic,62
0,0.08062220739851751,0.02631578947368421,isotonic,62
1,0.9293147896858932,1.0,isotonic,62
1,0.9345469074884564,1.0,isotonic,62
0,0.2651664087158778,0.2,isotonic,62
1,0.20453660878522026,0.1875,isotonic,62
0,0.351187292729373,0.3333333333333333,isotonic,62
1,0.31815020037249575,0.2564102564102564,isotonic,62
0,0.6738528697925108,0.5769230769230769,isotonic,62
1,0.21381564895783015,0.2,isotonic,62
1,0.9003823871761748,1.0,isotonic,62
1,0.9378692522241492,1.0,isotonic,62
1,0.18414783983843205,0.18556701030927836,isotonic,62
0,0.2357465324417807,0.2,isotonic,62
0,0.1954199894145597,0.18556701030927836,isotonic,62
1,0.9112495075272102,1.0,isotonic,62
0,0.24169875518436124,0.2,isotonic,62
0,0.18071512095714357,0.18556701030927836,isotonic,62
1,0.9025696966967797,1.0,isotonic,62
0,0.06151540308747111,0.0,isotonic,62
1,0.8776919803403361,1.0,isotonic,62
1,0.987959803613083,1.0,isotonic,62
1,0.9747844363959545,1.0,isotonic,62
0,0.3902518953586581,0.41350210970464135,isotonic,62
0,0.2980229987060196,0.21176470588235294,isotonic,62
0,0.16481228543053628,0.10655737704918032,isotonic,62
0,0.14780996273057662,0.10655737704918032,isotonic,62
1,0.9936570822279117,1.0,isotonic,62
0,0.5357170949627016,0.4189189189189189,isotonic,62
0,0.10550321997540921,0.02702702702702703,isotonic,62
1,0.9188931995798506,1.0,isotonic,62
1,0.10337115927688133,0.02702702702702703,isotonic,62
1,0.9302041305095903,1.0,isotonic,62
1,0.9368420185576076,1.0,isotonic,62
0,0.5365475242914824,0.4189189189189189,isotonic,62
0,0.10004165982565108,0.02702702702702703,isotonic,62
1,0.9143853901082974,1.0,isotonic,62
1,0.9828107314213091,1.0,isotonic,62
1,0.9820638578191879,1.0,isotonic,62
1,0.9120303421671286,1.0,isotonic,62
0,0.23922421127627277,0.2,isotonic,62
0,0.23023221036237373,0.2,isotonic,62
1,0.9019070189097899,1.0,isotonic,62
0,0.3067288168789934,0.21176470588235294,isotonic,62
1,0.9865928853274325,1.0,isotonic,62
1,0.9335944935200864,1.0,isotonic,62
0,0.06818710315297052,0.020833333333333332,isotonic,62
0,0.09100333430624241,0.02702702702702703,isotonic,62
1,0.4195138185489694,0.41350210970464135,isotonic,62
1,0.8942195649708911,1.0,isotonic,62
0,0.058010617729124664,0.0,isotonic,62
1,0.9303143912876279,1.0,isotonic,62
1,0.4557425613760253,0.41350210970464135,isotonic,62
1,0.9249164070449926,1.0,isotonic,62
0,0.5547269373778485,0.4189189189189189,isotonic,62
0,0.056542343455363235,0.0,isotonic,62
0,0.2459615897650519,0.2,isotonic,62
1,0.8845851220640786,1.0,isotonic,62
0,0.21773248974244433,0.2,isotonic,62
1,0.9929031698008983,1.0,isotonic,62
0,0.4306463541069912,0.41350210970464135,isotonic,62
1,0.9999313078799122,1.0,isotonic,62
1,0.9820638578191879,1.0,isotonic,62
0,0.5054571439724649,0.4189189189189189,isotonic,62
0,0.16708461817901055,0.11538461538461539,isotonic,62
0,0.09885591250145792,0.02702702702702703,isotonic,62
0,0.2745878714627044,0.2,isotonic,62
1,0.9820638578191879,1.0,isotonic,62
0,0.1978125954174019,0.18556701030927836,isotonic,62
1,0.6743403147136094,0.5769230769230769,isotonic,62
0,0.18691049175750468,0.18556701030927836,isotonic,62
0,0.19520636153374277,0.18556701030927836,isotonic,62
1,0.2435889847000627,0.2,isotonic,62
0,0.16737605408691447,0.11538461538461539,isotonic,62
0,0.07386978732381833,0.02631578947368421,isotonic,62
1,0.46252239089881936,0.41350210970464135,isotonic,62
1,0.9228548933855893,1.0,isotonic,62
1,0.194650692738125,0.18556701030927836,isotonic,62
0,0.5664637995138891,0.4189189189189189,isotonic,62
1,0.30821232815045885,0.21176470588235294,isotonic,62
0,0.39556461059395936,0.41350210970464135,isotonic,62
0,0.3732291109721606,0.41350210970464135,isotonic,62
0,0.13879818194748347,0.08333333333333333,isotonic,62
1,0.993764025191147,1.0,isotonic,62
1,0.1883051372622384,0.18556701030927836,isotonic,62
0,0.2339529381225545,0.2,isotonic,62
0,0.4099875563316554,0.41350210970464135,isotonic,62
0,0.17960598426019225,0.14285714285714285,isotonic,62
1,0.812908369784654,1.0,isotonic,62
0,0.22491591267601635,0.2,isotonic,62
0,0.16290111583688974,0.10655737704918032,isotonic,62
1,0.9875551433771068,1.0,isotonic,62
0,0.17359042817570952,0.11538461538461539,isotonic,62
0,0.25814928658322167,0.2,isotonic,62
1,0.5493042728762915,0.4189189189189189,isotonic,62
1,0.9348275720552984,1.0,isotonic,62
1,0.9820638578191879,1.0,isotonic,62
0,0.24339951406214638,0.2,isotonic,62
1,0.48500616140231256,0.41350210970464135,isotonic,62
0,0.07622589275939842,0.02631578947368421,isotonic,62
1,0.9820638578191879,1.0,isotonic,62
1,0.9820638578191879,1.0,isotonic,62
0,0.3824719227784062,0.41350210970464135,isotonic,62
1,0.3265833466373107,0.3188405797101449,isotonic,62
0,0.15515698811446574,0.10655737704918032,isotonic,62
1,0.527764410828388,0.4189189189189189,isotonic,62
1,0.9952621308206477,1.0,isotonic,62
1,0.5308334265988277,0.4189189189189189,isotonic,62
0,0.07893041601914948,0.02631578947368421,isotonic,62
1,0.9357410728908407,1.0,isotonic,62
0,0.3120264929513546,0.2564102564102564,isotonic,62
1,0.15598283683751965,0.10655737704918032,isotonic,62
1,0.9267502779337359,1.0,isotonic,62
0,0.12390646407480896,0.06896551724137931,isotonic,62
0,0.3201385517965066,0.2564102564102564,isotonic,62
1,0.9820638578191879,1.0,isotonic,62
0,0.06141504066901836,0.0,isotonic,62
0,0.3510334596506594,0.3333333333333333,isotonic,62
1,0.6892230659749314,0.601853947262311,isotonic,62
1,0.9341481429663293,1.0,isotonic,62
0,0.2682580226019506,0.2,isotonic,62
0,0.25983451348988496,0.2,isotonic,62
1,0.14299522970333325,0.10655737704918032,isotonic,62
0,0.11381984284073705,0.03571428571428571,isotonic,62
0,0.10468499633467174,0.02702702702702703,isotonic,62
1,0.9536885517367591,1.0,isotonic,62
0,0.3907275751705491,0.41350210970464135,isotonic,62
0,0.2810550102290442,0.2,isotonic,62
1,0.8636248126173888,1.0,isotonic,62
0,0.279253947895655,0.2,isotonic,62
0,0.22954250406787685,0.2,isotonic,62
1,0.9839068233615116,1.0,isotonic,62
1,0.8874676013595418,1.0,isotonic,62
0,0.6640038418505017,0.5769230769230769,isotonic,62
0,0.1027496227629667,0.02702702702702703,isotonic,62
1,0.31587387540206446,0.2564102564102564,isotonic,62
1,0.44070860187405525,0.41350210970464135,isotonic,62
1,0.9972510176503838,1.0,isotonic,62
0,0.12966603645291683,0.06896551724137931,isotonic,62
0,0.3223870820064933,0.2564102564102564,isotonic,62
1,0.8926911605827786,1.0,isotonic,62
0,0.4115434296805817,0.41350210970464135,isotonic,62
1,0.9820638578191879,1.0,isotonic,62
1,0.37438316606135663,0.41350210970464135,isotonic,62
1,0.13196053833031574,0.06896551724137931,isotonic,62
0,0.2976855019887507,0.21176470588235294,isotonic,62
0,0.11224341907335908,0.03571428571428571,isotonic,62
0,0.06830556195745728,0.020833333333333332,isotonic,62
1,0.9154100665049918,1.0,isotonic,62
1,0.12675361405753885,0.06896551724137931,isotonic,62
1,0.38406086288033014,0.41350210970464135,isotonic,62
1,0.42672434197161985,0.41350210970464135,isotonic,62
1,0.9116084631536769,1.0,isotonic,62
0,0.054705829663018714,0.0,isotonic,62
1,0.2473756226242944,0.2,isotonic,62
0,0.2683453064560525,0.2,isotonic,62
0,0.07287126662395202,0.02631578947368421,isotonic,62
0,0.39482754915220836,0.41350210970464135,isotonic,62
0,0.15761189306767814,0.10655737704918032,isotonic,62
1,0.9882906868154485,1.0,isotonic,62
0,0.5138670070083197,0.4189189189189189,isotonic,62
1,0.38770964141033903,0.41350210970464135,isotonic,62
1,0.923236459870555,1.0,isotonic,62
0,0.24374054189527608,0.2,isotonic,62
0,0.2897451066942892,0.21176470588235294,isotonic,62
0,0.05302288227672243,0.0,isotonic,62
0,0.08672073347964265,0.02702702702702703,isotonic,62
0,0.20463464239709242,0.1875,isotonic,62
0,0.2507364061344239,0.2,isotonic,62
1,0.9890179523863905,1.0,isotonic,62
0,0.43962440556004584,0.41350210970464135,isotonic,62
0,0.12130665254315033,0.03571428571428571,isotonic,62
1,0.9054027166503236,1.0,isotonic,62
0,0.13273181533924547,0.06896551724137931,isotonic,62
0,0.16080352826614475,0.10655737704918032,isotonic,62
0,0.16561592804087813,0.11538461538461539,isotonic,62
1,0.4489974102341929,0.41350210970464135,isotonic,62
1,0.35512940699533724,0.3333333333333333,isotonic,62
0,0.3263217105719516,0.3188405797101449,isotonic,62
1,0.5176556008622234,0.4189189189189189,isotonic,62
1,0.913880316316557,1.0,isotonic,62
0,0.4627788130362987,0.41350210970464135,isotonic,62
1,0.9261104708821756,1.0,isotonic,62
0,0.20763501311953378,0.1875,isotonic,62
0,0.10080246492511338,0.02702702702702703,isotonic,62
0,0.08310237769294151,0.02631578947368421,isotonic,62
0,0.3335580309048623,0.3188405797101449,isotonic,62
1,0.9041094157151108,1.0,isotonic,62
0,0.24983846709205418,0.2,isotonic,62
0,0.3191272471518401,0.2564102564102564,isotonic,62
1,0.9274125053806006,1.0,isotonic,62
1,0.9449897693301798,1.0,isotonic,62
1,0.8494106318089194,1.0,isotonic,62
1,0.9794046736514003,1.0,isotonic,62
1,0.9908873458827387,1.0,isotonic,62
0,0.20090130943121545,0.18556701030927836,isotonic,62
0,0.3931724809815169,0.41350210970464135,isotonic,62
1,0.9167624465596081,1.0,isotonic,62
0,0.23921855005542697,0.2,isotonic,62
1,0.910636487235379,1.0,isotonic,62
0,0.14856346493880332,0.10655737704918032,isotonic,62
1,0.9420259179281093,1.0,isotonic,62
1,0.3182889581792647,0.2564102564102564,isotonic,62
1,0.9352627586866473,1.0,isotonic,62
0,0.25627491145248027,0.2,isotonic,62
1,0.6577287774519651,0.5769230769230769,isotonic,62
1,0.9941933996215122,1.0,isotonic,62
1,0.9941437034092384,1.0,isotonic,62
0,0.3145749449426885,0.2564102564102564,isotonic,62
0,0.2432321750395161,0.2,isotonic,62
0,0.35019919892376733,0.3333333333333333,isotonic,62
0,0.09250793493259121,0.02702702702702703,isotonic,62
1,0.9918240998117693,1.0,isotonic,62
1,0.3729895156734996,0.41350210970464135,isotonic,62
0,0.07331017177870859,0.02631578947368421,isotonic,62
1,0.9592687092045654,1.0,isotonic,62
0,0.21464627049348656,0.2,isotonic,62
0,0.08173440124564214,0.02631578947368421,isotonic,62
0,0.09101637990141712,0.02702702702702703,isotonic,62
1,0.9353847054203492,1.0,isotonic,62
1,0.44879035516977694,0.41350210970464135,isotonic,62
1,0.5144939315916475,0.4189189189189189,isotonic,62
0,0.3174769084809428,0.2564102564102564,isotonic,62
0,0.5993102379820463,0.4375,isotonic,62
0,0.2922961386384548,0.21176470588235294,isotonic,62
0,0.11643949006745558,0.03571428571428571,isotonic,62
0,0.24730457420152827,0.2,isotonic,62
1,0.9820638578191879,1.0,isotonic,62
1,0.8693798029496662,1.0,isotonic,62
1,0.9820638578191879,1.0,isotonic,62
0,0.08989267911428377,0.02702702702702703,isotonic,62
0,0.1613913757710151,0.10655737704918032,isotonic,62
1,0.8993544300626888,1.0,isotonic,62
0,0.06265051432015871,0.0,isotonic,62
0,0.17945786875164432,0.14285714285714285,isotonic,62
1,0.9455009843519347,1.0,isotonic,62
1,0.9820638578191879,1.0,isotonic,62
1,0.9820638578191879,1.0,isotonic,62
1,0.9930957572058395,1.0,isotonic,62
0,0.13309698630577324,0.06896551724137931,isotonic,62
1,1.0,1.0,isotonic,62
1,0.9820638578191879,1.0,isotonic,62
1,0.993215844774412,1.0,isotonic,62
1,0.8890121905374606,1.0,isotonic,62
1,0.2134986624855614,0.1875,isotonic,62
1,0.9884823854449915,1.0,isotonic,62
1,0.9343488766395209,1.0,isotonic,62
0,0.4529262392009255,0.41350210970464135,isotonic,62
0,0.15174204596788193,0.10655737704918032,isotonic,62
0,0.07236336179370148,0.025014558352332357,isotonic,62
1,0.3435947376057251,0.3188405797101449,isotonic,62
1,0.8997234721880121,1.0,isotonic,62
0,0.4208876936913379,0.41350210970464135,isotonic,62
1,0.9315024166941481,1.0,isotonic,62
1,0.98844593074093,1.0,isotonic,62
1,0.9820638578191879,1.0,isotonic,62
0,0.07595303842382976,0.02631578947368421,isotonic,62
1,0.987267215483913,1.0,isotonic,62
0,0.18384529532788962,0.18556701030927836,isotonic,62
0,0.4458542545177351,0.41350210970464135,isotonic,62
1,0.4595883783326004,0.41350210970464135,isotonic,62
1,0.9929127412959112,1.0,isotonic,62
0,0.20216559257371278,0.18556701030927836,isotonic,62
0,0.5855816564929436,0.4375,isotonic,62
1,0.2385460911372254,0.2,isotonic,62
1,0.9978257100821601,1.0,isotonic,62
1,0.9942764303814983,1.0,isotonic,62
1,0.9997689526403781,1.0,isotonic,62
1,0.8663992005626937,1.0,isotonic,62
0,0.08386453455895675,0.02631578947368421,isotonic,62
0,0.08750464505472655,0.02702702702702703,isotonic,62
0,0.06407647979264529,0.0,isotonic,62
1,0.5881022681413766,0.4375,isotonic,62
1,0.8483661024363769,1.0,isotonic,62
0,0.06963657457290078,0.020833333333333332,isotonic,62
1,0.9719893845719522,1.0,isotonic,62
0,0.16194643201470113,0.10655737704918032,isotonic,62
1,0.9879961800717098,1.0,isotonic,62
0,0.26224372363979964,0.2,isotonic,62
0,0.36518232724613564,0.35391092164140625,isotonic,62
0,0.252138010470215,0.2,isotonic,62
0,0.27977947116126173,0.2,isotonic,62
1,0.9905849820676473,1.0,isotonic,62
1,0.9393104196945772,1.0,isotonic,62
1,0.9820638578191879,1.0,isotonic,62
0,0.08446677320545865,0.02631578947368421,isotonic,62
1,0.5057813647163633,0.4189189189189189,isotonic,62
1,0.9242843617363494,1.0,isotonic,62
1,0.451397316365025,0.41350210970464135,isotonic,62
0,0.06211299263051365,0.0,isotonic,62
0,0.19477800359586314,0.18556701030927836,isotonic,62
0,0.365759437379459,0.37475089795479677,isotonic,62
1,1.0,1.0,isotonic,62
0,0.05595442761373653,0.0,isotonic,62
0,0.2894522799549486,0.21176470588235294,isotonic,62
1,0.9122561207276135,1.0,isotonic,62
0,0.09484269103041648,0.02702702702702703,isotonic,62
0,0.16277905342379964,0.10655737704918032,isotonic,62
0,0.1139840717401197,0.03571428571428571,isotonic,62
0,0.09835174983444363,0.02702702702702703,isotonic,62
0,0.15818344168814075,0.10655737704918032,isotonic,62
1,0.9892744242652581,1.0,isotonic,62
1,0.982367079469311,1.0,isotonic,62
1,0.9931699588017984,1.0,isotonic,62
0,0.28378683398035226,0.2,isotonic,62
0,0.30673068036666173,0.21176470588235294,isotonic,62
1,0.9852066243690497,1.0,isotonic,62
0,0.19573342197487958,0.18556701030927836,isotonic,62
0,0.13619286093808572,0.06896551724137931,isotonic,62
0,0.10596582889660099,0.03571428571428571,isotonic,62
1,0.3709905410902306,0.41350210970464135,isotonic,62
0,0.15340370590509675,0.10655737704918032,isotonic,62
1,0.40770466412228107,0.41350210970464135,isotonic,62
0,0.08149936499192616,0.02631578947368421,isotonic,62
0,0.24371826219739243,0.2,isotonic,62
1,0.6282263440132251,0.5769230769230769,isotonic,62
1,0.9773065319954681,1.0,isotonic,62
0,0.19660909521433395,0.18556701030927836,isotonic,62
1,1.0,1.0,isotonic,62
1,0.9820638578191879,1.0,isotonic,62
1,0.9967556585969953,1.0,isotonic,62
1,0.9197682020215371,1.0,isotonic,62
0,0.2248585471650521,0.2,isotonic,62
0,0.18349238029369283,0.18556701030927836,isotonic,62
0,0.1435844688249199,0.10655737704918032,isotonic,62
0,0.6438079343759617,0.5769230769230769,isotonic,62
1,0.28284780155462247,0.2,isotonic,62
1,0.9297665435812186,1.0,isotonic,62
0,0.13029426959772264,0.06896551724137931,isotonic,62
1,0.9933954241543596,1.0,isotonic,62
0,0.06466574582351123,0.0,isotonic,62
0,0.11769853821603654,0.03571428571428571,isotonic,62
0,0.35133164690485813,0.3333333333333333,isotonic,62
1,0.9931532939168791,1.0,isotonic,62
0,0.5782360382437649,0.4375,isotonic,62
1,0.3548654589289809,0.3333333333333333,isotonic,62
0,0.167779850736486,0.11538461538461539,isotonic,62
1,0.9041628413444986,1.0,isotonic,62
1,0.9820638578191879,1.0,isotonic,62
1,0.2145378279189221,0.2,isotonic,62
0,0.12643047323990375,0.06896551724137931,isotonic,62
0,0.4007666436225072,0.41350210970464135,isotonic,62
0,0.20296331330281914,0.18679193114108908,isotonic,62
0,0.06483848884876489,0.0,isotonic,62
0,0.202169686904789,0.18556701030927836,isotonic,62
1,0.9820638578191879,1.0,isotonic,62
1,0.6028057855950066,0.5769230769230769,isotonic,62
0,0.076080982820978,0.02631578947368421,isotonic,62
0,0.10137510617388798,0.02702702702702703,isotonic,62
0,0.5389318390019774,0.4189189189189189,isotonic,62
0,0.4944786383832563,0.41350210970464135,isotonic,62
0,0.06666302325682129,0.020833333333333332,isotonic,62
1,0.9936260840020771,1.0,isotonic,62
0,0.17764038384141037,0.14285714285714285,isotonic,62
1,0.937275830439,1.0,isotonic,62
1,0.4296120780530538,0.41350210970464135,isotonic,62
0,0.06446580312646776,0.0,isotonic,62
0,0.2950027068843228,0.21176470588235294,isotonic,62
0,0.06225106742503892,0.0,isotonic,62
1,0.4342225543564842,0.41350210970464135,isotonic,62
0,0.11480216346531712,0.03571428571428571,isotonic,62
1,0.6835659730817858,0.5845832834045669,isotonic,62
1,0.9886632058250462,1.0,isotonic,62
0,0.0843048801629282,0.02631578947368421,isotonic,62
0,0.09423655270174615,0.02702702702702703,isotonic,62
0,0.49851027883328736,0.41350210970464135,isotonic,62
0,0.4801285130511177,0.41350210970464135,isotonic,62
0,0.3611905847261276,0.3333333333333333,isotonic,62
1,0.9820638578191879,1.0,isotonic,62
1,0.9851303133950798,1.0,isotonic,62
1,0.38002211311209605,0.41350210970464135,isotonic,62
1,0.4884497853554373,0.41350210970464135,isotonic,62
0,0.08025323294504959,0.02631578947368421,isotonic,62
0,0.258027786257832,0.2,isotonic,62
0,0.47662402593619085,0.41350210970464135,isotonic,62
0,0.18245194308790808,0.18556701030927836,isotonic,62
1,0.6244096115708915,0.5769230769230769,isotonic,62
0,0.22511329265419217,0.2,isotonic,62
0,0.19793860728455445,0.18556701030927836,isotonic,62
1,0.9925944754841286,1.0,isotonic,62
0,0.08818561708633975,0.02702702702702703,isotonic,62
0,0.26047338859477354,0.2,isotonic,62
0,0.06419849455060467,0.0,isotonic,62
0,0.2945975445540913,0.21176470588235294,isotonic,62
0,0.1434374975727708,0.10655737704918032,isotonic,62
1,0.9719990303164171,1.0,isotonic,62
1,0.9918282208022049,1.0,isotonic,62
1,0.9999313078799122,1.0,isotonic,62
1,0.4718661206346415,0.41350210970464135,isotonic,62
0,0.11274247840134036,0.03571428571428571,isotonic,62
0,0.17775738278724235,0.14285714285714285,isotonic,62
0,0.1014103157637225,0.02702702702702703,isotonic,62
1,0.4249433073048803,0.41350210970464135,isotonic,62
0,0.38670937107085485,0.41350210970464135,isotonic,62
1,0.9903747523747267,1.0,isotonic,62
1,0.878816409332851,1.0,isotonic,62
1,0.6202434514445646,0.5769230769230769,isotonic,62
0,0.22390927847809322,0.2,isotonic,62
1,0.9820638578191879,1.0,isotonic,62
1,0.9820638578191879,1.0,isotonic,62
0,0.19444090980635295,0.18556701030927836,isotonic,62
1,0.385272304687463,0.41350210970464135,isotonic,62
0,0.16739486135682347,0.11538461538461539,isotonic,62
1,0.9224926601148714,1.0,isotonic,62
1,0.9284022256627975,1.0,isotonic,62
0,0.186159596016024,0.18556701030927836,isotonic,62
0,0.1671354782591274,0.11538461538461539,isotonic,62
1,0.9252523815189859,1.0,isotonic,62
1,0.9703103936715989,1.0,isotonic,62
1,0.9478542986226364,1.0,isotonic,62
0,0.20663164103949155,0.1875,isotonic,62
0,0.2726778848181709,0.2,isotonic,62
0,0.11504737540932032,0.03571428571428571,isotonic,62
0,0.32525015868262164,0.3188405797101449,isotonic,62
1,0.9434650823428755,1.0,isotonic,62
0,0.06836546667058077,0.020833333333333332,isotonic,62
0,0.06203079494375129,0.0,isotonic,62
0,0.10947055981503255,0.03571428571428571,isotonic,62
1,0.9581047635281315,1.0,isotonic,62
1,0.8780738953448706,1.0,isotonic,62
0,0.4543972591874309,0.41350210970464135,isotonic,62
0,0.3558617701357329,0.3333333333333333,isotonic,62
0,0.1821605430747117,0.18556701030927836,isotonic,62
1,0.8586561139237183,1.0,isotonic,62
1,0.9820638578191879,1.0,isotonic,62
1,0.8895314818328649,1.0,isotonic,62
1,0.9243248395550099,1.0,isotonic,62
1,0.8856285141229767,1.0,isotonic,62
0,0.33638664015371494,0.3188405797101449,isotonic,62
1,0.9820638578191879,1.0,isotonic,62
0,0.07701400098829275,0.02631578947368421,isotonic,62
0,0.11867464156746621,0.03571428571428571,isotonic,62
1,0.8904956365221233,1.0,isotonic,62
1,0.35756218386291416,0.3333333333333333,isotonic,62
1,0.9291971749227173,1.0,isotonic,62
1,0.8768110084015871,1.0,isotonic,62
0,0.14497975546722888,0.10655737704918032,isotonic,62
0,0.17247928957999797,0.11538461538461539,isotonic,62
1,0.22964453284562353,0.2,isotonic,62
1,0.9820638578191879,1.0,isotonic,62
1,0.14886855808915628,0.10655737704918032,isotonic,62
1,0.7769047382669626,0.7294202739623386,isotonic,62
1,0.9971548305603574,1.0,isotonic,62
0,0.20475186023814462,0.1875,isotonic,62
0,0.3014821372110982,0.21176470588235294,isotonic,62
1,0.8977720607202432,1.0,isotonic,62
1,0.9175923024668127,1.0,isotonic,62
1,0.5715794779760961,0.4189189189189189,isotonic,62
1,0.8362117982365809,1.0,isotonic,62
1,0.9585671778969135,1.0,isotonic,62
0,0.11265184932587474,0.03571428571428571,isotonic,62
0,0.16190311765192483,0.10655737704918032,isotonic,62
0,0.26232664760184354,0.2,isotonic,62
0,0.16313477060443557,0.10655737704918032,isotonic,62
0,0.1799623877568812,0.18556701030927836,isotonic,62
0,0.3851283053051302,0.41350210970464135,isotonic,62
0,0.061191846012473135,0.0,isotonic,62
1,0.43683305561058033,0.41350210970464135,isotonic,62
1,0.9998257930984861,1.0,isotonic,62
1,0.47015746759437843,0.41350210970464135,isotonic,62
0,0.061615314271747164,0.0,isotonic,62
0,0.1557081534276273,0.10655737704918032,isotonic,62
0,0.0814898119150949,0.02631578947368421,isotonic,62
0,0.1225799116718498,0.06896551724137931,isotonic,62
1,0.4353884869573527,0.41350210970464135,isotonic,62
0,0.15868353859828477,0.10655737704918032,isotonic,62
0,0.5374554009619431,0.4189189189189189,isotonic,62
0,0.2831172624301928,0.2,isotonic,62
1,0.9820638578191879,1.0,isotonic,62
1,0.20347993579437498,0.1875,isotonic,62
1,0.9886180316104265,1.0,isotonic,62
0,0.06337842876716292,0.0,isotonic,62
0,0.11444184147608098,0.03571428571428571,isotonic,62
1,0.9831396095413508,1.0,isotonic,62
1,0.9018752959352357,1.0,isotonic,62
0,0.27909948019593306,0.2,isotonic,62
0,0.5002365976061854,0.41350210970464135,isotonic,62
1,0.9050688730995902,1.0,isotonic,62
0,0.20402915158368087,0.1875,isotonic,62
1,0.4163942345211623,0.41350210970464135,isotonic,62
1,0.43968123567634715,0.41350210970464135,isotonic,62
1,0.9392325184233112,1.0,isotonic,62
1,0.7865221766779678,0.8225581371785141,isotonic,62
0,0.19611771330139394,0.18556701030927836,isotonic,62
1,0.959289091823037,1.0,isotonic,62
1,0.36561900218724996,0.36967965433904365,isotonic,62
0,0.1111999207531052,0.03571428571428571,isotonic,62
1,0.9820638578191879,1.0,isotonic,62
1,0.1348467702698776,0.06896551724137931,isotonic,62
0,0.37696974815082407,0.41350210970464135,isotonic,62
0,0.2126181916826596,0.1875,isotonic,62
1,0.9811896266794232,1.0,isotonic,62
1,0.9950270052106428,1.0,isotonic,62
1,0.8910546948030583,1.0,isotonic,62
0,0.1685395653321426,0.11538461538461539,isotonic,62
0,0.22340088286306065,0.2,isotonic,62
1,0.9411867390335786,1.0,isotonic,62
0,0.11563615705551321,0.03571428571428571,isotonic,62
1,0.367523702427925,0.41350210970464135,isotonic,62
0,0.4383944738287205,0.41350210970464135,isotonic,62
0,0.31533403336048127,0.2564102564102564,isotonic,62
0,0.1272390010949192,0.06896551724137931,isotonic,62
0,0.1062882548004441,0.03571428571428571,isotonic,62
1,0.9887395090430661,1.0,isotonic,62
0,0.22961798722509646,0.2,isotonic,62
1,0.9901178190975095,1.0,isotonic,62
1,0.8925520172019846,1.0,isotonic,62
0,0.4073607191035656,0.41350210970464135,isotonic,62
1,0.16000880768869732,0.10655737704918032,isotonic,62
1,0.9185475097394993,1.0,isotonic,62
0,0.3051538708400653,0.21176470588235294,isotonic,62
0,0.06404963009015323,0.0,isotonic,62
1,0.929761178639625,1.0,isotonic,62
0,0.3173084746495272,0.2564102564102564,isotonic,62
0,0.08914853239142852,0.02702702702702703,isotonic,62
1,0.7190970518822775,0.6666666666666666,isotonic,62
1,0.8748860373106496,1.0,isotonic,62
0,0.10026872429603463,0.02702702702702703,isotonic,62
1,0.4306093365697555,0.41350210970464135,isotonic,62
0,0.10386192548835002,0.02702702702702703,isotonic,62
1,0.9668459401878358,1.0,isotonic,62
1,0.861690315477199,1.0,isotonic,62
0,0.2577272486833622,0.2,isotonic,62
0,0.1441593680554621,0.10655737704918032,isotonic,62
0,0.3246604863351695,0.3188405797101449,isotonic,62
1,0.9925241476426933,1.0,isotonic,62
0,0.47178559059046865,0.41350210970464135,isotonic,62
0,0.0891959394492398,0.02702702702702703,isotonic,62
0,0.16915709481530222,0.11538461538461539,isotonic,62
0,0.8026088700696022,0.9783460075740384,isotonic,62
1,0.5141516559519965,0.4189189189189189,isotonic,62
1,0.9996780412811556,1.0,isotonic,62
0,0.1401803764029347,0.10655737704918032,isotonic,62
0,0.05544635479169256,0.0,isotonic,62
0,0.08988631126872695,0.02702702702702703,isotonic,62
1,0.6235707159023193,0.5769230769230769,isotonic,62
0,0.08553720297881204,0.02631578947368421,isotonic,62
0,0.4274095681908578,0.41350210970464135,isotonic,62
0,0.26396188486149746,0.2,isotonic,62
1,0.8809957041699098,1.0,isotonic,62
0,0.10672600149288956,0.03571428571428571,isotonic,62
0,0.25861313612387277,0.2,isotonic,62
1,0.9276781810301319,1.0,isotonic,62
1,0.9147641369824201,1.0,isotonic,62
0,0.35609881337926075,0.3333333333333333,isotonic,62
1,0.871829148223584,1.0,isotonic,62
0,0.2943896280276691,0.21176470588235294,isotonic,62
0,0.3123180493334944,0.2564102564102564,isotonic,62
1,0.8994912328920581,1.0,isotonic,62
1,0.9837444945255873,1.0,isotonic,62
0,0.2809825012439415,0.2,isotonic,62
0,0.08932385209042626,0.02702702702702703,isotonic,62
1,0.9820638578191879,1.0,isotonic,62
1,0.9998257930984861,1.0,isotonic,62
0,0.150824792444037,0.10655737704918032,isotonic,62
1,0.9315504660641646,1.0,isotonic,62
0,0.2695797916201996,0.2,isotonic,62
1,0.8414699682020997,1.0,isotonic,62
1,0.9816651909028248,1.0,isotonic,62
1,0.9186935959036985,1.0,isotonic,62
1,0.8591480942824906,1.0,isotonic,62
0,0.0866965909243624,0.02702702702702703,isotonic,62
1,0.9159988793939549,1.0,isotonic,62
1,0.8854191536550252,1.0,isotonic,62
1,0.8960198446114431,1.0,isotonic,62
0,0.33067904131393616,0.3188405797101449,isotonic,62
0,0.14841694824464202,0.10655737704918032,isotonic,62
1,0.40228569338579184,0.41350210970464135,isotonic,62
0,0.14900207749355524,0.10655737704918032,isotonic,62
1,0.8994444911931504,1.0,isotonic,62
1,0.9298425376938184,1.0,isotonic,62
1,0.9899422670059592,1.0,isotonic,62
1,0.9854028928090194,1.0,isotonic,62
1,0.15427038165853663,0.10655737704918032,isotonic,62
0,0.05318397731286,0.0,isotonic,62
0,0.28621530739708073,0.2,isotonic,62
1,0.9570577445229895,1.0,isotonic,62
0,0.06269989382316522,0.0,isotonic,62
0,0.1548118518769659,0.10655737704918032,isotonic,62
0,0.07623522865592774,0.02631578947368421,isotonic,62
1,0.4441999015306263,0.41350210970464135,isotonic,62
1,0.9890767874489137,1.0,isotonic,62
1,0.9396453996823586,1.0,isotonic,62
1,0.9913959444355964,1.0,isotonic,62
0,0.14605129454472318,0.10655737704918032,isotonic,62
0,0.06322934970091316,0.0,isotonic,62
0,0.10669178548030381,0.03571428571428571,isotonic,62
1,0.488622090848001,0.41350210970464135,isotonic,62
1,0.8656424127614798,1.0,isotonic,62
0,0.18919849588300366,0.18556701030927836,isotonic,62
0,0.12765276548630916,0.06896551724137931,isotonic,62
0,0.5192376566097456,0.4189189189189189,isotonic,62
0,0.10717543989181509,0.03571428571428571,isotonic,62
1,0.8862136069966589,1.0,isotonic,62
0,0.3882647178869695,0.41350210970464135,isotonic,62
1,0.9820638578191879,1.0,isotonic,62
1,0.2670181103374496,0.2,isotonic,62
1,0.9224102329657101,1.0,isotonic,62
1,0.8916334118271525,1.0,isotonic,62
1,0.9321363451034261,1.0,isotonic,62
0,0.081984342172601,0.02631578947368421,isotonic,62
0,0.08205016318856997,0.02631578947368421,isotonic,62
1,0.9226053308292391,1.0,isotonic,62
1,0.9854323434452577,1.0,isotonic,62
1,0.984295786210561,1.0,isotonic,62
0,0.0699585794315907,0.020833333333333332,isotonic,62
1,0.19574869703660616,0.18556701030927836,isotonic,62
0,0.17985311240253912,0.18556701030927836,isotonic,62
1,0.9820638578191879,1.0,isotonic,62
1,0.6896210946308408,0.6030690977383246,isotonic,62
1,0.36422206581917926,0.3333333333333333,isotonic,62
0,0.08041994707368078,0.02631578947368421,isotonic,62
1,0.9820638578191879,1.0,isotonic,62
1,0.9986889362144437,1.0,isotonic,62
0,0.5572471178210384,0.4189189189189189,isotonic,62
1,0.8692518644694436,1.0,isotonic,62
0,0.6134772594240256,0.5769230769230769,isotonic,62
0,0.4576772259130236,0.41350210970464135,isotonic,62
0,0.08770031901285895,0.02702702702702703,isotonic,62
0,0.16139108138963135,0.10655737704918032,isotonic,62
0,0.5911229746208363,0.4375,isotonic,62
1,0.9626763979456774,1.0,isotonic,62
1,0.14694265706211815,0.10655737704918032,isotonic,62
0,0.29580516754449604,0.21176470588235294,isotonic,62
1,0.847721474834243,1.0,isotonic,62
0,0.08234844344204789,0.02631578947368421,isotonic,62
0,0.09510987046528901,0.02702702702702703,isotonic,62
0,0.18241436726140975,0.18556701030927836,isotonic,62
1,0.9466778662368849,1.0,isotonic,62
0,0.10932344096412673,0.03571428571428571,isotonic,62
0,0.20948012558819853,0.1875,isotonic,62
0,0.19601654498216936,0.18556701030927836,isotonic,62
0,0.35576459514770115,0.3333333333333333,isotonic,62
0,0.1595495446603839,0.10655737704918032,isotonic,62
1,0.9918701076587708,1.0,isotonic,62
0,0.1150536900423503,0.03571428571428571,isotonic,62
0,0.3103800904044698,0.21176470588235294,isotonic,62
0,0.07763855589811493,0.02631578947368421,isotonic,62
0,0.16848859711464556,0.11538461538461539,isotonic,62
1,0.9378407088601527,1.0,isotonic,62
0,0.11485572723691502,0.03571428571428571,isotonic,62
1,0.9246475937007052,1.0,isotonic,62
1,0.9044858284181959,1.0,isotonic,62
1,0.9839513564685746,1.0,isotonic,62
0,0.15661267577118848,0.10655737704918032,isotonic,62
0,0.2674047439020534,0.2,isotonic,62
0,0.06794049470932723,0.020833333333333332,isotonic,62
0,0.4259634475213776,0.41350210970464135,isotonic,62
1,0.9248305379476753,1.0,isotonic,62
1,0.9820638578191879,1.0,isotonic,62
0,0.6059188005071435,0.5769230769230769,isotonic,62
0,0.46863373361332084,0.41350210970464135,isotonic,62
0,0.08854157872472868,0.02702702702702703,isotonic,62
0,0.21987700894437712,0.2,isotonic,62
1,0.9873231897658421,1.0,isotonic,62
1,0.9506024119564717,1.0,isotonic,62
0,0.2637975722363179,0.2,isotonic,62
1,0.9988716470844338,1.0,isotonic,62
1,0.8743674686827412,1.0,isotonic,62
