y_true,proba,proba_calibrated,calibration_method,seed
0,0.1993984217873354,0.16923076923076924,isotonic,72
0,0.06325077588765725,0.0,isotonic,72
1,0.802318343555595,1.0,isotonic,72
0,0.3702334684289873,0.2975206611570248,isotonic,72
0,0.18023460531610547,0.10810810810810811,isotonic,72
0,0.14552730408487183,0.0606060606060606,isotonic,72
0,0.19530025526932748,0.16923076923076924,isotonic,72
1,0.943137130547662,1.0,isotonic,72
1,0.34541296690224393,0.2975206611570248,isotonic,72
0,0.40594816670650297,0.39826839826839827,isotonic,72
0,0.22899076322303358,0.2,isotonic,72
1,0.9950023361448515,1.0,isotonic,72
0,0.07378632726133881,0.02830188679245283,isotonic,72
0,0.10065687875312716,0.047619047619047616,isotonic,72
1,0.9098406104153282,1.0,isotonic,72
1,0.4595189840783529,0.39826839826839827,isotonic,72
0,0.5618866054224629,0.5,isotonic,72
0,0.38350300029618234,0.39826839826839827,isotonic,72
0,0.13922983766663885,0.05142857142857143,isotonic,72
0,0.09866914213273727,0.047619047619047616,isotonic,72
1,0.9744912110086426,1.0,isotonic,72
1,0.9360662391753133,1.0,isotonic,72
1,0.9428417006528073,1.0,isotonic,72
1,0.9967174274532581,1.0,isotonic,72
0,0.38892711765983945,0.39826839826839827,isotonic,72
0,0.418650980452564,0.39826839826839827,isotonic,72
1,0.19738000415870655,0.16923076923076924,isotonic,72
1,0.9794021382829722,1.0,isotonic,72
1,0.18262287803199814,0.10810810810810811,isotonic,72
1,0.9572712939614145,1.0,isotonic,72
0,0.35948276101089055,0.2975206611570248,isotonic,72
0,0.15490757741657935,0.0606060606060606,isotonic,72
0,0.35210098042037447,0.2975206611570248,isotonic,72
0,0.13190287152334781,0.05142857142857143,isotonic,72
0,0.07952951020838984,0.02830188679245283,isotonic,72
1,0.991408981993265,1.0,isotonic,72
1,0.9423393159320612,1.0,isotonic,72
0,0.16840650324725023,0.0606060606060606,isotonic,72
0,0.2661235644016219,0.23703703703703705,isotonic,72
0,0.23621586072970704,0.21621621621621623,isotonic,72
0,0.34250771853255624,0.2975206611570248,isotonic,72
0,0.6543565121621001,0.8333333333333334,isotonic,72
0,0.28536479633276207,0.23703703703703705,isotonic,72
1,0.9591770046178305,1.0,isotonic,72
0,0.18050623248099587,0.10810810810810811,isotonic,72
1,0.35133901757152863,0.2975206611570248,isotonic,72
1,0.6297711671087481,0.8333333333333334,isotonic,72
0,0.4191853945224528,0.39826839826839827,isotonic,72
1,0.9961833359270967,1.0,isotonic,72
1,0.13806641388295304,0.05142857142857143,isotonic,72
1,0.64382189902359,0.8333333333333334,isotonic,72
0,0.26011434894927393,0.23703703703703705,isotonic,72
0,0.2807605523628042,0.23703703703703705,isotonic,72
1,0.9345832841114171,1.0,isotonic,72
0,0.0676034866172188,0.02830188679245283,isotonic,72
0,0.10625077361670283,0.05142857142857143,isotonic,72
1,0.9528064654910662,1.0,isotonic,72
1,0.9764604575299857,1.0,isotonic,72
1,0.9125311616199889,1.0,isotonic,72
0,0.10558636371020899,0.05142857142857143,isotonic,72
1,0.9346575315037217,1.0,isotonic,72
1,0.8687139402290255,1.0,isotonic,72
1,0.44964414245643713,0.39826839826839827,isotonic,72
0,0.17387784749714108,0.10810810810810811,isotonic,72
1,0.9630918970281745,1.0,isotonic,72
1,0.9022981133914639,1.0,isotonic,72
1,0.35839222303713153,0.2975206611570248,isotonic,72
0,0.3816669316242951,0.39826839826839827,isotonic,72
1,0.9456001915188968,1.0,isotonic,72
1,0.9890217344675404,1.0,isotonic,72
1,0.9372832527517477,1.0,isotonic,72
0,0.07174464200677529,0.02830188679245283,isotonic,72
1,0.9764604575299857,1.0,isotonic,72
1,0.8810214325018249,1.0,isotonic,72
1,0.9764604575299857,1.0,isotonic,72
0,0.15939984368327106,0.0606060606060606,isotonic,72
0,0.21252215938583502,0.19444444444444445,isotonic,72
1,0.5251987250677703,0.48717948717948717,isotonic,72
1,0.9539687183320426,1.0,isotonic,72
1,0.9989456953228726,1.0,isotonic,72
1,0.21335819721834298,0.19444444444444445,isotonic,72
0,0.3857492091901748,0.39826839826839827,isotonic,72
0,0.3765444681838754,0.39826839826839827,isotonic,72
0,0.6444851463235045,0.8333333333333334,isotonic,72
1,0.8085918545263894,1.0,isotonic,72
0,0.32389706205806235,0.24590163934426232,isotonic,72
1,0.2493428062096519,0.2222222222222222,isotonic,72
1,0.9764604575299857,1.0,isotonic,72
1,0.3700368285483258,0.2975206611570248,isotonic,72
0,0.055174008489306973,0.0,isotonic,72
1,0.4821427438423244,0.39826839826839827,isotonic,72
0,0.1938495628815373,0.125,isotonic,72
0,0.4487313485180334,0.39826839826839827,isotonic,72
0,0.10098932243080573,0.047619047619047616,isotonic,72
1,0.8748279021430526,1.0,isotonic,72
0,0.27324705610360206,0.23703703703703705,isotonic,72
0,0.36602804151779583,0.2975206611570248,isotonic,72
1,0.9960634503284259,1.0,isotonic,72
0,0.3412921457965612,0.2975206611570248,isotonic,72
0,0.13412815665656522,0.05142857142857143,isotonic,72
1,0.9346076312347575,1.0,isotonic,72
0,0.2990774382318494,0.23703703703703705,isotonic,72
1,0.4023645817035319,0.39826839826839827,isotonic,72
1,0.9037874573661198,1.0,isotonic,72
1,0.9826260669523492,1.0,isotonic,72
1,0.507753014728502,0.48717948717948717,isotonic,72
0,0.05273369992040639,0.0,isotonic,72
0,0.2622357153016864,0.23703703703703705,isotonic,72
0,0.3991504932506824,0.39826839826839827,isotonic,72
1,0.9072751356784702,1.0,isotonic,72
0,0.11787685762941628,0.05142857142857143,isotonic,72
0,0.098519577213442,0.047619047619047616,isotonic,72
1,0.992955717343389,1.0,isotonic,72
1,0.47557109868889824,0.39826839826839827,isotonic,72
0,0.14919498216285923,0.0606060606060606,isotonic,72
0,0.26125304117161935,0.23703703703703705,isotonic,72
0,0.20499509416383688,0.16923076923076924,isotonic,72
0,0.38661176428871197,0.39826839826839827,isotonic,72
1,0.9490629341021186,1.0,isotonic,72
1,0.5146694752131692,0.48717948717948717,isotonic,72
1,0.9900533923869272,1.0,isotonic,72
0,0.2196249135051395,0.19444444444444445,isotonic,72
1,0.9995335254316541,1.0,isotonic,72
0,0.2056707598694937,0.16923076923076924,isotonic,72
0,0.40571833920886946,0.39826839826839827,isotonic,72
1,0.9764604575299857,1.0,isotonic,72
1,0.9764604575299857,1.0,isotonic,72
0,0.3822210328518041,0.39826839826839827,isotonic,72
1,0.9764604575299857,1.0,isotonic,72
0,0.306107988556052,0.23703703703703705,isotonic,72
0,0.39417154013115197,0.39826839826839827,isotonic,72
1,0.8879465909808947,1.0,isotonic,72
0,0.47646805304558465,0.39826839826839827,isotonic,72
1,0.9044367943475065,1.0,isotonic,72
0,0.0658953422209984,0.02830188679245283,isotonic,72
1,0.17036673000371624,0.0606060606060606,isotonic,72
0,0.34434010451042324,0.2975206611570248,isotonic,72
0,0.15362433381074023,0.0606060606060606,isotonic,72
1,0.9764604575299857,1.0,isotonic,72
1,0.8806517638166154,1.0,isotonic,72
0,0.09432699442079072,0.047619047619047616,isotonic,72
0,0.054422865556883075,0.0,isotonic,72
0,0.06723434369883195,0.02830188679245283,isotonic,72
0,0.42762373460953085,0.39826839826839827,isotonic,72
1,0.5072422080450795,0.48717948717948717,isotonic,72
1,0.99987320977173,1.0,isotonic,72
1,0.9215411612151705,1.0,isotonic,72
1,0.9813823870211534,1.0,isotonic,72
1,0.9325743862021716,1.0,isotonic,72
0,0.3586014745935652,0.2975206611570248,isotonic,72
0,0.3368992668097467,0.2975206611570248,isotonic,72
0,0.1181300852819579,0.05142857142857143,isotonic,72
0,0.09055494499855636,0.047619047619047616,isotonic,72
1,0.15553222537893208,0.0606060606060606,isotonic,72
0,0.2323009413908717,0.21621621621621623,isotonic,72
1,0.917944448312796,1.0,isotonic,72
1,0.9126389334442826,1.0,isotonic,72
0,0.15613470599135998,0.0606060606060606,isotonic,72
1,0.914080859960279,1.0,isotonic,72
1,0.99087256582606,1.0,isotonic,72
0,0.3034902095284881,0.23703703703703705,isotonic,72
1,0.9873167517945789,1.0,isotonic,72
0,0.16451930343244348,0.0606060606060606,isotonic,72
0,0.22381988206027267,0.2,isotonic,72
1,0.9929894751720038,1.0,isotonic,72
1,0.9033617424071739,1.0,isotonic,72
1,0.9929638613070635,1.0,isotonic,72
1,0.9764604575299857,1.0,isotonic,72
1,0.486690469455345,0.39826839826839827,isotonic,72
0,0.1294902053472674,0.05142857142857143,isotonic,72
0,0.10810410677229827,0.05142857142857143,isotonic,72
0,0.3141765748662638,0.24590163934426232,isotonic,72
1,0.37574671112493724,0.39826839826839827,isotonic,72
1,0.9918818289273413,1.0,isotonic,72
0,0.2111191169947476,0.1759233510242662,isotonic,72
1,0.22058264268541825,0.19444444444444445,isotonic,72
1,0.9764604575299857,1.0,isotonic,72
1,0.9764604575299857,1.0,isotonic,72
0,0.056343240318845966,0.0,isotonic,72
0,0.22265629043455049,0.2,isotonic,72
1,0.9422959542195967,1.0,isotonic,72
0,0.26465156923382205,0.23703703703703705,isotonic,72
1,0.4379416454070216,0.39826839826839827,isotonic,72
0,0.13018031257488147,0.05142857142857143,isotonic,72
1,0.653545376444544,0.8333333333333334,isotonic,72
1,0.8983828331286685,1.0,isotonic,72
1,0.1943230168266862,0.16923076923076924,isotonic,72
1,0.9073301887536744,1.0,isotonic,72
0,0.147377620923121,0.0606060606060606,isotonic,72
0,0.09728770645091409,0.047619047619047616,isotonic,72
0,0.37340488540129146,0.2975206611570248,isotonic,72
1,0.9081471517445884,1.0,isotonic,72
0,0.06393112497315544,0.0,isotonic,72
1,0.9278516513061258,1.0,isotonic,72
1,0.4599139165372069,0.39826839826839827,isotonic,72
0,0.2452741708667495,0.2222222222222222,isotonic,72
0,0.24923818191297736,0.2222222222222222,isotonic,72
0,0.12536422116388696,0.05142857142857143,isotonic,72
0,0.2194586006394258,0.19444444444444445,isotonic,72
1,0.994692185581456,1.0,isotonic,72
0,0.4022335031553782,0.39826839826839827,isotonic,72
1,0.9764604575299857,1.0,isotonic,72
0,0.40153435360246326,0.39826839826839827,isotonic,72
1,0.9533218363953493,1.0,isotonic,72
1,0.8816781194930872,1.0,isotonic,72
0,0.17282756713346767,0.10810810810810811,isotonic,72
0,0.39931325946823903,0.39826839826839827,isotonic,72
0,0.17416157187691594,0.10810810810810811,isotonic,72
1,0.9747104396748348,1.0,isotonic,72
1,0.9538477394199121,1.0,isotonic,72
1,0.9002180882671337,1.0,isotonic,72
0,0.13110192013737426,0.05142857142857143,isotonic,72
0,0.23709152419125512,0.21621621621621623,isotonic,72
1,0.9764604575299857,1.0,isotonic,72
0,0.17775166927606076,0.10810810810810811,isotonic,72
1,0.9958076522879378,1.0,isotonic,72
1,0.3499825971474139,0.2975206611570248,isotonic,72
0,0.16559812352922326,0.0606060606060606,isotonic,72
1,0.9893238574181354,1.0,isotonic,72
0,0.0825662623980722,0.047619047619047616,isotonic,72
0,0.2951445206189807,0.23703703703703705,isotonic,72
1,0.9836360105533919,1.0,isotonic,72
0,0.10683608415400336,0.05142857142857143,isotonic,72
0,0.08068226196432363,0.02830188679245283,isotonic,72
1,0.6679636060939139,0.8508661021011268,isotonic,72
1,0.9517960981679202,1.0,isotonic,72
0,0.056704719692327196,0.0,isotonic,72
1,0.39915631315692207,0.39826839826839827,isotonic,72
0,0.15076935986803203,0.0606060606060606,isotonic,72
1,0.08387731557053431,0.047619047619047616,isotonic,72
1,0.9999300354638763,1.0,isotonic,72
1,0.513150266616611,0.48717948717948717,isotonic,72
1,0.3202215039353341,0.24590163934426232,isotonic,72
0,0.08763329209155513,0.047619047619047616,isotonic,72
1,0.13392270301688433,0.05142857142857143,isotonic,72
0,0.17077252388183642,0.0606060606060606,isotonic,72
1,0.9764604575299857,1.0,isotonic,72
0,0.46258693191069244,0.39826839826839827,isotonic,72
0,0.075818668619672,0.02830188679245283,isotonic,72
0,0.3715246140510062,0.2975206611570248,isotonic,72
0,0.28358058628139043,0.23703703703703705,isotonic,72
1,0.5256647568656605,0.48717948717948717,isotonic,72
1,0.986101529052481,1.0,isotonic,72
1,0.9127352115535211,1.0,isotonic,72
0,0.08482469374602154,0.047619047619047616,isotonic,72
1,0.9995789204559693,1.0,isotonic,72
1,0.24858711757411683,0.2222222222222222,isotonic,72
0,0.26812310811304196,0.23703703703703705,isotonic,72
1,0.9371294997361475,1.0,isotonic,72
0,0.09942227732192271,0.047619047619047616,isotonic,72
1,0.8967821648002458,1.0,isotonic,72
1,0.9563698180191902,1.0,isotonic,72
1,1.0,1.0,isotonic,72
0,0.14598140550044564,0.0606060606060606,isotonic,72
1,0.45692097688679356,0.39826839826839827,isotonic,72
0,0.2983375894426402,0.23703703703703705,isotonic,72
0,0.17442807772018526,0.10810810810810811,isotonic,72
0,0.1337017624935424,0.05142857142857143,isotonic,72
1,0.9992662327797617,1.0,isotonic,72
0,0.14536842697126603,0.0606060606060606,isotonic,72
1,0.9764604575299857,1.0,isotonic,72
1,0.43481501304883136,0.39826839826839827,isotonic,72
0,0.15911129641617724,0.0606060606060606,isotonic,72
0,0.17320231227473515,0.10810810810810811,isotonic,72
1,0.9999318564221028,1.0,isotonic,72
1,0.9081151466445897,1.0,isotonic,72
1,0.986582625094971,1.0,isotonic,72
0,0.08984303928502414,0.047619047619047616,isotonic,72
1,0.9394822576052938,1.0,isotonic,72
1,0.9375420405221524,1.0,isotonic,72
0,0.18492341287748323,0.125,isotonic,72
0,0.1845458089108215,0.10810810810810811,isotonic,72
0,0.29927824072670955,0.23703703703703705,isotonic,72
0,0.5323551687410004,0.49856154269700204,isotonic,72
0,0.11791604394842245,0.05142857142857143,isotonic,72
0,0.22764435577051573,0.2,isotonic,72
1,0.9108848995234147,1.0,isotonic,72
1,0.9427665920256552,1.0,isotonic,72
0,0.2097479530121312,0.16923076923076924,isotonic,72
1,0.9952132385137666,1.0,isotonic,72
0,0.15757326683604578,0.0606060606060606,isotonic,72
0,0.14847222232917676,0.0606060606060606,isotonic,72
1,0.9576031159761792,1.0,isotonic,72
1,0.9764604575299857,1.0,isotonic,72
1,0.9998440941691559,1.0,isotonic,72
0,0.13833220115370054,0.05142857142857143,isotonic,72
1,0.9396044823140072,1.0,isotonic,72
0,0.07547545517324468,0.02830188679245283,isotonic,72
0,0.11415367460034923,0.05142857142857143,isotonic,72
0,0.07043502494569072,0.02830188679245283,isotonic,72
1,0.9911001422740721,1.0,isotonic,72
0,0.17327398123709017,0.10810810810810811,isotonic,72
0,0.30272526676769473,0.23703703703703705,isotonic,72
0,0.08293569421203698,0.047619047619047616,isotonic,72
0,0.2603408766078986,0.23703703703703705,isotonic,72
0,0.3279460258874534,0.24590163934426232,isotonic,72
0,0.32287943555839843,0.24590163934426232,isotonic,72
0,0.06283293713297515,0.0,isotonic,72
1,0.4752281966260833,0.39826839826839827,isotonic,72
0,0.08714066449338509,0.047619047619047616,isotonic,72
1,0.9904132452792328,1.0,isotonic,72
0,0.1264115268933173,0.05142857142857143,isotonic,72
0,0.19879397715276428,0.16923076923076924,isotonic,72
1,0.32651428117200293,0.24590163934426232,isotonic,72
0,0.11842412569847859,0.05142857142857143,isotonic,72
0,0.27059476303828645,0.23703703703703705,isotonic,72
1,0.23021585739939912,0.20867003675568477,isotonic,72
0,0.11190873655287788,0.05142857142857143,isotonic,72
0,0.3088579276776589,0.24590163934426232,isotonic,72
1,0.48465385206774036,0.39826839826839827,isotonic,72
0,0.10124612581559068,0.047619047619047616,isotonic,72
0,0.17630378639750388,0.10810810810810811,isotonic,72
1,0.41360130386733257,0.39826839826839827,isotonic,72
1,0.28545031382215297,0.23703703703703705,isotonic,72
0,0.09131711267968676,0.047619047619047616,isotonic,72
0,0.15613415557493185,0.0606060606060606,isotonic,72
1,0.9776444473100672,1.0,isotonic,72
0,0.46366545915690105,0.39826839826839827,isotonic,72
0,0.2561415693581525,0.23076923076923078,isotonic,72
0,0.17246155266037835,0.10810810810810811,isotonic,72
1,0.9810403820676797,1.0,isotonic,72
0,0.13949219212949582,0.05142857142857143,isotonic,72
1,0.9167297296973177,1.0,isotonic,72
1,0.9288562042721827,1.0,isotonic,72
1,0.990811413117209,1.0,isotonic,72
0,0.15030863534831296,0.0606060606060606,isotonic,72
1,0.26546018894009565,0.23703703703703705,isotonic,72
0,0.23470167223077637,0.21621621621621623,isotonic,72
0,0.3507020378547748,0.2975206611570248,isotonic,72
0,0.19856657395835153,0.16923076923076924,isotonic,72
1,0.40368516417439065,0.39826839826839827,isotonic,72
1,0.9999300354638763,1.0,isotonic,72
1,0.9764604575299857,1.0,isotonic,72
0,0.20956393442054616,0.16923076923076924,isotonic,72
0,0.17251938392128927,0.10810810810810811,isotonic,72
1,0.21668927108991856,0.19444444444444445,isotonic,72
1,0.5078571442519378,0.48717948717948717,isotonic,72
1,0.935166478323545,1.0,isotonic,72
1,0.4826181818312662,0.39826839826839827,isotonic,72
0,0.05888571732336154,0.0,isotonic,72
0,0.08159697985811432,0.02830188679245283,isotonic,72
1,0.3367577367454508,0.2975206611570248,isotonic,72
1,0.9874223472309918,1.0,isotonic,72
1,0.9574497189246417,1.0,isotonic,72
1,0.9427979662474625,1.0,isotonic,72
0,0.1489020109809196,0.0606060606060606,isotonic,72
0,0.09215940914271072,0.047619047619047616,isotonic,72
0,0.2225233282101389,0.2,isotonic,72
1,0.8864250096576888,1.0,isotonic,72
0,0.06334700885331855,0.0,isotonic,72
1,0.45541118992228186,0.39826839826839827,isotonic,72
1,0.2939633971862233,0.23703703703703705,isotonic,72
1,0.932194405495028,1.0,isotonic,72
1,0.5254125337153642,0.48717948717948717,isotonic,72
0,0.362090314013606,0.2975206611570248,isotonic,72
1,0.4514650654040153,0.39826839826839827,isotonic,72
0,0.05609778996417686,0.0,isotonic,72
0,0.0638847421184129,0.0,isotonic,72
1,0.8941991777963212,1.0,isotonic,72
0,0.3886174947005757,0.39826839826839827,isotonic,72
1,0.3482895789108748,0.2975206611570248,isotonic,72
0,0.050681065366365435,0.0,isotonic,72
0,0.20122476575665962,0.16923076923076924,isotonic,72
0,0.09779088400003062,0.047619047619047616,isotonic,72
1,0.8846857301881664,1.0,isotonic,72
0,0.1880054775232268,0.125,isotonic,72
0,0.3118954855727347,0.24590163934426232,isotonic,72
1,0.22483481535651081,0.2,isotonic,72
0,0.4997532007480951,0.48717948717948717,isotonic,72
0,0.465079718601648,0.39826839826839827,isotonic,72
0,0.16277521767640915,0.0606060606060606,isotonic,72
1,0.9215523610902406,1.0,isotonic,72
1,0.13936880747106664,0.05142857142857143,isotonic,72
1,0.9958050422922871,1.0,isotonic,72
1,0.9962007870753954,1.0,isotonic,72
1,0.10732582080485317,0.05142857142857143,isotonic,72
1,0.3315744002793705,0.2975206611570248,isotonic,72
1,0.9493847508753513,1.0,isotonic,72
0,0.07971394164510076,0.02830188679245283,isotonic,72
1,0.9939596372200191,1.0,isotonic,72
1,0.922042040923436,1.0,isotonic,72
1,0.9445380095684502,1.0,isotonic,72
0,0.11678799504411591,0.05142857142857143,isotonic,72
0,0.5118659353137525,0.48717948717948717,isotonic,72
1,0.8982649563145481,1.0,isotonic,72
0,0.15915079018389616,0.0606060606060606,isotonic,72
1,0.503149109597724,0.48717948717948717,isotonic,72
0,0.23411531881015052,0.21621621621621623,isotonic,72
1,0.4248764123335992,0.39826839826839827,isotonic,72
0,0.20393091374627195,0.16923076923076924,isotonic,72
1,0.8753410883082317,1.0,isotonic,72
0,0.21175703056578007,0.19444444444444445,isotonic,72
0,0.13606408857452068,0.05142857142857143,isotonic,72
1,0.9877857960381342,1.0,isotonic,72
1,0.5080469734229321,0.48717948717948717,isotonic,72
1,0.9764604575299857,1.0,isotonic,72
0,0.17758493360129404,0.10810810810810811,isotonic,72
0,0.2859531422627102,0.23703703703703705,isotonic,72
0,0.14371742182382133,0.0606060606060606,isotonic,72
0,0.08710376883339335,0.047619047619047616,isotonic,72
0,0.5960990206690093,0.8333333333333334,isotonic,72
1,0.9502081444758418,1.0,isotonic,72
0,0.33993072306937555,0.2975206611570248,isotonic,72
0,0.15555294135880915,0.0606060606060606,isotonic,72
1,0.9093745044213897,1.0,isotonic,72
1,0.15084039389900297,0.0606060606060606,isotonic,72
0,0.08813024264497635,0.047619047619047616,isotonic,72
0,0.10087987537815657,0.047619047619047616,isotonic,72
0,0.09326767476701718,0.047619047619047616,isotonic,72
0,0.14429754745047846,0.0606060606060606,isotonic,72
1,0.9868888262660496,1.0,isotonic,72
0,0.3167967819302172,0.24590163934426232,isotonic,72
0,0.2988051020415455,0.23703703703703705,isotonic,72
1,0.8756715792858171,1.0,isotonic,72
1,0.9535998843909402,1.0,isotonic,72
0,0.35964346104927547,0.2975206611570248,isotonic,72
1,0.4329720945498189,0.39826839826839827,isotonic,72
1,0.3466929981135182,0.2975206611570248,isotonic,72
1,0.5651715715024701,0.5,isotonic,72
0,0.2698354127786509,0.23703703703703705,isotonic,72
1,0.9917946690406666,1.0,isotonic,72
0,0.47459128870924133,0.39826839826839827,isotonic,72
0,0.42979903448074824,0.39826839826839827,isotonic,72
0,0.4568729177634552,0.39826839826839827,isotonic,72
1,0.9469512124954901,1.0,isotonic,72
0,0.18078502260630128,0.10810810810810811,isotonic,72
1,0.9665590199815814,1.0,isotonic,72
0,0.16858647809658167,0.0606060606060606,isotonic,72
1,0.28598971157449893,0.23703703703703705,isotonic,72
1,0.9073657860534204,1.0,isotonic,72
1,0.9981881278695769,1.0,isotonic,72
1,0.9954600167832702,1.0,isotonic,72
0,0.3644477719146265,0.2975206611570248,isotonic,72
1,0.9764604575299857,1.0,isotonic,72
0,0.16786371478406828,0.0606060606060606,isotonic,72
1,0.932640867135567,1.0,isotonic,72
1,0.9441363064537457,1.0,isotonic,72
1,0.38957483084081557,0.39826839826839827,isotonic,72
1,0.9764604575299857,1.0,isotonic,72
0,0.18321848213078595,0.10810810810810811,isotonic,72
1,0.19897114717346387,0.16923076923076924,isotonic,72
0,0.2994683469048788,0.23703703703703705,isotonic,72
0,0.07459716649013223,0.02830188679245283,isotonic,72
1,0.28777905868397774,0.23703703703703705,isotonic,72
1,0.5877074098456789,0.8333333333333334,isotonic,72
0,0.24852199069022315,0.2222222222222222,isotonic,72
1,0.8386256015516734,1.0,isotonic,72
1,0.9239551025028238,1.0,isotonic,72
0,0.28070488492775025,0.23703703703703705,isotonic,72
1,0.9158102881945488,1.0,isotonic,72
1,0.9361178208345042,1.0,isotonic,72
1,0.9764604575299857,1.0,isotonic,72
1,0.13504810944187903,0.05142857142857143,isotonic,72
0,0.3311349755078924,0.2975206611570248,isotonic,72
0,0.13684792631785286,0.05142857142857143,isotonic,72
1,0.8945181871886073,1.0,isotonic,72
0,0.25462362451743337,0.23076923076923078,isotonic,72
1,0.9891275593520311,1.0,isotonic,72
0,0.3548881484904552,0.2975206611570248,isotonic,72
1,0.45694663036951016,0.39826839826839827,isotonic,72
1,0.9945494204595339,1.0,isotonic,72
0,0.1911211581208719,0.125,isotonic,72
0,0.054922348905779114,0.0,isotonic,72
1,0.9764604575299857,1.0,isotonic,72
0,0.2483741017568186,0.2222222222222222,isotonic,72
1,0.9764604575299857,1.0,isotonic,72
0,0.3236727238879729,0.24590163934426232,isotonic,72
0,0.11194346120151974,0.05142857142857143,isotonic,72
1,0.8987292805526956,1.0,isotonic,72
1,0.9316407957474143,1.0,isotonic,72
0,0.4224368119611066,0.39826839826839827,isotonic,72
1,0.9945102059753852,1.0,isotonic,72
0,0.14425385383300846,0.0606060606060606,isotonic,72
0,0.21583309196313985,0.19444444444444445,isotonic,72
0,0.2013341653082674,0.16923076923076924,isotonic,72
0,0.2207088281342646,0.19444444444444445,isotonic,72
0,0.14504781640645115,0.0606060606060606,isotonic,72
1,0.9970197448550935,1.0,isotonic,72
0,0.0924904394893469,0.047619047619047616,isotonic,72
0,0.2654943836538945,0.23703703703703705,isotonic,72
0,0.17978064848286357,0.10810810810810811,isotonic,72
0,0.23761917439839395,0.21621621621621623,isotonic,72
0,0.30845258819870425,0.24590163934426232,isotonic,72
0,0.05527185080651736,0.0,isotonic,72
0,0.1426032734067621,0.05142857142857143,isotonic,72
0,0.2198728127992159,0.19444444444444445,isotonic,72
0,0.09862703156598678,0.047619047619047616,isotonic,72
1,0.9867141357773584,1.0,isotonic,72
0,0.18661592635379484,0.125,isotonic,72
1,0.9326245471398882,1.0,isotonic,72
0,0.06931857502729219,0.02830188679245283,isotonic,72
0,0.16256594069581354,0.0606060606060606,isotonic,72
1,0.992036254776733,1.0,isotonic,72
0,0.09459857225709184,0.047619047619047616,isotonic,72
1,0.9162304848634593,1.0,isotonic,72
0,0.1318279024945564,0.05142857142857143,isotonic,72
0,0.3443760131612703,0.2975206611570248,isotonic,72
1,0.9859575348116401,1.0,isotonic,72
1,0.9939256091041968,1.0,isotonic,72
1,0.9416387241092716,1.0,isotonic,72
1,0.22372329831481105,0.2,isotonic,72
1,0.996852823431614,1.0,isotonic,72
0,0.221907383426641,0.2,isotonic,72
1,0.22322485727775065,0.2,isotonic,72
0,0.07242351660045976,0.02830188679245283,isotonic,72
1,0.9984526179400435,1.0,isotonic,72
0,0.23980243076119787,0.21621621621621623,isotonic,72
0,0.26184042635485694,0.23703703703703705,isotonic,72
1,0.9764604575299857,1.0,isotonic,72
0,0.15667770570374187,0.0606060606060606,isotonic,72
0,0.11034402291671325,0.05142857142857143,isotonic,72
1,0.8819772225922319,1.0,isotonic,72
0,0.10040836692108358,0.047619047619047616,isotonic,72
0,0.20289296613129784,0.16923076923076924,isotonic,72
0,0.06835636410586646,0.02830188679245283,isotonic,72
1,0.9763006728749419,1.0,isotonic,72
1,0.9913835530701518,1.0,isotonic,72
1,0.9487553408311888,1.0,isotonic,72
1,0.3279525213097784,0.24590163934426232,isotonic,72
0,0.25526470404728774,0.23076923076923078,isotonic,72
0,0.2623359299646778,0.23703703703703705,isotonic,72
0,0.1754045441377943,0.10810810810810811,isotonic,72
1,0.9837826172188244,1.0,isotonic,72
1,0.999729504169679,1.0,isotonic,72
0,0.3974424671077152,0.39826839826839827,isotonic,72
1,0.32173798708743273,0.24590163934426232,isotonic,72
1,0.9764604575299857,1.0,isotonic,72
1,0.9520199410845382,1.0,isotonic,72
0,0.13054690893991133,0.05142857142857143,isotonic,72
0,0.1227297947080397,0.05142857142857143,isotonic,72
0,0.31846976031544055,0.24590163934426232,isotonic,72
1,0.9338096765098707,1.0,isotonic,72
1,0.9171535053009391,1.0,isotonic,72
1,0.947431663538752,1.0,isotonic,72
0,0.09188084828117499,0.047619047619047616,isotonic,72
1,0.5204391194500929,0.48717948717948717,isotonic,72
0,0.17272257732127835,0.10810810810810811,isotonic,72
1,0.23362813867258367,0.21621621621621623,isotonic,72
1,0.8900204446809911,1.0,isotonic,72
0,0.10564912076685479,0.05142857142857143,isotonic,72
1,0.8878697118448613,1.0,isotonic,72
0,0.24327918424485978,0.22125522860144944,isotonic,72
0,0.11926316386762598,0.05142857142857143,isotonic,72
0,0.09505463308548882,0.047619047619047616,isotonic,72
0,0.2002508099896199,0.16923076923076924,isotonic,72
0,0.5141524441966286,0.48717948717948717,isotonic,72
1,0.5731563414846312,0.6666666666666666,isotonic,72
1,0.9343997666180814,1.0,isotonic,72
0,0.4186802337930599,0.39826839826839827,isotonic,72
1,0.9917253837958558,1.0,isotonic,72
0,0.5452655117996486,0.5,isotonic,72
0,0.17115352222121943,0.07688697073182903,isotonic,72
1,0.2342282021940383,0.21621621621621623,isotonic,72
0,0.5688548602707512,0.6666666666666666,isotonic,72
0,0.11058664922497231,0.05142857142857143,isotonic,72
1,0.4184231414302681,0.39826839826839827,isotonic,72
0,0.5074365863520087,0.48717948717948717,isotonic,72
1,0.9764604575299857,1.0,isotonic,72
1,0.9337690341029927,1.0,isotonic,72
1,0.8811666021198991,1.0,isotonic,72
0,0.5121609533112813,0.48717948717948717,isotonic,72
1,0.9876244820721306,1.0,isotonic,72
1,0.3007394354504788,0.23703703703703705,isotonic,72
0,0.2364475887994043,0.21621621621621623,isotonic,72
0,0.2716435637184058,0.23703703703703705,isotonic,72
0,0.0633665632956281,0.0,isotonic,72
1,0.3273778770413179,0.24590163934426232,isotonic,72
0,0.48432778516643016,0.39826839826839827,isotonic,72
0,0.587014338515121,0.8333333333333334,isotonic,72
1,0.9917543746695964,1.0,isotonic,72
1,0.948403680737948,1.0,isotonic,72
1,0.26173153875937366,0.23703703703703705,isotonic,72
1,0.25746714643280405,0.23076923076923078,isotonic,72
1,0.9893472631742075,1.0,isotonic,72
0,0.26127866119582954,0.23703703703703705,isotonic,72
0,0.22412588298703098,0.2,isotonic,72
1,0.8677744761666251,1.0,isotonic,72
0,0.05802776629460721,0.0,isotonic,72
1,0.21545176134257413,0.19444444444444445,isotonic,72
1,0.37475856278933295,0.2975206611570248,isotonic,72
0,0.06344908413277402,0.0,isotonic,72
1,0.9471539459167552,1.0,isotonic,72
0,0.05993396492526127,0.0,isotonic,72
0,0.06270912841216579,0.0,isotonic,72
0,0.25620417883518154,0.23076923076923078,isotonic,72
0,0.2139064855650622,0.19444444444444445,isotonic,72
0,0.26408915126495663,0.23703703703703705,isotonic,72
0,0.39602241729638554,0.39826839826839827,isotonic,72
1,0.8746599914813826,1.0,isotonic,72
1,0.6356266990077244,0.8333333333333334,isotonic,72
0,0.11935904567707889,0.05142857142857143,isotonic,72
1,0.3253109237631399,0.24590163934426232,isotonic,72
1,0.8493670453797383,1.0,isotonic,72
1,0.22153846474163952,0.19444444444444445,isotonic,72
0,0.07623291114498239,0.02830188679245283,isotonic,72
0,0.07363395176917215,0.02830188679245283,isotonic,72
1,0.9898510373634449,1.0,isotonic,72
1,0.9453356283689022,1.0,isotonic,72
0,0.12711995446311933,0.05142857142857143,isotonic,72
1,0.9957034416019304,1.0,isotonic,72
1,0.9862562767757401,1.0,isotonic,72
1,0.9200726982645306,1.0,isotonic,72
1,0.9764604575299857,1.0,isotonic,72
0,0.1345039148917192,0.05142857142857143,isotonic,72
0,0.06221877592421952,0.0,isotonic,72
0,0.5156156950124632,0.48717948717948717,isotonic,72
0,0.3179207338544481,0.24590163934426232,isotonic,72
1,0.23408663208286176,0.21621621621621623,isotonic,72
0,0.12323306786423965,0.05142857142857143,isotonic,72
1,0.9764604575299857,1.0,isotonic,72
0,0.3747337476192235,0.2975206611570248,isotonic,72
0,0.5286241200171387,0.48717948717948717,isotonic,72
1,0.9890612174838308,1.0,isotonic,72
1,0.8914994519919482,1.0,isotonic,72
1,0.6398453646704995,0.8333333333333334,isotonic,72
1,0.9400144086183023,1.0,isotonic,72
1,0.1781045192271963,0.10810810810810811,isotonic,72
1,0.9359947589069215,1.0,isotonic,72
1,0.98270125244059,1.0,isotonic,72
1,0.9983066104089232,1.0,isotonic,72
1,0.9866549001362572,1.0,isotonic,72
1,0.9931309579747362,1.0,isotonic,72
1,0.9419079696187642,1.0,isotonic,72
0,0.1577671433129912,0.0606060606060606,isotonic,72
0,0.08652329269700235,0.047619047619047616,isotonic,72
0,0.1922753257124271,0.125,isotonic,72
1,0.9355829119632553,1.0,isotonic,72
0,0.062097180923893776,0.0,isotonic,72
0,0.16867522249122366,0.0606060606060606,isotonic,72
0,0.12171565553470508,0.05142857142857143,isotonic,72
0,0.307734861274726,0.2418595659796941,isotonic,72
1,0.945113243783582,1.0,isotonic,72
1,0.3895444410083317,0.39826839826839827,isotonic,72
1,0.9821194404271402,1.0,isotonic,72
1,0.9414192300589739,1.0,isotonic,72
0,0.21164725355932262,0.19444444444444445,isotonic,72
0,0.3103278849555716,0.24590163934426232,isotonic,72
1,0.9764604575299857,1.0,isotonic,72
0,0.5350507956410763,0.5,isotonic,72
1,0.4907224744629232,0.39826839826839827,isotonic,72
1,0.8785751574389317,1.0,isotonic,72
0,0.3801026567974944,0.39826839826839827,isotonic,72
1,0.23954370673537176,0.21621621621621623,isotonic,72
0,0.3524005942779097,0.2975206611570248,isotonic,72
0,0.1933980378433541,0.125,isotonic,72
1,0.9113179548255316,1.0,isotonic,72
1,0.9764604575299857,1.0,isotonic,72
0,0.18560370100125967,0.125,isotonic,72
0,0.13703432183154976,0.05142857142857143,isotonic,72
1,0.9764604575299857,1.0,isotonic,72
0,0.05430832220540188,0.0,isotonic,72
0,0.5042866248699356,0.48717948717948717,isotonic,72
0,0.23093215811448778,0.21621621621621623,isotonic,72
0,0.19480369445287526,0.16923076923076924,isotonic,72
1,0.9764604575299857,1.0,isotonic,72
1,0.36480652547434855,0.2975206611570248,isotonic,72
0,0.4814417707300857,0.39826839826839827,isotonic,72
1,0.9764604575299857,1.0,isotonic,72
0,0.21578774330193742,0.19444444444444445,isotonic,72
0,0.4116491576082577,0.39826839826839827,isotonic,72
0,0.3947856205958347,0.39826839826839827,isotonic,72
0,0.06974620985911419,0.02830188679245283,isotonic,72
1,0.2597983969575662,0.23703703703703705,isotonic,72
1,0.9998282021274307,1.0,isotonic,72
0,0.2501026845590571,0.23076923076923078,isotonic,72
1,0.30847864742306574,0.24590163934426232,isotonic,72
0,0.12556219389970955,0.05142857142857143,isotonic,72
0,0.13130521336555645,0.05142857142857143,isotonic,72
0,0.1187488467025639,0.05142857142857143,isotonic,72
0,0.08534573372559759,0.047619047619047616,isotonic,72
0,0.18688992355761952,0.125,isotonic,72
0,0.11787258282510614,0.05142857142857143,isotonic,72
1,0.9764604575299857,1.0,isotonic,72
1,0.9884158435886328,1.0,isotonic,72
0,0.3677952650532337,0.2975206611570248,isotonic,72
1,0.9948945712436925,1.0,isotonic,72
1,0.9843224429988957,1.0,isotonic,72
0,0.16671148966019364,0.0606060606060606,isotonic,72
0,0.1871525008478159,0.125,isotonic,72
0,0.25950205250744596,0.2365663261690838,isotonic,72
0,0.06914622097586386,0.02830188679245283,isotonic,72
0,0.12429550762706248,0.05142857142857143,isotonic,72
0,0.4596735453536585,0.39826839826839827,isotonic,72
0,0.07844984869968047,0.02830188679245283,isotonic,72
0,0.17791750297006306,0.10810810810810811,isotonic,72
0,0.18227519655183927,0.10810810810810811,isotonic,72
1,0.12156160046283712,0.05142857142857143,isotonic,72
0,0.23018509278583058,0.2076760252633345,isotonic,72
1,0.9564551243075755,1.0,isotonic,72
0,0.10683519988595781,0.05142857142857143,isotonic,72
1,0.9764604575299857,1.0,isotonic,72
1,0.9764604575299857,1.0,isotonic,72
1,0.9902768685285476,1.0,isotonic,72
1,0.9764604575299857,1.0,isotonic,72
0,0.2818144443450316,0.23703703703703705,isotonic,72
1,0.881739213439569,1.0,isotonic,72
0,0.1727334579853719,0.10810810810810811,isotonic,72
0,0.3350672906220418,0.2975206611570248,isotonic,72
0,0.2079684157435981,0.16923076923076924,isotonic,72
0,0.06227571712657981,0.0,isotonic,72
1,0.241601586827319,0.21621621621621623,isotonic,72
1,0.9764604575299857,1.0,isotonic,72
0,0.25368811367451016,0.23076923076923078,isotonic,72
1,0.4196569574294678,0.39826839826839827,isotonic,72
1,0.11804025934744847,0.05142857142857143,isotonic,72
0,0.43903334807102773,0.39826839826839827,isotonic,72
1,0.369807424541289,0.2975206611570248,isotonic,72
0,0.16866785271152965,0.0606060606060606,isotonic,72
1,0.9081181874087353,1.0,isotonic,72
1,0.9937330817704079,1.0,isotonic,72
0,0.2809903765755134,0.23703703703703705,isotonic,72
1,0.5964381329887531,0.8333333333333334,isotonic,72
1,0.9965048960455829,1.0,isotonic,72
0,0.3017411105235294,0.23703703703703705,isotonic,72
1,0.9948554889054234,1.0,isotonic,72
0,0.0985266424574819,0.047619047619047616,isotonic,72
0,0.16367135740970556,0.0606060606060606,isotonic,72
0,0.07435528935795954,0.02830188679245283,isotonic,72
0,0.07042410762754903,0.02830188679245283,isotonic,72
1,0.9941522567720633,1.0,isotonic,72
0,0.31397606618420665,0.24590163934426232,isotonic,72
0,0.353815272681631,0.2975206611570248,isotonic,72
0,0.05402340770943861,0.0,isotonic,72
1,0.49864224992084927,0.48717948717948717,isotonic,72
1,0.9915246008084064,1.0,isotonic,72
0,0.05597371931538056,0.0,isotonic,72
0,0.17237857721699373,0.10810810810810811,isotonic,72
1,0.17864868522238017,0.10810810810810811,isotonic,72
0,0.41934238605128094,0.39826839826839827,isotonic,72
0,0.19900121999931464,0.16923076923076924,isotonic,72
0,0.17227321719904104,0.10810810810810811,isotonic,72
1,0.34280423645220365,0.2975206611570248,isotonic,72
1,0.9915885943190433,1.0,isotonic,72
1,0.9458423605780072,1.0,isotonic,72
0,0.11995855927534525,0.05142857142857143,isotonic,72
1,0.9855556190872773,1.0,isotonic,72
1,0.9940191033342722,1.0,isotonic,72
1,0.9119477385075557,1.0,isotonic,72
1,0.9968976476334207,1.0,isotonic,72
1,0.9382096555208723,1.0,isotonic,72
1,0.37067043901436686,0.2975206611570248,isotonic,72
0,0.13559850730384013,0.05142857142857143,isotonic,72
0,0.21902437323139282,0.19444444444444445,isotonic,72
0,0.23212768086722865,0.21621621621621623,isotonic,72
0,0.2742816741134503,0.23703703703703705,isotonic,72
1,0.9433983672200763,1.0,isotonic,72
1,0.9955753828690568,1.0,isotonic,72
0,0.3142843103930624,0.24590163934426232,isotonic,72
1,0.9764604575299857,1.0,isotonic,72
0,0.40918747297785507,0.39826839826839827,isotonic,72
0,0.29292295310465927,0.23703703703703705,isotonic,72
1,0.43691685704864314,0.39826839826839827,isotonic,72
1,0.9320024812417976,1.0,isotonic,72
0,0.36724355783336254,0.2975206611570248,isotonic,72
0,0.1102675083987154,0.05142857142857143,isotonic,72
1,0.979479324149882,1.0,isotonic,72
1,0.3514535425049011,0.2975206611570248,isotonic,72
0,0.11251397493296347,0.05142857142857143,isotonic,72
0,0.0708254650396991,0.02830188679245283,isotonic,72
1,0.5392841823213308,0.5,isotonic,72
1,0.9017869105849612,1.0,isotonic,72
1,0.9896111513596079,1.0,isotonic,72
0,0.41944786758258185,0.39826839826839827,isotonic,72
0,0.18007398241230826,0.10810810810810811,isotonic,72
1,0.22015771023210842,0.19444444444444445,isotonic,72
0,0.13144207042897368,0.05142857142857143,isotonic,72
1,0.9887967040578792,1.0,isotonic,72
1,0.8739662949752468,1.0,isotonic,72
1,0.9921478144801424,1.0,isotonic,72
1,0.3706298292334212,0.2975206611570248,isotonic,72
0,0.10072325098776458,0.047619047619047616,isotonic,72
1,0.421601482158472,0.39826839826839827,isotonic,72
0,0.056116134395691235,0.0,isotonic,72
0,0.07899980280206342,0.02830188679245283,isotonic,72
0,0.09793060516164065,0.047619047619047616,isotonic,72
0,0.24243769895457126,0.21621621621621623,isotonic,72
1,0.15235637388835094,0.0606060606060606,isotonic,72
0,0.18465765040763496,0.10810810810810811,isotonic,72
0,0.2643882425061641,0.23703703703703705,isotonic,72
0,0.35305802787907553,0.2975206611570248,isotonic,72
0,0.07977195445526881,0.02830188679245283,isotonic,72
1,0.9336699816314823,1.0,isotonic,72
1,0.9443663822097572,1.0,isotonic,72
1,0.9764604575299857,1.0,isotonic,72
1,0.9176038143189461,1.0,isotonic,72
1,0.5357608781523147,0.5,isotonic,72
1,0.9423835583890396,1.0,isotonic,72
1,0.9900617363161384,1.0,isotonic,72
1,0.3797448740557102,0.39826839826839827,isotonic,72
1,0.9764604575299857,1.0,isotonic,72
0,0.16331148410759116,0.0606060606060606,isotonic,72
0,0.3712323084603072,0.2975206611570248,isotonic,72
1,0.9764604575299857,1.0,isotonic,72
1,0.3941908998414367,0.39826839826839827,isotonic,72
0,0.29278483807435496,0.23703703703703705,isotonic,72
1,0.9962881620134533,1.0,isotonic,72
0,0.05317922527281476,0.0,isotonic,72
0,0.39782267933684456,0.39826839826839827,isotonic,72
1,0.9878269851617734,1.0,isotonic,72
0,0.29698697252386597,0.23703703703703705,isotonic,72
0,0.11833432104194372,0.05142857142857143,isotonic,72
0,0.36879522962451783,0.2975206611570248,isotonic,72
1,0.22932727196883987,0.2,isotonic,72
0,0.47115171607461653,0.39826839826839827,isotonic,72
0,0.2097295011231395,0.16923076923076924,isotonic,72
0,0.11237001977242206,0.05142857142857143,isotonic,72
1,0.993971313451329,1.0,isotonic,72
0,0.33387855729824706,0.2975206611570248,isotonic,72
1,0.8982434550327167,1.0,isotonic,72
0,0.17077113739044208,0.0606060606060606,isotonic,72
1,0.9960851123353329,1.0,isotonic,72
1,0.9998440941691559,1.0,isotonic,72
0,0.3897108435903642,0.39826839826839827,isotonic,72
0,0.4887403298954449,0.39826839826839827,isotonic,72
0,0.10630532018364516,0.05142857142857143,isotonic,72
0,0.3400351039513155,0.2975206611570248,isotonic,72
0,0.28180915086838404,0.23703703703703705,isotonic,72
0,0.14469337653566472,0.0606060606060606,isotonic,72
1,0.993047447981948,1.0,isotonic,72
0,0.16067629003164155,0.0606060606060606,isotonic,72
0,0.14699962445795048,0.0606060606060606,isotonic,72
0,0.2696893748914773,0.23703703703703705,isotonic,72
0,0.4713962664301877,0.39826839826839827,isotonic,72
1,0.9106111246128228,1.0,isotonic,72
1,0.9068650673114371,1.0,isotonic,72
1,0.9764604575299857,1.0,isotonic,72
0,0.5641898903694905,0.5,isotonic,72
0,0.06094078690020298,0.0,isotonic,72
1,0.9985301312811555,1.0,isotonic,72
1,0.9258231667951423,1.0,isotonic,72
1,0.9764604575299857,1.0,isotonic,72
0,0.0774199388885675,0.02830188679245283,isotonic,72
1,0.3949079701590547,0.39826839826839827,isotonic,72
0,0.2716338700826753,0.23703703703703705,isotonic,72
0,0.23661684249438744,0.21621621621621623,isotonic,72
1,0.10417730541400044,0.05142857142857143,isotonic,72
1,0.2645028103781304,0.23703703703703705,isotonic,72
0,0.26620446461850866,0.23703703703703705,isotonic,72
1,0.9447040188187801,1.0,isotonic,72
1,0.9511859892309451,1.0,isotonic,72
0,0.17636470014911404,0.10810810810810811,isotonic,72
1,0.9208977692301911,1.0,isotonic,72
1,0.864637874271152,1.0,isotonic,72
0,0.09731700483588594,0.047619047619047616,isotonic,72
1,0.9310640651490705,1.0,isotonic,72
0,0.10197524498865888,0.047619047619047616,isotonic,72
1,0.21166223589155925,0.19444444444444445,isotonic,72
0,0.0682646832365935,0.02830188679245283,isotonic,72
0,0.3026432856833454,0.23703703703703705,isotonic,72
1,0.4986622334440333,0.48717948717948717,isotonic,72
0,0.12122282800778329,0.05142857142857143,isotonic,72
1,0.997277239262606,1.0,isotonic,72
0,0.2949987982411039,0.23703703703703705,isotonic,72
0,0.1173253455209749,0.05142857142857143,isotonic,72
0,0.07580431567920161,0.02830188679245283,isotonic,72
1,0.6243187229997198,0.8333333333333334,isotonic,72
0,0.08292168476131985,0.047619047619047616,isotonic,72
0,0.07851406322006754,0.02830188679245283,isotonic,72
0,0.16584547466508,0.0606060606060606,isotonic,72
0,0.07572427675896928,0.02830188679245283,isotonic,72
0,0.13202397045983466,0.05142857142857143,isotonic,72
0,0.27506319021366454,0.23703703703703705,isotonic,72
0,0.15597280467237404,0.0606060606060606,isotonic,72
1,0.7275374577860682,1.0,isotonic,72
1,0.8906763808328994,1.0,isotonic,72
0,0.3459221211896543,0.2975206611570248,isotonic,72
0,0.19531279314909425,0.16923076923076924,isotonic,72
1,0.9098747975851365,1.0,isotonic,72
0,0.06673502908414738,0.02830188679245283,isotonic,72
1,0.17015519573337193,0.0606060606060606,isotonic,72
1,0.3994729109025724,0.39826839826839827,isotonic,72
0,0.1683388094329909,0.0606060606060606,isotonic,72
1,0.9947830439421653,1.0,isotonic,72
0,0.06484186537911799,0.0,isotonic,72
0,0.1835969320106581,0.10810810810810811,isotonic,72
0,0.33927756390558017,0.2975206611570248,isotonic,72
1,0.8761068983333057,1.0,isotonic,72
0,0.07556455121037496,0.02830188679245283,isotonic,72
0,0.3148013393937698,0.24590163934426232,isotonic,72
1,0.9764604575299857,1.0,isotonic,72
0,0.3178781863398326,0.24590163934426232,isotonic,72
0,0.14825630435316697,0.0606060606060606,isotonic,72
1,0.4093866734748596,0.39826839826839827,isotonic,72
0,0.2516205985996417,0.23076923076923078,isotonic,72
0,0.10754544908950203,0.05142857142857143,isotonic,72
0,0.43955812210278045,0.39826839826839827,isotonic,72
0,0.110654052667392,0.05142857142857143,isotonic,72
0,0.1410055670531567,0.05142857142857143,isotonic,72
1,0.9849813261384717,1.0,isotonic,72
1,0.99391186160001,1.0,isotonic,72
0,0.06987283941440106,0.02830188679245283,isotonic,72
1,0.9062982475300947,1.0,isotonic,72
1,0.9988539907594504,1.0,isotonic,72
0,0.4294282791225363,0.39826839826839827,isotonic,72
0,0.06308284654523084,0.0,isotonic,72
1,0.9310874404502287,1.0,isotonic,72
0,0.5242653567907956,0.48717948717948717,isotonic,72
1,0.6368010222653294,0.8333333333333334,isotonic,72
0,0.2716111217754685,0.23703703703703705,isotonic,72
0,0.3724994128582248,0.2975206611570248,isotonic,72
1,0.758266769654249,1.0,isotonic,72
1,0.9320494687070914,1.0,isotonic,72
0,0.14225496392176273,0.05142857142857143,isotonic,72
0,0.06343101575552512,0.0,isotonic,72
1,0.9866201185594389,1.0,isotonic,72
0,0.1951780306137996,0.16923076923076924,isotonic,72
0,0.08300865490284234,0.047619047619047616,isotonic,72
0,0.35794879146920516,0.2975206611570248,isotonic,72
1,0.8566380954189602,1.0,isotonic,72
0,0.2144223803218034,0.19444444444444445,isotonic,72
0,0.218248208197757,0.19444444444444445,isotonic,72
0,0.25882177421925817,0.23076923076923078,isotonic,72
0,0.08041584844999734,0.02830188679245283,isotonic,72
1,0.9157273973994338,1.0,isotonic,72
0,0.05437642350547829,0.0,isotonic,72
1,0.9295854313830184,1.0,isotonic,72
1,0.4980613579392243,0.48717948717948717,isotonic,72
0,0.09372818771921665,0.047619047619047616,isotonic,72
0,0.13667979707896133,0.05142857142857143,isotonic,72
1,0.32723915842506657,0.24590163934426232,isotonic,72
1,0.9764604575299857,1.0,isotonic,72
0,0.4037980801015851,0.39826839826839827,isotonic,72
1,0.9035736938307902,1.0,isotonic,72
1,0.30474792690132974,0.23703703703703705,isotonic,72
1,0.521092198250583,0.48717948717948717,isotonic,72
0,0.055510382893487746,0.0,isotonic,72
0,0.3041017866885123,0.23703703703703705,isotonic,72
1,0.9132895261436067,1.0,isotonic,72
0,0.18019056106309597,0.10810810810810811,isotonic,72
0,0.41672492723885957,0.39826839826839827,isotonic,72
0,0.2553825450277101,0.23076923076923078,isotonic,72
1,0.4715141395393928,0.39826839826839827,isotonic,72
1,0.9932559687403462,1.0,isotonic,72
0,0.2799505792288832,0.23703703703703705,isotonic,72
1,0.9964273050365982,1.0,isotonic,72
1,0.9958227278009463,1.0,isotonic,72
1,0.9505624876518156,1.0,isotonic,72
0,0.055837917384288525,0.0,isotonic,72
0,0.09009492517374526,0.047619047619047616,isotonic,72
0,0.2638153423242019,0.23703703703703705,isotonic,72
0,0.12288494008049407,0.05142857142857143,isotonic,72
1,0.21993260838214,0.19444444444444445,isotonic,72
0,0.118246561283061,0.05142857142857143,isotonic,72
0,0.17017492712294666,0.0606060606060606,isotonic,72
1,0.9947504042775781,1.0,isotonic,72
1,0.8973891375057119,1.0,isotonic,72
1,0.5119108531527501,0.48717948717948717,isotonic,72
0,0.1525409236555051,0.0606060606060606,isotonic,72
0,0.09214373728054036,0.047619047619047616,isotonic,72
1,0.3761018406483124,0.39826839826839827,isotonic,72
1,0.9963386907237665,1.0,isotonic,72
0,0.6232239061557866,0.8333333333333334,isotonic,72
1,0.38649156272256957,0.39826839826839827,isotonic,72
0,0.09269932612613822,0.047619047619047616,isotonic,72
0,0.4374846390149749,0.39826839826839827,isotonic,72
0,0.3957680514954118,0.39826839826839827,isotonic,72
1,0.9932390610555452,1.0,isotonic,72
1,0.9764604575299857,1.0,isotonic,72
1,0.9549498991196481,1.0,isotonic,72
0,0.09457755978218517,0.047619047619047616,isotonic,72
0,0.32216833375256837,0.24590163934426232,isotonic,72
1,0.9964755165388459,1.0,isotonic,72
0,0.07251520173084322,0.02830188679245283,isotonic,72
1,0.44724424630964704,0.39826839826839827,isotonic,72
0,0.07422708378981502,0.02830188679245283,isotonic,72
1,0.9276645182591369,1.0,isotonic,72
0,0.6100631807282536,0.8333333333333334,isotonic,72
1,0.3560830125810031,0.2975206611570248,isotonic,72
1,0.3764609424141937,0.39826839826839827,isotonic,72
0,0.11603033603861306,0.05142857142857143,isotonic,72
0,0.1885853659250871,0.125,isotonic,72
0,0.24705452259473798,0.2222222222222222,isotonic,72
1,0.9764604575299857,1.0,isotonic,72
0,0.1588358707723751,0.0606060606060606,isotonic,72
0,0.4539522223018232,0.39826839826839827,isotonic,72
1,0.7849804302854817,1.0,isotonic,72
1,0.9916684950323509,1.0,isotonic,72
1,0.4614657868962695,0.39826839826839827,isotonic,72
1,0.8935459943813544,1.0,isotonic,72
1,0.19594021891963773,0.16923076923076924,isotonic,72
1,0.3819360261419238,0.39826839826839827,isotonic,72
1,0.9986288330273211,1.0,isotonic,72
0,0.4608526910737903,0.39826839826839827,isotonic,72
0,0.18888640626311234,0.125,isotonic,72
0,0.37060501674754515,0.2975206611570248,isotonic,72
1,0.9629369827422483,1.0,isotonic,72
0,0.3968991682652399,0.39826839826839827,isotonic,72
0,0.12035123889604069,0.05142857142857143,isotonic,72
1,0.9245028174610006,1.0,isotonic,72
1,0.9764604575299857,1.0,isotonic,72
1,0.9215968564156976,1.0,isotonic,72
1,0.9320168589356943,1.0,isotonic,72
1,0.27381929990794956,0.23703703703703705,isotonic,72
1,0.979436445219706,1.0,isotonic,72
1,0.9963090420579501,1.0,isotonic,72
0,0.2185324569105811,0.19444444444444445,isotonic,72
0,0.23270739251676772,0.21621621621621623,isotonic,72
0,0.13160934591550894,0.05142857142857143,isotonic,72
0,0.22461384729431533,0.2,isotonic,72
0,0.16461720220955336,0.0606060606060606,isotonic,72
1,0.3951523343256574,0.39826839826839827,isotonic,72
0,0.32858270279349333,0.2975206611570248,isotonic,72
0,0.25417260338412484,0.23076923076923078,isotonic,72
0,0.09360018682294427,0.047619047619047616,isotonic,72
1,0.9914324231248963,1.0,isotonic,72
0,0.21465162614055117,0.19444444444444445,isotonic,72
1,0.41553291425049965,0.39826839826839827,isotonic,72
0,0.1538999417561166,0.0606060606060606,isotonic,72
0,0.29443133769042285,0.23703703703703705,isotonic,72
1,0.9995519225548596,1.0,isotonic,72
0,0.08475779072889872,0.047619047619047616,isotonic,72
0,0.06761119490224686,0.02830188679245283,isotonic,72
0,0.33532705041883126,0.2975206611570248,isotonic,72
1,0.2692254980213207,0.23703703703703705,isotonic,72
0,0.10274271168456538,0.04874723878023446,isotonic,72
1,0.9922539608497843,1.0,isotonic,72
1,0.30446928883340285,0.23703703703703705,isotonic,72
0,0.19359910267374048,0.125,isotonic,72
0,0.3704961208028773,0.2975206611570248,isotonic,72
0,0.3972792553689578,0.39826839826839827,isotonic,72
0,0.5002891725036006,0.48717948717948717,isotonic,72
0,0.10062194131919666,0.047619047619047616,isotonic,72
1,0.9855997174785412,1.0,isotonic,72
1,0.9362738791549583,1.0,isotonic,72
1,0.9965785634381547,1.0,isotonic,72
1,0.9992139815676804,1.0,isotonic,72
1,0.9906516270682522,1.0,isotonic,72
0,0.18670190742248874,0.125,isotonic,72
1,0.9274278557401393,1.0,isotonic,72
0,0.07744600047916678,0.02830188679245283,isotonic,72
0,0.2168937952536228,0.19444444444444445,isotonic,72
0,0.1315718795274614,0.05142857142857143,isotonic,72
0,0.17872849747070393,0.10810810810810811,isotonic,72
1,0.3522253437809132,0.2975206611570248,isotonic,72
1,0.9925212698294869,1.0,isotonic,72
1,0.994264096979814,1.0,isotonic,72
0,0.3416136021231146,0.2975206611570248,isotonic,72
0,0.3374555579643814,0.2975206611570248,isotonic,72
1,0.9764604575299857,1.0,isotonic,72
1,0.9588543198519909,1.0,isotonic,72
0,0.16333936753678685,0.0606060606060606,isotonic,72
0,0.2953839068241601,0.23703703703703705,isotonic,72
0,0.20698853399006983,0.16923076923076924,isotonic,72
1,0.925602984461562,1.0,isotonic,72
0,0.05656457103408268,0.0,isotonic,72
1,0.92249506377222,1.0,isotonic,72
1,0.42658578770720995,0.39826839826839827,isotonic,72
1,0.987921480058334,1.0,isotonic,72
1,0.6241279705424573,0.8333333333333334,isotonic,72
1,0.8826503232696881,1.0,isotonic,72
1,0.9927585869609976,1.0,isotonic,72
1,0.9243307646877935,1.0,isotonic,72
0,0.268266021546844,0.23703703703703705,isotonic,72
1,0.9867142069792044,1.0,isotonic,72
0,0.11094552071074887,0.05142857142857143,isotonic,72
0,0.06225047647120976,0.0,isotonic,72
0,0.3816669226815506,0.39826839826839827,isotonic,72
1,0.31787960761799783,0.24590163934426232,isotonic,72
1,0.10238047348445795,0.047619047619047616,isotonic,72
0,0.29665808936080595,0.23703703703703705,isotonic,72
0,0.18337581817867402,0.10810810810810811,isotonic,72
1,0.28593546985805046,0.23703703703703705,isotonic,72
1,0.9255102991945021,1.0,isotonic,72
1,0.28681586532228814,0.23703703703703705,isotonic,72
0,0.1574138944838477,0.0606060606060606,isotonic,72
1,0.9914242399646457,1.0,isotonic,72
0,0.26461868930124854,0.23703703703703705,isotonic,72
1,0.9419705941953702,1.0,isotonic,72
0,0.1764622580406168,0.10810810810810811,isotonic,72
0,0.16400418195445854,0.0606060606060606,isotonic,72
0,0.3862619495069135,0.39826839826839827,isotonic,72
1,0.9595121645201315,1.0,isotonic,72
0,0.47375948827742037,0.39826839826839827,isotonic,72
0,0.05104019017887663,0.0,isotonic,72
0,0.12203096772790156,0.05142857142857143,isotonic,72
1,0.5240914593455851,0.48717948717948717,isotonic,72
1,0.960963955489335,1.0,isotonic,72
0,0.267865143276273,0.23703703703703705,isotonic,72
0,0.13886769895201517,0.05142857142857143,isotonic,72
1,0.9763929835035932,1.0,isotonic,72
0,0.1255875053099278,0.05142857142857143,isotonic,72
0,0.09807179581089326,0.047619047619047616,isotonic,72
1,0.9033511768465599,1.0,isotonic,72
1,0.9764604575299857,1.0,isotonic,72
1,0.28542733493219696,0.23703703703703705,isotonic,72
0,0.2346547365494751,0.21621621621621623,isotonic,72
1,0.4491105498112365,0.39826839826839827,isotonic,72
0,0.14272920216713736,0.05876928516062791,isotonic,72
1,0.2861345036127682,0.23703703703703705,isotonic,72
0,0.263198703051367,0.23703703703703705,isotonic,72
0,0.4316096921238714,0.39826839826839827,isotonic,72
1,0.903983789506165,1.0,isotonic,72
0,0.38249825408163085,0.39826839826839827,isotonic,72
1,0.3970722470576804,0.39826839826839827,isotonic,72
1,0.1417346268972891,0.05142857142857143,isotonic,72
1,0.9853103648034344,1.0,isotonic,72
0,0.27851003371753313,0.23703703703703705,isotonic,72
1,0.9840877343759371,1.0,isotonic,72
1,0.9576647043102446,1.0,isotonic,72
0,0.11275842410839655,0.05142857142857143,isotonic,72
0,0.19776531947935083,0.16923076923076924,isotonic,72
1,0.9744494838233713,1.0,isotonic,72
1,0.9167275767980406,1.0,isotonic,72
1,0.457419991199248,0.39826839826839827,isotonic,72
1,0.9300976968929399,1.0,isotonic,72
1,0.3242855621697774,0.24590163934426232,isotonic,72
1,0.9609504271156069,1.0,isotonic,72
0,0.19343394269413533,0.125,isotonic,72
0,0.40669932670532627,0.39826839826839827,isotonic,72
0,0.19997308585458337,0.16923076923076924,isotonic,72
0,0.12441615953987371,0.05142857142857143,isotonic,72
0,0.06305873626873712,0.0,isotonic,72
1,0.8670728077121216,1.0,isotonic,72
1,0.9145741392643649,1.0,isotonic,72
1,0.4461687364907155,0.39826839826839827,isotonic,72
1,0.6738752746630156,0.8681589942838442,isotonic,72
0,0.09044865490326333,0.047619047619047616,isotonic,72
1,0.9102857421899629,1.0,isotonic,72
0,0.18029306824702782,0.10810810810810811,isotonic,72
0,0.21414977972195767,0.19444444444444445,isotonic,72
0,0.2270251304133094,0.2,isotonic,72
0,0.13550809143543177,0.05142857142857143,isotonic,72
1,0.9462320474212762,1.0,isotonic,72
0,0.11187593757984281,0.05142857142857143,isotonic,72
0,0.19293810703439643,0.125,isotonic,72
0,0.2743974559366704,0.23703703703703705,isotonic,72
0,0.1584005820946885,0.0606060606060606,isotonic,72
0,0.18746761390818317,0.125,isotonic,72
0,0.14583654396774423,0.0606060606060606,isotonic,72
1,0.99987320977173,1.0,isotonic,72
0,0.1744963830017027,0.10810810810810811,isotonic,72
1,0.9839271001536207,1.0,isotonic,72
0,0.15545591653020363,0.0606060606060606,isotonic,72
0,0.05454882393757459,0.0,isotonic,72
0,0.3252442812624445,0.24590163934426232,isotonic,72
1,0.6513505236764233,0.8333333333333334,isotonic,72
1,0.9320924586625692,1.0,isotonic,72
0,0.17016095124366248,0.0606060606060606,isotonic,72
0,0.20741051845939867,0.16923076923076924,isotonic,72
1,0.9944724252668391,1.0,isotonic,72
1,0.36330011863494444,0.2975206611570248,isotonic,72
1,0.9227332140826777,1.0,isotonic,72
0,0.18048043094470323,0.10810810810810811,isotonic,72
1,0.5164877447741489,0.48717948717948717,isotonic,72
0,0.06526201268348576,0.0,isotonic,72
0,0.2579272546867046,0.23076923076923078,isotonic,72
1,0.5901790561571265,0.8333333333333334,isotonic,72
1,0.9918818289273413,1.0,isotonic,72
0,0.0698039540872262,0.02830188679245283,isotonic,72
1,0.9479928874577576,1.0,isotonic,72
0,0.06719243433649097,0.02830188679245283,isotonic,72
1,0.9988657060453573,1.0,isotonic,72
1,0.5416680585364846,0.5,isotonic,72
0,0.25469288515623767,0.23076923076923078,isotonic,72
0,0.3691889549997233,0.2975206611570248,isotonic,72
0,0.13633573011061484,0.05142857142857143,isotonic,72
1,0.999729504169679,1.0,isotonic,72
1,0.4636089172007151,0.39826839826839827,isotonic,72
1,0.9218022419159776,1.0,isotonic,72
0,0.3958058557020696,0.39826839826839827,isotonic,72
0,0.1582502339608583,0.0606060606060606,isotonic,72
0,0.25903905257261994,0.2315248689138397,isotonic,72
1,0.9764604575299857,1.0,isotonic,72
0,0.08666136506609161,0.047619047619047616,isotonic,72
1,0.9463953092849234,1.0,isotonic,72
0,0.16320977695021596,0.0606060606060606,isotonic,72
0,0.05915231070234231,0.0,isotonic,72
0,0.29908041056631735,0.23703703703703705,isotonic,72
1,0.9764604575299857,1.0,isotonic,72
1,0.9946047007269779,1.0,isotonic,72
0,0.34244297884243896,0.2975206611570248,isotonic,72
0,0.31668131746873435,0.24590163934426232,isotonic,72
0,0.09835889703535665,0.047619047619047616,isotonic,72
1,0.38006785875878807,0.39826839826839827,isotonic,72
1,0.9551394253463735,1.0,isotonic,72
1,0.9390065528660584,1.0,isotonic,72
0,0.13166844605537148,0.05142857142857143,isotonic,72
1,0.208109540470998,0.16923076923076924,isotonic,72
1,0.9312576979605826,1.0,isotonic,72
0,0.21899329579039312,0.19444444444444445,isotonic,72
0,0.07290436969417806,0.02830188679245283,isotonic,72
0,0.4912532947459092,0.39826839826839827,isotonic,72
1,0.9911305576945559,1.0,isotonic,72
1,0.9420437811745063,1.0,isotonic,72
0,0.4719971463598009,0.39826839826839827,isotonic,72
1,0.9499457777753084,1.0,isotonic,72
1,0.4586036570512377,0.39826839826839827,isotonic,72
0,0.1501500224588355,0.0606060606060606,isotonic,72
0,0.3285676145134543,0.2975206611570248,isotonic,72
1,0.9879459185819187,1.0,isotonic,72
0,0.30201650425414184,0.23703703703703705,isotonic,72
0,0.22118833965897824,0.19444444444444445,isotonic,72
1,0.9993401560602566,1.0,isotonic,72
0,0.15235298517932802,0.0606060606060606,isotonic,72
0,0.12151569236219463,0.05142857142857143,isotonic,72
1,0.9814555709028787,1.0,isotonic,72
0,0.2539782308408681,0.23076923076923078,isotonic,72
1,0.9199339327420862,1.0,isotonic,72
1,0.8942804430716673,1.0,isotonic,72
0,0.12594055582867103,0.05142857142857143,isotonic,72
0,0.1450598934457065,0.0606060606060606,isotonic,72
1,0.3468122550016526,0.2975206611570248,isotonic,72
1,0.5060311052158182,0.48717948717948717,isotonic,72
0,0.180585695839233,0.10810810810810811,isotonic,72
0,0.3691344908942427,0.2975206611570248,isotonic,72
0,0.14977240466134667,0.0606060606060606,isotonic,72
0,0.29985480990069185,0.23703703703703705,isotonic,72
1,0.9910215718425591,1.0,isotonic,72
1,0.4719949674236803,0.39826839826839827,isotonic,72
1,0.35606090548437225,0.2975206611570248,isotonic,72
1,0.9282376335862907,1.0,isotonic,72
1,0.9919365907285047,1.0,isotonic,72
1,0.5306052338910116,0.49242303386133585,isotonic,72
0,0.16740703248034794,0.0606060606060606,isotonic,72
0,0.10319386479170811,0.05142857142857143,isotonic,72
0,0.07476019383817843,0.02830188679245283,isotonic,72
1,0.9096379343655107,1.0,isotonic,72
0,0.40158831133364226,0.39826839826839827,isotonic,72
1,0.9477508182116435,1.0,isotonic,72
1,0.9138862899544038,1.0,isotonic,72
0,0.11243616402709103,0.05142857142857143,isotonic,72
1,0.4209521922350627,0.39826839826839827,isotonic,72
0,0.5316767959897662,0.49618191289115376,isotonic,72
1,0.93793850451674,1.0,isotonic,72
0,0.20351674468038009,0.16923076923076924,isotonic,72
1,0.767022656036893,1.0,isotonic,72
0,0.09970313453419785,0.047619047619047616,isotonic,72
0,0.24988830101998752,0.22676398383643545,isotonic,72
0,0.16714888717493243,0.0606060606060606,isotonic,72
0,0.16493789711111723,0.0606060606060606,isotonic,72
1,0.4369470897426867,0.39826839826839827,isotonic,72
0,0.4633010280880177,0.39826839826839827,isotonic,72
1,0.9898191489591399,1.0,isotonic,72
1,0.3958692883179286,0.39826839826839827,isotonic,72
1,0.9941936198907679,1.0,isotonic,72
0,0.1928979373275127,0.125,isotonic,72
0,0.14340572374795263,0.0606060606060606,isotonic,72
1,0.9221171439792412,1.0,isotonic,72
0,0.10826600892306729,0.05142857142857143,isotonic,72
0,0.054608794730250265,0.0,isotonic,72
0,0.3044262209237188,0.23703703703703705,isotonic,72
0,0.2406856695216959,0.21621621621621623,isotonic,72
1,0.9971214520836895,1.0,isotonic,72
0,0.24327440109568926,0.22114544681557766,isotonic,72
1,0.2950272839065903,0.23703703703703705,isotonic,72
1,0.9946641446720542,1.0,isotonic,72
0,0.07029471959202485,0.02830188679245283,isotonic,72
0,0.4904168989045036,0.39826839826839827,isotonic,72
1,0.4864795778937388,0.39826839826839827,isotonic,72
0,0.3738893200396042,0.2975206611570248,isotonic,72
0,0.14935257088320344,0.0606060606060606,isotonic,72
1,0.16059734825858038,0.0606060606060606,isotonic,72
1,0.3071591783269592,0.23703703703703705,isotonic,72
0,0.2019440732458899,0.16923076923076924,isotonic,72
1,0.9545102180914671,1.0,isotonic,72
0,0.27568461588355075,0.23703703703703705,isotonic,72
0,0.250693360459954,0.23076923076923078,isotonic,72
0,0.08912304061851503,0.047619047619047616,isotonic,72
1,0.4324923525094052,0.39826839826839827,isotonic,72
0,0.21018594996639844,0.16923076923076924,isotonic,72
0,0.2158897501215815,0.19444444444444445,isotonic,72
1,0.9997523436676886,1.0,isotonic,72
0,0.3308775063295471,0.2975206611570248,isotonic,72
1,0.5465294179930381,0.5,isotonic,72
0,0.09820870513234795,0.047619047619047616,isotonic,72
0,0.1479641210573308,0.0606060606060606,isotonic,72
1,0.9764604575299857,1.0,isotonic,72
1,0.9028827898105576,1.0,isotonic,72
1,0.44622300153163524,0.39826839826839827,isotonic,72
1,0.9226781739577863,1.0,isotonic,72
1,0.9764604575299857,1.0,isotonic,72
1,0.9894512346743467,1.0,isotonic,72
0,0.052966735916171695,0.0,isotonic,72
0,0.4090419830044232,0.39826839826839827,isotonic,72
1,0.8956884725628133,1.0,isotonic,72
0,0.36914211289265,0.2975206611570248,isotonic,72
0,0.24512220750945374,0.2222222222222222,isotonic,72
1,0.9647573492098157,1.0,isotonic,72
1,0.22100347185063426,0.19444444444444445,isotonic,72
0,0.06650112241662991,0.02830188679245283,isotonic,72
0,0.13412665403394045,0.05142857142857143,isotonic,72
1,0.9394388028194061,1.0,isotonic,72
0,0.34881575313414487,0.2975206611570248,isotonic,72
1,0.6829352143176548,0.8946612512690344,isotonic,72
1,0.99987320977173,1.0,isotonic,72
0,0.09461260629668795,0.047619047619047616,isotonic,72
0,0.19927918687177776,0.16923076923076924,isotonic,72
0,0.33239394138855843,0.2975206611570248,isotonic,72
0,0.2175617610192018,0.19444444444444445,isotonic,72
0,0.40410783637255704,0.39826839826839827,isotonic,72
0,0.08929671592652187,0.047619047619047616,isotonic,72
0,0.13055041317433802,0.05142857142857143,isotonic,72
1,0.9764604575299857,1.0,isotonic,72
1,0.9764604575299857,1.0,isotonic,72
0,0.13889134495973965,0.05142857142857143,isotonic,72
1,0.26378957122383045,0.23703703703703705,isotonic,72
1,0.8917596924663824,1.0,isotonic,72
0,0.12276426445206802,0.05142857142857143,isotonic,72
1,0.8957363927942388,1.0,isotonic,72
1,0.9017216984170288,1.0,isotonic,72
0,0.12086219291776343,0.05142857142857143,isotonic,72
0,0.0879089256324711,0.047619047619047616,isotonic,72
0,0.20183645956539065,0.16923076923076924,isotonic,72
1,0.18911951057556836,0.125,isotonic,72
0,0.07826938335925072,0.02830188679245283,isotonic,72
1,0.9260699188212794,1.0,isotonic,72
1,0.4597501786940605,0.39826839826839827,isotonic,72
1,0.9895180859288646,1.0,isotonic,72
0,0.1746444732299492,0.10810810810810811,isotonic,72
1,0.5208184665019326,0.48717948717948717,isotonic,72
0,0.1630477860685236,0.0606060606060606,isotonic,72
0,0.3477829271287879,0.2975206611570248,isotonic,72
0,0.18468201611998714,0.10810810810810811,isotonic,72
1,0.9532209036265268,1.0,isotonic,72
0,0.16770876717734087,0.0606060606060606,isotonic,72
1,0.4498609242429221,0.39826839826839827,isotonic,72
0,0.1425314087526066,0.05142857142857143,isotonic,72
1,0.9861227395595559,1.0,isotonic,72
1,0.8919622491099117,1.0,isotonic,72
1,0.8677179136997406,1.0,isotonic,72
0,0.17163821277048302,0.10810810810810811,isotonic,72
1,0.9504935939380528,1.0,isotonic,72
0,0.14207103256489922,0.05142857142857143,isotonic,72
0,0.08477879742381605,0.047619047619047616,isotonic,72
1,0.9566902491782096,1.0,isotonic,72
1,0.37938504048221716,0.39826839826839827,isotonic,72
1,0.8903536822482776,1.0,isotonic,72
1,0.1910768608723664,0.125,isotonic,72
0,0.23539482589731814,0.21621621621621623,isotonic,72
1,0.8917160131815575,1.0,isotonic,72
0,0.27115429162128823,0.23703703703703705,isotonic,72
1,0.9284372062399816,1.0,isotonic,72
1,0.13611990991285366,0.05142857142857143,isotonic,72
0,0.17535501004462087,0.10810810810810811,isotonic,72
1,0.27101985393165284,0.23703703703703705,isotonic,72
0,0.6124692588514788,0.8333333333333334,isotonic,72
1,0.22054888826305727,0.19444444444444445,isotonic,72
1,0.14734807167920352,0.0606060606060606,isotonic,72
0,0.1405832379036661,0.05142857142857143,isotonic,72
1,0.32999715148578634,0.2975206611570248,isotonic,72
0,0.1621094812266227,0.0606060606060606,isotonic,72
1,0.4118570483710402,0.39826839826839827,isotonic,72
1,0.4395832507035996,0.39826839826839827,isotonic,72
1,0.4444029536703777,0.39826839826839827,isotonic,72
1,0.38261716955048525,0.39826839826839827,isotonic,72
0,0.09933394729474625,0.047619047619047616,isotonic,72
0,0.08893395117518836,0.047619047619047616,isotonic,72
0,0.4742441096239226,0.39826839826839827,isotonic,72
1,0.21009824901189758,0.16923076923076924,isotonic,72
1,0.9496944787881375,1.0,isotonic,72
0,0.4574426483706086,0.39826839826839827,isotonic,72
0,0.09624352792799994,0.047619047619047616,isotonic,72
0,0.07486472577763509,0.02830188679245283,isotonic,72
0,0.45692467391701463,0.39826839826839827,isotonic,72
0,0.12753179127969155,0.05142857142857143,isotonic,72
1,0.9244176841772306,1.0,isotonic,72
0,0.06791436095709975,0.02830188679245283,isotonic,72
1,0.1350177469138125,0.05142857142857143,isotonic,72
1,0.984236419349277,1.0,isotonic,72
0,0.15341239627316539,0.0606060606060606,isotonic,72
1,0.9970584697686907,1.0,isotonic,72
0,0.14945711296636835,0.0606060606060606,isotonic,72
0,0.1964085418796974,0.16923076923076924,isotonic,72
1,0.9982401120974186,1.0,isotonic,72
0,0.07766125547615643,0.02830188679245283,isotonic,72
1,0.9764604575299857,1.0,isotonic,72
0,0.06835843686045547,0.02830188679245283,isotonic,72
0,0.16867732542392505,0.0606060606060606,isotonic,72
0,0.14256627328747207,0.05142857142857143,isotonic,72
0,0.18975966227083485,0.125,isotonic,72
0,0.37285023032914133,0.2975206611570248,isotonic,72
0,0.09439780463676563,0.047619047619047616,isotonic,72
0,0.28538970797947183,0.23703703703703705,isotonic,72
0,0.13235355363512075,0.05142857142857143,isotonic,72
1,0.9233380039882381,1.0,isotonic,72
0,0.11422676960990712,0.05142857142857143,isotonic,72
1,0.9928552928075906,1.0,isotonic,72
0,0.40436466428331663,0.39826839826839827,isotonic,72
0,0.1668793385616518,0.0606060606060606,isotonic,72
1,0.9956375506847611,1.0,isotonic,72
0,0.46333367147290744,0.39826839826839827,isotonic,72
1,0.22048878769898095,0.19444444444444445,isotonic,72
0,0.09356805295818793,0.047619047619047616,isotonic,72
0,0.11907285233420196,0.05142857142857143,isotonic,72
1,0.13088252709641415,0.05142857142857143,isotonic,72
1,0.9936415937503704,1.0,isotonic,72
1,0.45532231804878676,0.39826839826839827,isotonic,72
1,0.9027089827862246,1.0,isotonic,72
0,0.0752928143991724,0.02830188679245283,isotonic,72
1,0.07967205767423485,0.02830188679245283,isotonic,72
1,0.9378837260199899,1.0,isotonic,72
1,0.9717505002739043,1.0,isotonic,72
0,0.16224866017187423,0.0606060606060606,isotonic,72
1,0.9847187220110433,1.0,isotonic,72
0,0.09078352248922374,0.047619047619047616,isotonic,72
1,0.6300124908385074,0.8333333333333334,isotonic,72
1,0.24518431540478408,0.2222222222222222,isotonic,72
1,0.9305807776704194,1.0,isotonic,72
0,0.16665415681678208,0.0606060606060606,isotonic,72
1,0.051711492205831086,0.0,isotonic,72
0,0.2681821436716811,0.23703703703703705,isotonic,72
0,0.20333151114111297,0.16923076923076924,isotonic,72
0,0.3400822168635279,0.2975206611570248,isotonic,72
0,0.26122145703345706,0.23703703703703705,isotonic,72
0,0.26307728542766173,0.23703703703703705,isotonic,72
0,0.05536958055136103,0.0,isotonic,72
0,0.07428658347268953,0.02830188679245283,isotonic,72
0,0.247885699099408,0.2222222222222222,isotonic,72
1,0.8877362586973491,1.0,isotonic,72
1,0.9989601859734101,1.0,isotonic,72
0,0.23871219032765634,0.21621621621621623,isotonic,72
1,0.21824988616077676,0.19444444444444445,isotonic,72
1,0.3951243726981912,0.39826839826839827,isotonic,72
0,0.16640547415951729,0.0606060606060606,isotonic,72
0,0.29572987603260525,0.23703703703703705,isotonic,72
1,0.33452567373070863,0.2975206611570248,isotonic,72
0,0.26032980940017025,0.23703703703703705,isotonic,72
0,0.3568173172722534,0.2975206611570248,isotonic,72
1,0.9028277980822679,1.0,isotonic,72
1,0.8970851928897244,1.0,isotonic,72
0,0.07924767948863176,0.02830188679245283,isotonic,72
1,0.33869207492198267,0.2975206611570248,isotonic,72
0,0.332391030682104,0.2975206611570248,isotonic,72
0,0.060596782613086465,0.0,isotonic,72
1,0.9288486863701028,1.0,isotonic,72
0,0.22198151083456674,0.2,isotonic,72
1,0.8997637999855127,1.0,isotonic,72
1,0.2178531290332541,0.19444444444444445,isotonic,72
0,0.18276345984557918,0.10810810810810811,isotonic,72
0,0.29910498888763243,0.23703703703703705,isotonic,72
1,0.9142948163653599,1.0,isotonic,72
1,0.41757236232278,0.39826839826839827,isotonic,72
0,0.24465728230396333,0.2222222222222222,isotonic,72
0,0.11589816202377894,0.05142857142857143,isotonic,72
0,0.05477758957219688,0.0,isotonic,72
1,0.49457671042217516,0.39826839826839827,isotonic,72
0,0.2211690069212571,0.19444444444444445,isotonic,72
0,0.2024719891814304,0.16923076923076924,isotonic,72
1,0.9345578271338839,1.0,isotonic,72
0,0.06906389869295193,0.02830188679245283,isotonic,72
1,0.3141361621712277,0.24590163934426232,isotonic,72
0,0.14028675267157653,0.05142857142857143,isotonic,72
1,0.9309089600037698,1.0,isotonic,72
1,0.937596161308708,1.0,isotonic,72
1,0.9250415616692559,1.0,isotonic,72
1,0.9764604575299857,1.0,isotonic,72
1,0.3491063422770949,0.2975206611570248,isotonic,72
0,0.30382533481460994,0.23703703703703705,isotonic,72
0,0.13109798825674374,0.05142857142857143,isotonic,72
0,0.10060147318147407,0.047619047619047616,isotonic,72
1,0.9764604575299857,1.0,isotonic,72
0,0.1984024980393602,0.16923076923076924,isotonic,72
1,0.9881845311450731,1.0,isotonic,72
0,0.4732827227005657,0.39826839826839827,isotonic,72
1,0.10070772178818614,0.047619047619047616,isotonic,72
0,0.06277744080569625,0.0,isotonic,72
1,0.9054491866907007,1.0,isotonic,72
0,0.2280250598163957,0.2,isotonic,72
1,0.9930448689799765,1.0,isotonic,72
1,0.9463528862041161,1.0,isotonic,72
1,0.9902518154323064,1.0,isotonic,72
1,0.5057478067142278,0.48717948717948717,isotonic,72
1,0.984829486564237,1.0,isotonic,72
1,0.26870724776149674,0.23703703703703705,isotonic,72
0,0.11674026136575509,0.05142857142857143,isotonic,72
1,0.9888954062282433,1.0,isotonic,72
0,0.3139381967437133,0.24590163934426232,isotonic,72
0,0.42247269287259753,0.39826839826839827,isotonic,72
0,0.06226455376370416,0.0,isotonic,72
0,0.5312402976276,0.4946507421433239,isotonic,72
1,0.8598725490222955,1.0,isotonic,72
0,0.09463390487290604,0.047619047619047616,isotonic,72
1,0.9749783860332056,1.0,isotonic,72
0,0.08072275780441839,0.02830188679245283,isotonic,72
0,0.14486650981726376,0.0606060606060606,isotonic,72
0,0.192885809244032,0.125,isotonic,72
0,0.4157367632340071,0.39826839826839827,isotonic,72
0,0.38124021518396073,0.39826839826839827,isotonic,72
1,0.9222609601852393,1.0,isotonic,72
0,0.46946652840499986,0.39826839826839827,isotonic,72
0,0.2855490875183656,0.23703703703703705,isotonic,72
1,0.9400723180589959,1.0,isotonic,72
1,0.885874799892844,1.0,isotonic,72
0,0.13005035474180182,0.05142857142857143,isotonic,72
0,0.08495532417309913,0.047619047619047616,isotonic,72
0,0.07893714846704097,0.02830188679245283,isotonic,72
1,0.9785359264410542,1.0,isotonic,72
1,0.9102969586436472,1.0,isotonic,72
0,0.09322669486252326,0.047619047619047616,isotonic,72
1,0.933751864843404,1.0,isotonic,72
0,0.15390275895284192,0.0606060606060606,isotonic,72
0,0.06570193981516578,0.02830188679245283,isotonic,72
1,0.9606290360953956,1.0,isotonic,72
1,0.9936378666701,1.0,isotonic,72
1,0.9857086897459734,1.0,isotonic,72
0,0.509717327666902,0.48717948717948717,isotonic,72
0,0.14254447335099046,0.05142857142857143,isotonic,72
1,0.9526826909229502,1.0,isotonic,72
0,0.5143957295484998,0.48717948717948717,isotonic,72
1,0.9764604575299857,1.0,isotonic,72
1,0.9925726198615259,1.0,isotonic,72
0,0.26188209800582474,0.23703703703703705,isotonic,72
0,0.1921964278935873,0.125,isotonic,72
0,0.4797201480158172,0.39826839826839827,isotonic,72
1,0.36562256434598195,0.2975206611570248,isotonic,72
1,0.9598122895171641,1.0,isotonic,72
0,0.1281216853890487,0.05142857142857143,isotonic,72
0,0.2867827083904135,0.23703703703703705,isotonic,72
1,0.25882647059491865,0.23076923076923078,isotonic,72
0,0.07783909470125604,0.02830188679245283,isotonic,72
1,0.9188731899902757,1.0,isotonic,72
1,0.2142073815969124,0.19444444444444445,isotonic,72
1,0.27635848026498033,0.23703703703703705,isotonic,72
0,0.44683174536187226,0.39826839826839827,isotonic,72
1,0.9923395009997029,1.0,isotonic,72
0,0.08085552211288558,0.02830188679245283,isotonic,72
0,0.23616192740043526,0.21621621621621623,isotonic,72
0,0.21461703884388963,0.19444444444444445,isotonic,72
1,0.9963102758549252,1.0,isotonic,72
0,0.25068140695248436,0.23076923076923078,isotonic,72
0,0.1780682557627796,0.10810810810810811,isotonic,72
0,0.3732747013199672,0.2975206611570248,isotonic,72
1,0.9702107625108272,1.0,isotonic,72
1,0.9555729488197708,1.0,isotonic,72
0,0.17646155191799506,0.10810810810810811,isotonic,72
1,0.9892707836392126,1.0,isotonic,72
0,0.06603898532925646,0.02830188679245283,isotonic,72
1,0.09178537193821626,0.047619047619047616,isotonic,72
0,0.4705716378407333,0.39826839826839827,isotonic,72
1,0.989690073732518,1.0,isotonic,72
0,0.1690305463611248,0.0606060606060606,isotonic,72
0,0.14976112348999152,0.0606060606060606,isotonic,72
0,0.11030644248866663,0.05142857142857143,isotonic,72
0,0.33086119459164476,0.2975206611570248,isotonic,72
0,0.3416912969819771,0.2975206611570248,isotonic,72
1,0.9055813031255282,1.0,isotonic,72
1,0.9435573405767432,1.0,isotonic,72
0,0.09136287409488729,0.047619047619047616,isotonic,72
1,0.169646181100735,0.0606060606060606,isotonic,72
0,0.3110663069715904,0.24590163934426232,isotonic,72
1,0.9163681383602793,1.0,isotonic,72
0,0.3865539588145785,0.39826839826839827,isotonic,72
1,0.9950772499488443,1.0,isotonic,72
1,0.9398306391062461,1.0,isotonic,72
0,0.14109211355884455,0.05142857142857143,isotonic,72
1,0.6437988108842703,0.8333333333333334,isotonic,72
0,0.09452916965160063,0.047619047619047616,isotonic,72
0,0.10857286351523475,0.05142857142857143,isotonic,72
1,0.9876635154936945,1.0,isotonic,72
1,0.967816785311568,1.0,isotonic,72
0,0.10248563265050394,0.047619047619047616,isotonic,72
0,0.08895589652310347,0.047619047619047616,isotonic,72
0,0.1555455120478926,0.0606060606060606,isotonic,72
1,0.885607099070334,1.0,isotonic,72
1,0.9990273397137158,1.0,isotonic,72
0,0.1794148969790288,0.10810810810810811,isotonic,72
0,0.12143249155848508,0.05142857142857143,isotonic,72
1,0.9017575470373741,1.0,isotonic,72
1,0.9764604575299857,1.0,isotonic,72
1,0.9469107309442765,1.0,isotonic,72
0,0.20927248393778214,0.16923076923076924,isotonic,72
0,0.08631664560562435,0.047619047619047616,isotonic,72
0,0.1661633012652032,0.0606060606060606,isotonic,72
0,0.1981275372253972,0.16923076923076924,isotonic,72
1,0.5738508466455953,0.7353932473063213,isotonic,72
1,0.9923640318662801,1.0,isotonic,72
1,0.8865624092334652,1.0,isotonic,72
1,0.5592103015880373,0.5,isotonic,72
0,0.45884741556215414,0.39826839826839827,isotonic,72
0,0.0842101479784047,0.047619047619047616,isotonic,72
1,0.988429551759977,1.0,isotonic,72
0,0.24349458885648564,0.2222222222222222,isotonic,72
1,0.3408998050106067,0.2975206611570248,isotonic,72
1,0.9976386482494206,1.0,isotonic,72
1,0.7794732903987655,1.0,isotonic,72
1,0.9885387926444644,1.0,isotonic,72
1,0.3326054686749412,0.2975206611570248,isotonic,72
1,0.9389320165444975,1.0,isotonic,72
0,0.07629613700174093,0.02830188679245283,isotonic,72
0,0.3255704473920996,0.24590163934426232,isotonic,72
0,0.16461565707674938,0.0606060606060606,isotonic,72
1,0.5783311645332991,0.8333333333333334,isotonic,72
1,0.989800819979423,1.0,isotonic,72
0,0.22245972744440523,0.2,isotonic,72
1,0.22524990055777447,0.2,isotonic,72
1,0.8858117391734733,1.0,isotonic,72
0,0.524541046063666,0.48717948717948717,isotonic,72
0,0.21361758223043115,0.19444444444444445,isotonic,72
1,0.9178250979105891,1.0,isotonic,72
1,0.9608693448938985,1.0,isotonic,72
0,0.056467515569654646,0.0,isotonic,72
1,0.8988158824665287,1.0,isotonic,72
1,0.9405297398316965,1.0,isotonic,72
0,0.1557418033046547,0.0606060606060606,isotonic,72
1,0.3643654711799173,0.2975206611570248,isotonic,72
0,0.24440638956800706,0.2222222222222222,isotonic,72
0,0.48167463110414216,0.39826839826839827,isotonic,72
0,0.310210561637796,0.24590163934426232,isotonic,72
1,0.9416450516134556,1.0,isotonic,72
1,0.8824777926103599,1.0,isotonic,72
0,0.45951812155933786,0.39826839826839827,isotonic,72
1,0.9987606263243973,1.0,isotonic,72
0,0.31358547040666024,0.24590163934426232,isotonic,72
0,0.3407075931774755,0.2975206611570248,isotonic,72
1,0.994333418745875,1.0,isotonic,72
1,0.9234676609698319,1.0,isotonic,72
1,0.9911375448665198,1.0,isotonic,72
1,0.9972319430502196,1.0,isotonic,72
1,0.7957433722285315,1.0,isotonic,72
1,0.9388690028572562,1.0,isotonic,72
1,0.9480465716535875,1.0,isotonic,72
1,0.9764604575299857,1.0,isotonic,72
1,0.9415271350831738,1.0,isotonic,72
1,0.6007931105200166,0.8333333333333334,isotonic,72
0,0.12180053703819911,0.05142857142857143,isotonic,72
0,0.4173684461931391,0.39826839826839827,isotonic,72
1,0.9639775632427807,1.0,isotonic,72
0,0.17592170507251426,0.10810810810810811,isotonic,72
1,0.9416936912429383,1.0,isotonic,72
0,0.0746696787678653,0.02830188679245283,isotonic,72
1,0.337486693586232,0.2975206611570248,isotonic,72
1,0.9954991689878577,1.0,isotonic,72
0,0.13346532836910532,0.05142857142857143,isotonic,72
1,0.8976520032327822,1.0,isotonic,72
1,0.9982860579592269,1.0,isotonic,72
0,0.12555299890129937,0.05142857142857143,isotonic,72
0,0.47771670887033424,0.39826839826839827,isotonic,72
1,0.9330589877266627,1.0,isotonic,72
0,0.30682592199896985,0.23703703703703705,isotonic,72
0,0.1593120658262092,0.0606060606060606,isotonic,72
1,0.9189029464173687,1.0,isotonic,72
1,0.9996125368863797,1.0,isotonic,72
0,0.15207080321939778,0.0606060606060606,isotonic,72
1,0.9239090115882322,1.0,isotonic,72
1,0.4623834648596131,0.39826839826839827,isotonic,72
1,0.9014268505481531,1.0,isotonic,72
0,0.28006592921654877,0.23703703703703705,isotonic,72
0,0.12609407366401112,0.05142857142857143,isotonic,72
0,0.13343363680809478,0.05142857142857143,isotonic,72
1,0.9694764432983894,1.0,isotonic,72
1,0.8284373984841593,1.0,isotonic,72
1,0.9443780717402395,1.0,isotonic,72
0,0.13732111007967107,0.05142857142857143,isotonic,72
0,0.26875027998748774,0.23703703703703705,isotonic,72
0,0.21875749633529892,0.19444444444444445,isotonic,72
1,0.8996290514887499,1.0,isotonic,72
0,0.1759033496400152,0.10810810810810811,isotonic,72
0,0.13674980561563038,0.05142857142857143,isotonic,72
1,0.8739403367788481,1.0,isotonic,72
0,0.10175731796188912,0.047619047619047616,isotonic,72
0,0.26690576699030144,0.23703703703703705,isotonic,72
0,0.12378876368356288,0.05142857142857143,isotonic,72
1,0.8839303803086264,1.0,isotonic,72
0,0.06138510022415826,0.0,isotonic,72
1,0.9940049495881499,1.0,isotonic,72
0,0.162217652042558,0.0606060606060606,isotonic,72
0,0.3335290796979166,0.2975206611570248,isotonic,72
0,0.26804081406495445,0.23703703703703705,isotonic,72
1,0.9764604575299857,1.0,isotonic,72
1,0.9949509172533232,1.0,isotonic,72
1,0.9950127440920729,1.0,isotonic,72
0,0.10618150653117592,0.05142857142857143,isotonic,72
0,0.06558224284636621,0.02830188679245283,isotonic,72
0,0.1476810674053615,0.0606060606060606,isotonic,72
0,0.11178511410219064,0.05142857142857143,isotonic,72
0,0.3411376089464713,0.2975206611570248,isotonic,72
1,0.15531407430390257,0.0606060606060606,isotonic,72
1,0.9999636195698484,1.0,isotonic,72
0,0.25418058754221434,0.23076923076923078,isotonic,72
1,0.3617320946087814,0.2975206611570248,isotonic,72
0,0.3437964399956477,0.2975206611570248,isotonic,72
1,0.949299494381961,1.0,isotonic,72
0,0.06510383704781249,0.0,isotonic,72
1,0.4313296799846526,0.39826839826839827,isotonic,72
0,0.12073663097379307,0.05142857142857143,isotonic,72
0,0.5176204670267566,0.48717948717948717,isotonic,72
0,0.1874556064579386,0.125,isotonic,72
0,0.13478378826250031,0.05142857142857143,isotonic,72
0,0.1998617555148659,0.16923076923076924,isotonic,72
1,0.26649956546025,0.23703703703703705,isotonic,72
1,0.3783489626414056,0.39826839826839827,isotonic,72
1,0.943776933928602,1.0,isotonic,72
0,0.08260064218574437,0.047619047619047616,isotonic,72
1,0.35033827546324037,0.2975206611570248,isotonic,72
1,0.9024903057419222,1.0,isotonic,72
1,0.94129093112689,1.0,isotonic,72
1,0.9867010525874336,1.0,isotonic,72
0,0.2547667763237767,0.23076923076923078,isotonic,72
1,0.9764604575299857,1.0,isotonic,72
0,0.14269393350559273,0.05471944344810117,isotonic,72
1,0.9317336137008996,1.0,isotonic,72
1,0.9295506048050178,1.0,isotonic,72
1,0.9481029832083696,1.0,isotonic,72
0,0.3237961738798791,0.24590163934426232,isotonic,72
0,0.14114896651589476,0.05142857142857143,isotonic,72
1,0.9764604575299857,1.0,isotonic,72
0,0.08663780767482242,0.047619047619047616,isotonic,72
1,0.4480219526694512,0.39826839826839827,isotonic,72
0,0.294405862583166,0.23703703703703705,isotonic,72
0,0.08462715819149351,0.047619047619047616,isotonic,72
0,0.476588007387061,0.39826839826839827,isotonic,72
1,0.995251870699243,1.0,isotonic,72
1,0.9070314980801919,1.0,isotonic,72
1,0.9889891323179645,1.0,isotonic,72
1,0.9930847870046319,1.0,isotonic,72
1,0.4841392516660527,0.39826839826839827,isotonic,72
0,0.16352367809753338,0.0606060606060606,isotonic,72
1,0.9939224170536928,1.0,isotonic,72
1,0.4740746799386417,0.39826839826839827,isotonic,72
1,0.9764604575299857,1.0,isotonic,72
1,0.8893279016966036,1.0,isotonic,72
0,0.17845663385565302,0.10810810810810811,isotonic,72
1,0.9047839976846325,1.0,isotonic,72
1,0.9764604575299857,1.0,isotonic,72
0,0.1923492508256502,0.125,isotonic,72
1,0.9156685145217283,1.0,isotonic,72
0,0.183504946282389,0.10810810810810811,isotonic,72
0,0.060340469427452456,0.0,isotonic,72
1,0.8701878488559975,1.0,isotonic,72
0,0.3266311348212721,0.24590163934426232,isotonic,72
0,0.38916650631914734,0.39826839826839827,isotonic,72
1,0.9366511978355251,1.0,isotonic,72
0,0.21640499241161934,0.19444444444444445,isotonic,72
0,0.5290087544599178,0.48717948717948717,isotonic,72
1,0.9205604827293975,1.0,isotonic,72
1,0.9222281814836442,1.0,isotonic,72
0,0.4632931372306202,0.39826839826839827,isotonic,72
1,0.989636168011841,1.0,isotonic,72
1,0.3186799793121341,0.24590163934426232,isotonic,72
0,0.16076714841480244,0.0606060606060606,isotonic,72
1,0.9404240473786103,1.0,isotonic,72
1,0.2700407735710899,0.23703703703703705,isotonic,72
1,0.9450402681739143,1.0,isotonic,72
1,0.9997786620357106,1.0,isotonic,72
0,0.06497153332387101,0.0,isotonic,72
1,0.988599806939384,1.0,isotonic,72
1,0.9764604575299857,1.0,isotonic,72
1,0.9994842564885461,1.0,isotonic,72
0,0.3981139698673647,0.39826839826839827,isotonic,72
0,0.13534209034234024,0.05142857142857143,isotonic,72
0,0.3098325042754114,0.24590163934426232,isotonic,72
1,0.9911327436897488,1.0,isotonic,72
0,0.2677880940744135,0.23703703703703705,isotonic,72
0,0.13822189894235104,0.05142857142857143,isotonic,72
1,0.4544698286075975,0.39826839826839827,isotonic,72
1,0.3611838817676538,0.2975206611570248,isotonic,72
1,0.9764604575299857,1.0,isotonic,72
0,0.3016529859331061,0.23703703703703705,isotonic,72
1,0.9494807898999948,1.0,isotonic,72
0,0.1180098463557515,0.05142857142857143,isotonic,72
0,0.4428067773621456,0.39826839826839827,isotonic,72
0,0.10192025014271792,0.047619047619047616,isotonic,72
1,0.941315706078021,1.0,isotonic,72
1,0.9671304230369371,1.0,isotonic,72
0,0.32350826584571835,0.24590163934426232,isotonic,72
1,0.9979319395781843,1.0,isotonic,72
1,0.4563345307512274,0.39826839826839827,isotonic,72
1,0.9764604575299857,1.0,isotonic,72
1,0.9871189504035154,1.0,isotonic,72
1,0.9764604575299857,1.0,isotonic,72
0,0.14969330952287632,0.0606060606060606,isotonic,72
0,0.14176906060400815,0.05142857142857143,isotonic,72
0,0.08473671664818312,0.047619047619047616,isotonic,72
1,0.8278546818170975,1.0,isotonic,72
1,0.9982895606962037,1.0,isotonic,72
1,0.9484990572250509,1.0,isotonic,72
0,0.6308996628895459,0.8333333333333334,isotonic,72
1,0.9213628450205817,1.0,isotonic,72
0,0.13351144525806874,0.05142857142857143,isotonic,72
1,0.9040052233880652,1.0,isotonic,72
0,0.228443730796194,0.2,isotonic,72
1,0.9960193890664919,1.0,isotonic,72
1,0.9764604575299857,1.0,isotonic,72
0,0.15243838027398857,0.0606060606060606,isotonic,72
0,0.29162134154846514,0.23703703703703705,isotonic,72
1,0.40752482476054186,0.39826839826839827,isotonic,72
1,0.9321626753412651,1.0,isotonic,72
0,0.09164246370123581,0.047619047619047616,isotonic,72
1,0.9270612722963565,1.0,isotonic,72
0,0.3309872369273032,0.2975206611570248,isotonic,72
0,0.2072590794386348,0.16923076923076924,isotonic,72
0,0.2569163410976043,0.23076923076923078,isotonic,72
0,0.24924691822130016,0.2222222222222222,isotonic,72
1,0.3088188730061794,0.24590163934426232,isotonic,72
0,0.17544176929368124,0.10810810810810811,isotonic,72
1,0.17583904879164478,0.10810810810810811,isotonic,72
1,0.9764604575299857,1.0,isotonic,72
0,0.43030709542002316,0.39826839826839827,isotonic,72
0,0.0929722446676852,0.047619047619047616,isotonic,72
0,0.08882655299306662,0.047619047619047616,isotonic,72
0,0.22697043515986848,0.2,isotonic,72
0,0.24961478409605822,0.2222222222222222,isotonic,72
1,0.2735047514517059,0.23703703703703705,isotonic,72
0,0.27691730673939,0.23703703703703705,isotonic,72
1,0.3718629687399804,0.2975206611570248,isotonic,72
0,0.07489600345954228,0.02830188679245283,isotonic,72
0,0.07498478095653738,0.02830188679245283,isotonic,72
0,0.0996381558699938,0.047619047619047616,isotonic,72
0,0.27490619830418,0.23703703703703705,isotonic,72
1,0.9840434543691942,1.0,isotonic,72
1,0.07871691223287647,0.02830188679245283,isotonic,72
0,0.1275087007552287,0.05142857142857143,isotonic,72
0,0.2410296135539679,0.21621621621621623,isotonic,72
0,0.10671531121909375,0.05142857142857143,isotonic,72
1,0.9303431835765325,1.0,isotonic,72
0,0.39772288061948247,0.39826839826839827,isotonic,72
0,0.16604836639055928,0.0606060606060606,isotonic,72
1,0.9904964876543816,1.0,isotonic,72
1,0.2671520193610488,0.23703703703703705,isotonic,72
0,0.3325414166420481,0.2975206611570248,isotonic,72
0,0.22940323028330353,0.2,isotonic,72
0,0.3145493504457839,0.24590163934426232,isotonic,72
1,0.9457674327532865,1.0,isotonic,72
0,0.218442193918743,0.19444444444444445,isotonic,72
1,0.9531178535011589,1.0,isotonic,72
1,0.5382249868019747,0.5,isotonic,72
1,0.280639691516448,0.23703703703703705,isotonic,72
1,0.6169491886230167,0.8333333333333334,isotonic,72
1,0.9336225581521982,1.0,isotonic,72
1,0.998123629769043,1.0,isotonic,72
0,0.14008344190725314,0.05142857142857143,isotonic,72
0,0.33250441516010737,0.2975206611570248,isotonic,72
1,0.06537203420476732,0.012045017344276697,isotonic,72
1,0.9932229151305093,1.0,isotonic,72
1,0.9903542900318821,1.0,isotonic,72
0,0.07204635045171401,0.02830188679245283,isotonic,72
1,0.9467020407802244,1.0,isotonic,72
0,0.06298000234022758,0.0,isotonic,72
1,0.9399463527711731,1.0,isotonic,72
1,0.9959538377883306,1.0,isotonic,72
1,0.8924970315803987,1.0,isotonic,72
1,0.9764604575299857,1.0,isotonic,72
0,0.20525071975006012,0.16923076923076924,isotonic,72
0,0.5652339915179763,0.5,isotonic,72
1,0.9487233204742648,1.0,isotonic,72
1,0.47189249268420336,0.39826839826839827,isotonic,72
1,0.42697324669431697,0.39826839826839827,isotonic,72
1,0.9764604575299857,1.0,isotonic,72
1,0.904389185539012,1.0,isotonic,72
1,0.9925357896542808,1.0,isotonic,72
0,0.2615832410418391,0.23703703703703705,isotonic,72
1,0.9380024510677358,1.0,isotonic,72
0,0.09113544595381004,0.047619047619047616,isotonic,72
0,0.193830912306199,0.125,isotonic,72
0,0.08752057409348313,0.047619047619047616,isotonic,72
0,0.16661776017277194,0.0606060606060606,isotonic,72
1,0.9446834767722273,1.0,isotonic,72
1,0.981536544769225,1.0,isotonic,72
1,0.8480530645160332,1.0,isotonic,72
1,0.9214056226354942,1.0,isotonic,72
1,0.2234782620707137,0.2,isotonic,72
0,0.40225968781326976,0.39826839826839827,isotonic,72
1,0.9349426420188074,1.0,isotonic,72
0,0.1053638926514938,0.05142857142857143,isotonic,72
1,0.34222381926180634,0.2975206611570248,isotonic,72
0,0.3634515725689825,0.2975206611570248,isotonic,72
1,0.9082120810789597,1.0,isotonic,72
0,0.15775785067160575,0.0606060606060606,isotonic,72
1,0.9810516908924389,1.0,isotonic,72
0,0.14615521226323333,0.0606060606060606,isotonic,72
1,0.16092837259582352,0.0606060606060606,isotonic,72
0,0.07110785976858768,0.02830188679245283,isotonic,72
1,0.8989393112315596,1.0,isotonic,72
0,0.09173718296451172,0.047619047619047616,isotonic,72
1,0.9952590491618969,1.0,isotonic,72
0,0.18383637376495693,0.10810810810810811,isotonic,72
1,0.987928315025841,1.0,isotonic,72
1,0.8886579125403934,1.0,isotonic,72
1,0.9951626323418742,1.0,isotonic,72
1,0.9984935043749013,1.0,isotonic,72
0,0.31106832417801256,0.24590163934426232,isotonic,72
0,0.12448814891583868,0.05142857142857143,isotonic,72
1,0.27378477546103164,0.23703703703703705,isotonic,72
0,0.0962963961146016,0.047619047619047616,isotonic,72
1,0.9765804752947703,1.0,isotonic,72
0,0.4557988134509233,0.39826839826839827,isotonic,72
1,0.8863970815793781,1.0,isotonic,72
0,0.06326632977280425,0.0,isotonic,72
1,0.9946211006713025,1.0,isotonic,72
0,0.2630027440409459,0.23703703703703705,isotonic,72
0,0.1236165689405519,0.05142857142857143,isotonic,72
1,0.09103018871700962,0.047619047619047616,isotonic,72
1,0.9916753873146903,1.0,isotonic,72
0,0.30626186874981715,0.23703703703703705,isotonic,72
1,0.09156802289246373,0.047619047619047616,isotonic,72
1,0.9764604575299857,1.0,isotonic,72
1,0.34671410652193124,0.2975206611570248,isotonic,72
1,0.9773109460094933,1.0,isotonic,72
0,0.17175955877273233,0.10810810810810811,isotonic,72
0,0.2905870818860394,0.23703703703703705,isotonic,72
1,0.9764604575299857,1.0,isotonic,72
1,0.9913332376673663,1.0,isotonic,72
1,0.9873828810757417,1.0,isotonic,72
1,0.9764604575299857,1.0,isotonic,72
1,0.9536578847473801,1.0,isotonic,72
0,0.12050835648305892,0.05142857142857143,isotonic,72
0,0.20215920510218158,0.16923076923076924,isotonic,72
0,0.14655809511419043,0.0606060606060606,isotonic,72
1,0.9994626871607725,1.0,isotonic,72
1,0.9962584056691594,1.0,isotonic,72
0,0.1333375987186706,0.05142857142857143,isotonic,72
0,0.17833239415084254,0.10810810810810811,isotonic,72
0,0.261508117844297,0.23703703703703705,isotonic,72
0,0.29429556925902156,0.23703703703703705,isotonic,72
1,0.9384205766067546,1.0,isotonic,72
1,0.9295063817438008,1.0,isotonic,72
1,0.9011988823994482,1.0,isotonic,72
1,0.9407703176045542,1.0,isotonic,72
1,0.9059393103083047,1.0,isotonic,72
0,0.17988769846191863,0.10810810810810811,isotonic,72
1,0.9315978327297091,1.0,isotonic,72
1,0.9956098294207355,1.0,isotonic,72
0,0.25854436341179254,0.23076923076923078,isotonic,72
1,0.933919400627416,1.0,isotonic,72
1,0.9993401560602566,1.0,isotonic,72
1,0.9764604575299857,1.0,isotonic,72
1,0.13565877007205177,0.05142857142857143,isotonic,72
1,0.8642842794456531,1.0,isotonic,72
0,0.10978720941694765,0.05142857142857143,isotonic,72
1,0.8633563306197792,1.0,isotonic,72
0,0.3437997000307451,0.2975206611570248,isotonic,72
1,0.49754848788910855,0.48717948717948717,isotonic,72
1,0.884150365963024,1.0,isotonic,72
0,0.3558364221386861,0.2975206611570248,isotonic,72
0,0.2241966655560752,0.2,isotonic,72
1,0.9052054089615579,1.0,isotonic,72
1,0.8974495524105018,1.0,isotonic,72
1,0.15063654105484042,0.0606060606060606,isotonic,72
1,0.9764604575299857,1.0,isotonic,72
0,0.13411581747274948,0.05142857142857143,isotonic,72
0,0.08434030980733348,0.047619047619047616,isotonic,72
0,0.18158698328553163,0.10810810810810811,isotonic,72
1,0.4772343198604185,0.39826839826839827,isotonic,72
1,0.9764604575299857,1.0,isotonic,72
1,0.1441976329377348,0.0606060606060606,isotonic,72
1,0.3054142983049164,0.23703703703703705,isotonic,72
1,0.8966628643369012,1.0,isotonic,72
0,0.4158068633349283,0.39826839826839827,isotonic,72
1,0.3760967858872153,0.39826839826839827,isotonic,72
1,0.9439420365203273,1.0,isotonic,72
0,0.06673926039501672,0.02830188679245283,isotonic,72
1,0.9239098311472361,1.0,isotonic,72
0,0.3100725947389976,0.24590163934426232,isotonic,72
0,0.0797697051927411,0.02830188679245283,isotonic,72
1,0.5232088583137764,0.48717948717948717,isotonic,72
0,0.06374378973967988,0.0,isotonic,72
0,0.11606438532996326,0.05142857142857143,isotonic,72
0,0.16046723336083446,0.0606060606060606,isotonic,72
0,0.18585690741566002,0.125,isotonic,72
0,0.06282013303913449,0.0,isotonic,72
1,0.8977454908788453,1.0,isotonic,72
0,0.07275513065580967,0.02830188679245283,isotonic,72
0,0.27651391854687946,0.23703703703703705,isotonic,72
0,0.3725614393620255,0.2975206611570248,isotonic,72
0,0.133281093387142,0.05142857142857143,isotonic,72
0,0.2704746725026075,0.23703703703703705,isotonic,72
1,0.9959897931765284,1.0,isotonic,72
1,0.9414978002641188,1.0,isotonic,72
0,0.475635567727172,0.39826839826839827,isotonic,72
0,0.2672999285735718,0.23703703703703705,isotonic,72
0,0.22803905155308252,0.2,isotonic,72
1,0.4524297779581075,0.39826839826839827,isotonic,72
0,0.17860889216942563,0.10810810810810811,isotonic,72
0,0.3827876256765759,0.39826839826839827,isotonic,72
1,0.630278628992681,0.8333333333333334,isotonic,72
0,0.13125332622817784,0.05142857142857143,isotonic,72
0,0.40231935681607817,0.39826839826839827,isotonic,72
0,0.08556956877673395,0.047619047619047616,isotonic,72
0,0.05805204702072307,0.0,isotonic,72
1,0.9328815017237954,1.0,isotonic,72
1,0.9964959685161371,1.0,isotonic,72
1,0.9958540405620299,1.0,isotonic,72
1,0.0909753024979029,0.047619047619047616,isotonic,72
0,0.48893572024723825,0.39826839826839827,isotonic,72
1,0.8813564193462334,1.0,isotonic,72
0,0.11159679356540195,0.05142857142857143,isotonic,72
0,0.10337212372935792,0.05142857142857143,isotonic,72
0,0.06592168241500282,0.02830188679245283,isotonic,72
0,0.2919230841415725,0.23703703703703705,isotonic,72
1,0.9764604575299857,1.0,isotonic,72
0,0.27034941225136483,0.23703703703703705,isotonic,72
0,0.3511839798352149,0.2975206611570248,isotonic,72
0,0.30902015859593734,0.24590163934426232,isotonic,72
0,0.4045771134080338,0.39826839826839827,isotonic,72
0,0.29711775182813227,0.23703703703703705,isotonic,72
0,0.11241179062860683,0.05142857142857143,isotonic,72
0,0.06302425463548372,0.0,isotonic,72
1,0.987584285219228,1.0,isotonic,72
0,0.1916961729814411,0.125,isotonic,72
0,0.09211787567543726,0.047619047619047616,isotonic,72
0,0.30259774940609935,0.23703703703703705,isotonic,72
1,0.9545385244136562,1.0,isotonic,72
0,0.17570582577882898,0.10810810810810811,isotonic,72
0,0.29660595993880035,0.23703703703703705,isotonic,72
0,0.2727324183718542,0.23703703703703705,isotonic,72
1,0.3606217930642858,0.2975206611570248,isotonic,72
1,0.9942679349282261,1.0,isotonic,72
0,0.14967267409725607,0.0606060606060606,isotonic,72
0,0.1600599353775886,0.0606060606060606,isotonic,72
1,0.2871807557783805,0.23703703703703705,isotonic,72
0,0.12621656442265672,0.05142857142857143,isotonic,72
1,0.41253945536453834,0.39826839826839827,isotonic,72
1,0.08530674386305066,0.047619047619047616,isotonic,72
0,0.17773414216673028,0.10810810810810811,isotonic,72
0,0.1013696203134288,0.047619047619047616,isotonic,72
0,0.05365848639464864,0.0,isotonic,72
1,0.9764604575299857,1.0,isotonic,72
0,0.36066504849477204,0.2975206611570248,isotonic,72
0,0.22565423815187705,0.2,isotonic,72
0,0.14193470884433512,0.05142857142857143,isotonic,72
0,0.20681906064346214,0.16923076923076924,isotonic,72
0,0.10177032606580654,0.047619047619047616,isotonic,72
0,0.1268147948630898,0.05142857142857143,isotonic,72
1,0.8906330924162057,1.0,isotonic,72
1,0.9504369042389843,1.0,isotonic,72
0,0.14747900698430508,0.0606060606060606,isotonic,72
1,0.4981583750699741,0.48717948717948717,isotonic,72
0,0.13619081386014265,0.05142857142857143,isotonic,72
1,0.3342182527958403,0.2975206611570248,isotonic,72
0,0.3388404810226299,0.2975206611570248,isotonic,72
0,0.3105009312426957,0.24590163934426232,isotonic,72
1,0.9994064762033446,1.0,isotonic,72
1,0.9104901549791813,1.0,isotonic,72
0,0.20520065035633947,0.16923076923076924,isotonic,72
1,0.37333070667725093,0.2975206611570248,isotonic,72
1,0.9764604575299857,1.0,isotonic,72
0,0.10995352854252934,0.05142857142857143,isotonic,72
1,0.25706077226817653,0.23076923076923078,isotonic,72
0,0.21033748938881558,0.16923076923076924,isotonic,72
0,0.3626054400187116,0.2975206611570248,isotonic,72
0,0.28341479458158547,0.23703703703703705,isotonic,72
1,0.9764604575299857,1.0,isotonic,72
1,0.9006785347810917,1.0,isotonic,72
1,0.07048441800695747,0.02830188679245283,isotonic,72
0,0.14369544783198673,0.0606060606060606,isotonic,72
1,0.965536779147865,1.0,isotonic,72
1,0.9971759757265716,1.0,isotonic,72
0,0.45545962629546805,0.39826839826839827,isotonic,72
0,0.4867824523486244,0.39826839826839827,isotonic,72
1,0.9846053515530381,1.0,isotonic,72
0,0.27887763561443324,0.23703703703703705,isotonic,72
0,0.11651895872193126,0.05142857142857143,isotonic,72
0,0.06723230515307227,0.02830188679245283,isotonic,72
0,0.43476352655727396,0.39826839826839827,isotonic,72
1,0.9554337729704168,1.0,isotonic,72
1,0.17375569560696882,0.10810810810810811,isotonic,72
0,0.15146225026995833,0.0606060606060606,isotonic,72
0,0.2595663564246717,0.23703703703703705,isotonic,72
0,0.12530581956913345,0.05142857142857143,isotonic,72
1,0.983711125683613,1.0,isotonic,72
0,0.10333934192674447,0.05142857142857143,isotonic,72
0,0.1606225941087767,0.0606060606060606,isotonic,72
1,0.992412347653854,1.0,isotonic,72
0,0.0593860339243458,0.0,isotonic,72
1,0.9947129906699004,1.0,isotonic,72
1,0.44351394020818297,0.39826839826839827,isotonic,72
1,0.5029762915930304,0.48717948717948717,isotonic,72
1,0.999729504169679,1.0,isotonic,72
1,0.9764604575299857,1.0,isotonic,72
0,0.32415520724708435,0.24590163934426232,isotonic,72
0,0.10216206118659056,0.047619047619047616,isotonic,72
1,0.8535273066260377,1.0,isotonic,72
0,0.45496861019557744,0.39826839826839827,isotonic,72
0,0.08847276879455546,0.047619047619047616,isotonic,72
1,0.9226886768279394,1.0,isotonic,72
0,0.26205752509487723,0.23703703703703705,isotonic,72
0,0.07072451734064364,0.02830188679245283,isotonic,72
1,0.9438948911332551,1.0,isotonic,72
1,0.9764604575299857,1.0,isotonic,72
1,0.9764604575299857,1.0,isotonic,72
1,0.9290071847802586,1.0,isotonic,72
1,0.9430244452328039,1.0,isotonic,72
0,0.2444875574805482,0.2222222222222222,isotonic,72
0,0.19296468312910875,0.125,isotonic,72
1,0.47283147166794415,0.39826839826839827,isotonic,72
0,0.2523491280378286,0.23076923076923078,isotonic,72
0,0.33028723718399083,0.2975206611570248,isotonic,72
1,0.9932955952159696,1.0,isotonic,72
1,0.9886313731500341,1.0,isotonic,72
0,0.3462871431839065,0.2975206611570248,isotonic,72
1,0.16517043718136773,0.0606060606060606,isotonic,72
1,0.9493395667585586,1.0,isotonic,72
1,0.9764604575299857,1.0,isotonic,72
0,0.3315212205849469,0.2975206611570248,isotonic,72
0,0.224604231240565,0.2,isotonic,72
0,0.20336147191913473,0.16923076923076924,isotonic,72
1,0.8972704374065408,1.0,isotonic,72
1,0.34704973564344804,0.2975206611570248,isotonic,72
1,0.9349208068193013,1.0,isotonic,72
0,0.06308895101048528,0.0,isotonic,72
0,0.08273846634557333,0.047619047619047616,isotonic,72
0,0.49812646049016335,0.48717948717948717,isotonic,72
1,0.9333802459434016,1.0,isotonic,72
1,0.9947879868358823,1.0,isotonic,72
1,0.9001504698008358,1.0,isotonic,72
0,0.06791828286278488,0.02830188679245283,isotonic,72
1,0.998937453827315,1.0,isotonic,72
0,0.06628731147167896,0.02830188679245283,isotonic,72
1,0.4692854781046677,0.39826839826839827,isotonic,72
1,0.9764604575299857,1.0,isotonic,72
1,0.9764604575299857,1.0,isotonic,72
0,0.3672149682105946,0.2975206611570248,isotonic,72
1,0.22039858957691383,0.19444444444444445,isotonic,72
1,0.9585636550652414,1.0,isotonic,72
0,0.44491971492188837,0.39826839826839827,isotonic,72
0,0.19979884169885911,0.16923076923076924,isotonic,72
0,0.32643958487079044,0.24590163934426232,isotonic,72
1,0.06534020127960712,0.005839253389706526,isotonic,72
0,0.11787996872457523,0.05142857142857143,isotonic,72
1,0.1920022562965232,0.125,isotonic,72
1,0.9657384844599228,1.0,isotonic,72
1,0.9764604575299857,1.0,isotonic,72
1,0.9918650124598186,1.0,isotonic,72
1,0.47733962362912263,0.39826839826839827,isotonic,72
1,0.8542964162853923,1.0,isotonic,72
1,0.9978241287583512,1.0,isotonic,72
1,0.43234504199529566,0.39826839826839827,isotonic,72
1,0.945145127371475,1.0,isotonic,72
1,0.9342698618482757,1.0,isotonic,72
0,0.2324984673457194,0.21621621621621623,isotonic,72
1,0.8969348724139931,1.0,isotonic,72
1,0.9347222168669734,1.0,isotonic,72
0,0.08077305962730362,0.02830188679245283,isotonic,72
1,0.8238224686223431,1.0,isotonic,72
1,0.37818537290711984,0.39826839826839827,isotonic,72
1,0.3700197609626142,0.2975206611570248,isotonic,72
1,0.9823350542898841,1.0,isotonic,72
0,0.26197865561982814,0.23703703703703705,isotonic,72
0,0.09709866321356038,0.047619047619047616,isotonic,72
0,0.08633488595665104,0.047619047619047616,isotonic,72
0,0.11621512774246211,0.05142857142857143,isotonic,72
1,0.9997149139767563,1.0,isotonic,72
0,0.16225262468438587,0.0606060606060606,isotonic,72
1,0.9179223617924273,1.0,isotonic,72
1,0.9764604575299857,1.0,isotonic,72
1,0.468900497746831,0.39826839826839827,isotonic,72
0,0.0767115823459947,0.02830188679245283,isotonic,72
0,0.13106944842419757,0.05142857142857143,isotonic,72
0,0.24230372558517194,0.21621621621621623,isotonic,72
1,0.16963904355282772,0.0606060606060606,isotonic,72
0,0.36270327337177743,0.2975206611570248,isotonic,72
1,0.6883178396970832,0.9104065792180535,isotonic,72
1,0.36003903985655666,0.2975206611570248,isotonic,72
0,0.3251145108192205,0.24590163934426232,isotonic,72
0,0.4516203498524458,0.39826839826839827,isotonic,72
0,0.11270750752993787,0.05142857142857143,isotonic,72
1,0.9764604575299857,1.0,isotonic,72
0,0.17312150265126813,0.10810810810810811,isotonic,72
1,0.9764604575299857,1.0,isotonic,72
0,0.27036915630036173,0.23703703703703705,isotonic,72
1,0.992109789758429,1.0,isotonic,72
0,0.08718265206929048,0.047619047619047616,isotonic,72
1,0.9285754556813187,1.0,isotonic,72
1,0.323753241274599,0.24590163934426232,isotonic,72
0,0.08391728736883806,0.047619047619047616,isotonic,72
0,0.12724717875953967,0.05142857142857143,isotonic,72
1,0.20139742311078251,0.16923076923076924,isotonic,72
1,0.940796543468277,1.0,isotonic,72
0,0.1272291425320409,0.05142857142857143,isotonic,72
1,0.5200598569318169,0.48717948717948717,isotonic,72
1,0.2344218244736438,0.21621621621621623,isotonic,72
0,0.234058498559925,0.21621621621621623,isotonic,72
1,0.3692113793133816,0.2975206611570248,isotonic,72
1,0.41521553808736317,0.39826839826839827,isotonic,72
0,0.3531034923210009,0.2975206611570248,isotonic,72
1,0.9926149730118772,1.0,isotonic,72
0,0.05979404705568322,0.0,isotonic,72
1,0.9581799508356517,1.0,isotonic,72
1,0.994854720229342,1.0,isotonic,72
1,0.9821274461555356,1.0,isotonic,72
1,0.15635808607032317,0.0606060606060606,isotonic,72
1,0.9995519225548596,1.0,isotonic,72
1,0.9599710927814651,1.0,isotonic,72
1,0.9992164096538138,1.0,isotonic,72
1,0.9764604575299857,1.0,isotonic,72
0,0.3341785678050967,0.2975206611570248,isotonic,72
0,0.39833810836188915,0.39826839826839827,isotonic,72
0,0.31832706773096303,0.24590163934426232,isotonic,72
0,0.06014149857074983,0.0,isotonic,72
1,0.8916200185227833,1.0,isotonic,72
1,0.9897894640104198,1.0,isotonic,72
1,0.9972520081035877,1.0,isotonic,72
0,0.15297729997008053,0.0606060606060606,isotonic,72
1,0.9100961755849329,1.0,isotonic,72
0,0.5054575120546617,0.48717948717948717,isotonic,72
1,0.9667749521578405,1.0,isotonic,72
1,0.9764604575299857,1.0,isotonic,72
1,0.9490191946204718,1.0,isotonic,72
1,0.9148633197770173,1.0,isotonic,72
0,0.057366218076501475,0.0,isotonic,72
0,0.16106409208707442,0.0606060606060606,isotonic,72
1,0.3101901302197339,0.24590163934426232,isotonic,72
1,0.9375352957433855,1.0,isotonic,72
0,0.12313253936206915,0.05142857142857143,isotonic,72
0,0.13009957408819567,0.05142857142857143,isotonic,72
0,0.5297006663298908,0.4892499466081548,isotonic,72
0,0.1601422824324741,0.0606060606060606,isotonic,72
0,0.09878918813230922,0.047619047619047616,isotonic,72
1,0.290427385826378,0.23703703703703705,isotonic,72
0,0.1544784160799231,0.0606060606060606,isotonic,72
1,0.9318137972999464,1.0,isotonic,72
0,0.1242057966693517,0.05142857142857143,isotonic,72
0,0.5088571520063288,0.48717948717948717,isotonic,72
0,0.3305495238950203,0.2975206611570248,isotonic,72
1,0.4400621478630938,0.39826839826839827,isotonic,72
1,0.16135027643824446,0.0606060606060606,isotonic,72
0,0.46840164074343343,0.39826839826839827,isotonic,72
0,0.0756216989826107,0.02830188679245283,isotonic,72
0,0.23180162890126496,0.21621621621621623,isotonic,72
1,0.9195540641230372,1.0,isotonic,72
0,0.16116593671259674,0.0606060606060606,isotonic,72
0,0.06667167747027614,0.02830188679245283,isotonic,72
0,0.10698743153200416,0.05142857142857143,isotonic,72
0,0.14815371008137584,0.0606060606060606,isotonic,72
1,0.9908225195185376,1.0,isotonic,72
1,0.903431469115403,1.0,isotonic,72
1,0.9211302621919287,1.0,isotonic,72
1,0.24229271681858724,0.21621621621621623,isotonic,72
1,0.3650515227473254,0.2975206611570248,isotonic,72
1,0.9256776391452007,1.0,isotonic,72
1,0.932692582250177,1.0,isotonic,72
1,0.8837628782232779,1.0,isotonic,72
1,0.9442473084475942,1.0,isotonic,72
0,0.2422977726896696,0.21621621621621623,isotonic,72
1,0.3197250451197029,0.24590163934426232,isotonic,72
0,0.3058942973845611,0.23703703703703705,isotonic,72
1,0.9087322349671346,1.0,isotonic,72
1,0.8914298708314273,1.0,isotonic,72
0,0.1679913483054199,0.0606060606060606,isotonic,72
0,0.3699753047946059,0.2975206611570248,isotonic,72
1,0.9934106542935351,1.0,isotonic,72
1,0.9231483521359769,1.0,isotonic,72
1,0.44490656612551815,0.39826839826839827,isotonic,72
0,0.3313704567895318,0.2975206611570248,isotonic,72
1,0.9764604575299857,1.0,isotonic,72
0,0.3453925783015492,0.2975206611570248,isotonic,72
0,0.06619359718135315,0.02830188679245283,isotonic,72
1,0.9764604575299857,1.0,isotonic,72
0,0.1323644387480878,0.05142857142857143,isotonic,72
0,0.20672152647607905,0.16923076923076924,isotonic,72
0,0.07654351747779209,0.02830188679245283,isotonic,72
1,0.9366283462036095,1.0,isotonic,72
1,0.8030763817627988,1.0,isotonic,72
1,0.9610997033123679,1.0,isotonic,72
1,0.5926410920043381,0.8333333333333334,isotonic,72
0,0.12959927074985514,0.05142857142857143,isotonic,72
1,0.9088477808997601,1.0,isotonic,72
0,0.1904423347888782,0.125,isotonic,72
1,0.924427585758041,1.0,isotonic,72
0,0.06942230974224885,0.02830188679245283,isotonic,72
0,0.1199563332229348,0.05142857142857143,isotonic,72
0,0.5326091618865401,0.4994525125340241,isotonic,72
0,0.17439530872251635,0.10810810810810811,isotonic,72
1,0.9764604575299857,1.0,isotonic,72
1,0.995496289613951,1.0,isotonic,72
0,0.1689039416679382,0.0606060606060606,isotonic,72
1,0.2742857404741119,0.23703703703703705,isotonic,72
0,0.16424467378540708,0.0606060606060606,isotonic,72
0,0.15758894185958305,0.0606060606060606,isotonic,72
1,0.9527612213594489,1.0,isotonic,72
1,0.9994568980523858,1.0,isotonic,72
1,0.9445114192316798,1.0,isotonic,72
0,0.06417673584486192,0.0,isotonic,72
0,0.08940976754354935,0.047619047619047616,isotonic,72
0,0.3766160514343138,0.39826839826839827,isotonic,72
0,0.13447215874874768,0.05142857142857143,isotonic,72
1,0.8657775236057826,1.0,isotonic,72
1,0.8645237346121799,1.0,isotonic,72
0,0.16338453400045308,0.0606060606060606,isotonic,72
1,0.9764604575299857,1.0,isotonic,72
0,0.21845616613068372,0.19444444444444445,isotonic,72
1,0.9374891036479721,1.0,isotonic,72
1,0.40140391449968227,0.39826839826839827,isotonic,72
0,0.08704813473284762,0.047619047619047616,isotonic,72
1,0.9764604575299857,1.0,isotonic,72
1,0.9071636463034114,1.0,isotonic,72
0,0.11914293930450176,0.05142857142857143,isotonic,72
0,0.3498192950193914,0.2975206611570248,isotonic,72
1,0.8951139998221197,1.0,isotonic,72
0,0.302107707590203,0.23703703703703705,isotonic,72
1,0.9293057149250957,1.0,isotonic,72
0,0.07304201121560781,0.02830188679245283,isotonic,72
0,0.3714214023029458,0.2975206611570248,isotonic,72
0,0.21129730556552956,0.18349652300372332,isotonic,72
1,0.482460145150022,0.39826839826839827,isotonic,72
0,0.18198170579807385,0.10810810810810811,isotonic,72
0,0.12192504294883869,0.05142857142857143,isotonic,72
0,0.08403015184064752,0.047619047619047616,isotonic,72
1,0.9948142809601677,1.0,isotonic,72
1,0.16619517302074738,0.0606060606060606,isotonic,72
1,0.2807716171545843,0.23703703703703705,isotonic,72
0,0.16944784914029187,0.0606060606060606,isotonic,72
1,0.8974956431468416,1.0,isotonic,72
0,0.16197331650776298,0.0606060606060606,isotonic,72
1,0.9449734970673885,1.0,isotonic,72
0,0.13915960266589247,0.05142857142857143,isotonic,72
0,0.3740540694992204,0.2975206611570248,isotonic,72
0,0.44052977985222214,0.39826839826839827,isotonic,72
0,0.14761039082989982,0.0606060606060606,isotonic,72
0,0.4759650634628853,0.39826839826839827,isotonic,72
0,0.1391708918364921,0.05142857142857143,isotonic,72
1,0.9554709716030275,1.0,isotonic,72
1,0.40432611666615104,0.39826839826839827,isotonic,72
0,0.2791712657413342,0.23703703703703705,isotonic,72
0,0.12431294544108039,0.05142857142857143,isotonic,72
0,0.5390832241354243,0.5,isotonic,72
0,0.3147274239207372,0.24590163934426232,isotonic,72
1,0.9729240950664336,1.0,isotonic,72
0,0.08797755619128032,0.047619047619047616,isotonic,72
0,0.12842963481154357,0.05142857142857143,isotonic,72
1,0.8646438884722601,1.0,isotonic,72
0,0.43629494594593143,0.39826839826839827,isotonic,72
1,0.282284281436636,0.23703703703703705,isotonic,72
1,0.6288520662277283,0.8333333333333334,isotonic,72
0,0.39175511080313075,0.39826839826839827,isotonic,72
0,0.45158667055435076,0.39826839826839827,isotonic,72
1,0.4602076355908871,0.39826839826839827,isotonic,72
0,0.06703556723108658,0.02830188679245283,isotonic,72
0,0.1270809395154444,0.05142857142857143,isotonic,72
0,0.09258618756512872,0.047619047619047616,isotonic,72
1,0.9891394345241571,1.0,isotonic,72
0,0.2649477159002789,0.23703703703703705,isotonic,72
0,0.3968176661767751,0.39826839826839827,isotonic,72
1,0.9230142635088788,1.0,isotonic,72
1,0.8993328817349989,1.0,isotonic,72
1,0.33139527314902595,0.2975206611570248,isotonic,72
1,0.9764604575299857,1.0,isotonic,72
0,0.1738751773529157,0.10810810810810811,isotonic,72
1,0.492752143680577,0.39826839826839827,isotonic,72
0,0.07987122775493852,0.02830188679245283,isotonic,72
1,0.9564865872974018,1.0,isotonic,72
0,0.27412123476251293,0.23703703703703705,isotonic,72
1,0.8888855894294831,1.0,isotonic,72
1,0.9093496254212406,1.0,isotonic,72
1,0.9188151918324767,1.0,isotonic,72
0,0.33088501075197174,0.2975206611570248,isotonic,72
0,0.2779717119276382,0.23703703703703705,isotonic,72
0,0.3040364816330744,0.23703703703703705,isotonic,72
0,0.13599264826166216,0.05142857142857143,isotonic,72
0,0.24003432025900853,0.21621621621621623,isotonic,72
1,0.44089169454624205,0.39826839826839827,isotonic,72
1,0.9493043400219596,1.0,isotonic,72
0,0.1844777735603846,0.10810810810810811,isotonic,72
1,0.3920484594545884,0.39826839826839827,isotonic,72
0,0.1753133740171943,0.10810810810810811,isotonic,72
0,0.2776574266491828,0.23703703703703705,isotonic,72
1,0.9764604575299857,1.0,isotonic,72
1,0.9994842564885461,1.0,isotonic,72
1,0.9587911067571798,1.0,isotonic,72
0,0.168969511873128,0.0606060606060606,isotonic,72
1,0.9998048374755215,1.0,isotonic,72
1,0.38795239876811316,0.39826839826839827,isotonic,72
1,0.27145442471417414,0.23703703703703705,isotonic,72
0,0.2224139118925446,0.2,isotonic,72
1,0.9985438940947493,1.0,isotonic,72
1,0.9038997337765494,1.0,isotonic,72
0,0.0731496739968215,0.02830188679245283,isotonic,72
1,0.9121219029049248,1.0,isotonic,72
1,0.30108321807614064,0.23703703703703705,isotonic,72
1,0.3723197410019951,0.2975206611570248,isotonic,72
0,0.3159229338916642,0.24590163934426232,isotonic,72
1,0.31988881441391426,0.24590163934426232,isotonic,72
0,0.2544358447904492,0.23076923076923078,isotonic,72
0,0.24550496918008713,0.2222222222222222,isotonic,72
0,0.20178607988129538,0.16923076923076924,isotonic,72
1,0.4900803318673276,0.39826839826839827,isotonic,72
1,0.9764604575299857,1.0,isotonic,72
0,0.336705708996078,0.2975206611570248,isotonic,72
0,0.4657414270826413,0.39826839826839827,isotonic,72
0,0.25503024903591215,0.23076923076923078,isotonic,72
0,0.13533222565467404,0.05142857142857143,isotonic,72
1,0.999871793990157,1.0,isotonic,72
1,0.9022755875776973,1.0,isotonic,72
0,0.5007163798556541,0.48717948717948717,isotonic,72
1,0.9984270854506404,1.0,isotonic,72
0,0.2306516027666486,0.21621621621621623,isotonic,72
1,0.3850328998448891,0.39826839826839827,isotonic,72
0,0.1388206494560575,0.05142857142857143,isotonic,72
0,0.5117237941795042,0.48717948717948717,isotonic,72
1,0.1128368632536218,0.05142857142857143,isotonic,72
0,0.07354359282492678,0.02830188679245283,isotonic,72
1,0.4327098808255019,0.39826839826839827,isotonic,72
0,0.06397705996176938,0.0,isotonic,72
1,0.43447746195074605,0.39826839826839827,isotonic,72
0,0.17510104219700778,0.10810810810810811,isotonic,72
1,0.8972608440115605,1.0,isotonic,72
0,0.18448360102758504,0.10810810810810811,isotonic,72
1,0.4581620924787857,0.39826839826839827,isotonic,72
0,0.053839032657772276,0.0,isotonic,72
1,0.44707364779731845,0.39826839826839827,isotonic,72
1,0.9815407510800471,1.0,isotonic,72
1,0.35342470979413393,0.2975206611570248,isotonic,72
0,0.07955571564702046,0.02830188679245283,isotonic,72
0,0.19133082543460223,0.125,isotonic,72
1,0.33508991434371466,0.2975206611570248,isotonic,72
1,0.8775281372062591,1.0,isotonic,72
0,0.09451025205265448,0.047619047619047616,isotonic,72
0,0.555965054785372,0.5,isotonic,72
0,0.4302651439960483,0.39826839826839827,isotonic,72
0,0.5065586168586282,0.48717948717948717,isotonic,72
0,0.328109203478943,0.2602985038452004,isotonic,72
0,0.25362598504147815,0.23076923076923078,isotonic,72
1,0.9233387919845224,1.0,isotonic,72
0,0.10829067379995992,0.05142857142857143,isotonic,72
1,0.9224940847313167,1.0,isotonic,72
1,0.9802594974370268,1.0,isotonic,72
1,0.9764604575299857,1.0,isotonic,72
0,0.06264589855493582,0.0,isotonic,72
0,0.15051753886775834,0.0606060606060606,isotonic,72
0,0.3024117415112224,0.23703703703703705,isotonic,72
1,0.9764604575299857,1.0,isotonic,72
0,0.08293083680981872,0.047619047619047616,isotonic,72
1,0.9379831105409395,1.0,isotonic,72
0,0.15090825980567432,0.0606060606060606,isotonic,72
1,0.9277229899511314,1.0,isotonic,72
1,0.8526616472696815,1.0,isotonic,72
1,0.9899099478283817,1.0,isotonic,72
1,0.98963099216308,1.0,isotonic,72
1,0.9814159764205304,1.0,isotonic,72
0,0.24619849039461228,0.2222222222222222,isotonic,72
0,0.12045171133246661,0.05142857142857143,isotonic,72
1,0.9236082656121483,1.0,isotonic,72
0,0.06540763791341081,0.018985887862357696,isotonic,72
0,0.06895720986582288,0.02830188679245283,isotonic,72
0,0.23942106046370024,0.21621621621621623,isotonic,72
0,0.15807632610498915,0.0606060606060606,isotonic,72
1,0.9764604575299857,1.0,isotonic,72
1,0.9928881283648341,1.0,isotonic,72
0,0.12557247553951945,0.05142857142857143,isotonic,72
1,0.25015264318493036,0.23076923076923078,isotonic,72
1,0.31769132075894807,0.24590163934426232,isotonic,72
0,0.08922291311350036,0.047619047619047616,isotonic,72
0,0.4233897684059848,0.39826839826839827,isotonic,72
0,0.447542790960258,0.39826839826839827,isotonic,72
0,0.06109684945462946,0.0,isotonic,72
0,0.3277881837972403,0.24590163934426232,isotonic,72
0,0.06433442907634693,0.0,isotonic,72
1,0.5065297767322674,0.48717948717948717,isotonic,72
1,0.8818717918320156,1.0,isotonic,72
1,0.9278280140532307,1.0,isotonic,72
0,0.17273555226827758,0.10810810810810811,isotonic,72
1,0.9492916651391122,1.0,isotonic,72
1,0.9328270037761345,1.0,isotonic,72
0,0.2166462078998093,0.19444444444444445,isotonic,72
1,0.9767458217916084,1.0,isotonic,72
0,0.11488568318777036,0.05142857142857143,isotonic,72
0,0.15454366754020277,0.0606060606060606,isotonic,72
0,0.14016580135426138,0.05142857142857143,isotonic,72
