y_true,proba,proba_calibrated,calibration_method,seed
0,0.11932521199389842,0.07462686567164178,isotonic,82
1,0.9980792957860872,1.0,isotonic,82
0,0.29263562681006616,0.2582781456953642,isotonic,82
1,0.9814759399980502,1.0,isotonic,82
0,0.08384553493745858,0.025380710659898477,isotonic,82
0,0.06284076496123515,0.0,isotonic,82
1,0.18763292662116338,0.13986013986013987,isotonic,82
1,0.9484117252007352,1.0,isotonic,82
0,0.06875064766481453,0.01282051282051282,isotonic,82
1,0.9263421967284735,1.0,isotonic,82
1,0.9489695622274676,1.0,isotonic,82
0,0.417929539067095,0.3504273504273504,isotonic,82
0,0.15601529054591048,0.07462686567164178,isotonic,82
0,0.30752809739555254,0.2922077922077922,isotonic,82
1,0.9820393397194671,1.0,isotonic,82
1,0.17551312534745228,0.12280701754385964,isotonic,82
1,0.3768841368127607,0.3504273504273504,isotonic,82
0,0.49249662077445083,0.5,isotonic,82
1,1.0,1.0,isotonic,82
0,0.2316428924854885,0.23809523809523808,isotonic,82
0,0.3455601538552431,0.2922077922077922,isotonic,82
0,0.15937928880588684,0.07462686567164178,isotonic,82
1,0.9174529694862829,1.0,isotonic,82
0,0.3467264111678285,0.2922077922077922,isotonic,82
1,0.8527308659301109,1.0,isotonic,82
0,0.45183177185954604,0.4444444444444444,isotonic,82
0,0.15747120217730903,0.07462686567164178,isotonic,82
0,0.3805967296761519,0.3504273504273504,isotonic,82
1,0.9508583286682716,1.0,isotonic,82
1,0.9815262831156498,1.0,isotonic,82
0,0.2605566143174761,0.23809523809523808,isotonic,82
1,0.5310793165451299,0.5,isotonic,82
0,0.0950774844144482,0.025380710659898477,isotonic,82
0,0.06072262534222042,0.0,isotonic,82
0,0.0650742328401609,0.0,isotonic,82
1,0.3730813090822306,0.3504273504273504,isotonic,82
1,0.8548199009614217,1.0,isotonic,82
0,0.15640151753388487,0.07462686567164178,isotonic,82
1,0.4692532694444785,0.5,isotonic,82
1,0.999559873764592,1.0,isotonic,82
1,0.4117709080542712,0.3504273504273504,isotonic,82
0,0.12863074826519647,0.07462686567164178,isotonic,82
1,0.5007523232134503,0.5,isotonic,82
0,0.3121008297979785,0.2922077922077922,isotonic,82
1,0.33915317344006946,0.2922077922077922,isotonic,82
1,0.9322008927078794,1.0,isotonic,82
0,0.25815147801950533,0.23809523809523808,isotonic,82
1,0.9854727139500045,1.0,isotonic,82
0,0.5454968029031549,0.5,isotonic,82
1,0.9405531583313922,1.0,isotonic,82
0,0.11911034001196606,0.07462686567164178,isotonic,82
0,0.28000111701457586,0.2582781456953642,isotonic,82
0,0.06861481117322624,0.01282051282051282,isotonic,82
1,0.991570983110795,1.0,isotonic,82
0,0.08631477893358043,0.025380710659898477,isotonic,82
1,0.24950489826813693,0.23809523809523808,isotonic,82
0,0.1226557050106656,0.07462686567164178,isotonic,82
0,0.20863994082822906,0.13986013986013987,isotonic,82
1,0.3844636917103742,0.3504273504273504,isotonic,82
0,0.12213425601360757,0.07462686567164178,isotonic,82
0,0.11888422134991747,0.025380710659898477,isotonic,82
1,0.9814759399980502,1.0,isotonic,82
0,0.1639580590695249,0.07462686567164178,isotonic,82
0,0.11905745040184497,0.07462686567164178,isotonic,82
0,0.062059026346828146,0.0,isotonic,82
0,0.1592005928275246,0.07462686567164178,isotonic,82
0,0.1528450709466612,0.07462686567164178,isotonic,82
1,0.9551815706695165,1.0,isotonic,82
1,0.831703317062021,1.0,isotonic,82
1,0.359377010934047,0.2922077922077922,isotonic,82
1,0.9392601378149775,1.0,isotonic,82
1,0.994649819540499,1.0,isotonic,82
0,0.23154167651191027,0.23809523809523808,isotonic,82
1,0.9470492002340245,1.0,isotonic,82
0,0.06979526960247348,0.01282051282051282,isotonic,82
1,0.9938469853590546,1.0,isotonic,82
1,0.7712207186418626,1.0,isotonic,82
1,0.9087598678720377,1.0,isotonic,82
1,0.9359835682594075,1.0,isotonic,82
0,0.5156065265249498,0.5,isotonic,82
0,0.24007856111189702,0.23809523809523808,isotonic,82
0,0.26519058519914973,0.2582781456953642,isotonic,82
0,0.10484329691424968,0.025380710659898477,isotonic,82
0,0.45532611481916585,0.4444444444444444,isotonic,82
0,0.08420842001661154,0.025380710659898477,isotonic,82
1,0.9888602335084211,1.0,isotonic,82
1,0.4894432047758254,0.5,isotonic,82
0,0.49375480788839793,0.5,isotonic,82
1,0.9456392816827293,1.0,isotonic,82
1,0.37842098011906283,0.3504273504273504,isotonic,82
1,0.405493442009885,0.3504273504273504,isotonic,82
0,0.28072392220117,0.2582781456953642,isotonic,82
0,0.31065014719176126,0.2922077922077922,isotonic,82
0,0.1338151451209601,0.07462686567164178,isotonic,82
1,0.9891740263840624,1.0,isotonic,82
0,0.1870019196445865,0.13515494702341535,isotonic,82
0,0.1484982373843314,0.07462686567164178,isotonic,82
1,0.9573315785426649,1.0,isotonic,82
1,0.9499581002927809,1.0,isotonic,82
0,0.44483063614944524,0.40816326530612246,isotonic,82
0,0.13326331934929178,0.07462686567164178,isotonic,82
1,0.565522631293693,0.631578947368421,isotonic,82
1,0.9837400491557173,1.0,isotonic,82
1,0.8851299007298953,1.0,isotonic,82
0,0.10713399689328164,0.025380710659898477,isotonic,82
1,0.4097724683759325,0.3504273504273504,isotonic,82
1,0.3556597814733311,0.2922077922077922,isotonic,82
0,0.20935163128812423,0.13986013986013987,isotonic,82
0,0.16061991678919751,0.07462686567164178,isotonic,82
1,0.8838726202613064,1.0,isotonic,82
0,0.13252833873082423,0.07462686567164178,isotonic,82
1,0.3894301180094988,0.3504273504273504,isotonic,82
1,0.9814759399980502,1.0,isotonic,82
1,0.44042569172213225,0.40816326530612246,isotonic,82
0,0.5897873925674182,0.631578947368421,isotonic,82
0,0.3963413055516221,0.3504273504273504,isotonic,82
1,0.43673344350539994,0.40816326530612246,isotonic,82
0,0.12326277845883848,0.07462686567164178,isotonic,82
0,0.2813094557556819,0.2582781456953642,isotonic,82
0,0.24205940355348352,0.23809523809523808,isotonic,82
1,0.9875845397972495,1.0,isotonic,82
1,0.9551964912510418,1.0,isotonic,82
0,0.3314810301709143,0.2922077922077922,isotonic,82
1,0.8805429484534343,1.0,isotonic,82
1,0.8231666412954727,1.0,isotonic,82
1,0.9515609744045285,1.0,isotonic,82
1,0.8955864398369573,1.0,isotonic,82
1,0.9814759399980502,1.0,isotonic,82
0,0.20948650631896243,0.13986013986013987,isotonic,82
0,0.06654488461506772,0.01282051282051282,isotonic,82
0,0.10043051073595087,0.025380710659898477,isotonic,82
1,0.42619832604190355,0.3888888888888889,isotonic,82
0,0.2647074085728765,0.2582781456953642,isotonic,82
1,0.17918139513512524,0.12280701754385964,isotonic,82
0,0.45325356960233726,0.4444444444444444,isotonic,82
0,0.22724178749277768,0.2222222222222222,isotonic,82
1,0.9846159314437011,1.0,isotonic,82
0,0.10434496777165003,0.025380710659898477,isotonic,82
1,0.999406936717438,1.0,isotonic,82
0,0.4124539225730808,0.3504273504273504,isotonic,82
1,0.9858095576693635,1.0,isotonic,82
0,0.13941530318583087,0.07462686567164178,isotonic,82
0,0.19003038021136956,0.13986013986013987,isotonic,82
0,0.0951003053187959,0.025380710659898477,isotonic,82
1,0.9152667619196063,1.0,isotonic,82
1,0.9454242222478723,1.0,isotonic,82
0,0.36565352725536154,0.3504273504273504,isotonic,82
1,0.9924955578750733,1.0,isotonic,82
0,0.17661067154112978,0.12280701754385964,isotonic,82
1,0.9957394039904053,1.0,isotonic,82
0,0.4893495196968264,0.5,isotonic,82
1,0.8601346780569458,1.0,isotonic,82
1,0.9515956541435948,1.0,isotonic,82
0,0.19421855496385057,0.13986013986013987,isotonic,82
1,0.9538173946209105,1.0,isotonic,82
1,0.8403662096855286,1.0,isotonic,82
0,0.25557904540610427,0.23809523809523808,isotonic,82
0,0.27084287522240835,0.2582781456953642,isotonic,82
0,0.11638901841925692,0.025380710659898477,isotonic,82
0,0.1881022844459631,0.13986013986013987,isotonic,82
0,0.13130557947259008,0.07462686567164178,isotonic,82
0,0.08930094311692977,0.025380710659898477,isotonic,82
0,0.17541908972953552,0.12280701754385964,isotonic,82
1,0.9312042562599054,1.0,isotonic,82
1,0.8877167654723999,1.0,isotonic,82
1,0.5600691709142555,0.631578947368421,isotonic,82
0,0.1933518615840383,0.13986013986013987,isotonic,82
0,0.2941057934429459,0.2582781456953642,isotonic,82
1,0.9438454356955926,1.0,isotonic,82
0,0.5265932868702,0.5,isotonic,82
1,0.07961436419628598,0.025380710659898477,isotonic,82
1,0.45225497791476715,0.4444444444444444,isotonic,82
1,0.998105990251291,1.0,isotonic,82
1,0.9814759399980502,1.0,isotonic,82
1,0.2276862009949536,0.2222222222222222,isotonic,82
1,0.8626423399970412,1.0,isotonic,82
1,0.9959450558370474,1.0,isotonic,82
0,0.28491512600455293,0.2582781456953642,isotonic,82
1,0.5821679776564995,0.631578947368421,isotonic,82
1,0.9965664104274606,1.0,isotonic,82
0,0.19902523440079598,0.13986013986013987,isotonic,82
0,0.5005486601381165,0.5,isotonic,82
0,0.18314420653560165,0.12280701754385964,isotonic,82
0,0.10694404972807176,0.025380710659898477,isotonic,82
1,1.0,1.0,isotonic,82
0,0.17208567976299294,0.12280701754385964,isotonic,82
1,0.9503822759096018,1.0,isotonic,82
0,0.4463043035382092,0.40816326530612246,isotonic,82
1,0.9339886894066722,1.0,isotonic,82
1,0.9940703410806742,1.0,isotonic,82
1,0.94150349479331,1.0,isotonic,82
1,0.9981107624630774,1.0,isotonic,82
1,0.42610825725499074,0.3888888888888889,isotonic,82
1,0.46723934423832997,0.5,isotonic,82
1,0.9071461449146299,1.0,isotonic,82
1,0.8610224169792233,1.0,isotonic,82
1,0.9438415850146278,1.0,isotonic,82
0,0.1524196365493066,0.07462686567164178,isotonic,82
0,0.08555088180340874,0.025380710659898477,isotonic,82
1,0.47891487519532405,0.5,isotonic,82
1,0.8926936828619451,1.0,isotonic,82
0,0.22967322857231054,0.23809523809523808,isotonic,82
0,0.47307274825365897,0.5,isotonic,82
1,0.9314109528462683,1.0,isotonic,82
1,0.4088004437599946,0.3504273504273504,isotonic,82
1,0.9035316710670099,1.0,isotonic,82
1,0.8977582983006204,1.0,isotonic,82
1,0.9521910515117082,1.0,isotonic,82
1,0.998333986609148,1.0,isotonic,82
1,0.8395810435767794,1.0,isotonic,82
0,0.29805603171301315,0.2582781456953642,isotonic,82
1,0.19820958631558078,0.13986013986013987,isotonic,82
0,0.5322245093474942,0.5,isotonic,82
0,0.125382023928484,0.07462686567164178,isotonic,82
1,0.9412160625326408,1.0,isotonic,82
0,0.0743281284826619,0.01282051282051282,isotonic,82
0,0.25415503463277184,0.23809523809523808,isotonic,82
0,0.45349179551845054,0.4444444444444444,isotonic,82
1,0.9577211957377871,1.0,isotonic,82
0,0.07654520892226756,0.01282051282051282,isotonic,82
1,0.42869018640567097,0.3888888888888889,isotonic,82
0,0.09709497503431995,0.025380710659898477,isotonic,82
0,0.40491821254214316,0.3504273504273504,isotonic,82
0,0.27303554932163177,0.2582781456953642,isotonic,82
1,0.9751842829895455,1.0,isotonic,82
1,0.9604517231913072,1.0,isotonic,82
0,0.09603379332146401,0.025380710659898477,isotonic,82
0,0.14386010951372577,0.07462686567164178,isotonic,82
0,0.26593969997037775,0.2582781456953642,isotonic,82
0,0.21201497309654713,0.13986013986013987,isotonic,82
1,0.9914484697772563,1.0,isotonic,82
0,0.43807415951479933,0.40816326530612246,isotonic,82
0,0.07663671336594584,0.01282051282051282,isotonic,82
0,0.11647192595883332,0.025380710659898477,isotonic,82
0,0.3860961400919085,0.3504273504273504,isotonic,82
1,0.4371362422967159,0.40816326530612246,isotonic,82
0,0.14718828677714077,0.07462686567164178,isotonic,82
1,0.9814759399980502,1.0,isotonic,82
1,0.9374675490788648,1.0,isotonic,82
0,0.18330148330728172,0.12280701754385964,isotonic,82
1,0.8983137462830689,1.0,isotonic,82
1,0.9887805394518481,1.0,isotonic,82
0,0.1560713293128729,0.07462686567164178,isotonic,82
0,0.09788583849486648,0.025380710659898477,isotonic,82
1,0.505016908993419,0.5,isotonic,82
0,0.07365783618056332,0.01282051282051282,isotonic,82
0,0.15316812395342053,0.07462686567164178,isotonic,82
0,0.29557612219169754,0.2582781456953642,isotonic,82
0,0.1365868576001317,0.07462686567164178,isotonic,82
0,0.486801283007447,0.5,isotonic,82
1,0.45870010711712333,0.5,isotonic,82
0,0.299058019147961,0.2582781456953642,isotonic,82
1,0.12042264817024079,0.07462686567164178,isotonic,82
1,0.9999451048288709,1.0,isotonic,82
1,0.2964565165376659,0.2582781456953642,isotonic,82
0,0.08730106530341801,0.025380710659898477,isotonic,82
1,0.9866166178574323,1.0,isotonic,82
0,0.09837807601312054,0.025380710659898477,isotonic,82
0,0.08491572164657082,0.025380710659898477,isotonic,82
0,0.24637266797631066,0.23809523809523808,isotonic,82
1,0.1363904856834279,0.07462686567164178,isotonic,82
1,0.3493200746476199,0.2922077922077922,isotonic,82
0,0.24073507451838722,0.23809523809523808,isotonic,82
0,0.29557525645352795,0.2582781456953642,isotonic,82
0,0.1360550349272345,0.07462686567164178,isotonic,82
1,0.9884565772910772,1.0,isotonic,82
1,0.4120454715429539,0.3504273504273504,isotonic,82
0,0.20839457967856195,0.13986013986013987,isotonic,82
1,0.40183558197539,0.3504273504273504,isotonic,82
1,0.9424456230049579,1.0,isotonic,82
0,0.07342667742392979,0.01282051282051282,isotonic,82
0,0.13268123334996285,0.07462686567164178,isotonic,82
0,0.06992815430307459,0.01282051282051282,isotonic,82
0,0.11985730733543827,0.07462686567164178,isotonic,82
0,0.11729554133724543,0.025380710659898477,isotonic,82
0,0.3508276394250378,0.2922077922077922,isotonic,82
0,0.17894200617627856,0.12280701754385964,isotonic,82
0,0.07443195237684364,0.01282051282051282,isotonic,82
1,0.9309879232571774,1.0,isotonic,82
0,0.08167942086946808,0.025380710659898477,isotonic,82
0,0.1215799930086673,0.07462686567164178,isotonic,82
0,0.2490939358420067,0.23809523809523808,isotonic,82
1,0.9952988318041823,1.0,isotonic,82
1,0.9927852462726027,1.0,isotonic,82
1,0.9652240044121085,1.0,isotonic,82
1,0.9975073223412045,1.0,isotonic,82
1,0.9965059386698378,1.0,isotonic,82
0,0.11097775299529151,0.025380710659898477,isotonic,82
1,0.9309812825146482,1.0,isotonic,82
0,0.18197346728709216,0.12280701754385964,isotonic,82
0,0.0705603661623846,0.01282051282051282,isotonic,82
1,0.9969256015191903,1.0,isotonic,82
0,0.12528910670856563,0.07462686567164178,isotonic,82
0,0.47895410360156054,0.5,isotonic,82
0,0.38060547417638235,0.3504273504273504,isotonic,82
0,0.07563543016441548,0.01282051282051282,isotonic,82
0,0.06448164377678753,0.0,isotonic,82
1,0.3125948536574713,0.2922077922077922,isotonic,82
1,0.23232651655066192,0.23809523809523808,isotonic,82
0,0.14975683895055386,0.07462686567164178,isotonic,82
0,0.38929241274709814,0.3504273504273504,isotonic,82
0,0.3060653018891792,0.2582781456953642,isotonic,82
0,0.29672644901613326,0.2582781456953642,isotonic,82
0,0.08377629056297915,0.025380710659898477,isotonic,82
1,0.8854574988878994,1.0,isotonic,82
0,0.3423356231858856,0.2922077922077922,isotonic,82
0,0.07956494155207536,0.025380710659898477,isotonic,82
1,0.4371897937353784,0.40816326530612246,isotonic,82
1,0.39191391799558006,0.3504273504273504,isotonic,82
0,0.3264780788198157,0.2922077922077922,isotonic,82
0,0.1320068590329002,0.07462686567164178,isotonic,82
1,0.9982808609540705,1.0,isotonic,82
0,0.1945313540152629,0.13986013986013987,isotonic,82
1,0.9473627141478435,1.0,isotonic,82
1,0.999937205210856,1.0,isotonic,82
0,0.10568432798569377,0.025380710659898477,isotonic,82
0,0.34155826156587155,0.2922077922077922,isotonic,82
1,0.927808960246861,1.0,isotonic,82
1,0.9814759399980502,1.0,isotonic,82
1,0.9086492880963628,1.0,isotonic,82
1,0.9814759399980502,1.0,isotonic,82
1,0.1609201566008425,0.07462686567164178,isotonic,82
1,0.9814759399980502,1.0,isotonic,82
0,0.12413337151851885,0.07462686567164178,isotonic,82
0,0.48865466849107747,0.5,isotonic,82
1,0.9967033284610691,1.0,isotonic,82
0,0.14036666975364323,0.07462686567164178,isotonic,82
1,0.9979356331162735,1.0,isotonic,82
0,0.14648321569345957,0.07462686567164178,isotonic,82
1,0.8992020118838456,1.0,isotonic,82
0,0.15320634884922824,0.07462686567164178,isotonic,82
0,0.1575956568317573,0.07462686567164178,isotonic,82
1,0.9966143223929219,1.0,isotonic,82
1,0.1918300079696472,0.13986013986013987,isotonic,82
1,0.6044175915038167,0.7272727272727273,isotonic,82
1,0.9502402652878315,1.0,isotonic,82
1,0.9193493745048287,1.0,isotonic,82
0,0.5103019185680665,0.5,isotonic,82
1,0.12303066118682263,0.07462686567164178,isotonic,82
0,0.0936078278076207,0.025380710659898477,isotonic,82
1,0.9907408458755994,1.0,isotonic,82
0,0.2758111240103571,0.2582781456953642,isotonic,82
1,0.9814759399980502,1.0,isotonic,82
0,0.07968232803875924,0.025380710659898477,isotonic,82
1,0.9954312276343046,1.0,isotonic,82
1,0.9313262127485672,1.0,isotonic,82
0,0.07523702677545743,0.01282051282051282,isotonic,82
0,0.48813685227441417,0.5,isotonic,82
0,0.4732091894056259,0.5,isotonic,82
0,0.10774213511587248,0.025380710659898477,isotonic,82
0,0.2741861002542127,0.2582781456953642,isotonic,82
0,0.06342924798325456,0.0,isotonic,82
1,0.9007592837242456,1.0,isotonic,82
0,0.1373151289478715,0.07462686567164178,isotonic,82
0,0.09497885630294671,0.025380710659898477,isotonic,82
1,0.225285315594534,0.2222222222222222,isotonic,82
0,0.09080532197287149,0.025380710659898477,isotonic,82
1,0.9860340758317778,1.0,isotonic,82
1,0.9314189428317741,1.0,isotonic,82
0,0.061260824657812296,0.0,isotonic,82
0,0.10564880440851458,0.025380710659898477,isotonic,82
0,0.21980055016789984,0.13986013986013987,isotonic,82
1,0.9672401281394544,1.0,isotonic,82
1,0.9495664294874974,1.0,isotonic,82
0,0.16191618603906172,0.07462686567164178,isotonic,82
1,0.9994999343773492,1.0,isotonic,82
1,0.9814759399980502,1.0,isotonic,82
1,0.9814759399980502,1.0,isotonic,82
1,0.5366038149102463,0.5,isotonic,82
0,0.10959331512711155,0.025380710659898477,isotonic,82
1,0.8945623364278253,1.0,isotonic,82
0,0.05836792315496857,0.0,isotonic,82
0,0.13050523388739121,0.07462686567164178,isotonic,82
1,0.9941435011960361,1.0,isotonic,82
1,0.23069375817567683,0.23809523809523808,isotonic,82
0,0.1136823414705916,0.025380710659898477,isotonic,82
1,0.3059549695202372,0.2582781456953642,isotonic,82
1,0.966064215698089,1.0,isotonic,82
1,0.3770821009614265,0.3504273504273504,isotonic,82
1,0.9814759399980502,1.0,isotonic,82
1,0.256039424269661,0.23809523809523808,isotonic,82
1,0.92299789677386,1.0,isotonic,82
1,0.915906923593293,1.0,isotonic,82
0,0.34456002656974405,0.2922077922077922,isotonic,82
0,0.07488257674999631,0.01282051282051282,isotonic,82
0,0.11407625104801303,0.025380710659898477,isotonic,82
0,0.12808179549579596,0.07462686567164178,isotonic,82
0,0.1568203906817959,0.07462686567164178,isotonic,82
0,0.3373892851804858,0.2922077922077922,isotonic,82
0,0.12447477613189266,0.07462686567164178,isotonic,82
0,0.07078065309134773,0.01282051282051282,isotonic,82
0,0.1233865607291001,0.07462686567164178,isotonic,82
0,0.17134166291451924,0.07462686567164178,isotonic,82
1,0.9382438733227844,1.0,isotonic,82
0,0.07550214292443545,0.01282051282051282,isotonic,82
0,0.1891797213549907,0.13986013986013987,isotonic,82
0,0.3076235290673995,0.2922077922077922,isotonic,82
0,0.14775156921859056,0.07462686567164178,isotonic,82
0,0.3765978932459144,0.3504273504273504,isotonic,82
1,0.9405125753874312,1.0,isotonic,82
1,0.2368679330070638,0.23809523809523808,isotonic,82
1,0.9236591383624544,1.0,isotonic,82
1,0.30506753635510986,0.2582781456953642,isotonic,82
1,0.45227608987318213,0.4444444444444444,isotonic,82
1,0.9131133804358872,1.0,isotonic,82
1,0.28586370631223934,0.2582781456953642,isotonic,82
1,0.9610006113786975,1.0,isotonic,82
1,0.8978479304876168,1.0,isotonic,82
1,0.9135964563006364,1.0,isotonic,82
1,0.5006689659479511,0.5,isotonic,82
1,0.9962337967091046,1.0,isotonic,82
0,0.20797685423310155,0.13986013986013987,isotonic,82
1,0.8872750053592461,1.0,isotonic,82
0,0.22134577978910921,0.2222222222222222,isotonic,82
1,0.8484413631486146,1.0,isotonic,82
1,0.9051548511791807,1.0,isotonic,82
1,0.9392164788726806,1.0,isotonic,82
0,0.10827751245246275,0.025380710659898477,isotonic,82
1,0.9390425282738593,1.0,isotonic,82
0,0.10140610221764057,0.025380710659898477,isotonic,82
1,0.3133534801414025,0.2922077922077922,isotonic,82
1,0.9992727502675676,1.0,isotonic,82
1,0.9656966509231157,1.0,isotonic,82
0,0.14614493108549803,0.07462686567164178,isotonic,82
1,0.8410323769107242,1.0,isotonic,82
1,0.993690182168929,1.0,isotonic,82
1,0.5386958621883428,0.5,isotonic,82
0,0.48597248958168365,0.5,isotonic,82
0,0.3671068092335296,0.3504273504273504,isotonic,82
0,0.10626177871021786,0.025380710659898477,isotonic,82
1,0.6027424617622585,0.7272727272727273,isotonic,82
1,0.9516639557938483,1.0,isotonic,82
1,0.9951077430848962,1.0,isotonic,82
0,0.10937656637903499,0.025380710659898477,isotonic,82
1,0.4503707261684904,0.40816326530612246,isotonic,82
1,0.9981372945098106,1.0,isotonic,82
0,0.18805292748518762,0.13986013986013987,isotonic,82
1,0.9197256763001527,1.0,isotonic,82
0,0.3880621143282286,0.3504273504273504,isotonic,82
0,0.4404327988288694,0.40816326530612246,isotonic,82
1,0.933396464473643,1.0,isotonic,82
0,0.28921957944702326,0.2582781456953642,isotonic,82
1,0.9147331187902171,1.0,isotonic,82
0,0.2513722639876865,0.23809523809523808,isotonic,82
0,0.11194939510601251,0.025380710659898477,isotonic,82
0,0.17194149273185946,0.12280701754385964,isotonic,82
1,0.8640691206801935,1.0,isotonic,82
1,0.9814759399980502,1.0,isotonic,82
0,0.47231097083389056,0.5,isotonic,82
0,0.11121502445763412,0.025380710659898477,isotonic,82
0,0.12804739233591686,0.07462686567164178,isotonic,82
0,0.16873765028794155,0.07462686567164178,isotonic,82
0,0.3932000137158471,0.3504273504273504,isotonic,82
0,0.24782327338049814,0.23809523809523808,isotonic,82
1,0.9892309322080343,1.0,isotonic,82
1,0.8731130813322365,1.0,isotonic,82
0,0.1561032162055763,0.07462686567164178,isotonic,82
1,0.9338486430649667,1.0,isotonic,82
0,0.14007166496962148,0.07462686567164178,isotonic,82
1,0.9188675019591005,1.0,isotonic,82
1,0.43516427202841734,0.40816326530612246,isotonic,82
0,0.15604494798666238,0.07462686567164178,isotonic,82
1,0.9814759399980502,1.0,isotonic,82
1,0.6483368171148935,0.7272727272727273,isotonic,82
1,0.9632522564864775,1.0,isotonic,82
0,0.06127513792721422,0.0,isotonic,82
1,0.9955118450623371,1.0,isotonic,82
0,0.1660418458915785,0.07462686567164178,isotonic,82
0,0.07101211216254834,0.01282051282051282,isotonic,82
1,0.43160896308576546,0.40816326530612246,isotonic,82
0,0.25836739337421316,0.23809523809523808,isotonic,82
1,0.8846923620900352,1.0,isotonic,82
1,0.8711387981614954,1.0,isotonic,82
1,0.9440582169423221,1.0,isotonic,82
1,0.20789243818385228,0.13986013986013987,isotonic,82
1,0.9441833371688546,1.0,isotonic,82
1,0.9562926555223478,1.0,isotonic,82
0,0.1999333377742578,0.13986013986013987,isotonic,82
1,0.9413518027164473,1.0,isotonic,82
1,0.346891155838169,0.2922077922077922,isotonic,82
0,0.554208527596174,0.5,isotonic,82
1,0.29478246566502964,0.2582781456953642,isotonic,82
0,0.35539751769158506,0.2922077922077922,isotonic,82
1,0.9789286277254025,1.0,isotonic,82
1,0.9900569700360266,1.0,isotonic,82
0,0.06494112739095817,0.0,isotonic,82
1,0.990517174080882,1.0,isotonic,82
0,0.13115393295785413,0.07462686567164178,isotonic,82
1,0.9814759399980502,1.0,isotonic,82
0,0.233062497787673,0.23809523809523808,isotonic,82
0,0.19317704065084493,0.13986013986013987,isotonic,82
1,0.18923600838520474,0.13986013986013987,isotonic,82
0,0.21450419035420068,0.13986013986013987,isotonic,82
1,0.19624454610873637,0.13986013986013987,isotonic,82
0,0.17579487630928964,0.12280701754385964,isotonic,82
0,0.3460703287610222,0.2922077922077922,isotonic,82
0,0.18977286439091975,0.13986013986013987,isotonic,82
0,0.40901983412123283,0.3504273504273504,isotonic,82
0,0.5206746275638682,0.5,isotonic,82
0,0.4519714533498075,0.4444444444444444,isotonic,82
1,0.988334705011783,1.0,isotonic,82
0,0.21038625094548158,0.13986013986013987,isotonic,82
1,0.875406211065615,1.0,isotonic,82
0,0.10264782599687275,0.025380710659898477,isotonic,82
0,0.38743121656923235,0.3504273504273504,isotonic,82
1,0.9925040617911627,1.0,isotonic,82
1,0.9814759399980502,1.0,isotonic,82
1,0.34917661927724564,0.2922077922077922,isotonic,82
1,0.9519914985364067,1.0,isotonic,82
0,0.18232439368109296,0.12280701754385964,isotonic,82
1,0.9814759399980502,1.0,isotonic,82
0,0.38063329310821625,0.3504273504273504,isotonic,82
0,0.44532909110289154,0.40816326530612246,isotonic,82
0,0.12427358812911216,0.07462686567164178,isotonic,82
0,0.445054943281833,0.40816326530612246,isotonic,82
1,0.9546750404244132,1.0,isotonic,82
0,0.11708679473737642,0.025380710659898477,isotonic,82
1,0.9966718651156147,1.0,isotonic,82
0,0.17238478733878887,0.12280701754385964,isotonic,82
1,0.3836927108547474,0.3504273504273504,isotonic,82
1,0.9814759399980502,1.0,isotonic,82
1,0.9758055610685596,1.0,isotonic,82
0,0.12192269169417522,0.07462686567164178,isotonic,82
0,0.4699743072820348,0.5,isotonic,82
0,0.05920271317245586,0.0,isotonic,82
1,0.24944777866830192,0.23809523809523808,isotonic,82
1,0.8633543591554373,1.0,isotonic,82
1,0.42944223063331083,0.3888888888888889,isotonic,82
1,0.5888482377191301,0.631578947368421,isotonic,82
0,0.6579960454550554,0.7272727272727273,isotonic,82
1,0.9414556011688962,1.0,isotonic,82
0,0.1516736671743035,0.07462686567164178,isotonic,82
1,0.9500869765150394,1.0,isotonic,82
0,0.15068389807366098,0.07462686567164178,isotonic,82
1,0.42469656309931664,0.3888888888888889,isotonic,82
1,0.9444861116284369,1.0,isotonic,82
0,0.34980613558765383,0.2922077922077922,isotonic,82
1,0.9814759399980502,1.0,isotonic,82
0,0.10244267412385191,0.025380710659898477,isotonic,82
1,0.9814759399980502,1.0,isotonic,82
1,0.45440140783142624,0.4444444444444444,isotonic,82
0,0.09702799614726182,0.025380710659898477,isotonic,82
1,0.20755400266654392,0.13986013986013987,isotonic,82
0,0.14266782412333476,0.07462686567164178,isotonic,82
1,0.633640926366293,0.7272727272727273,isotonic,82
1,0.45427040815276426,0.4444444444444444,isotonic,82
0,0.13092542119577621,0.07462686567164178,isotonic,82
1,0.9481432605156209,1.0,isotonic,82
0,0.08838241142462631,0.025380710659898477,isotonic,82
1,0.9910714621613207,1.0,isotonic,82
1,0.9856265289241867,1.0,isotonic,82
1,0.9734766347139424,1.0,isotonic,82
1,0.905042167858996,1.0,isotonic,82
1,0.9480344178851313,1.0,isotonic,82
0,0.1764001999996545,0.12280701754385964,isotonic,82
0,0.1203121104078568,0.07462686567164178,isotonic,82
0,0.08803748536754036,0.025380710659898477,isotonic,82
1,0.9562680405017215,1.0,isotonic,82
0,0.4630348378990261,0.5,isotonic,82
1,0.9939099326111159,1.0,isotonic,82
0,0.14182356307310257,0.07462686567164178,isotonic,82
1,0.1261690116020327,0.07462686567164178,isotonic,82
1,0.0964362339790907,0.025380710659898477,isotonic,82
1,0.9358736616031887,1.0,isotonic,82
0,0.34941719022724765,0.2922077922077922,isotonic,82
0,0.21559055766346452,0.13986013986013987,isotonic,82
1,0.9814759399980502,1.0,isotonic,82
1,0.3639184652920145,0.3504273504273504,isotonic,82
1,0.9861915947513598,1.0,isotonic,82
0,0.47940186958573877,0.5,isotonic,82
1,0.9080967537823703,1.0,isotonic,82
1,0.9486164666840614,1.0,isotonic,82
0,0.17539702177257185,0.12280701754385964,isotonic,82
0,0.1627472536930715,0.07462686567164178,isotonic,82
1,0.9512291649640815,1.0,isotonic,82
0,0.10880742125014783,0.025380710659898477,isotonic,82
1,0.9994987833556831,1.0,isotonic,82
0,0.10055049598258069,0.025380710659898477,isotonic,82
1,0.9522015181614479,1.0,isotonic,82
0,0.1622391890707974,0.07462686567164178,isotonic,82
1,0.9814759399980502,1.0,isotonic,82
0,0.29879124162634063,0.2582781456953642,isotonic,82
0,0.08297962758734254,0.025380710659898477,isotonic,82
1,1.0,1.0,isotonic,82
0,0.4259072265440435,0.3888888888888889,isotonic,82
0,0.1635301916130173,0.07462686567164178,isotonic,82
0,0.4041474278535354,0.3504273504273504,isotonic,82
0,0.2745278418517955,0.2582781456953642,isotonic,82
0,0.06391160806024318,0.0,isotonic,82
0,0.18217546664760606,0.12280701754385964,isotonic,82
1,0.998216948315141,1.0,isotonic,82
1,0.4297602927263323,0.3927718580241154,isotonic,82
0,0.3688918526273871,0.3504273504273504,isotonic,82
1,0.9580458012425576,1.0,isotonic,82
0,0.1315886434461206,0.07462686567164178,isotonic,82
0,0.13668955738069216,0.07462686567164178,isotonic,82
0,0.44735661201625493,0.40816326530612246,isotonic,82
1,0.9044755887545586,1.0,isotonic,82
0,0.32414574877061847,0.2922077922077922,isotonic,82
0,0.6785557640022525,0.7272727272727273,isotonic,82
1,0.9938950115633995,1.0,isotonic,82
0,0.07377155161618727,0.01282051282051282,isotonic,82
0,0.20170103269506895,0.13986013986013987,isotonic,82
1,0.9950800883786807,1.0,isotonic,82
0,0.1955651826111995,0.13986013986013987,isotonic,82
1,0.9814759399980502,1.0,isotonic,82
1,0.9929558952181068,1.0,isotonic,82
0,0.18713745051556427,0.13986013986013987,isotonic,82
0,0.11896822310296054,0.07462686567164178,isotonic,82
0,0.1597576080720446,0.07462686567164178,isotonic,82
0,0.21903435661486412,0.13986013986013987,isotonic,82
0,0.1291536917471506,0.07462686567164178,isotonic,82
0,0.12282974963481733,0.07462686567164178,isotonic,82
1,0.9814759399980502,1.0,isotonic,82
1,0.9124712174265541,1.0,isotonic,82
0,0.4641737907548875,0.5,isotonic,82
0,0.15117661355978165,0.07462686567164178,isotonic,82
1,1.0,1.0,isotonic,82
0,0.24003987562153833,0.23809523809523808,isotonic,82
1,0.9814759399980502,1.0,isotonic,82
1,0.9990994275972682,1.0,isotonic,82
1,0.9483897322855644,1.0,isotonic,82
0,0.14512927062003128,0.07462686567164178,isotonic,82
0,0.08112917818740299,0.025380710659898477,isotonic,82
0,0.4664343236751924,0.5,isotonic,82
1,0.999937205210856,1.0,isotonic,82
0,0.1010625284543974,0.025380710659898477,isotonic,82
0,0.06228001207334878,0.0,isotonic,82
1,0.22865396976420532,0.23809523809523808,isotonic,82
0,0.5729363332095038,0.631578947368421,isotonic,82
1,0.4449156007824863,0.40816326530612246,isotonic,82
1,0.9989253742319575,1.0,isotonic,82
0,0.28637930793320343,0.2582781456953642,isotonic,82
0,0.11669421373485345,0.025380710659898477,isotonic,82
1,0.9937440644557974,1.0,isotonic,82
1,0.19376756787556715,0.13986013986013987,isotonic,82
0,0.5268641574843728,0.5,isotonic,82
0,0.07489424197011203,0.01282051282051282,isotonic,82
0,0.20940119430927054,0.13986013986013987,isotonic,82
0,0.41757060036027444,0.3504273504273504,isotonic,82
0,0.09811701297062815,0.025380710659898477,isotonic,82
0,0.14894545991677827,0.07462686567164178,isotonic,82
0,0.4392268474185791,0.40816326530612246,isotonic,82
1,0.5230372161586321,0.5,isotonic,82
1,0.9410903335457899,1.0,isotonic,82
0,0.09819502884111951,0.025380710659898477,isotonic,82
1,0.45536818682304914,0.4444444444444444,isotonic,82
0,0.056839610067112266,0.0,isotonic,82
1,0.8920613684540992,1.0,isotonic,82
1,0.9255913133684466,1.0,isotonic,82
1,0.997099615959223,1.0,isotonic,82
1,0.9961978222471608,1.0,isotonic,82
1,0.9323255948800312,1.0,isotonic,82
0,0.1689412796202271,0.07462686567164178,isotonic,82
1,0.5302518983312453,0.5,isotonic,82
1,0.8623977315386552,1.0,isotonic,82
1,0.9454816266429407,1.0,isotonic,82
0,0.4422138582517176,0.40816326530612246,isotonic,82
0,0.07700482748192197,0.01282051282051282,isotonic,82
1,0.9578460764945156,1.0,isotonic,82
0,0.3273029385893358,0.2922077922077922,isotonic,82
0,0.12416784255982236,0.07462686567164178,isotonic,82
0,0.14848042887272003,0.07462686567164178,isotonic,82
0,0.19406771946552837,0.13986013986013987,isotonic,82
1,0.9974113663885542,1.0,isotonic,82
0,0.12289395500796217,0.07462686567164178,isotonic,82
1,0.9995755862371176,1.0,isotonic,82
1,0.9541899088844129,1.0,isotonic,82
0,0.2909547870471877,0.2582781456953642,isotonic,82
1,0.5535879041514804,0.5,isotonic,82
1,0.9814759399980502,1.0,isotonic,82
0,0.09046325179671912,0.025380710659898477,isotonic,82
1,0.45890564587633986,0.5,isotonic,82
1,0.5419536324535185,0.5,isotonic,82
0,0.08765635946123855,0.025380710659898477,isotonic,82
0,0.23146478807543355,0.23809523809523808,isotonic,82
1,0.999137019642562,1.0,isotonic,82
0,0.11933780108338676,0.07462686567164178,isotonic,82
0,0.13777620160250434,0.07462686567164178,isotonic,82
1,0.2754081194929759,0.2582781456953642,isotonic,82
0,0.1456415035639976,0.07462686567164178,isotonic,82
1,0.9814759399980502,1.0,isotonic,82
0,0.20764805597296013,0.13986013986013987,isotonic,82
1,0.9718451444387155,1.0,isotonic,82
0,0.37517823978717135,0.3504273504273504,isotonic,82
0,0.16581605203270872,0.07462686567164178,isotonic,82
0,0.2886067624475722,0.2582781456953642,isotonic,82
0,0.0991611064802686,0.025380710659898477,isotonic,82
0,0.1676800178088582,0.07462686567164178,isotonic,82
0,0.40828740142943465,0.3504273504273504,isotonic,82
0,0.13230629751703477,0.07462686567164178,isotonic,82
1,0.9940393015503247,1.0,isotonic,82
1,0.9782199023656527,1.0,isotonic,82
1,0.4485208872611623,0.40816326530612246,isotonic,82
1,0.5636369588303355,0.631578947368421,isotonic,82
1,0.10841431283903273,0.025380710659898477,isotonic,82
0,0.23225350855714352,0.23809523809523808,isotonic,82
0,0.14375390191698287,0.07462686567164178,isotonic,82
0,0.07268757768135387,0.01282051282051282,isotonic,82
0,0.08120359650396748,0.025380710659898477,isotonic,82
1,0.8472388459010664,1.0,isotonic,82
1,0.9990570468419203,1.0,isotonic,82
0,0.1775085680188349,0.12280701754385964,isotonic,82
0,0.20894174619601055,0.13986013986013987,isotonic,82
0,0.09314808077889436,0.025380710659898477,isotonic,82
1,0.9465081255767048,1.0,isotonic,82
1,0.9582229883730018,1.0,isotonic,82
1,0.9779521342813763,1.0,isotonic,82
1,0.5639078263813405,0.631578947368421,isotonic,82
1,0.8302431753585466,1.0,isotonic,82
0,0.07982706907942672,0.025380710659898477,isotonic,82
1,0.16326427670211424,0.07462686567164178,isotonic,82
1,0.9113541538064435,1.0,isotonic,82
1,0.8564207117070236,1.0,isotonic,82
0,0.07502995350371171,0.01282051282051282,isotonic,82
1,0.9527303449058557,1.0,isotonic,82
0,0.2832598705298593,0.2582781456953642,isotonic,82
0,0.12782493538179088,0.07462686567164178,isotonic,82
0,0.2069838860642236,0.13986013986013987,isotonic,82
0,0.15103500989510882,0.07462686567164178,isotonic,82
1,0.9906607032223085,1.0,isotonic,82
0,0.11731016595218778,0.025380710659898477,isotonic,82
1,0.3569446081089569,0.2922077922077922,isotonic,82
0,0.5279077439198776,0.5,isotonic,82
0,0.21539416188256402,0.13986013986013987,isotonic,82
1,0.5835745346705745,0.631578947368421,isotonic,82
0,0.12027216068169816,0.07462686567164178,isotonic,82
1,0.9989253742319575,1.0,isotonic,82
1,0.4660515144773327,0.5,isotonic,82
0,0.07006509530663213,0.01282051282051282,isotonic,82
1,0.9508516362050556,1.0,isotonic,82
1,0.9125324114424666,1.0,isotonic,82
0,0.1868639918849772,0.12953963846032604,isotonic,82
1,0.9814759399980502,1.0,isotonic,82
0,0.20972490949458272,0.13986013986013987,isotonic,82
0,0.13904423551067654,0.07462686567164178,isotonic,82
1,0.956037640906521,1.0,isotonic,82
1,0.9978392810485385,1.0,isotonic,82
1,0.5000945423141367,0.5,isotonic,82
1,0.9399988871254571,1.0,isotonic,82
1,0.8712192915763914,1.0,isotonic,82
1,0.9570750345491474,1.0,isotonic,82
0,0.2049534278956592,0.13986013986013987,isotonic,82
0,0.16087454040612387,0.07462686567164178,isotonic,82
1,0.9814759399980502,1.0,isotonic,82
1,0.8771134096725284,1.0,isotonic,82
1,0.4263782306484576,0.3888888888888889,isotonic,82
0,0.41939994016220683,0.35906651936109185,isotonic,82
0,0.07308591432480037,0.01282051282051282,isotonic,82
0,0.25461752846845137,0.23809523809523808,isotonic,82
1,0.9920921995065184,1.0,isotonic,82
0,0.5637356175513871,0.631578947368421,isotonic,82
1,0.25551802013760094,0.23809523809523808,isotonic,82
0,0.1750397238791137,0.12280701754385964,isotonic,82
0,0.2822646956701249,0.2582781456953642,isotonic,82
1,0.8131588928539571,1.0,isotonic,82
0,0.21864593770278987,0.13986013986013987,isotonic,82
1,0.9814759399980502,1.0,isotonic,82
1,0.21316265106796362,0.13986013986013987,isotonic,82
1,0.9956846525817931,1.0,isotonic,82
0,0.3322794699956452,0.2922077922077922,isotonic,82
1,0.36097550421701885,0.2922077922077922,isotonic,82
0,0.36900368706390824,0.3504273504273504,isotonic,82
1,0.5241021135754704,0.5,isotonic,82
1,0.9814759399980502,1.0,isotonic,82
1,0.9613046362385073,1.0,isotonic,82
0,0.27258073114235803,0.2582781456953642,isotonic,82
1,0.9814759399980502,1.0,isotonic,82
1,0.11759885397824635,0.025380710659898477,isotonic,82
0,0.09179312686837161,0.025380710659898477,isotonic,82
1,0.9517536428783734,1.0,isotonic,82
1,0.9881464666600768,1.0,isotonic,82
1,0.9575286849488908,1.0,isotonic,82
0,0.1551475182511844,0.07462686567164178,isotonic,82
1,0.9711834537832059,1.0,isotonic,82
1,0.9995399925355473,1.0,isotonic,82
1,0.8824613011230502,1.0,isotonic,82
0,0.07997078781663308,0.025380710659898477,isotonic,82
1,0.9284196542706591,1.0,isotonic,82
1,0.887238948094746,1.0,isotonic,82
0,0.4179190917074768,0.3504273504273504,isotonic,82
1,0.41555511759644104,0.3504273504273504,isotonic,82
0,0.35942034191408073,0.2922077922077922,isotonic,82
0,0.2491461548153856,0.23809523809523808,isotonic,82
1,0.3554466740092498,0.2922077922077922,isotonic,82
0,0.2723148088399773,0.2582781456953642,isotonic,82
0,0.2670269946215347,0.2582781456953642,isotonic,82
0,0.24652081721577437,0.23809523809523808,isotonic,82
1,0.928929152947336,1.0,isotonic,82
0,0.07852726364657558,0.025380710659898477,isotonic,82
0,0.16721958814401522,0.07462686567164178,isotonic,82
0,0.057787097090163136,0.0,isotonic,82
1,0.9444117476453071,1.0,isotonic,82
1,0.9446775574310012,1.0,isotonic,82
1,0.2757397578761674,0.2582781456953642,isotonic,82
0,0.23740279344232582,0.23809523809523808,isotonic,82
1,0.9522094016259078,1.0,isotonic,82
1,0.6408542940190071,0.7272727272727273,isotonic,82
0,0.2634677256321379,0.2582781456953642,isotonic,82
1,0.963012074067174,1.0,isotonic,82
0,0.11920941768721159,0.07462686567164178,isotonic,82
0,0.12186253287918859,0.07462686567164178,isotonic,82
0,0.4930465957700602,0.5,isotonic,82
1,0.5344027791752535,0.5,isotonic,82
0,0.23753537977583458,0.23809523809523808,isotonic,82
1,0.9814759399980502,1.0,isotonic,82
1,0.9309871015865038,1.0,isotonic,82
0,0.17249719811175418,0.12280701754385964,isotonic,82
1,0.940421672493678,1.0,isotonic,82
1,0.9412220885491994,1.0,isotonic,82
1,0.307736822054993,0.2922077922077922,isotonic,82
0,0.15181389677238788,0.07462686567164178,isotonic,82
0,0.062277889657664974,0.0,isotonic,82
1,0.41925218728084995,0.3504273504273504,isotonic,82
0,0.2766045739051144,0.2582781456953642,isotonic,82
0,0.19497691890232194,0.13986013986013987,isotonic,82
0,0.1423636544423763,0.07462686567164178,isotonic,82
1,0.06904768060780649,0.01282051282051282,isotonic,82
0,0.30531401878358405,0.2582781456953642,isotonic,82
0,0.1760469238523036,0.12280701754385964,isotonic,82
0,0.23602807686641716,0.23809523809523808,isotonic,82
0,0.3264370508894853,0.2922077922077922,isotonic,82
1,0.11210555167963188,0.025380710659898477,isotonic,82
0,0.29478968913762366,0.2582781456953642,isotonic,82
0,0.16564887521027416,0.07462686567164178,isotonic,82
1,0.9985190778951641,1.0,isotonic,82
1,0.8859750801999078,1.0,isotonic,82
1,0.994166461944867,1.0,isotonic,82
1,0.9838595786299419,1.0,isotonic,82
0,0.057860114795425306,0.0,isotonic,82
0,0.061549604222827056,0.0,isotonic,82
0,0.31499309698178746,0.2922077922077922,isotonic,82
0,0.13288294110084653,0.07462686567164178,isotonic,82
1,0.28708823570731457,0.2582781456953642,isotonic,82
1,0.9426681710496555,1.0,isotonic,82
1,0.9177074645839247,1.0,isotonic,82
1,0.9276693482679773,1.0,isotonic,82
1,0.990885348433508,1.0,isotonic,82
0,0.1800248877080454,0.12280701754385964,isotonic,82
1,0.9961824789591657,1.0,isotonic,82
0,0.08992355878561056,0.025380710659898477,isotonic,82
1,0.18347811994329508,0.12280701754385964,isotonic,82
1,0.9814759399980502,1.0,isotonic,82
0,0.18556412263270222,0.12280701754385964,isotonic,82
1,0.9814759399980502,1.0,isotonic,82
1,0.9059727148147151,1.0,isotonic,82
0,0.4170440002444567,0.3504273504273504,isotonic,82
0,0.07433760721746879,0.01282051282051282,isotonic,82
1,0.4488519289538955,0.40816326530612246,isotonic,82
0,0.07979674482609583,0.025380710659898477,isotonic,82
1,0.9341381510600657,1.0,isotonic,82
1,0.40039132648537246,0.3504273504273504,isotonic,82
1,0.9950457273436462,1.0,isotonic,82
1,0.9832309287528919,1.0,isotonic,82
0,0.09126614664049353,0.025380710659898477,isotonic,82
0,0.2583695794552756,0.23809523809523808,isotonic,82
1,0.9446298420227297,1.0,isotonic,82
1,0.9823858494257021,1.0,isotonic,82
0,0.27853209432095233,0.2582781456953642,isotonic,82
1,0.9867289706914399,1.0,isotonic,82
0,0.07567718466568815,0.01282051282051282,isotonic,82
0,0.21484603640735472,0.13986013986013987,isotonic,82
1,0.9432287258193636,1.0,isotonic,82
1,0.9959597749350708,1.0,isotonic,82
0,0.5223056806757329,0.5,isotonic,82
1,0.2310997140043655,0.23809523809523808,isotonic,82
0,0.11596360354628663,0.025380710659898477,isotonic,82
0,0.22522257269274568,0.2222222222222222,isotonic,82
0,0.17562350942106136,0.12280701754385964,isotonic,82
0,0.22570363187965375,0.2222222222222222,isotonic,82
1,0.9938964031816532,1.0,isotonic,82
0,0.540282403119099,0.5,isotonic,82
0,0.07996386654036625,0.025380710659898477,isotonic,82
0,0.06943365998238218,0.01282051282051282,isotonic,82
1,0.9872302536198397,1.0,isotonic,82
1,0.21090950423387475,0.13986013986013987,isotonic,82
1,0.9513372954222726,1.0,isotonic,82
1,0.8636832648128484,1.0,isotonic,82
0,0.5533538062282828,0.5,isotonic,82
0,0.18961294608511453,0.13986013986013987,isotonic,82
1,0.5114572686548844,0.5,isotonic,82
1,0.9883182045295651,1.0,isotonic,82
1,0.998954411518465,1.0,isotonic,82
1,0.8408680163034861,1.0,isotonic,82
0,0.1385843519128583,0.07462686567164178,isotonic,82
0,0.2736692682588845,0.2582781456953642,isotonic,82
0,0.06365475192360597,0.0,isotonic,82
0,0.0636366265390768,0.0,isotonic,82
0,0.11118886515902728,0.025380710659898477,isotonic,82
0,0.08420594659651336,0.025380710659898477,isotonic,82
1,1.0,1.0,isotonic,82
0,0.10204065930975292,0.025380710659898477,isotonic,82
0,0.062034314082715966,0.0,isotonic,82
0,0.4637568233955758,0.5,isotonic,82
0,0.5310985376074636,0.5,isotonic,82
0,0.09314032909518025,0.025380710659898477,isotonic,82
1,0.9155035534019184,1.0,isotonic,82
1,0.9997376774125367,1.0,isotonic,82
0,0.12827770649713036,0.07462686567164178,isotonic,82
0,0.06723428454471875,0.01282051282051282,isotonic,82
0,0.2513513227694994,0.23809523809523808,isotonic,82
1,0.2627488993078778,0.2582781456953642,isotonic,82
0,0.06649863194214858,0.01282051282051282,isotonic,82
0,0.08564066004618325,0.025380710659898477,isotonic,82
0,0.40516412257412693,0.3504273504273504,isotonic,82
1,0.9258675236970474,1.0,isotonic,82
0,0.183661284593322,0.12280701754385964,isotonic,82
0,0.16988354045671203,0.07462686567164178,isotonic,82
0,0.06332004484432473,0.0,isotonic,82
0,0.25015977942324996,0.23809523809523808,isotonic,82
0,0.1566825866897455,0.07462686567164178,isotonic,82
1,0.9971990349377949,1.0,isotonic,82
1,0.9814759399980502,1.0,isotonic,82
1,0.9904921574618262,1.0,isotonic,82
1,0.9039499117357931,1.0,isotonic,82
0,0.1809054817952274,0.12280701754385964,isotonic,82
1,0.9988121186955774,1.0,isotonic,82
1,0.9993747413744535,1.0,isotonic,82
1,0.9814759399980502,1.0,isotonic,82
1,0.8688103397434652,1.0,isotonic,82
0,0.09563027879098787,0.025380710659898477,isotonic,82
1,0.9843850082653002,1.0,isotonic,82
1,0.9973049725531581,1.0,isotonic,82
0,0.46068027871718975,0.5,isotonic,82
1,0.9985499020705267,1.0,isotonic,82
1,0.36197679609360467,0.2922077922077922,isotonic,82
0,0.24226585048574123,0.23809523809523808,isotonic,82
1,0.9423264385438972,1.0,isotonic,82
1,0.14996263455456726,0.07462686567164178,isotonic,82
0,0.15491837038488585,0.07462686567164178,isotonic,82
1,0.997861488916594,1.0,isotonic,82
0,0.14302630716839537,0.07462686567164178,isotonic,82
0,0.36442865122361784,0.3504273504273504,isotonic,82
1,0.0933501987679707,0.025380710659898477,isotonic,82
1,0.8620699923619097,1.0,isotonic,82
0,0.06286850660827362,0.0,isotonic,82
1,0.9146853589856043,1.0,isotonic,82
1,0.944764530915531,1.0,isotonic,82
1,0.9814759399980502,1.0,isotonic,82
1,0.9830310235166777,1.0,isotonic,82
1,0.3256113828407115,0.2922077922077922,isotonic,82
1,0.9814759399980502,1.0,isotonic,82
0,0.4887275919681931,0.5,isotonic,82
0,0.21796059015751013,0.13986013986013987,isotonic,82
0,0.204861825050937,0.13986013986013987,isotonic,82
0,0.06490413309728255,0.0,isotonic,82
0,0.5026591808248005,0.5,isotonic,82
0,0.23436823853738237,0.23809523809523808,isotonic,82
0,0.24884971082301827,0.23809523809523808,isotonic,82
1,0.9814759399980502,1.0,isotonic,82
0,0.130432117931881,0.07462686567164178,isotonic,82
0,0.06474517698037181,0.0,isotonic,82
1,0.9814759399980502,1.0,isotonic,82
0,0.49523766385641155,0.5,isotonic,82
1,0.42921770567608103,0.3888888888888889,isotonic,82
1,0.8944772115958884,1.0,isotonic,82
1,0.9899077446535902,1.0,isotonic,82
0,0.43956191013874274,0.40816326530612246,isotonic,82
0,0.25887651614761703,0.23809523809523808,isotonic,82
0,0.20594920991823573,0.13986013986013987,isotonic,82
0,0.1618134719416121,0.07462686567164178,isotonic,82
0,0.07507586843456172,0.01282051282051282,isotonic,82
1,0.9607174775669101,1.0,isotonic,82
1,0.9671125275786577,1.0,isotonic,82
1,0.4161613509762727,0.3504273504273504,isotonic,82
1,0.5702475545626345,0.631578947368421,isotonic,82
0,0.09644198351985513,0.025380710659898477,isotonic,82
1,0.9374777090771914,1.0,isotonic,82
0,0.138430348332988,0.07462686567164178,isotonic,82
1,0.9392503836608698,1.0,isotonic,82
0,0.059943994774791856,0.0,isotonic,82
0,0.13066770483267948,0.07462686567164178,isotonic,82
0,0.11884893735918273,0.025380710659898477,isotonic,82
0,0.23031289748806627,0.23809523809523808,isotonic,82
0,0.2909629507433387,0.2582781456953642,isotonic,82
1,0.9814759399980502,1.0,isotonic,82
0,0.1299950200376694,0.07462686567164178,isotonic,82
1,0.7815825827986543,1.0,isotonic,82
1,0.9444459279062367,1.0,isotonic,82
1,0.32060471470526974,0.2922077922077922,isotonic,82
0,0.27160800030631094,0.2582781456953642,isotonic,82
1,0.3429005302022612,0.2922077922077922,isotonic,82
1,0.985878640999818,1.0,isotonic,82
1,0.4691077597989624,0.5,isotonic,82
1,0.9456935520517921,1.0,isotonic,82
0,0.21109102221734918,0.13986013986013987,isotonic,82
0,0.07902473609716797,0.025380710659898477,isotonic,82
0,0.18571112787706237,0.12280701754385964,isotonic,82
1,0.997940038083361,1.0,isotonic,82
1,0.8485962003573854,1.0,isotonic,82
0,0.266071343860107,0.2582781456953642,isotonic,82
1,0.9522085900546529,1.0,isotonic,82
1,0.9502149217325211,1.0,isotonic,82
0,0.24805577536709358,0.23809523809523808,isotonic,82
0,0.07391344362359017,0.01282051282051282,isotonic,82
1,0.1539281188085538,0.07462686567164178,isotonic,82
0,0.33147066499261024,0.2922077922077922,isotonic,82
0,0.13854322182232084,0.07462686567164178,isotonic,82
0,0.07654873403241491,0.01282051282051282,isotonic,82
1,0.9119546932607373,1.0,isotonic,82
1,0.9475736956161054,1.0,isotonic,82
1,0.5228413643132712,0.5,isotonic,82
1,0.9953339709236974,1.0,isotonic,82
0,0.07608404854157673,0.01282051282051282,isotonic,82
0,0.2065539271641392,0.13986013986013987,isotonic,82
0,0.11493810255838828,0.025380710659898477,isotonic,82
0,0.1230965642655017,0.07462686567164178,isotonic,82
1,0.9921558855347133,1.0,isotonic,82
1,0.9814759399980502,1.0,isotonic,82
1,0.646283138592918,0.7272727272727273,isotonic,82
0,0.1944797498901437,0.13986013986013987,isotonic,82
1,0.12539620657952363,0.07462686567164178,isotonic,82
0,0.21243940428499614,0.13986013986013987,isotonic,82
1,0.9150514883240072,1.0,isotonic,82
0,0.12163215760109004,0.07462686567164178,isotonic,82
1,0.989940121723497,1.0,isotonic,82
0,0.09072744788781852,0.025380710659898477,isotonic,82
0,0.1397361050011484,0.07462686567164178,isotonic,82
0,0.1317440448917737,0.07462686567164178,isotonic,82
1,0.9907132531638448,1.0,isotonic,82
1,0.9474376193158714,1.0,isotonic,82
0,0.2362242445856851,0.23809523809523808,isotonic,82
0,0.40352834506833013,0.3504273504273504,isotonic,82
0,0.4085825319888019,0.3504273504273504,isotonic,82
0,0.41332275657735695,0.3504273504273504,isotonic,82
1,0.9814759399980502,1.0,isotonic,82
0,0.11258404808249368,0.025380710659898477,isotonic,82
0,0.5700755247591676,0.631578947368421,isotonic,82
0,0.23506046967056643,0.23809523809523808,isotonic,82
1,0.4388487797411017,0.40816326530612246,isotonic,82
0,0.14712126066014564,0.07462686567164178,isotonic,82
0,0.13073003632204533,0.07462686567164178,isotonic,82
1,0.9989802694030866,1.0,isotonic,82
0,0.192168096468235,0.13986013986013987,isotonic,82
1,0.9814759399980502,1.0,isotonic,82
0,0.2319402064634082,0.23809523809523808,isotonic,82
0,0.060000832404647514,0.0,isotonic,82
0,0.1576074541126339,0.07462686567164178,isotonic,82
1,0.3521793754254688,0.2922077922077922,isotonic,82
1,0.19351755147361102,0.13986013986013987,isotonic,82
0,0.15578849784496987,0.07462686567164178,isotonic,82
0,0.23706978675723983,0.23809523809523808,isotonic,82
0,0.17305612315135216,0.12280701754385964,isotonic,82
1,0.9577690750749565,1.0,isotonic,82
0,0.13246942015392424,0.07462686567164178,isotonic,82
1,0.9946689249985124,1.0,isotonic,82
0,0.1832481498763969,0.12280701754385964,isotonic,82
0,0.4948444162859089,0.5,isotonic,82
1,0.9617202172038039,1.0,isotonic,82
0,0.29858367349927156,0.2582781456953642,isotonic,82
1,0.999664620677224,1.0,isotonic,82
0,0.05850822136589013,0.0,isotonic,82
0,0.23569445212419032,0.23809523809523808,isotonic,82
0,0.2042389401475028,0.13986013986013987,isotonic,82
1,0.28287764430317763,0.2582781456953642,isotonic,82
0,0.1988881900887744,0.13986013986013987,isotonic,82
0,0.14462802426614652,0.07462686567164178,isotonic,82
0,0.5099277582281856,0.5,isotonic,82
0,0.2613776602193145,0.23918668878414331,isotonic,82
1,0.2621789252484879,0.2582781456953642,isotonic,82
1,0.991410684098218,1.0,isotonic,82
1,0.8843211153633785,1.0,isotonic,82
1,0.21140943335848428,0.13986013986013987,isotonic,82
0,0.14949292452600496,0.07462686567164178,isotonic,82
1,0.9384644899914895,1.0,isotonic,82
1,0.28652811525488614,0.2582781456953642,isotonic,82
0,0.09023924974716004,0.025380710659898477,isotonic,82
0,0.23729414732694243,0.23809523809523808,isotonic,82
1,0.9814759399980502,1.0,isotonic,82
0,0.2739635109218437,0.2582781456953642,isotonic,82
0,0.35568886076310413,0.2922077922077922,isotonic,82
1,0.9073548768037887,1.0,isotonic,82
0,0.1309588589751424,0.07462686567164178,isotonic,82
0,0.11260566014501514,0.025380710659898477,isotonic,82
1,0.9885041590084727,1.0,isotonic,82
0,0.19322933153940092,0.13986013986013987,isotonic,82
0,0.08781026219756832,0.025380710659898477,isotonic,82
0,0.0745486895760622,0.01282051282051282,isotonic,82
1,0.960574081167444,1.0,isotonic,82
0,0.08741214475166038,0.025380710659898477,isotonic,82
0,0.10822628355253147,0.025380710659898477,isotonic,82
1,0.10211457575626873,0.025380710659898477,isotonic,82
1,0.8885786781983736,1.0,isotonic,82
1,0.47610490168316216,0.5,isotonic,82
1,0.9906136779021423,1.0,isotonic,82
0,0.39349738605395773,0.3504273504273504,isotonic,82
0,0.2743416751704008,0.2582781456953642,isotonic,82
0,0.1420036538116621,0.07462686567164178,isotonic,82
0,0.1201590600743147,0.07462686567164178,isotonic,82
0,0.6018138792735228,0.7272727272727273,isotonic,82
1,0.9814759399980502,1.0,isotonic,82
0,0.10127354633343336,0.025380710659898477,isotonic,82
0,0.47075530983003233,0.5,isotonic,82
0,0.40936962256968634,0.3504273504273504,isotonic,82
1,0.999062124246041,1.0,isotonic,82
0,0.43454141592987555,0.40816326530612246,isotonic,82
0,0.47964019483525333,0.5,isotonic,82
0,0.17452128913651366,0.12280701754385964,isotonic,82
0,0.2890899164041994,0.2582781456953642,isotonic,82
1,0.9900571553959782,1.0,isotonic,82
1,0.9660299677765188,1.0,isotonic,82
1,0.9981996419409095,1.0,isotonic,82
0,0.12192734022001375,0.07462686567164178,isotonic,82
0,0.1739876966910595,0.12280701754385964,isotonic,82
0,0.32997305458099807,0.2922077922077922,isotonic,82
1,0.9597498533830596,1.0,isotonic,82
0,0.3826291304122798,0.3504273504273504,isotonic,82
0,0.22469781785470222,0.2222222222222222,isotonic,82
0,0.29458988425764426,0.2582781456953642,isotonic,82
0,0.08508010048314975,0.025380710659898477,isotonic,82
1,0.9028719811774395,1.0,isotonic,82
0,0.1471058958459008,0.07462686567164178,isotonic,82
0,0.1230191332493814,0.07462686567164178,isotonic,82
1,0.9852560467588442,1.0,isotonic,82
1,0.4774686124847786,0.5,isotonic,82
1,0.9879413389311661,1.0,isotonic,82
0,0.06639255343690845,0.01282051282051282,isotonic,82
1,0.9962508317848134,1.0,isotonic,82
1,0.9187075560075296,1.0,isotonic,82
0,0.061981735313115995,0.0,isotonic,82
0,0.13066642705944334,0.07462686567164178,isotonic,82
0,0.09778004441113929,0.025380710659898477,isotonic,82
1,0.3023453177333465,0.2582781456953642,isotonic,82
1,0.9948418900223948,1.0,isotonic,82
1,0.0944170612355489,0.025380710659898477,isotonic,82
1,0.9920219609632837,1.0,isotonic,82
1,0.9831155838615457,1.0,isotonic,82
1,0.8842867893465909,1.0,isotonic,82
1,0.9952166490937907,1.0,isotonic,82
0,0.22185536574080614,0.2222222222222222,isotonic,82
1,0.865967579722626,1.0,isotonic,82
1,0.19810245602571855,0.13986013986013987,isotonic,82
1,0.9814759399980502,1.0,isotonic,82
0,0.1302903858305348,0.07462686567164178,isotonic,82
0,0.36256683467038614,0.3504273504273504,isotonic,82
1,0.9168287856415522,1.0,isotonic,82
0,0.23898654385952023,0.23809523809523808,isotonic,82
0,0.3749303098074171,0.3504273504273504,isotonic,82
1,0.9406392992465746,1.0,isotonic,82
0,0.06747498567412509,0.01282051282051282,isotonic,82
1,0.9490222663468905,1.0,isotonic,82
1,0.42888431136852206,0.3888888888888889,isotonic,82
1,0.948499052162646,1.0,isotonic,82
1,0.9998194413758148,1.0,isotonic,82
0,0.2518659865894708,0.23809523809523808,isotonic,82
0,0.29599369347761867,0.2582781456953642,isotonic,82
0,0.14274268495190745,0.07462686567164178,isotonic,82
1,0.24629973644537476,0.23809523809523808,isotonic,82
1,0.9507759532674521,1.0,isotonic,82
0,0.06846241860243599,0.01282051282051282,isotonic,82
1,0.4208558160026581,0.3888888888888889,isotonic,82
0,0.1348376604626419,0.07462686567164178,isotonic,82
0,0.21658375834085386,0.13986013986013987,isotonic,82
1,0.4265057591649913,0.3888888888888889,isotonic,82
0,0.23260463154555633,0.23809523809523808,isotonic,82
1,0.9393580350673608,1.0,isotonic,82
1,0.24276986625341052,0.23809523809523808,isotonic,82
0,0.12391167011184871,0.07462686567164178,isotonic,82
0,0.09334937320190004,0.025380710659898477,isotonic,82
0,0.3818527123651143,0.3504273504273504,isotonic,82
1,0.9345347990210778,1.0,isotonic,82
0,0.07758659531283307,0.01282051282051282,isotonic,82
0,0.07603841256457665,0.01282051282051282,isotonic,82
0,0.1466849012408984,0.07462686567164178,isotonic,82
0,0.09203644557536354,0.025380710659898477,isotonic,82
0,0.11407045849304495,0.025380710659898477,isotonic,82
0,0.19058404865856776,0.13986013986013987,isotonic,82
0,0.4876544346784729,0.5,isotonic,82
0,0.19752384742529472,0.13986013986013987,isotonic,82
1,0.43938156084824576,0.40816326530612246,isotonic,82
1,0.9909802461109238,1.0,isotonic,82
0,0.07823019089409233,0.017317083958558816,isotonic,82
0,0.14764729636009974,0.07462686567164178,isotonic,82
1,0.9998757395766276,1.0,isotonic,82
1,0.9332296921312732,1.0,isotonic,82
1,0.985375579971842,1.0,isotonic,82
1,0.941052820527313,1.0,isotonic,82
1,0.9199672149230829,1.0,isotonic,82
1,0.47389939529248354,0.5,isotonic,82
1,0.5382295607156473,0.5,isotonic,82
1,0.9732501488093468,1.0,isotonic,82
0,0.15398047582989718,0.07462686567164178,isotonic,82
1,0.8647876803164125,1.0,isotonic,82
1,0.26565571596625176,0.2582781456953642,isotonic,82
0,0.29740056725165237,0.2582781456953642,isotonic,82
0,0.1959615396560555,0.13986013986013987,isotonic,82
1,0.9384334259928054,1.0,isotonic,82
1,0.9462876422561848,1.0,isotonic,82
1,0.9770214464401171,1.0,isotonic,82
0,0.1444014914682558,0.07462686567164178,isotonic,82
0,0.15253478728956624,0.07462686567164178,isotonic,82
1,0.9943127313593771,1.0,isotonic,82
0,0.16986098731267063,0.07462686567164178,isotonic,82
0,0.10169922256826727,0.025380710659898477,isotonic,82
1,0.4743122926782524,0.5,isotonic,82
0,0.30815685981917,0.2922077922077922,isotonic,82
1,0.9383983219864405,1.0,isotonic,82
1,0.9407453036204263,1.0,isotonic,82
1,0.9814759399980502,1.0,isotonic,82
1,0.9487165813567373,1.0,isotonic,82
1,0.9461580434528696,1.0,isotonic,82
1,0.9918601089615053,1.0,isotonic,82
1,0.9528973648248996,1.0,isotonic,82
1,0.1488045971438404,0.07462686567164178,isotonic,82
0,0.07118485424642897,0.01282051282051282,isotonic,82
0,0.4802846911558679,0.5,isotonic,82
1,0.9661952173073782,1.0,isotonic,82
1,0.989617709212914,1.0,isotonic,82
0,0.13392447326371254,0.07462686567164178,isotonic,82
0,0.12904966682366978,0.07462686567164178,isotonic,82
0,0.14071161747324007,0.07462686567164178,isotonic,82
1,0.9947881034829421,1.0,isotonic,82
0,0.08329881508450639,0.025380710659898477,isotonic,82
1,0.3458410524429142,0.2922077922077922,isotonic,82
0,0.1398755823368697,0.07462686567164178,isotonic,82
0,0.17072149627515762,0.07462686567164178,isotonic,82
1,0.2178918523323353,0.13986013986013987,isotonic,82
1,0.8984372714094842,1.0,isotonic,82
1,0.48846700263972387,0.5,isotonic,82
1,0.9133093307498021,1.0,isotonic,82
1,0.15907786451606315,0.07462686567164178,isotonic,82
0,0.17463766439728104,0.12280701754385964,isotonic,82
1,0.9814759399980502,1.0,isotonic,82
1,0.8397464293267941,1.0,isotonic,82
0,0.08983847831132638,0.025380710659898477,isotonic,82
0,0.34547226630388034,0.2922077922077922,isotonic,82
1,0.9153386378287959,1.0,isotonic,82
1,0.9825671290904284,1.0,isotonic,82
1,0.9976184988902852,1.0,isotonic,82
1,0.9333716523672215,1.0,isotonic,82
0,0.09136069589400694,0.025380710659898477,isotonic,82
0,0.27683898529355233,0.2582781456953642,isotonic,82
1,0.9560130215900771,1.0,isotonic,82
1,0.3047239961966066,0.2582781456953642,isotonic,82
0,0.3631984501315617,0.3504273504273504,isotonic,82
0,0.09082072548802853,0.025380710659898477,isotonic,82
1,0.9260430210304171,1.0,isotonic,82
1,0.9333983075246269,1.0,isotonic,82
1,0.9850295424369769,1.0,isotonic,82
0,0.3292535174096253,0.2922077922077922,isotonic,82
0,0.1409831304825,0.07462686567164178,isotonic,82
0,0.3200107272195234,0.2922077922077922,isotonic,82
0,0.1753800322256718,0.12280701754385964,isotonic,82
0,0.3079701827180078,0.2922077922077922,isotonic,82
1,0.9932612813506477,1.0,isotonic,82
1,0.9126528229352789,1.0,isotonic,82
1,0.9564110902866768,1.0,isotonic,82
0,0.1900042668810296,0.13986013986013987,isotonic,82
0,0.28568557798100763,0.2582781456953642,isotonic,82
0,0.08840686622411605,0.025380710659898477,isotonic,82
1,0.9994952336916794,1.0,isotonic,82
1,0.9610582837406848,1.0,isotonic,82
0,0.11554566345651554,0.025380710659898477,isotonic,82
0,0.10584857945722101,0.025380710659898477,isotonic,82
1,0.9814759399980502,1.0,isotonic,82
1,0.23424999500589958,0.23809523809523808,isotonic,82
0,0.10158692996278197,0.025380710659898477,isotonic,82
0,0.5169799882020432,0.5,isotonic,82
0,0.09403591991655169,0.025380710659898477,isotonic,82
0,0.06125422956933468,0.0,isotonic,82
0,0.2797060787445561,0.2582781456953642,isotonic,82
0,0.44575153956226055,0.40816326530612246,isotonic,82
0,0.08537932642121136,0.025380710659898477,isotonic,82
0,0.356255249975197,0.2922077922077922,isotonic,82
0,0.129510641196963,0.07462686567164178,isotonic,82
1,0.8765265943327589,1.0,isotonic,82
1,0.9833871099545642,1.0,isotonic,82
0,0.28139109215980435,0.2582781456953642,isotonic,82
1,0.9814759399980502,1.0,isotonic,82
0,0.27428510999828415,0.2582781456953642,isotonic,82
1,0.2050114302280673,0.13986013986013987,isotonic,82
1,0.9333359639384283,1.0,isotonic,82
1,0.943067652190226,1.0,isotonic,82
1,0.989951164679144,1.0,isotonic,82
1,0.9991428970926738,1.0,isotonic,82
0,0.08508310333625174,0.025380710659898477,isotonic,82
1,0.9861327432591968,1.0,isotonic,82
1,0.9971198458773763,1.0,isotonic,82
0,0.3597121856392106,0.2922077922077922,isotonic,82
0,0.060458350726889175,0.0,isotonic,82
0,0.2954749426136813,0.2582781456953642,isotonic,82
1,0.4684345133998223,0.5,isotonic,82
1,0.9861146516708325,1.0,isotonic,82
1,0.9932886275850772,1.0,isotonic,82
1,0.99931060851917,1.0,isotonic,82
0,0.3275264641577378,0.2922077922077922,isotonic,82
0,0.06483267237486821,0.0,isotonic,82
0,0.30704928869685694,0.2922077922077922,isotonic,82
0,0.0762348642092714,0.01282051282051282,isotonic,82
0,0.2033316482109165,0.13986013986013987,isotonic,82
1,0.9971122089993139,1.0,isotonic,82
1,0.9814759399980502,1.0,isotonic,82
1,0.9901141044631349,1.0,isotonic,82
1,0.9871410773562743,1.0,isotonic,82
0,0.19623594407072126,0.13986013986013987,isotonic,82
1,0.9456816573830834,1.0,isotonic,82
1,0.37476184061924456,0.3504273504273504,isotonic,82
0,0.14856680410376538,0.07462686567164178,isotonic,82
1,0.4198284939480434,0.3888888888888889,isotonic,82
1,0.4790887620260783,0.5,isotonic,82
0,0.07477570502229801,0.01282051282051282,isotonic,82
1,0.8116114503425829,1.0,isotonic,82
0,0.0760228829764675,0.01282051282051282,isotonic,82
1,0.5215025641015191,0.5,isotonic,82
0,0.11297024790015553,0.025380710659898477,isotonic,82
0,0.0940532217659036,0.025380710659898477,isotonic,82
1,0.87942892755563,1.0,isotonic,82
1,0.4278436146287917,0.3888888888888889,isotonic,82
0,0.06481272467145387,0.0,isotonic,82
1,0.9375113632601053,1.0,isotonic,82
0,0.27312525224891165,0.2582781456953642,isotonic,82
0,0.06996409719283574,0.01282051282051282,isotonic,82
1,0.8271800593278766,1.0,isotonic,82
0,0.08846305292365107,0.025380710659898477,isotonic,82
1,0.9411599372866591,1.0,isotonic,82
1,0.1275999690068946,0.07462686567164178,isotonic,82
0,0.5690525434864578,0.631578947368421,isotonic,82
0,0.10950846199124041,0.025380710659898477,isotonic,82
1,0.9988363858483386,1.0,isotonic,82
1,0.9927957219013667,1.0,isotonic,82
0,0.2743443379738416,0.2582781456953642,isotonic,82
0,0.3737552861213082,0.3504273504273504,isotonic,82
0,0.2761064260052789,0.2582781456953642,isotonic,82
0,0.06687160704142105,0.01282051282051282,isotonic,82
1,0.990094024930486,1.0,isotonic,82
1,0.9836317583661438,1.0,isotonic,82
0,0.0786970233179386,0.025380710659898477,isotonic,82
1,0.493416820655306,0.5,isotonic,82
0,0.13081697286506103,0.07462686567164178,isotonic,82
0,0.11352173432765521,0.025380710659898477,isotonic,82
0,0.1697217725344116,0.07462686567164178,isotonic,82
0,0.19896077512036306,0.13986013986013987,isotonic,82
1,0.2252379774566597,0.2222222222222222,isotonic,82
0,0.30149516257174563,0.2582781456953642,isotonic,82
0,0.2875773627536653,0.2582781456953642,isotonic,82
0,0.11438941676529259,0.025380710659898477,isotonic,82
0,0.1698111949374031,0.07462686567164178,isotonic,82
1,0.9444749516053593,1.0,isotonic,82
0,0.29454536957149857,0.2582781456953642,isotonic,82
0,0.3780688152337892,0.3504273504273504,isotonic,82
1,0.9529010024443977,1.0,isotonic,82
1,0.9705301323895295,1.0,isotonic,82
0,0.2749581638052058,0.2582781456953642,isotonic,82
0,0.27506444982720807,0.2582781456953642,isotonic,82
0,0.10802689194923014,0.025380710659898477,isotonic,82
1,0.9266577654328911,1.0,isotonic,82
0,0.13331337356572356,0.07462686567164178,isotonic,82
1,0.3428791040532629,0.2922077922077922,isotonic,82
1,0.9914433360809131,1.0,isotonic,82
1,0.9991920748036811,1.0,isotonic,82
1,0.9385705578849701,1.0,isotonic,82
1,0.8556337801607068,1.0,isotonic,82
0,0.4428918052299449,0.40816326530612246,isotonic,82
0,0.3791026436388519,0.3504273504273504,isotonic,82
0,0.1269822982700293,0.07462686567164178,isotonic,82
1,0.9558688076778846,1.0,isotonic,82
1,0.2971239896119573,0.2582781456953642,isotonic,82
0,0.07563633618998043,0.01282051282051282,isotonic,82
0,0.16021683212605778,0.07462686567164178,isotonic,82
1,0.9413374025582023,1.0,isotonic,82
0,0.15471305161854598,0.07462686567164178,isotonic,82
0,0.12258970413925122,0.07462686567164178,isotonic,82
0,0.5370023683442811,0.5,isotonic,82
1,0.4431733246630692,0.40816326530612246,isotonic,82
1,0.5562219451357306,0.5,isotonic,82
0,0.21160604527389756,0.13986013986013987,isotonic,82
0,0.13838121986952076,0.07462686567164178,isotonic,82
1,0.888181526659455,1.0,isotonic,82
0,0.15218875352531594,0.07462686567164178,isotonic,82
0,0.12700855541550274,0.07462686567164178,isotonic,82
1,0.9997012118735292,1.0,isotonic,82
0,0.4237741094752756,0.3888888888888889,isotonic,82
1,0.9075398623158831,1.0,isotonic,82
0,0.14275051858790472,0.07462686567164178,isotonic,82
1,0.9395386563972452,1.0,isotonic,82
1,0.8643484600273216,1.0,isotonic,82
1,0.991978232590866,1.0,isotonic,82
1,0.9144718783616008,1.0,isotonic,82
1,0.9554660076518923,1.0,isotonic,82
1,0.7489980899874812,1.0,isotonic,82
1,0.9946456780973051,1.0,isotonic,82
1,0.9500262683561665,1.0,isotonic,82
0,0.3916418085030209,0.3504273504273504,isotonic,82
1,0.19929059384330952,0.13986013986013987,isotonic,82
0,0.22682591486266457,0.2222222222222222,isotonic,82
1,0.9935467896284131,1.0,isotonic,82
1,0.9975186055940689,1.0,isotonic,82
1,0.6347971542724754,0.7272727272727273,isotonic,82
1,0.24513859133993213,0.23809523809523808,isotonic,82
0,0.09580098910305236,0.025380710659898477,isotonic,82
0,0.15061687754755804,0.07462686567164178,isotonic,82
0,0.3861406817139447,0.3504273504273504,isotonic,82
0,0.13154887410846178,0.07462686567164178,isotonic,82
1,0.8377306728373337,1.0,isotonic,82
1,0.9157374265307061,1.0,isotonic,82
1,0.9952908081361106,1.0,isotonic,82
1,0.47473435846525813,0.5,isotonic,82
0,0.11091741453093633,0.025380710659898477,isotonic,82
1,1.0,1.0,isotonic,82
1,0.6605382194270175,0.7272727272727273,isotonic,82
1,0.9814759399980502,1.0,isotonic,82
0,0.07413209897138147,0.01282051282051282,isotonic,82
0,0.18121911323644088,0.12280701754385964,isotonic,82
1,0.9343825147301201,1.0,isotonic,82
0,0.1289483476009479,0.07462686567164178,isotonic,82
1,0.43334302002644365,0.40816326530612246,isotonic,82
0,0.1820646828648084,0.12280701754385964,isotonic,82
0,0.12621341198123,0.07462686567164178,isotonic,82
0,0.3459484519736348,0.2922077922077922,isotonic,82
0,0.14908451885237173,0.07462686567164178,isotonic,82
0,0.20409834834034146,0.13986013986013987,isotonic,82
0,0.283291829173031,0.2582781456953642,isotonic,82
1,0.9838840091566211,1.0,isotonic,82
1,0.944414397713623,1.0,isotonic,82
0,0.32591018483105366,0.2922077922077922,isotonic,82
1,0.9947426821473918,1.0,isotonic,82
1,0.3870030543876063,0.3504273504273504,isotonic,82
0,0.16656134230330058,0.07462686567164178,isotonic,82
0,0.680409103984751,0.7272727272727273,isotonic,82
1,0.9288524958568424,1.0,isotonic,82
0,0.46828128051487206,0.5,isotonic,82
0,0.3000098594323581,0.2582781456953642,isotonic,82
0,0.14434443819572512,0.07462686567164178,isotonic,82
1,0.5801504336590333,0.631578947368421,isotonic,82
1,0.930831184164745,1.0,isotonic,82
0,0.09834586969905554,0.025380710659898477,isotonic,82
0,0.3254625371079152,0.2922077922077922,isotonic,82
0,0.18436982436186475,0.12280701754385964,isotonic,82
0,0.09471002072875628,0.025380710659898477,isotonic,82
0,0.3581015228946382,0.2922077922077922,isotonic,82
0,0.14892190477012993,0.07462686567164178,isotonic,82
1,0.8147455835150946,1.0,isotonic,82
1,0.944044527486281,1.0,isotonic,82
0,0.061121430887955366,0.0,isotonic,82
1,0.9711420529645799,1.0,isotonic,82
1,0.27846937622632967,0.2582781456953642,isotonic,82
0,0.12345715651498518,0.07462686567164178,isotonic,82
1,0.981233944417556,1.0,isotonic,82
0,0.1351522989036248,0.07462686567164178,isotonic,82
0,0.20891099274976868,0.13986013986013987,isotonic,82
1,0.45885283511631364,0.5,isotonic,82
1,0.987459165836662,1.0,isotonic,82
0,0.0774325267204367,0.01282051282051282,isotonic,82
0,0.33795766796616145,0.2922077922077922,isotonic,82
0,0.2389086251600017,0.23809523809523808,isotonic,82
1,0.9990979217987327,1.0,isotonic,82
1,0.942530431080718,1.0,isotonic,82
0,0.29828206240471544,0.2582781456953642,isotonic,82
1,0.9399445176476805,1.0,isotonic,82
0,0.15017932858453126,0.07462686567164178,isotonic,82
1,0.37808999925232534,0.3504273504273504,isotonic,82
0,0.15321810397660698,0.07462686567164178,isotonic,82
0,0.41279600332219984,0.3504273504273504,isotonic,82
0,0.170225098974583,0.07462686567164178,isotonic,82
0,0.4595120610273623,0.5,isotonic,82
1,0.6553708268763578,0.7272727272727273,isotonic,82
1,0.9925413712093041,1.0,isotonic,82
1,0.886158473668221,1.0,isotonic,82
0,0.1608798461750095,0.07462686567164178,isotonic,82
0,0.4904991885548286,0.5,isotonic,82
0,0.17542580510113473,0.12280701754385964,isotonic,82
1,0.8979127629820567,1.0,isotonic,82
1,0.9886520011110446,1.0,isotonic,82
1,0.9133646292862174,1.0,isotonic,82
0,0.23594676357631084,0.23809523809523808,isotonic,82
0,0.11123977049400648,0.025380710659898477,isotonic,82
1,0.9313755924717848,1.0,isotonic,82
1,0.6305547546039536,0.7272727272727273,isotonic,82
0,0.4212500178346035,0.3888888888888889,isotonic,82
1,0.9986380223534549,1.0,isotonic,82
1,0.9902943562030011,1.0,isotonic,82
1,0.9994206578100405,1.0,isotonic,82
0,0.135290636865422,0.07462686567164178,isotonic,82
1,0.991644921311069,1.0,isotonic,82
1,0.49090123297514016,0.5,isotonic,82
1,0.937993615216321,1.0,isotonic,82
1,0.9842448270152478,1.0,isotonic,82
0,0.28019402352555994,0.2582781456953642,isotonic,82
0,0.110527291189468,0.025380710659898477,isotonic,82
1,0.9511004033058377,1.0,isotonic,82
1,0.22582174656456103,0.2222222222222222,isotonic,82
0,0.15248979373508262,0.07462686567164178,isotonic,82
1,1.0,1.0,isotonic,82
1,0.896692747466609,1.0,isotonic,82
1,0.9995020327114614,1.0,isotonic,82
1,0.966072172672953,1.0,isotonic,82
0,0.4336115696191957,0.40816326530612246,isotonic,82
0,0.08922000154393205,0.025380710659898477,isotonic,82
0,0.31729628342099564,0.2922077922077922,isotonic,82
1,0.9575906583605367,1.0,isotonic,82
1,0.9814759399980502,1.0,isotonic,82
1,0.9480764849852114,1.0,isotonic,82
0,0.13584564035314586,0.07462686567164178,isotonic,82
0,0.1662156548155662,0.07462686567164178,isotonic,82
0,0.2866268811831123,0.2582781456953642,isotonic,82
0,0.10644271812197337,0.025380710659898477,isotonic,82
0,0.2833368230045089,0.2582781456953642,isotonic,82
0,0.24648191025480945,0.23809523809523808,isotonic,82
0,0.06450522231830667,0.0,isotonic,82
0,0.549559169516375,0.5,isotonic,82
0,0.11402102424122866,0.025380710659898477,isotonic,82
0,0.24685548963657983,0.23809523809523808,isotonic,82
0,0.13843323077539674,0.07462686567164178,isotonic,82
0,0.23499627106474094,0.23809523809523808,isotonic,82
1,0.9469149971657833,1.0,isotonic,82
1,0.9843662245992552,1.0,isotonic,82
1,0.9915523565889445,1.0,isotonic,82
1,0.678595606664445,0.7272727272727273,isotonic,82
1,0.48421212753796283,0.5,isotonic,82
1,0.9931063340639978,1.0,isotonic,82
1,0.5186769387194708,0.5,isotonic,82
1,0.9814759399980502,1.0,isotonic,82
1,0.9575468248813788,1.0,isotonic,82
0,0.08340533864798629,0.025380710659898477,isotonic,82
1,0.7917264006397166,1.0,isotonic,82
0,0.15920900845115152,0.07462686567164178,isotonic,82
0,0.2114966306997469,0.13986013986013987,isotonic,82
1,0.944598935082775,1.0,isotonic,82
1,0.44700258427629147,0.40816326530612246,isotonic,82
1,0.9550103480416885,1.0,isotonic,82
1,0.9991313763660488,1.0,isotonic,82
1,0.8574740955209987,1.0,isotonic,82
1,0.9006286303206533,1.0,isotonic,82
0,0.10589261973109884,0.025380710659898477,isotonic,82
1,0.9502894184753105,1.0,isotonic,82
0,0.3535640876986448,0.2922077922077922,isotonic,82
0,0.08997812838147641,0.025380710659898477,isotonic,82
1,0.9814759399980502,1.0,isotonic,82
0,0.4122213006907574,0.3504273504273504,isotonic,82
0,0.3323917556146801,0.2922077922077922,isotonic,82
1,0.9521626546971074,1.0,isotonic,82
1,0.9186626215380037,1.0,isotonic,82
1,0.9814759399980502,1.0,isotonic,82
1,0.9943997651195461,1.0,isotonic,82
1,0.6085531266295514,0.7272727272727273,isotonic,82
0,0.0636852635318883,0.0,isotonic,82
0,0.17118826906044238,0.07462686567164178,isotonic,82
0,0.18516706306879757,0.12280701754385964,isotonic,82
1,0.9814759399980502,1.0,isotonic,82
1,0.39308430352491175,0.3504273504273504,isotonic,82
1,0.9224630325115761,1.0,isotonic,82
0,0.1874954508323046,0.13986013986013987,isotonic,82
0,0.07147992920492167,0.01282051282051282,isotonic,82
0,0.2742675164941829,0.2582781456953642,isotonic,82
1,0.9082351072188248,1.0,isotonic,82
1,1.0,1.0,isotonic,82
1,0.8786099699993993,1.0,isotonic,82
0,0.06624984442746835,0.01282051282051282,isotonic,82
0,0.25537916167332847,0.23809523809523808,isotonic,82
0,0.47173962494054944,0.5,isotonic,82
1,0.9928746806095506,1.0,isotonic,82
1,0.7817925577851115,1.0,isotonic,82
1,0.23998475102027061,0.23809523809523808,isotonic,82
1,0.6653163418434574,0.7272727272727273,isotonic,82
1,0.9944583540117481,1.0,isotonic,82
0,0.3999815420890505,0.3504273504273504,isotonic,82
1,0.996607621765383,1.0,isotonic,82
0,0.09899248376998024,0.025380710659898477,isotonic,82
0,0.4061269499215435,0.3504273504273504,isotonic,82
0,0.2569823165887939,0.23809523809523808,isotonic,82
1,0.9036690210758476,1.0,isotonic,82
1,0.11426504860512689,0.025380710659898477,isotonic,82
1,0.26251814302341303,0.2582781456953642,isotonic,82
0,0.26632644662325394,0.2582781456953642,isotonic,82
1,0.17920051643660867,0.12280701754385964,isotonic,82
1,0.18784421394136683,0.13986013986013987,isotonic,82
1,0.49518550700715946,0.5,isotonic,82
1,0.5534154064895087,0.5,isotonic,82
1,0.9534104892829619,1.0,isotonic,82
1,0.8960130027016195,1.0,isotonic,82
0,0.45371584650922464,0.4444444444444444,isotonic,82
1,0.9518984728508667,1.0,isotonic,82
1,0.9518701278064728,1.0,isotonic,82
1,0.37044925866736456,0.3504273504273504,isotonic,82
0,0.15156800280825866,0.07462686567164178,isotonic,82
0,0.2049685574978019,0.13986013986013987,isotonic,82
1,0.9971168064958053,1.0,isotonic,82
0,0.40229759430892104,0.3504273504273504,isotonic,82
0,0.2635969006681772,0.2582781456953642,isotonic,82
0,0.40415150447556464,0.3504273504273504,isotonic,82
1,0.8948542251244275,1.0,isotonic,82
0,0.12169679868268524,0.07462686567164178,isotonic,82
0,0.1961868255726747,0.13986013986013987,isotonic,82
0,0.12880271818288952,0.07462686567164178,isotonic,82
1,0.8851133268306421,1.0,isotonic,82
1,0.9339245576963722,1.0,isotonic,82
0,0.11369603509330278,0.025380710659898477,isotonic,82
1,0.9443511058335163,1.0,isotonic,82
0,0.1360983372745116,0.07462686567164178,isotonic,82
1,0.9886944021903793,1.0,isotonic,82
0,0.10030410280155878,0.025380710659898477,isotonic,82
1,0.9894220839973239,1.0,isotonic,82
1,0.2772061205171273,0.2582781456953642,isotonic,82
0,0.17414355951211427,0.12280701754385964,isotonic,82
1,0.9824905511086022,1.0,isotonic,82
0,0.3476688226911671,0.2922077922077922,isotonic,82
1,0.302171369766349,0.2582781456953642,isotonic,82
0,0.16722176927654586,0.07462686567164178,isotonic,82
1,0.9360122370004673,1.0,isotonic,82
0,0.2632071846157725,0.2582781456953642,isotonic,82
1,0.9855668035573693,1.0,isotonic,82
0,0.1950838611206818,0.13986013986013987,isotonic,82
0,0.14327439426470592,0.07462686567164178,isotonic,82
1,0.9982827060749611,1.0,isotonic,82
1,0.5739210894985445,0.631578947368421,isotonic,82
1,0.9814759399980502,1.0,isotonic,82
1,0.8910283994732799,1.0,isotonic,82
1,0.34675950962406116,0.2922077922077922,isotonic,82
1,0.22658734589530985,0.2222222222222222,isotonic,82
0,0.08332812892632392,0.025380710659898477,isotonic,82
0,0.0920042929985127,0.025380710659898477,isotonic,82
0,0.30792924603811517,0.2922077922077922,isotonic,82
1,0.9978688013275869,1.0,isotonic,82
0,0.2154753888193956,0.13986013986013987,isotonic,82
0,0.4738927269415504,0.5,isotonic,82
0,0.32501221384674694,0.2922077922077922,isotonic,82
1,0.9814759399980502,1.0,isotonic,82
1,0.9946689249985124,1.0,isotonic,82
1,0.9962831661047407,1.0,isotonic,82
1,0.9744083015508157,1.0,isotonic,82
0,0.06521719241566469,0.0,isotonic,82
0,0.3919602503654212,0.3504273504273504,isotonic,82
0,0.06389975344391759,0.0,isotonic,82
1,0.9372129391759779,1.0,isotonic,82
0,0.4127115438492191,0.3504273504273504,isotonic,82
1,0.9534987275206943,1.0,isotonic,82
1,0.8801641327648447,1.0,isotonic,82
0,0.23687235075447807,0.23809523809523808,isotonic,82
0,0.06585137823006079,0.01282051282051282,isotonic,82
0,0.22795827911364375,0.22227406542093933,isotonic,82
1,0.3611396052507329,0.2922077922077922,isotonic,82
1,0.9814759399980502,1.0,isotonic,82
1,0.23585700431715614,0.23809523809523808,isotonic,82
0,0.23995705506877177,0.23809523809523808,isotonic,82
0,0.4370590929838958,0.40816326530612246,isotonic,82
0,0.3837038129606941,0.3504273504273504,isotonic,82
0,0.2957176175986497,0.2582781456953642,isotonic,82
1,0.9954262062012937,1.0,isotonic,82
1,0.9982797709761227,1.0,isotonic,82
1,0.94170453002046,1.0,isotonic,82
0,0.36875818533544147,0.3504273504273504,isotonic,82
0,0.27232766071530234,0.2582781456953642,isotonic,82
1,0.33295787464291066,0.2922077922077922,isotonic,82
1,0.26246778811211086,0.2582781456953642,isotonic,82
0,0.06046931101771702,0.0,isotonic,82
0,0.25728014142551897,0.23809523809523808,isotonic,82
1,0.9893262419955183,1.0,isotonic,82
1,0.28566878412352653,0.2582781456953642,isotonic,82
1,0.9814759399980502,1.0,isotonic,82
1,0.5070519600670239,0.5,isotonic,82
0,0.13061461638089605,0.07462686567164178,isotonic,82
1,0.9936435139343799,1.0,isotonic,82
0,0.08732018393133689,0.025380710659898477,isotonic,82
1,0.996242077016917,1.0,isotonic,82
0,0.38541430801191917,0.3504273504273504,isotonic,82
0,0.1427635793049321,0.07462686567164178,isotonic,82
0,0.3379213095315964,0.2922077922077922,isotonic,82
1,0.9814759399980502,1.0,isotonic,82
0,0.13210586219254128,0.07462686567164178,isotonic,82
1,0.9814759399980502,1.0,isotonic,82
1,0.9588667847058192,1.0,isotonic,82
0,0.06519001374254077,0.0,isotonic,82
0,0.08245733906278864,0.025380710659898477,isotonic,82
1,0.09010665202111957,0.025380710659898477,isotonic,82
0,0.15325179963889574,0.07462686567164178,isotonic,82
0,0.08478254987963772,0.025380710659898477,isotonic,82
1,0.9073970527857091,1.0,isotonic,82
0,0.07562036040338203,0.01282051282051282,isotonic,82
1,0.9992957479082842,1.0,isotonic,82
0,0.3525091970074531,0.2922077922077922,isotonic,82
1,0.9746726095707333,1.0,isotonic,82
0,0.2531785253694505,0.23809523809523808,isotonic,82
0,0.09473020534357834,0.025380710659898477,isotonic,82
0,0.09920903353248194,0.025380710659898477,isotonic,82
0,0.5152761334372454,0.5,isotonic,82
0,0.5421374739583218,0.5,isotonic,82
1,0.9940416803692889,1.0,isotonic,82
0,0.056067622109965166,0.0,isotonic,82
0,0.4859452168127089,0.5,isotonic,82
1,0.9986246823951729,1.0,isotonic,82
1,0.9444609749564472,1.0,isotonic,82
1,0.17183614394406074,0.12280701754385964,isotonic,82
0,0.15111765290454426,0.07462686567164178,isotonic,82
1,0.8809560275801662,1.0,isotonic,82
0,0.15374287876529724,0.07462686567164178,isotonic,82
0,0.4605682416691615,0.5,isotonic,82
1,0.8704373550863391,1.0,isotonic,82
0,0.21645821092075668,0.13986013986013987,isotonic,82
0,0.18571747348097775,0.12280701754385964,isotonic,82
1,0.4138829645942689,0.3504273504273504,isotonic,82
1,0.9427277180498835,1.0,isotonic,82
0,0.07729940839254779,0.01282051282051282,isotonic,82
0,0.2919854100639286,0.2582781456953642,isotonic,82
0,0.4117050282728597,0.3504273504273504,isotonic,82
0,0.058903878809164305,0.0,isotonic,82
0,0.5686627966857788,0.631578947368421,isotonic,82
1,0.9814759399980502,1.0,isotonic,82
1,0.9189241903439976,1.0,isotonic,82
0,0.09867033812392054,0.025380710659898477,isotonic,82
0,0.3218364595019192,0.2922077922077922,isotonic,82
0,0.08521336264233624,0.025380710659898477,isotonic,82
0,0.0563591912579639,0.0,isotonic,82
0,0.3043396172279401,0.2582781456953642,isotonic,82
0,0.30034044625639067,0.2582781456953642,isotonic,82
0,0.47096512026985254,0.5,isotonic,82
0,0.09322000771385462,0.025380710659898477,isotonic,82
0,0.29109219802270736,0.2582781456953642,isotonic,82
0,0.07157057013365,0.01282051282051282,isotonic,82
1,0.43997109072368146,0.40816326530612246,isotonic,82
0,0.07769707265850526,0.01282051282051282,isotonic,82
1,0.9814759399980502,1.0,isotonic,82
1,0.9745508641350317,1.0,isotonic,82
1,0.3926635876886166,0.3504273504273504,isotonic,82
0,0.10691018005745179,0.025380710659898477,isotonic,82
1,0.9446695333396284,1.0,isotonic,82
0,0.11530009043434933,0.025380710659898477,isotonic,82
1,0.9518765125591531,1.0,isotonic,82
1,0.9402137217749517,1.0,isotonic,82
1,0.9541705574104682,1.0,isotonic,82
0,0.06405867732625822,0.0,isotonic,82
0,0.20865964475699375,0.13986013986013987,isotonic,82
1,0.9978916351232452,1.0,isotonic,82
0,0.13891361585791845,0.07462686567164178,isotonic,82
0,0.07705393761744248,0.01282051282051282,isotonic,82
1,0.9992452672398077,1.0,isotonic,82
0,0.20890357979697824,0.13986013986013987,isotonic,82
1,0.440574850583037,0.40816326530612246,isotonic,82
1,0.6075064852198281,0.7272727272727273,isotonic,82
1,0.8883115734864705,1.0,isotonic,82
0,0.3597221992982795,0.2922077922077922,isotonic,82
1,0.14353177206453713,0.07462686567164178,isotonic,82
1,0.9924664425338756,1.0,isotonic,82
1,0.9166937305335271,1.0,isotonic,82
1,0.9814759399980502,1.0,isotonic,82
0,0.17093086607431304,0.07462686567164178,isotonic,82
1,0.8880627922878758,1.0,isotonic,82
0,0.06785629530960503,0.01282051282051282,isotonic,82
0,0.0762676122053197,0.01282051282051282,isotonic,82
1,0.984877425928352,1.0,isotonic,82
1,0.44952732283054986,0.40816326530612246,isotonic,82
0,0.10004987915284505,0.025380710659898477,isotonic,82
0,0.4162016431895756,0.3504273504273504,isotonic,82
1,0.8789195573131879,1.0,isotonic,82
0,0.0783388568505985,0.025380710659898477,isotonic,82
1,0.9948824957704496,1.0,isotonic,82
1,0.37983114814547747,0.3504273504273504,isotonic,82
1,0.9411749679032068,1.0,isotonic,82
0,0.14088131858935274,0.07462686567164178,isotonic,82
0,0.28162853779439606,0.2582781456953642,isotonic,82
0,0.07383135245156304,0.01282051282051282,isotonic,82
1,0.8930081296881964,1.0,isotonic,82
0,0.11088528641210699,0.025380710659898477,isotonic,82
1,0.13936492678011786,0.07462686567164178,isotonic,82
0,0.09582008996869745,0.025380710659898477,isotonic,82
0,0.0681578515783786,0.01282051282051282,isotonic,82
1,0.9436632030328337,1.0,isotonic,82
1,0.3457070845542754,0.2922077922077922,isotonic,82
1,0.8760002194229382,1.0,isotonic,82
0,0.4052186403019991,0.3504273504273504,isotonic,82
1,0.9471551381772203,1.0,isotonic,82
1,0.3877679056158261,0.3504273504273504,isotonic,82
0,0.07884822583058367,0.025380710659898477,isotonic,82
0,0.1290145981742306,0.07462686567164178,isotonic,82
1,0.9112976006316142,1.0,isotonic,82
1,0.9651273635332681,1.0,isotonic,82
0,0.09482600210353409,0.025380710659898477,isotonic,82
1,0.9814759399980502,1.0,isotonic,82
1,0.9922926613568639,1.0,isotonic,82
0,0.194764703089616,0.13986013986013987,isotonic,82
1,0.06569768714533343,0.01282051282051282,isotonic,82
0,0.2991106588276687,0.2582781456953642,isotonic,82
1,0.9081275077601968,1.0,isotonic,82
0,0.22521416620371895,0.2222222222222222,isotonic,82
0,0.34386702483064185,0.2922077922077922,isotonic,82
0,0.0932363140994938,0.025380710659898477,isotonic,82
1,0.9615414748375165,1.0,isotonic,82
1,0.9344135697624023,1.0,isotonic,82
0,0.2233524486827756,0.2222222222222222,isotonic,82
1,0.945972761433088,1.0,isotonic,82
1,0.6020438515366422,0.7272727272727273,isotonic,82
0,0.08492936082996996,0.025380710659898477,isotonic,82
1,0.954277716554321,1.0,isotonic,82
1,0.5247615405075727,0.5,isotonic,82
0,0.3493384420823251,0.2922077922077922,isotonic,82
0,0.25842949244899777,0.23809523809523808,isotonic,82
1,0.636305405288608,0.7272727272727273,isotonic,82
0,0.16517050990011756,0.07462686567164178,isotonic,82
0,0.41220556884218773,0.3504273504273504,isotonic,82
0,0.2780165594810858,0.2582781456953642,isotonic,82
1,0.9929375879895845,1.0,isotonic,82
1,0.8589143592582652,1.0,isotonic,82
0,0.3494241213808234,0.2922077922077922,isotonic,82
0,0.2405680476468576,0.23809523809523808,isotonic,82
1,0.8745890015376726,1.0,isotonic,82
1,0.9979250237781103,1.0,isotonic,82
1,0.9931612297901903,1.0,isotonic,82
0,0.2955870040121083,0.2582781456953642,isotonic,82
1,0.13803751266235548,0.07462686567164178,isotonic,82
0,0.4692676245308395,0.5,isotonic,82
0,0.29988751812301007,0.2582781456953642,isotonic,82
0,0.16169119988116065,0.07462686567164178,isotonic,82
0,0.07895971699946412,0.025380710659898477,isotonic,82
1,0.5325011264852851,0.5,isotonic,82
1,0.4335908235842022,0.40816326530612246,isotonic,82
0,0.21719036042678994,0.13986013986013987,isotonic,82
1,0.3814003513506763,0.3504273504273504,isotonic,82
1,0.9814759399980502,1.0,isotonic,82
1,0.9933985902445039,1.0,isotonic,82
0,0.1029574101442878,0.025380710659898477,isotonic,82
0,0.06131247653955074,0.0,isotonic,82
0,0.14448760234250368,0.07462686567164178,isotonic,82
0,0.3875059173309089,0.3504273504273504,isotonic,82
0,0.4283316366485013,0.3888888888888889,isotonic,82
1,0.9997472308601733,1.0,isotonic,82
0,0.22659660629979675,0.2222222222222222,isotonic,82
0,0.23547229308425363,0.23809523809523808,isotonic,82
1,0.7221876576032445,1.0,isotonic,82
0,0.12150699404692944,0.07462686567164178,isotonic,82
0,0.31997764007276697,0.2922077922077922,isotonic,82
1,0.8907891631676955,1.0,isotonic,82
0,0.1657680567718856,0.07462686567164178,isotonic,82
0,0.3046442533025318,0.2582781456953642,isotonic,82
1,0.5489542104398912,0.5,isotonic,82
1,0.9988568677000992,1.0,isotonic,82
1,0.9941643077400729,1.0,isotonic,82
1,0.9604241047788711,1.0,isotonic,82
1,0.947578872927023,1.0,isotonic,82
1,0.9610323328095078,1.0,isotonic,82
1,0.9531400061515287,1.0,isotonic,82
0,0.30286599910710804,0.2582781456953642,isotonic,82
0,0.1356699809505226,0.07462686567164178,isotonic,82
0,0.10389944767493801,0.025380710659898477,isotonic,82
1,0.6242373675738333,0.7272727272727273,isotonic,82
0,0.39472421744394626,0.3504273504273504,isotonic,82
0,0.08116212747313495,0.025380710659898477,isotonic,82
0,0.0729343873074144,0.01282051282051282,isotonic,82
1,0.2754977517979959,0.2582781456953642,isotonic,82
1,0.9484750214859842,1.0,isotonic,82
1,0.9507416071088098,1.0,isotonic,82
1,0.1781376811436235,0.12280701754385964,isotonic,82
0,0.07529354459486434,0.01282051282051282,isotonic,82
1,0.8986852568060506,1.0,isotonic,82
0,0.25319933164812036,0.23809523809523808,isotonic,82
1,0.9931821046500405,1.0,isotonic,82
0,0.13834138081576805,0.07462686567164178,isotonic,82
1,0.9069842927652455,1.0,isotonic,82
1,0.35800180006165305,0.2922077922077922,isotonic,82
1,1.0,1.0,isotonic,82
1,0.45938972863117206,0.5,isotonic,82
1,0.908866737790908,1.0,isotonic,82
0,0.19482682968024492,0.13986013986013987,isotonic,82
0,0.1826041889225742,0.12280701754385964,isotonic,82
1,0.5233878288284274,0.5,isotonic,82
0,0.06896753200392607,0.01282051282051282,isotonic,82
0,0.17114089206018798,0.07462686567164178,isotonic,82
0,0.16368884236561695,0.07462686567164178,isotonic,82
1,0.1781088832868472,0.12280701754385964,isotonic,82
1,0.9300238141972144,1.0,isotonic,82
0,0.1535028183712317,0.07462686567164178,isotonic,82
0,0.21219112010063743,0.13986013986013987,isotonic,82
1,0.18526325970986698,0.12280701754385964,isotonic,82
0,0.2840743212657139,0.2582781456953642,isotonic,82
0,0.2519474888382634,0.23809523809523808,isotonic,82
0,0.475766424744187,0.5,isotonic,82
0,0.14715565025771327,0.07462686567164178,isotonic,82
0,0.4483161609618249,0.40816326530612246,isotonic,82
0,0.12012903324450058,0.07462686567164178,isotonic,82
0,0.44396499051189287,0.40816326530612246,isotonic,82
0,0.2338270398123963,0.23809523809523808,isotonic,82
1,0.9900215220969456,1.0,isotonic,82
1,0.9598749950404895,1.0,isotonic,82
1,0.3959039950089561,0.3504273504273504,isotonic,82
1,0.3693295467474977,0.3504273504273504,isotonic,82
1,0.3094701025239375,0.2922077922077922,isotonic,82
1,0.28667997612734863,0.2582781456953642,isotonic,82
1,0.811135093882172,1.0,isotonic,82
0,0.42514367956509697,0.3888888888888889,isotonic,82
0,0.1927515713172455,0.13986013986013987,isotonic,82
0,0.08573278716248792,0.025380710659898477,isotonic,82
0,0.1512360775390092,0.07462686567164178,isotonic,82
0,0.42657052330755224,0.3888888888888889,isotonic,82
0,0.13212642867687777,0.07462686567164178,isotonic,82
1,0.9646240411859613,1.0,isotonic,82
1,0.8605829184161026,1.0,isotonic,82
0,0.06250859268498529,0.0,isotonic,82
1,0.4000772691611585,0.3504273504273504,isotonic,82
1,0.34064817566525757,0.2922077922077922,isotonic,82
1,0.9403204027537183,1.0,isotonic,82
0,0.12154598238413139,0.07462686567164178,isotonic,82
0,0.12214977611425283,0.07462686567164178,isotonic,82
0,0.2647274438758213,0.2582781456953642,isotonic,82
1,0.9561245959541635,1.0,isotonic,82
0,0.18985116640983585,0.13986013986013987,isotonic,82
1,0.327279892455342,0.2922077922077922,isotonic,82
0,0.45367933612511135,0.4444444444444444,isotonic,82
1,0.8761075953772778,1.0,isotonic,82
0,0.39121742857023134,0.3504273504273504,isotonic,82
0,0.1384381723701256,0.07462686567164178,isotonic,82
0,0.06212611787627406,0.0,isotonic,82
0,0.1507604036773036,0.07462686567164178,isotonic,82
0,0.14380861640087417,0.07462686567164178,isotonic,82
0,0.12496480009069219,0.07462686567164178,isotonic,82
0,0.24314954739753436,0.23809523809523808,isotonic,82
1,0.6297194069426549,0.7272727272727273,isotonic,82
1,0.9565540784243266,1.0,isotonic,82
1,0.9814759399980502,1.0,isotonic,82
1,0.9045788309168773,1.0,isotonic,82
1,0.15567456484698097,0.07462686567164178,isotonic,82
1,0.8819564014813155,1.0,isotonic,82
1,0.09566871420364147,0.025380710659898477,isotonic,82
1,0.8625525795001224,1.0,isotonic,82
1,0.9831046971399208,1.0,isotonic,82
1,0.9001871259326327,1.0,isotonic,82
1,0.9350088144412539,1.0,isotonic,82
0,0.13011520962331885,0.07462686567164178,isotonic,82
0,0.22573093377417758,0.2222222222222222,isotonic,82
0,0.21961597944353836,0.13986013986013987,isotonic,82
0,0.48743242121576147,0.5,isotonic,82
0,0.06206213394311586,0.0,isotonic,82
1,0.9504003723364021,1.0,isotonic,82
0,0.5057728828800944,0.5,isotonic,82
0,0.5238931201535149,0.5,isotonic,82
0,0.16021131852349124,0.07462686567164178,isotonic,82
0,0.06659095931148919,0.01282051282051282,isotonic,82
0,0.34463989275432766,0.2922077922077922,isotonic,82
0,0.1404582542816385,0.07462686567164178,isotonic,82
0,0.17223060387930944,0.12280701754385964,isotonic,82
1,0.9801346504594333,1.0,isotonic,82
0,0.06632204053874399,0.01282051282051282,isotonic,82
0,0.06515501509682986,0.0,isotonic,82
1,0.9420371495782032,1.0,isotonic,82
0,0.11127522858272983,0.025380710659898477,isotonic,82
0,0.13689557680037828,0.07462686567164178,isotonic,82
1,0.18183930423089725,0.12280701754385964,isotonic,82
1,0.1506893399845487,0.07462686567164178,isotonic,82
0,0.1762128660068515,0.12280701754385964,isotonic,82
1,0.34847625021852513,0.2922077922077922,isotonic,82
0,0.12757561926983182,0.07462686567164178,isotonic,82
0,0.2115959304764597,0.13986013986013987,isotonic,82
1,0.9038356735939435,1.0,isotonic,82
1,0.8704504844126953,1.0,isotonic,82
0,0.08708797383417233,0.025380710659898477,isotonic,82
1,0.9381024240673922,1.0,isotonic,82
0,0.09019853818773202,0.025380710659898477,isotonic,82
1,0.6997169872868481,0.9374916222206242,isotonic,82
0,0.4167197623773183,0.3504273504273504,isotonic,82
0,0.07146956099023366,0.01282051282051282,isotonic,82
0,0.33419487372168816,0.2922077922077922,isotonic,82
1,0.9516345026392988,1.0,isotonic,82
1,0.4369677366039577,0.40816326530612246,isotonic,82
1,0.5282669156721755,0.5,isotonic,82
1,0.9338881501284635,1.0,isotonic,82
0,0.08983566370876762,0.025380710659898477,isotonic,82
0,0.3876235146271647,0.3504273504273504,isotonic,82
1,0.9258616238023457,1.0,isotonic,82
0,0.3659186827201511,0.3504273504273504,isotonic,82
0,0.08155050562583983,0.025380710659898477,isotonic,82
0,0.392752254456882,0.3504273504273504,isotonic,82
0,0.08457511033031732,0.025380710659898477,isotonic,82
0,0.1751182019359774,0.12280701754385964,isotonic,82
0,0.16876822352705265,0.07462686567164178,isotonic,82
1,0.9932164483202238,1.0,isotonic,82
0,0.16989871607746737,0.07462686567164178,isotonic,82
0,0.19379381738648205,0.13986013986013987,isotonic,82
0,0.2202520047072279,0.13986013986013987,isotonic,82
0,0.21822865902657748,0.13986013986013987,isotonic,82
0,0.23728029115312624,0.23809523809523808,isotonic,82
1,0.9938626876408893,1.0,isotonic,82
0,0.1634066752076885,0.07462686567164178,isotonic,82
0,0.1824779806677019,0.12280701754385964,isotonic,82
1,0.9533740770823769,1.0,isotonic,82
1,0.27526542937185494,0.2582781456953642,isotonic,82
0,0.2053946588932092,0.13986013986013987,isotonic,82
0,0.11505694548355902,0.025380710659898477,isotonic,82
1,0.8637074615024153,1.0,isotonic,82
1,0.9515197001887454,1.0,isotonic,82
0,0.3847766158027125,0.3504273504273504,isotonic,82
0,0.08982691278683146,0.025380710659898477,isotonic,82
0,0.07861341982142168,0.025380710659898477,isotonic,82
1,0.899175801977972,1.0,isotonic,82
1,0.9903532893436245,1.0,isotonic,82
0,0.2541372092264705,0.23809523809523808,isotonic,82
0,0.27847152526321994,0.2582781456953642,isotonic,82
1,0.2221182336934036,0.2222222222222222,isotonic,82
1,0.8259412174601521,1.0,isotonic,82
1,0.9814759399980502,1.0,isotonic,82
1,0.9409956698036059,1.0,isotonic,82
0,0.0859342751587307,0.025380710659898477,isotonic,82
1,0.4309689929747534,0.40816326530612246,isotonic,82
1,0.9593829931318902,1.0,isotonic,82
0,0.18404000721072383,0.12280701754385964,isotonic,82
1,0.33214579156629154,0.2922077922077922,isotonic,82
1,0.979601863199207,1.0,isotonic,82
1,0.2776250133607033,0.2582781456953642,isotonic,82
1,0.9587013574303241,1.0,isotonic,82
0,0.529683078191315,0.5,isotonic,82
0,0.24052082189051271,0.23809523809523808,isotonic,82
0,0.2467059609564917,0.23809523809523808,isotonic,82
0,0.16736609860413756,0.07462686567164178,isotonic,82
0,0.05878877589732968,0.0,isotonic,82
1,0.8463696197200261,1.0,isotonic,82
1,0.9594946995076195,1.0,isotonic,82
1,0.9581818851966468,1.0,isotonic,82
1,0.95131983541956,1.0,isotonic,82
1,0.19594681890605484,0.13986013986013987,isotonic,82
0,0.45033624235954495,0.40816326530612246,isotonic,82
1,0.26479671527093923,0.2582781456953642,isotonic,82
0,0.11707627384448785,0.025380710659898477,isotonic,82
1,0.21268887843254997,0.13986013986013987,isotonic,82
0,0.10755906405021068,0.025380710659898477,isotonic,82
0,0.10120266995060326,0.025380710659898477,isotonic,82
0,0.10444519571494372,0.025380710659898477,isotonic,82
0,0.17318840024178517,0.12280701754385964,isotonic,82
0,0.21328302641211527,0.13986013986013987,isotonic,82
1,0.9905496717346988,1.0,isotonic,82
1,0.3887337699203699,0.3504273504273504,isotonic,82
1,0.993418766143703,1.0,isotonic,82
1,0.983342387347757,1.0,isotonic,82
0,0.0863380798059412,0.025380710659898477,isotonic,82
1,0.8294837051597396,1.0,isotonic,82
1,0.8980753194213571,1.0,isotonic,82
1,0.9814759399980502,1.0,isotonic,82
1,0.989455257367495,1.0,isotonic,82
1,0.9532129047158895,1.0,isotonic,82
0,0.11415159582972988,0.025380710659898477,isotonic,82
0,0.06559512259978714,0.012183317851634002,isotonic,82
1,0.927467708016116,1.0,isotonic,82
0,0.2493259255416428,0.23809523809523808,isotonic,82
1,1.0,1.0,isotonic,82
0,0.30930933688408435,0.2922077922077922,isotonic,82
0,0.1995625599538538,0.13986013986013987,isotonic,82
0,0.23295741245651214,0.23809523809523808,isotonic,82
1,0.4154029964747396,0.3504273504273504,isotonic,82
1,0.48874844526435035,0.5,isotonic,82
0,0.059544333969554324,0.0,isotonic,82
1,0.9898069931258283,1.0,isotonic,82
1,0.2262144129729745,0.2222222222222222,isotonic,82
1,0.941234995971614,1.0,isotonic,82
0,0.1752673982504091,0.12280701754385964,isotonic,82
1,0.9725318447572615,1.0,isotonic,82
1,0.9814759399980502,1.0,isotonic,82
1,0.11509475881188112,0.025380710659898477,isotonic,82
0,0.3031746483370217,0.2582781456953642,isotonic,82
1,0.9814759399980502,1.0,isotonic,82
0,0.3129898357194851,0.2922077922077922,isotonic,82
0,0.3236737484156602,0.2922077922077922,isotonic,82
0,0.5116948663853117,0.5,isotonic,82
1,0.9543484464878659,1.0,isotonic,82
0,0.43215478847486366,0.40816326530612246,isotonic,82
1,0.17874073987591826,0.12280701754385964,isotonic,82
0,0.17220624010666963,0.12280701754385964,isotonic,82
0,0.10606916710857789,0.025380710659898477,isotonic,82
0,0.07598257927384353,0.01282051282051282,isotonic,82
1,0.5997743356803913,0.7272727272727273,isotonic,82
1,0.4054711280063352,0.3504273504273504,isotonic,82
0,0.5433206171631664,0.5,isotonic,82
0,0.12115399541027656,0.07462686567164178,isotonic,82
0,0.3149042997508251,0.2922077922077922,isotonic,82
1,0.9707704024356897,1.0,isotonic,82
0,0.0630234616876201,0.0,isotonic,82
1,0.8506624567978684,1.0,isotonic,82
0,0.2506951994436182,0.23809523809523808,isotonic,82
0,0.21450186546696387,0.13986013986013987,isotonic,82
0,0.24792255300135882,0.23809523809523808,isotonic,82
0,0.2718943771966876,0.2582781456953642,isotonic,82
0,0.08078397655851816,0.025380710659898477,isotonic,82
1,0.9814759399980502,1.0,isotonic,82
1,0.9146679757358602,1.0,isotonic,82
1,0.994229744595084,1.0,isotonic,82
1,0.9954152697844162,1.0,isotonic,82
1,0.37554714889818264,0.3504273504273504,isotonic,82
0,0.2622662168244938,0.2582781456953642,isotonic,82
1,0.42271339867769225,0.3888888888888889,isotonic,82
0,0.40538969361997707,0.3504273504273504,isotonic,82
0,0.42132085128100094,0.3888888888888889,isotonic,82
1,0.9096243847938125,1.0,isotonic,82
0,0.3386451289432978,0.2922077922077922,isotonic,82
1,0.948745846406851,1.0,isotonic,82
1,0.9448103042347055,1.0,isotonic,82
1,0.9133055849180789,1.0,isotonic,82
0,0.4547133621531066,0.4444444444444444,isotonic,82
0,0.15352097767950984,0.07462686567164178,isotonic,82
0,0.35672106343570636,0.2922077922077922,isotonic,82
0,0.385604386798185,0.3504273504273504,isotonic,82
0,0.09609682690832937,0.025380710659898477,isotonic,82
0,0.16659590320912024,0.07462686567164178,isotonic,82
1,0.8652858255536013,1.0,isotonic,82
0,0.26984072310346363,0.2582781456953642,isotonic,82
1,0.9722073054623689,1.0,isotonic,82
0,0.18251213386143053,0.12280701754385964,isotonic,82
1,0.9762527067233208,1.0,isotonic,82
0,0.3436043745560477,0.2922077922077922,isotonic,82
1,0.9959152223529397,1.0,isotonic,82
1,0.9932785991854574,1.0,isotonic,82
1,0.9507016892078324,1.0,isotonic,82
1,0.9937940758955229,1.0,isotonic,82
0,0.17442244836216475,0.12280701754385964,isotonic,82
0,0.27496122123465905,0.2582781456953642,isotonic,82
1,0.9734826127087426,1.0,isotonic,82
1,0.9613844529220928,1.0,isotonic,82
1,0.4611011024943638,0.5,isotonic,82
0,0.2426160483941498,0.23809523809523808,isotonic,82
0,0.15699248781285555,0.07462686567164178,isotonic,82
0,0.06356640098679234,0.0,isotonic,82
0,0.24840283404490673,0.23809523809523808,isotonic,82
0,0.16140141194813856,0.07462686567164178,isotonic,82
1,0.994766844638392,1.0,isotonic,82
1,0.9200161166221559,1.0,isotonic,82
1,0.9182374326874613,1.0,isotonic,82
1,0.9472238226985623,1.0,isotonic,82
1,0.9519070382868778,1.0,isotonic,82
1,0.9625321617538858,1.0,isotonic,82
0,0.05703699995085947,0.0,isotonic,82
0,0.1749426390897016,0.12280701754385964,isotonic,82
1,0.9891942804695579,1.0,isotonic,82
1,0.9181080950314437,1.0,isotonic,82
1,0.12498049306573869,0.07462686567164178,isotonic,82
0,0.1448058082277293,0.07462686567164178,isotonic,82
0,0.32225118516409323,0.2922077922077922,isotonic,82
0,0.10989300997148566,0.025380710659898477,isotonic,82
0,0.19597671082206608,0.13986013986013987,isotonic,82
0,0.07989407575537287,0.025380710659898477,isotonic,82
1,0.981499313176938,1.0,isotonic,82
0,0.13769703403800235,0.07462686567164178,isotonic,82
0,0.43983949067890205,0.40816326530612246,isotonic,82
0,0.07245137383583336,0.01282051282051282,isotonic,82
0,0.09702885563834289,0.025380710659898477,isotonic,82
0,0.27376919204903866,0.2582781456953642,isotonic,82
1,0.4277316111567536,0.3888888888888889,isotonic,82
1,0.4933091821515043,0.5,isotonic,82
0,0.21461907244832196,0.13986013986013987,isotonic,82
1,0.983290151486629,1.0,isotonic,82
1,0.5286494462598182,0.5,isotonic,82
1,0.9988355053311335,1.0,isotonic,82
0,0.2018012644820958,0.13986013986013987,isotonic,82
1,0.9943978233223182,1.0,isotonic,82
0,0.1672783998701736,0.07462686567164178,isotonic,82
0,0.3915317303132187,0.3504273504273504,isotonic,82
1,0.9485477465946652,1.0,isotonic,82
1,0.975254205814828,1.0,isotonic,82
0,0.3455476956521546,0.2922077922077922,isotonic,82
1,0.8824924303757712,1.0,isotonic,82
1,0.9466235734436649,1.0,isotonic,82
1,0.4251780107524297,0.3888888888888889,isotonic,82
1,0.9814759399980502,1.0,isotonic,82
0,0.10698139011527352,0.025380710659898477,isotonic,82
0,0.4204435301877878,0.3888888888888889,isotonic,82
0,0.11931385718892862,0.07462686567164178,isotonic,82
1,0.9375490228367614,1.0,isotonic,82
1,0.9707782310225028,1.0,isotonic,82
1,0.9930552335305443,1.0,isotonic,82
0,0.34119713955106373,0.2922077922077922,isotonic,82
0,0.5065407249972893,0.5,isotonic,82
0,0.09700323630508,0.025380710659898477,isotonic,82
0,0.07879205176878049,0.025380710659898477,isotonic,82
0,0.2948194750750541,0.2582781456953642,isotonic,82
0,0.13908491285611427,0.07462686567164178,isotonic,82
1,0.9890409467644523,1.0,isotonic,82
1,0.9212579529208097,1.0,isotonic,82
0,0.11379436404321384,0.025380710659898477,isotonic,82
0,0.07331336480411468,0.01282051282051282,isotonic,82
1,0.9661000625920307,1.0,isotonic,82
0,0.25755386947797226,0.23809523809523808,isotonic,82
1,0.9276266382573376,1.0,isotonic,82
0,0.34560723026782636,0.2922077922077922,isotonic,82
0,0.19217258435942022,0.13986013986013987,isotonic,82
1,0.9806978231535749,1.0,isotonic,82
1,0.9538202848405549,1.0,isotonic,82
0,0.12252618041976202,0.07462686567164178,isotonic,82
1,0.5059790877060683,0.5,isotonic,82
0,0.27748219046627315,0.2582781456953642,isotonic,82
1,0.2822784164444745,0.2582781456953642,isotonic,82
1,0.968699601888372,1.0,isotonic,82
1,0.9475333913080358,1.0,isotonic,82
1,0.9441722120156852,1.0,isotonic,82
0,0.20557156849529964,0.13986013986013987,isotonic,82
0,0.1748438640052823,0.12280701754385964,isotonic,82
0,0.2823156540241696,0.2582781456953642,isotonic,82
1,0.9933547579204617,1.0,isotonic,82
1,0.9423357577772464,1.0,isotonic,82
1,0.9967735780523028,1.0,isotonic,82
0,0.3567330990155544,0.2922077922077922,isotonic,82
0,0.3514770803416399,0.2922077922077922,isotonic,82
0,0.2857916037576102,0.2582781456953642,isotonic,82
1,0.9050834793154215,1.0,isotonic,82
0,0.2218586227553232,0.2222222222222222,isotonic,82
0,0.2595977858741818,0.23809523809523808,isotonic,82
0,0.2747759827982326,0.2582781456953642,isotonic,82
1,0.981838361533507,1.0,isotonic,82
1,0.9088008385790437,1.0,isotonic,82
1,0.9814759399980502,1.0,isotonic,82
0,0.1310671019106558,0.07462686567164178,isotonic,82
0,0.19334309543195183,0.13986013986013987,isotonic,82
1,0.4586463162896071,0.5,isotonic,82
0,0.1586887071204455,0.07462686567164178,isotonic,82
0,0.06644101987795979,0.01282051282051282,isotonic,82
0,0.4694949014847088,0.5,isotonic,82
1,0.5865245384947607,0.631578947368421,isotonic,82
1,0.910658769374841,1.0,isotonic,82
0,0.30339978500362197,0.2582781456953642,isotonic,82
1,0.25715100785911105,0.23809523809523808,isotonic,82
0,0.28082366235833106,0.2582781456953642,isotonic,82
0,0.5108109266060582,0.5,isotonic,82
1,0.9924848887659359,1.0,isotonic,82
1,0.9541360988584933,1.0,isotonic,82
0,0.1578397673762124,0.07462686567164178,isotonic,82
1,0.9998475244922521,1.0,isotonic,82
0,0.15572666064316884,0.07462686567164178,isotonic,82
1,0.9814759399980502,1.0,isotonic,82
1,0.9981809455587448,1.0,isotonic,82
1,0.930700137367273,1.0,isotonic,82
0,0.38426075969506174,0.3504273504273504,isotonic,82
1,0.18024563307940025,0.12280701754385964,isotonic,82
1,0.48017808884887114,0.5,isotonic,82
1,0.4740042095425134,0.5,isotonic,82
0,0.2082179516610148,0.13986013986013987,isotonic,82
0,0.18048184624522018,0.12280701754385964,isotonic,82
1,0.861221688491468,1.0,isotonic,82
1,0.9994665272898196,1.0,isotonic,82
0,0.25415546727881944,0.23809523809523808,isotonic,82
1,0.9814759399980502,1.0,isotonic,82
1,0.9914378582209284,1.0,isotonic,82
0,0.2662600646749274,0.2582781456953642,isotonic,82
0,0.1434893329195372,0.07462686567164178,isotonic,82
0,0.2296727715226233,0.23809523809523808,isotonic,82
0,0.0913836727503831,0.025380710659898477,isotonic,82
0,0.13789491067827153,0.07462686567164178,isotonic,82
0,0.17787152184005076,0.12280701754385964,isotonic,82
1,0.8318737024754366,1.0,isotonic,82
1,0.16129618004010662,0.07462686567164178,isotonic,82
1,0.9999364012472656,1.0,isotonic,82
1,0.8875871362897336,1.0,isotonic,82
1,0.4423847124264473,0.40816326530612246,isotonic,82
1,0.9989282535009064,1.0,isotonic,82
0,0.3872317887667733,0.3504273504273504,isotonic,82
0,0.15810490729921545,0.07462686567164178,isotonic,82
0,0.1777031883603301,0.12280701754385964,isotonic,82
0,0.20657941594054974,0.13986013986013987,isotonic,82
0,0.45869238709096954,0.5,isotonic,82
1,0.4495310775069288,0.40816326530612246,isotonic,82
0,0.3505020032501538,0.2922077922077922,isotonic,82
1,0.6246870129424874,0.7272727272727273,isotonic,82
1,0.9062363726639023,1.0,isotonic,82
1,0.9866618742687494,1.0,isotonic,82
0,0.3662247388095097,0.3504273504273504,isotonic,82
1,0.9090277061983284,1.0,isotonic,82
0,0.16561305115439165,0.07462686567164178,isotonic,82
1,0.43875812151931304,0.40816326530612246,isotonic,82
1,0.06812413309246089,0.01282051282051282,isotonic,82
0,0.09240867098948306,0.025380710659898477,isotonic,82
1,0.45163908658064333,0.4444444444444444,isotonic,82
1,0.9510552376043536,1.0,isotonic,82
1,0.9792492476056177,1.0,isotonic,82
1,0.9995580619193138,1.0,isotonic,82
1,0.22886520232466523,0.23809523809523808,isotonic,82
1,0.9575228976627704,1.0,isotonic,82
0,0.3633802822972156,0.3504273504273504,isotonic,82
1,0.9540746467458677,1.0,isotonic,82
0,0.06253624399444842,0.0,isotonic,82
0,0.2039313804315139,0.13986013986013987,isotonic,82
0,0.12760637442063674,0.07462686567164178,isotonic,82
1,0.3558737955893882,0.2922077922077922,isotonic,82
0,0.0920912084095799,0.025380710659898477,isotonic,82
0,0.2142339841398992,0.13986013986013987,isotonic,82
1,0.8815516579036701,1.0,isotonic,82
0,0.15965102947957807,0.07462686567164178,isotonic,82
1,0.8906556848920208,1.0,isotonic,82
1,0.26878935250290087,0.2582781456953642,isotonic,82
1,0.16203366209314027,0.07462686567164178,isotonic,82
1,0.9831700121224549,1.0,isotonic,82
1,0.9445565195642723,1.0,isotonic,82
1,0.9170016409568748,1.0,isotonic,82
0,0.09213081586997816,0.025380710659898477,isotonic,82
1,0.9642859086437094,1.0,isotonic,82
0,0.16235000732707605,0.07462686567164178,isotonic,82
0,0.2958430142861162,0.2582781456953642,isotonic,82
0,0.0632814032355263,0.0,isotonic,82
0,0.1394494832602074,0.07462686567164178,isotonic,82
0,0.1913889827183487,0.13986013986013987,isotonic,82
1,0.9039787221381537,1.0,isotonic,82
0,0.24274438249070915,0.23809523809523808,isotonic,82
1,0.8368753820056223,1.0,isotonic,82
0,0.23010362313843036,0.23809523809523808,isotonic,82
1,0.6544991210169538,0.7272727272727273,isotonic,82
0,0.1438761316069564,0.07462686567164178,isotonic,82
0,0.12416975333844886,0.07462686567164178,isotonic,82
0,0.19320172915742787,0.13986013986013987,isotonic,82
0,0.07319907294307226,0.01282051282051282,isotonic,82
1,0.9814759399980502,1.0,isotonic,82
0,0.2416544825728197,0.23809523809523808,isotonic,82
0,0.08612465791079507,0.025380710659898477,isotonic,82
0,0.3212557172592352,0.2922077922077922,isotonic,82
0,0.37912695779898625,0.3504273504273504,isotonic,82
1,0.941842709327554,1.0,isotonic,82
0,0.15085376452111615,0.07462686567164178,isotonic,82
1,0.672784506673204,0.7272727272727273,isotonic,82
1,0.9467981501337206,1.0,isotonic,82
0,0.4576818075302443,0.4444444444444444,isotonic,82
0,0.15693018290801525,0.07462686567164178,isotonic,82
0,0.23484656162993,0.23809523809523808,isotonic,82
0,0.4530378450503916,0.4444444444444444,isotonic,82
1,0.8899279086703621,1.0,isotonic,82
1,0.9814759399980502,1.0,isotonic,82
0,0.29889515034149905,0.2582781456953642,isotonic,82
1,0.9442873717660909,1.0,isotonic,82
1,0.9955382525868159,1.0,isotonic,82
0,0.281620066717369,0.2582781456953642,isotonic,82
1,0.9878131412363185,1.0,isotonic,82
0,0.4221074737306479,0.3888888888888889,isotonic,82
1,1.0,1.0,isotonic,82
1,0.46676508206443723,0.5,isotonic,82
1,0.9992562931573824,1.0,isotonic,82
0,0.13673573090598418,0.07462686567164178,isotonic,82
0,0.0851963351539469,0.025380710659898477,isotonic,82
1,0.44202849166475944,0.40816326530612246,isotonic,82
1,0.2543231667915154,0.23809523809523808,isotonic,82
0,0.06696737888396054,0.01282051282051282,isotonic,82
1,0.940333939901522,1.0,isotonic,82
1,0.3799736669548548,0.3504273504273504,isotonic,82
0,0.23499308630244503,0.23809523809523808,isotonic,82
0,0.08017495382157827,0.025380710659898477,isotonic,82
0,0.1747451364546543,0.12280701754385964,isotonic,82
1,0.9060125496090721,1.0,isotonic,82
1,0.34149240168732486,0.2922077922077922,isotonic,82
1,0.9814759399980502,1.0,isotonic,82
0,0.08449110591041135,0.025380710659898477,isotonic,82
0,0.3550671499761372,0.2922077922077922,isotonic,82
1,0.992548136045685,1.0,isotonic,82
0,0.07652165612368336,0.01282051282051282,isotonic,82
1,0.19641173065532358,0.13986013986013987,isotonic,82
1,0.9822539405811028,1.0,isotonic,82
1,0.9131201620335492,1.0,isotonic,82
0,0.1822495103586704,0.12280701754385964,isotonic,82
1,0.9933985902445039,1.0,isotonic,82
0,0.1745289177604644,0.12280701754385964,isotonic,82
0,0.2536232462271397,0.23809523809523808,isotonic,82
0,0.14634155116604555,0.07462686567164178,isotonic,82
0,0.15917598088749446,0.07462686567164178,isotonic,82
1,0.9814759399980502,1.0,isotonic,82
0,0.08781425437674084,0.025380710659898477,isotonic,82
1,0.990373621819705,1.0,isotonic,82
1,0.8968169290298164,1.0,isotonic,82
1,0.28733240690730066,0.2582781456953642,isotonic,82
0,0.3169414938039315,0.2922077922077922,isotonic,82
0,0.1126546071989158,0.025380710659898477,isotonic,82
0,0.5515289589109431,0.5,isotonic,82
0,0.17153588634921313,0.12280701754385964,isotonic,82
0,0.06924149997856756,0.01282051282051282,isotonic,82
1,0.9940314473227156,1.0,isotonic,82
0,0.3519748853632211,0.2922077922077922,isotonic,82
0,0.19210770223433027,0.13986013986013987,isotonic,82
1,0.22954586382099545,0.23809523809523808,isotonic,82
1,0.9701254332419993,1.0,isotonic,82
1,0.18102562424499,0.12280701754385964,isotonic,82
1,0.9814759399980502,1.0,isotonic,82
1,0.4807952167221757,0.5,isotonic,82
0,0.45155589384622924,0.4444444444444444,isotonic,82
1,0.997565040037083,1.0,isotonic,82
1,0.1899298034654417,0.13986013986013987,isotonic,82
0,0.16835988889796016,0.07462686567164178,isotonic,82
1,0.3565911925690999,0.2922077922077922,isotonic,82
1,0.8600795211337907,1.0,isotonic,82
0,0.05876928430456915,0.0,isotonic,82
0,0.06255797542553174,0.0,isotonic,82
1,0.9641861542317972,1.0,isotonic,82
0,0.14652532784783406,0.07462686567164178,isotonic,82
1,0.9161697418154046,1.0,isotonic,82
1,0.9912960562477083,1.0,isotonic,82
0,0.12347884778153549,0.07462686567164178,isotonic,82
1,0.36320999066239507,0.3504273504273504,isotonic,82
0,0.094534126090286,0.025380710659898477,isotonic,82
1,0.3012050393783105,0.2582781456953642,isotonic,82
0,0.23635267931682766,0.23809523809523808,isotonic,82
0,0.4213807231719856,0.3888888888888889,isotonic,82
0,0.058672890228195544,0.0,isotonic,82
1,0.9244149435978132,1.0,isotonic,82
1,0.9501599310783626,1.0,isotonic,82
1,0.8150224933476493,1.0,isotonic,82
0,0.11614668279239927,0.025380710659898477,isotonic,82
0,0.06612471928900751,0.01282051282051282,isotonic,82
1,0.9946053333820806,1.0,isotonic,82
0,0.4135987499510117,0.3504273504273504,isotonic,82
0,0.11818154275531899,0.025380710659898477,isotonic,82
0,0.2926172534466211,0.2582781456953642,isotonic,82
1,0.9403886595297812,1.0,isotonic,82
0,0.30801368113236927,0.2922077922077922,isotonic,82
1,0.9398431652624443,1.0,isotonic,82
0,0.08794361135940663,0.025380710659898477,isotonic,82
0,0.09277906623787421,0.025380710659898477,isotonic,82
0,0.08617715965858413,0.025380710659898477,isotonic,82
1,0.9525497216584743,1.0,isotonic,82
0,0.06773573398365565,0.01282051282051282,isotonic,82
0,0.10796211491146683,0.025380710659898477,isotonic,82
0,0.07448312367215665,0.01282051282051282,isotonic,82
1,0.9411710821028461,1.0,isotonic,82
1,0.5180511654333445,0.5,isotonic,82
1,0.9580163956054175,1.0,isotonic,82
1,0.49729709117028764,0.5,isotonic,82
1,0.9433665691140798,1.0,isotonic,82
1,0.9408536671142745,1.0,isotonic,82
1,0.8787893237653829,1.0,isotonic,82
0,0.35452615817812905,0.2922077922077922,isotonic,82
1,0.9866101659089554,1.0,isotonic,82
1,0.9268978468974491,1.0,isotonic,82
0,0.11870805275252586,0.025380710659898477,isotonic,82
0,0.10392602982861802,0.025380710659898477,isotonic,82
0,0.48051624501184365,0.5,isotonic,82
1,0.9814759399980502,1.0,isotonic,82
0,0.24976532362409026,0.23809523809523808,isotonic,82
0,0.10200819511905661,0.025380710659898477,isotonic,82
0,0.09679611759698123,0.025380710659898477,isotonic,82
0,0.4676639191985468,0.5,isotonic,82
1,0.9963995408725903,1.0,isotonic,82
0,0.10522196736755919,0.025380710659898477,isotonic,82
1,0.9962128994076581,1.0,isotonic,82
0,0.18684363678838214,0.12871094271019895,isotonic,82
0,0.07118293823942379,0.01282051282051282,isotonic,82
0,0.27347211444983993,0.2582781456953642,isotonic,82
1,0.4510898748814004,0.40816326530612246,isotonic,82
0,0.22488767273337607,0.2222222222222222,isotonic,82
1,0.918317490260613,1.0,isotonic,82
1,0.5711544079542271,0.631578947368421,isotonic,82
1,0.816351165881093,1.0,isotonic,82
0,0.20772757954222965,0.13986013986013987,isotonic,82
0,0.3772447805150725,0.3504273504273504,isotonic,82
1,0.8687600629547891,1.0,isotonic,82
0,0.09243201511708471,0.025380710659898477,isotonic,82
1,0.9527649140550166,1.0,isotonic,82
0,0.09452792536523698,0.025380710659898477,isotonic,82
0,0.07547468694667929,0.01282051282051282,isotonic,82
1,0.9556735331473332,1.0,isotonic,82
0,0.3137098549745639,0.2922077922077922,isotonic,82
0,0.2675417099832304,0.2582781456953642,isotonic,82
0,0.09221967903862002,0.025380710659898477,isotonic,82
0,0.1968176569080864,0.13986013986013987,isotonic,82
1,0.9174310080238,1.0,isotonic,82
0,0.14292281390773817,0.07462686567164178,isotonic,82
0,0.2043905194136679,0.13986013986013987,isotonic,82
1,0.9853788201903398,1.0,isotonic,82
1,0.10434821156728392,0.025380710659898477,isotonic,82
0,0.3590208717187363,0.2922077922077922,isotonic,82
1,0.9814759399980502,1.0,isotonic,82
0,0.0802864303853391,0.025380710659898477,isotonic,82
0,0.12898765530215636,0.07462686567164178,isotonic,82
0,0.3808112234509855,0.3504273504273504,isotonic,82
0,0.21096754476899873,0.13986013986013987,isotonic,82
0,0.3888016578340704,0.3504273504273504,isotonic,82
1,0.9899030897996831,1.0,isotonic,82
