y_true,proba,proba_calibrated,calibration_method,seed
0,0.10580029202512341,0.07692307692307693,isotonic,72
0,0.03666554543575401,0.0340411749236116,isotonic,72
1,0.9946763149360986,1.0,isotonic,72
0,0.39928893750400346,0.38271604938271603,isotonic,72
0,0.09220806678808131,0.04335260115606936,isotonic,72
0,0.05148054328794712,0.04335260115606936,isotonic,72
0,0.1058790410413069,0.07692307692307693,isotonic,72
1,0.9981738603595478,1.0,isotonic,72
1,0.32230618113156495,0.2849162011173184,isotonic,72
0,0.3163582252959194,0.2849162011173184,isotonic,72
0,0.21642376300618402,0.20535714285714285,isotonic,72
1,0.9998858873943027,1.0,isotonic,72
0,0.031821331237403064,0.02830188679245283,isotonic,72
0,0.09141157038400957,0.04335260115606936,isotonic,72
1,0.9972909422701219,1.0,isotonic,72
1,0.4365220375216265,0.38271604938271603,isotonic,72
0,0.4842859806879712,0.5283018867924527,isotonic,72
0,0.4023964784532025,0.38271604938271603,isotonic,72
0,0.10256021538046117,0.051097032446585706,isotonic,72
0,0.08909697681973507,0.04335260115606936,isotonic,72
1,0.9994392892462652,1.0,isotonic,72
1,0.9984010830433967,1.0,isotonic,72
1,0.9979031887688432,1.0,isotonic,72
1,0.9999771047326432,1.0,isotonic,72
0,0.39855042482913666,0.38271604938271603,isotonic,72
0,0.3064194976456559,0.2849162011173184,isotonic,72
1,0.17630313580179602,0.18032786885245902,isotonic,72
1,0.9997432059932423,1.0,isotonic,72
1,0.11699779210916532,0.07692307692307693,isotonic,72
1,0.998436821902735,1.0,isotonic,72
0,0.3159490864410551,0.2849162011173184,isotonic,72
0,0.05255385559014911,0.04335260115606936,isotonic,72
0,0.30562970462933114,0.2849162011173184,isotonic,72
0,0.09214424048442299,0.04335260115606936,isotonic,72
0,0.048506746410219036,0.04335260115606936,isotonic,72
1,0.9999086105089929,1.0,isotonic,72
1,0.9987804772867571,1.0,isotonic,72
0,0.0955432519049853,0.04335260115606936,isotonic,72
0,0.23587597372425934,0.2578947368421053,isotonic,72
0,0.13406626273487976,0.12987012987012986,isotonic,72
0,0.21932723457058548,0.20535714285714285,isotonic,72
0,0.7249961233560079,0.5789473684210527,isotonic,72
0,0.21577721080714587,0.20535714285714285,isotonic,72
1,0.9993220279900729,1.0,isotonic,72
0,0.16770792285663264,0.18032786885245902,isotonic,72
1,0.5240418291654741,0.5283018867924527,isotonic,72
1,0.8503914976916903,0.7692307692307693,isotonic,72
0,0.4122355180703316,0.38271604938271603,isotonic,72
1,0.999916575823583,1.0,isotonic,72
1,0.07958063431344231,0.04335260115606936,isotonic,72
1,0.4557720519993762,0.4838709677419355,isotonic,72
0,0.20621765283106577,0.20535714285714285,isotonic,72
0,0.19865560207206984,0.20535714285714285,isotonic,72
1,0.9969661243994234,1.0,isotonic,72
0,0.05078293069908814,0.04335260115606936,isotonic,72
0,0.060554871727840305,0.04335260115606936,isotonic,72
1,0.9989955580947684,1.0,isotonic,72
1,0.971083021797568,1.0,isotonic,72
1,0.9977624407076693,1.0,isotonic,72
0,0.02021508583849553,0.0,isotonic,72
1,0.9978913645752007,1.0,isotonic,72
1,0.9952621194614742,1.0,isotonic,72
1,0.3113306242386269,0.2849162011173184,isotonic,72
0,0.08187899839928403,0.04335260115606936,isotonic,72
1,0.9982715426608677,1.0,isotonic,72
1,0.9973068236357844,1.0,isotonic,72
1,0.4141843782633373,0.38271604938271603,isotonic,72
0,0.43888693643990784,0.38271604938271603,isotonic,72
1,0.9983246503941169,1.0,isotonic,72
1,0.9998613476217033,1.0,isotonic,72
1,0.9983666434709795,1.0,isotonic,72
0,0.05105173721018145,0.04335260115606936,isotonic,72
1,0.971083021797568,1.0,isotonic,72
1,0.9980080483963713,1.0,isotonic,72
1,0.971083021797568,1.0,isotonic,72
0,0.059887429732890386,0.04335260115606936,isotonic,72
0,0.26748228379867417,0.2578947368421053,isotonic,72
1,0.48645424600148846,0.5283018867924527,isotonic,72
1,0.9993242005293154,1.0,isotonic,72
1,0.999945309904411,1.0,isotonic,72
1,0.18792461176676517,0.20535714285714285,isotonic,72
0,0.29204695167718314,0.2578947368421053,isotonic,72
0,0.4417396561231947,0.38271604938271603,isotonic,72
0,0.846975036726414,0.7692307692307693,isotonic,72
1,0.977262957006453,1.0,isotonic,72
0,0.2757373708950394,0.2578947368421053,isotonic,72
1,0.15955576647280972,0.18032786885245902,isotonic,72
1,0.971083021797568,1.0,isotonic,72
1,0.49530645572559423,0.5283018867924527,isotonic,72
0,0.017040193885861876,0.0,isotonic,72
1,0.38130892302598096,0.2849162011173184,isotonic,72
0,0.11648660493510553,0.07692307692307693,isotonic,72
0,0.5404295224870298,0.5283018867924527,isotonic,72
0,0.059349021177172896,0.04335260115606936,isotonic,72
1,0.996532387765815,1.0,isotonic,72
0,0.21346523509726864,0.20535714285714285,isotonic,72
0,0.34263499495822125,0.2849162011173184,isotonic,72
1,0.9999332810540082,1.0,isotonic,72
0,0.2908595214517442,0.2578947368421053,isotonic,72
0,0.07395917689276213,0.04335260115606936,isotonic,72
1,0.9990536305340596,1.0,isotonic,72
0,0.2490855450546044,0.2578947368421053,isotonic,72
1,0.46685690355905946,0.4838709677419355,isotonic,72
1,0.9962407303163634,1.0,isotonic,72
1,0.9997436762503941,1.0,isotonic,72
1,0.6677434276365337,0.5409836065573771,isotonic,72
0,0.01116947413365357,0.0,isotonic,72
0,0.1817180650422881,0.20535714285714285,isotonic,72
0,0.3533259618878601,0.2849162011173184,isotonic,72
1,0.996865070849267,1.0,isotonic,72
0,0.07455029173756321,0.04335260115606936,isotonic,72
0,0.10687808270978738,0.07692307692307693,isotonic,72
1,0.9999515386072511,1.0,isotonic,72
1,0.6884276530722916,0.5789473684210527,isotonic,72
0,0.11182468104313273,0.07692307692307693,isotonic,72
0,0.2397866111097719,0.2578947368421053,isotonic,72
0,0.1855764006881083,0.20535714285714285,isotonic,72
0,0.2884448829602681,0.2578947368421053,isotonic,72
1,0.9975395616525828,1.0,isotonic,72
1,0.7674511696158453,0.75,isotonic,72
1,0.9998891306774449,1.0,isotonic,72
0,0.22160790982648795,0.20535714285714285,isotonic,72
1,0.9999674167657403,1.0,isotonic,72
0,0.18982370290447614,0.20535714285714285,isotonic,72
0,0.39540466719415424,0.2849162011173184,isotonic,72
1,0.971083021797568,1.0,isotonic,72
1,0.971083021797568,1.0,isotonic,72
0,0.3103019392578625,0.2849162011173184,isotonic,72
1,0.971083021797568,1.0,isotonic,72
0,0.24448876042990064,0.2578947368421053,isotonic,72
0,0.45057457746255025,0.4108715433913979,isotonic,72
1,0.9925143668448259,1.0,isotonic,72
0,0.4234985688605239,0.38271604938271603,isotonic,72
1,0.992573109634041,1.0,isotonic,72
0,0.027907299859713512,0.02830188679245283,isotonic,72
1,0.14127559431695208,0.12987012987012986,isotonic,72
0,0.34036835494929035,0.2849162011173184,isotonic,72
0,0.11970138480005438,0.07692307692307693,isotonic,72
1,0.971083021797568,1.0,isotonic,72
1,0.9935338072231555,1.0,isotonic,72
0,0.04924196602120405,0.04335260115606936,isotonic,72
0,0.029102779998995257,0.02830188679245283,isotonic,72
0,0.06973610235630541,0.04335260115606936,isotonic,72
0,0.35208728401330447,0.2849162011173184,isotonic,72
1,0.3124345823709897,0.2849162011173184,isotonic,72
1,0.9999893036295999,1.0,isotonic,72
1,0.9985044970535475,1.0,isotonic,72
1,0.9996439171531364,1.0,isotonic,72
1,0.9989519433740576,1.0,isotonic,72
0,0.32105714994041873,0.2849162011173184,isotonic,72
0,0.36318486146145373,0.2849162011173184,isotonic,72
0,0.08255047182974228,0.04335260115606936,isotonic,72
0,0.07210848867792581,0.04335260115606936,isotonic,72
1,0.16508707465716385,0.18032786885245902,isotonic,72
0,0.21492656895105325,0.20535714285714285,isotonic,72
1,0.9941261719451085,1.0,isotonic,72
1,0.9973963914568352,1.0,isotonic,72
0,0.11224975992088221,0.07692307692307693,isotonic,72
1,0.9977111637949531,1.0,isotonic,72
1,0.9999406326229285,1.0,isotonic,72
0,0.2573919896708128,0.2578947368421053,isotonic,72
1,0.9998510958992508,1.0,isotonic,72
0,0.0649207848916932,0.04335260115606936,isotonic,72
0,0.14259664129285005,0.12987012987012986,isotonic,72
1,0.9999510735356808,1.0,isotonic,72
1,0.9983330952241537,1.0,isotonic,72
1,0.9999281643367816,1.0,isotonic,72
1,0.971083021797568,1.0,isotonic,72
1,0.44484491094117473,0.38271604938271603,isotonic,72
0,0.110706572605618,0.07692307692307693,isotonic,72
0,0.06947653670434895,0.04335260115606936,isotonic,72
0,0.20817035210973128,0.20535714285714285,isotonic,72
1,0.2872335209862746,0.2578947368421053,isotonic,72
1,0.9999373800509941,1.0,isotonic,72
0,0.14352672356253904,0.12987012987012986,isotonic,72
1,0.1095766434835187,0.07692307692307693,isotonic,72
1,0.971083021797568,1.0,isotonic,72
1,0.971083021797568,1.0,isotonic,72
0,0.014341177434312062,0.0,isotonic,72
0,0.25876054121911246,0.2578947368421053,isotonic,72
1,0.9974586593703053,1.0,isotonic,72
0,0.18227657048552462,0.20535714285714285,isotonic,72
1,0.29632560874990843,0.2578947368421053,isotonic,72
0,0.039350608081944204,0.04335260115606936,isotonic,72
1,0.9064750134775584,1.0,isotonic,72
1,0.9981047279957237,1.0,isotonic,72
1,0.25953218729911,0.2578947368421053,isotonic,72
1,0.9964880560725626,1.0,isotonic,72
0,0.11909369331724791,0.07692307692307693,isotonic,72
0,0.06435942726493496,0.04335260115606936,isotonic,72
0,0.3982808326320853,0.38271604938271603,isotonic,72
1,0.9984746563959858,1.0,isotonic,72
0,0.010724023044976261,0.0,isotonic,72
1,0.9982891767513342,1.0,isotonic,72
1,0.5746060940010199,0.5409836065573771,isotonic,72
0,0.13255247013579313,0.12987012987012986,isotonic,72
0,0.29660932310695726,0.2682827456852204,isotonic,72
0,0.056887893874760516,0.04335260115606936,isotonic,72
0,0.129630879274511,0.12987012987012986,isotonic,72
1,0.9999456377765844,1.0,isotonic,72
0,0.4095047034087656,0.38271604938271603,isotonic,72
1,0.971083021797568,1.0,isotonic,72
0,0.5320216091033024,0.5283018867924527,isotonic,72
1,0.9982822131288256,1.0,isotonic,72
1,0.9959745699677557,1.0,isotonic,72
0,0.11732169606602941,0.07692307692307693,isotonic,72
0,0.3161405540345243,0.2849162011173184,isotonic,72
0,0.13895835662085518,0.12987012987012986,isotonic,72
1,0.9998994660642851,1.0,isotonic,72
1,0.9986460118022856,1.0,isotonic,72
1,0.9980995039417355,1.0,isotonic,72
0,0.10629161128302926,0.07692307692307693,isotonic,72
0,0.10501494995425704,0.07692307692307693,isotonic,72
1,0.971083021797568,1.0,isotonic,72
0,0.09525528513688973,0.04335260115606936,isotonic,72
1,0.9998717584351811,1.0,isotonic,72
1,0.3138103543178703,0.2849162011173184,isotonic,72
0,0.09991335359150162,0.04335260115606936,isotonic,72
1,0.9998235951020499,1.0,isotonic,72
0,0.054532017660157396,0.04335260115606936,isotonic,72
0,0.2388080695089959,0.2578947368421053,isotonic,72
1,0.9999180288608023,1.0,isotonic,72
0,0.029991509067908293,0.02830188679245283,isotonic,72
0,0.05454970057123038,0.04335260115606936,isotonic,72
1,0.8303900260847319,0.7692307692307693,isotonic,72
1,0.9980873780718026,1.0,isotonic,72
0,0.052194480693203545,0.04335260115606936,isotonic,72
1,0.26575109047966045,0.2578947368421053,isotonic,72
0,0.1567618556538092,0.18032786885245902,isotonic,72
1,0.04285219996952496,0.04335260115606936,isotonic,72
1,0.9999663233619971,1.0,isotonic,72
1,0.5572413181587121,0.5409836065573771,isotonic,72
1,0.592425867097272,0.5409836065573771,isotonic,72
0,0.021350969785113437,0.02830188679245283,isotonic,72
1,0.02307349739558743,0.02830188679245283,isotonic,72
0,0.12158511029023994,0.09523809523809523,isotonic,72
1,0.971083021797568,1.0,isotonic,72
0,0.412511976549078,0.38271604938271603,isotonic,72
0,0.02686244245313745,0.02830188679245283,isotonic,72
0,0.24093938389325822,0.2578947368421053,isotonic,72
0,0.27649759106965993,0.2578947368421053,isotonic,72
1,0.7127892127884163,0.5789473684210527,isotonic,72
1,0.9999068267971571,1.0,isotonic,72
1,0.9978487610112031,1.0,isotonic,72
0,0.025704761569559628,0.02830188679245283,isotonic,72
1,0.9999495275197409,1.0,isotonic,72
1,0.2551468125370396,0.2578947368421053,isotonic,72
0,0.25720843875924876,0.2578947368421053,isotonic,72
1,0.998420841947132,1.0,isotonic,72
0,0.0852277282944581,0.04335260115606936,isotonic,72
1,0.9933967536875534,1.0,isotonic,72
1,0.9980434575035664,1.0,isotonic,72
1,0.9999774103728142,1.0,isotonic,72
0,0.10313197965624722,0.07399436406852927,isotonic,72
1,0.42285461760143844,0.38271604938271603,isotonic,72
0,0.23915664043915158,0.2578947368421053,isotonic,72
0,0.14256143651124326,0.12987012987012986,isotonic,72
0,0.18034844479698636,0.20535714285714285,isotonic,72
1,0.9999543307034214,1.0,isotonic,72
0,0.09637182292540186,0.04335260115606936,isotonic,72
1,0.971083021797568,1.0,isotonic,72
1,0.44880330259145884,0.38271604938271603,isotonic,72
0,0.10543285480468835,0.07692307692307693,isotonic,72
0,0.1142303098796527,0.07692307692307693,isotonic,72
1,0.9999711200469409,1.0,isotonic,72
1,0.9972188162827295,1.0,isotonic,72
1,0.9999589261641124,1.0,isotonic,72
0,0.0216800896897082,0.02830188679245283,isotonic,72
1,0.9977943985922872,1.0,isotonic,72
1,0.9977567036009852,1.0,isotonic,72
0,0.169817651547505,0.18032786885245902,isotonic,72
0,0.11881739958962761,0.07692307692307693,isotonic,72
0,0.18968263142856212,0.20535714285714285,isotonic,72
0,0.6600945718628971,0.5409836065573771,isotonic,72
0,0.09013055160433107,0.04335260115606936,isotonic,72
0,0.18873219891584198,0.20535714285714285,isotonic,72
1,0.9972826985505318,1.0,isotonic,72
1,0.9982681602795178,1.0,isotonic,72
0,0.1449623585839881,0.12987012987012986,isotonic,72
1,0.9998520967732475,1.0,isotonic,72
0,0.07104076601796276,0.04335260115606936,isotonic,72
0,0.10817099364009722,0.07692307692307693,isotonic,72
1,0.999378618277499,1.0,isotonic,72
1,0.971083021797568,1.0,isotonic,72
1,0.9999758000398371,1.0,isotonic,72
0,0.08516512924490427,0.04335260115606936,isotonic,72
1,0.9983139896368644,1.0,isotonic,72
0,0.04260157540055906,0.04335260115606936,isotonic,72
0,0.06496413131211654,0.04335260115606936,isotonic,72
0,0.0383386593783122,0.04335260115606936,isotonic,72
1,0.9999572569402063,1.0,isotonic,72
0,0.056592280501286216,0.04335260115606936,isotonic,72
0,0.2279842222365237,0.2578947368421053,isotonic,72
0,0.06779601961008552,0.04335260115606936,isotonic,72
0,0.24331562867273906,0.2578947368421053,isotonic,72
0,0.2600179334031249,0.2578947368421053,isotonic,72
0,0.31196937928908935,0.2849162011173184,isotonic,72
0,0.008881734824896478,0.0,isotonic,72
1,0.5585988909549094,0.5409836065573771,isotonic,72
0,0.056794039626787154,0.04335260115606936,isotonic,72
1,0.9999540816957577,1.0,isotonic,72
0,0.09008238658807069,0.04335260115606936,isotonic,72
0,0.18583644509702182,0.20535714285714285,isotonic,72
1,0.27594637357266133,0.2578947368421053,isotonic,72
0,0.048083493091918075,0.04335260115606936,isotonic,72
0,0.2916738403562828,0.2578947368421053,isotonic,72
1,0.18458501757803153,0.20535714285714285,isotonic,72
0,0.06341437021452193,0.04335260115606936,isotonic,72
0,0.4000369948150996,0.38271604938271603,isotonic,72
1,0.5313260249402045,0.5283018867924527,isotonic,72
0,0.04675501520672057,0.04335260115606936,isotonic,72
0,0.11658715878581331,0.07692307692307693,isotonic,72
1,0.42050365808828316,0.38271604938271603,isotonic,72
1,0.26658051039856623,0.2578947368421053,isotonic,72
0,0.057508215169704814,0.04335260115606936,isotonic,72
0,0.1403750699648093,0.12987012987012986,isotonic,72
1,0.9996610697898205,1.0,isotonic,72
0,0.35990554215781834,0.2849162011173184,isotonic,72
0,0.31521207412867536,0.2849162011173184,isotonic,72
0,0.11709745510473536,0.07692307692307693,isotonic,72
1,0.9998295503281851,1.0,isotonic,72
0,0.07050311689093658,0.04335260115606936,isotonic,72
1,0.9974124900126842,1.0,isotonic,72
1,0.9966671614927303,1.0,isotonic,72
1,0.9998263914743452,1.0,isotonic,72
0,0.10280448685577966,0.06087932422838574,isotonic,72
1,0.20819987639374057,0.20535714285714285,isotonic,72
0,0.1414757502283305,0.12987012987012986,isotonic,72
0,0.27723972485630427,0.2578947368421053,isotonic,72
0,0.16006274922415434,0.18032786885245902,isotonic,72
1,0.4587235780282632,0.4838709677419355,isotonic,72
1,0.9999598531876045,1.0,isotonic,72
1,0.971083021797568,1.0,isotonic,72
0,0.18205173912884678,0.20535714285714285,isotonic,72
0,0.14890110258694636,0.18032786885245902,isotonic,72
1,0.13329351494088382,0.12987012987012986,isotonic,72
1,0.5151539660961186,0.5283018867924527,isotonic,72
1,0.9981579518201816,1.0,isotonic,72
1,0.4825801498634065,0.5283018867924527,isotonic,72
0,0.032644047157622785,0.02830188679245283,isotonic,72
0,0.04276078220929074,0.04335260115606936,isotonic,72
1,0.6122927550574555,0.5409836065573771,isotonic,72
1,0.9998134039267196,1.0,isotonic,72
1,0.9980744692540411,1.0,isotonic,72
1,0.9988467386742326,1.0,isotonic,72
0,0.10274171170354084,0.05836538003966537,isotonic,72
0,0.061872958684592506,0.04335260115606936,isotonic,72
0,0.2612601781334293,0.2578947368421053,isotonic,72
1,0.9963668104425333,1.0,isotonic,72
0,0.03612981356082981,0.02830188679245283,isotonic,72
1,0.5023119982649157,0.5283018867924527,isotonic,72
1,0.17433739354471664,0.18032786885245902,isotonic,72
1,0.9987528655626161,1.0,isotonic,72
1,0.6049937131027693,0.5409836065573771,isotonic,72
0,0.4011980527220986,0.38271604938271603,isotonic,72
1,0.45138173576464014,0.4640392667776613,isotonic,72
0,0.007454054091041927,0.0,isotonic,72
0,0.030125038506683622,0.02830188679245283,isotonic,72
1,0.991316053692675,1.0,isotonic,72
0,0.3481200741641002,0.2849162011173184,isotonic,72
1,0.3234934264349237,0.2849162011173184,isotonic,72
0,0.0026557766870313605,0.0,isotonic,72
0,0.15909666967508695,0.18032786885245902,isotonic,72
0,0.0962301218016471,0.04335260115606936,isotonic,72
1,0.995173547814371,1.0,isotonic,72
0,0.20653709457123307,0.20535714285714285,isotonic,72
0,0.2680956184059861,0.2578947368421053,isotonic,72
1,0.20500386801605683,0.20535714285714285,isotonic,72
0,0.7099701156558542,0.5789473684210527,isotonic,72
0,0.2337025733221501,0.2578947368421053,isotonic,72
0,0.1115420286930882,0.07692307692307693,isotonic,72
1,0.9946537518176536,1.0,isotonic,72
1,0.06439315338758501,0.04335260115606936,isotonic,72
1,0.9999578471187264,1.0,isotonic,72
1,0.9999525481288638,1.0,isotonic,72
1,0.08441201695534098,0.04335260115606936,isotonic,72
1,0.2941608783702959,0.2578947368421053,isotonic,72
1,0.9973044999097698,1.0,isotonic,72
0,0.04305674439898297,0.04335260115606936,isotonic,72
1,0.9999516045358979,1.0,isotonic,72
1,0.9978179393196863,1.0,isotonic,72
1,0.9984217703365722,1.0,isotonic,72
0,0.03784423459505803,0.04335260115606936,isotonic,72
0,0.48507846947112315,0.5283018867924527,isotonic,72
1,0.9985220514297496,1.0,isotonic,72
0,0.039969913811871254,0.04335260115606936,isotonic,72
1,0.468471960418299,0.4838709677419355,isotonic,72
0,0.3108390928120786,0.2849162011173184,isotonic,72
1,0.3979843499389588,0.38271604938271603,isotonic,72
0,0.12594474080889778,0.12987012987012986,isotonic,72
1,0.9824120518530155,1.0,isotonic,72
0,0.11706358923615544,0.07692307692307693,isotonic,72
0,0.1400436336581234,0.12987012987012986,isotonic,72
1,0.9999019878384635,1.0,isotonic,72
1,0.3735671533936218,0.2849162011173184,isotonic,72
1,0.971083021797568,1.0,isotonic,72
0,0.04963940629900835,0.04335260115606936,isotonic,72
0,0.2504598913472188,0.2578947368421053,isotonic,72
0,0.04644032481546059,0.04335260115606936,isotonic,72
0,0.09057983713569612,0.04335260115606936,isotonic,72
0,0.8658753701534954,0.7692307692307693,isotonic,72
1,0.9974462063471589,1.0,isotonic,72
0,0.3445528141158119,0.2849162011173184,isotonic,72
0,0.0867524863208614,0.04335260115606936,isotonic,72
1,0.9976160117366847,1.0,isotonic,72
1,0.05751941055163433,0.04335260115606936,isotonic,72
0,0.046820448075281774,0.04335260115606936,isotonic,72
0,0.03873304895454991,0.04335260115606936,isotonic,72
0,0.037976320339810105,0.04335260115606936,isotonic,72
0,0.11184923274061903,0.07692307692307693,isotonic,72
1,0.9998178146143631,1.0,isotonic,72
0,0.2663176252161182,0.2578947368421053,isotonic,72
0,0.2901382529509158,0.2578947368421053,isotonic,72
1,0.9967662444947093,1.0,isotonic,72
1,0.9988186040377215,1.0,isotonic,72
0,0.29736468375890945,0.2849162011173184,isotonic,72
1,0.49928754011618265,0.5283018867924527,isotonic,72
1,0.20921784940381685,0.20535714285714285,isotonic,72
1,0.8264811757512641,0.7692307692307693,isotonic,72
0,0.2152051387509354,0.20535714285714285,isotonic,72
1,0.9998961498769242,1.0,isotonic,72
0,0.6131013835411826,0.5409836065573771,isotonic,72
0,0.40387829646660545,0.38271604938271603,isotonic,72
0,0.4646493865492149,0.4838709677419355,isotonic,72
1,0.9992356861338066,1.0,isotonic,72
0,0.2051929054628714,0.20535714285714285,isotonic,72
1,0.9986944223236085,1.0,isotonic,72
0,0.1637716376480015,0.18032786885245902,isotonic,72
1,0.28398048327469877,0.2578947368421053,isotonic,72
1,0.9984878827712484,1.0,isotonic,72
1,0.9999099260096628,1.0,isotonic,72
1,0.9998534883120799,1.0,isotonic,72
0,0.23046981874897138,0.2578947368421053,isotonic,72
1,0.971083021797568,1.0,isotonic,72
0,0.03113957839335464,0.02830188679245283,isotonic,72
1,0.9981929600595375,1.0,isotonic,72
1,0.9980104495446447,1.0,isotonic,72
1,0.25219355647389086,0.2578947368421053,isotonic,72
1,0.971083021797568,1.0,isotonic,72
0,0.09578858059988313,0.04335260115606936,isotonic,72
1,0.22118984669674074,0.20535714285714285,isotonic,72
0,0.3450290553707275,0.2849162011173184,isotonic,72
0,0.046243187300296945,0.04335260115606936,isotonic,72
1,0.21697607492329074,0.20535714285714285,isotonic,72
1,0.8539624956589216,0.7692307692307693,isotonic,72
0,0.28851815860271074,0.2578947368421053,isotonic,72
1,0.9900261904710193,1.0,isotonic,72
1,0.9989593991790596,1.0,isotonic,72
0,0.23473826191691255,0.2578947368421053,isotonic,72
1,0.9932561968923497,1.0,isotonic,72
1,0.9984205869516011,1.0,isotonic,72
1,0.971083021797568,1.0,isotonic,72
1,0.09062825814484313,0.04335260115606936,isotonic,72
0,0.2718164012960863,0.2578947368421053,isotonic,72
0,0.14276874538701315,0.12987012987012986,isotonic,72
1,0.9971444504623693,1.0,isotonic,72
0,0.15768705531628352,0.18032786885245902,isotonic,72
1,0.9998435381421085,1.0,isotonic,72
0,0.3817084912981598,0.2849162011173184,isotonic,72
1,0.3761268490308864,0.2849162011173184,isotonic,72
1,0.9998682312432456,1.0,isotonic,72
0,0.14446158567415157,0.12987012987012986,isotonic,72
0,0.00655104018604246,0.0,isotonic,72
1,0.971083021797568,1.0,isotonic,72
0,0.2388275512916378,0.2578947368421053,isotonic,72
1,0.971083021797568,1.0,isotonic,72
0,0.250465164603633,0.2578947368421053,isotonic,72
0,0.10735754654886195,0.07692307692307693,isotonic,72
1,0.9963968275135419,1.0,isotonic,72
1,0.9974645951731438,1.0,isotonic,72
0,0.5577209593998348,0.5409836065573771,isotonic,72
1,0.999909975892154,1.0,isotonic,72
0,0.0962945164077734,0.04335260115606936,isotonic,72
0,0.07192697819746528,0.04335260115606936,isotonic,72
0,0.08413567885280811,0.04335260115606936,isotonic,72
0,0.09431995270274572,0.04335260115606936,isotonic,72
0,0.12189051069143259,0.09523809523809523,isotonic,72
1,0.9999257109306344,1.0,isotonic,72
0,0.0720410681163896,0.04335260115606936,isotonic,72
0,0.22325681900116662,0.20535714285714285,isotonic,72
0,0.13486795804601193,0.12987012987012986,isotonic,72
0,0.2631624419873204,0.2578947368421053,isotonic,72
0,0.2277768163717837,0.2578947368421053,isotonic,72
0,0.020325284360159825,0.0,isotonic,72
0,0.12667860816668522,0.12987012987012986,isotonic,72
0,0.1954720512321585,0.20535714285714285,isotonic,72
0,0.09279708271512849,0.04335260115606936,isotonic,72
1,0.9998060530506595,1.0,isotonic,72
0,0.05918053519320194,0.04335260115606936,isotonic,72
1,0.9958333732260094,1.0,isotonic,72
0,0.01898651530271843,0.0,isotonic,72
0,0.17691682231145076,0.18032786885245902,isotonic,72
1,0.9999371307913354,1.0,isotonic,72
0,0.014959968265711665,0.0,isotonic,72
1,0.9985015757240138,1.0,isotonic,72
0,0.10400201604925739,0.07692307692307693,isotonic,72
0,0.276202101823167,0.2578947368421053,isotonic,72
1,0.9999372012918086,1.0,isotonic,72
1,0.9998323346072369,1.0,isotonic,72
1,0.9974917733467596,1.0,isotonic,72
1,0.22288667313101376,0.20535714285714285,isotonic,72
1,0.9999057236354414,1.0,isotonic,72
0,0.20361501859274583,0.20535714285714285,isotonic,72
1,0.39307556289354195,0.2849162011173184,isotonic,72
0,0.06283999601972919,0.04335260115606936,isotonic,72
1,0.9999460304320273,1.0,isotonic,72
0,0.14201609191802098,0.12987012987012986,isotonic,72
0,0.23781261247748534,0.2578947368421053,isotonic,72
1,0.971083021797568,1.0,isotonic,72
0,0.08253785640231633,0.04335260115606936,isotonic,72
0,0.049962677276481515,0.04335260115606936,isotonic,72
1,0.9956726429598203,1.0,isotonic,72
0,0.07174224897902604,0.04335260115606936,isotonic,72
0,0.11548035966697186,0.07692307692307693,isotonic,72
0,0.025603443122930857,0.02830188679245283,isotonic,72
1,0.9998994617937813,1.0,isotonic,72
1,0.9999283193842503,1.0,isotonic,72
1,0.9983314393588552,1.0,isotonic,72
1,0.32810496516988,0.2849162011173184,isotonic,72
0,0.4157844882271056,0.38271604938271603,isotonic,72
0,0.27721360098221326,0.2578947368421053,isotonic,72
0,0.12377421866668527,0.09523809523809523,isotonic,72
1,0.9998679820269798,1.0,isotonic,72
1,0.9999579618169113,1.0,isotonic,72
0,0.5004572374164411,0.5283018867924527,isotonic,72
1,0.2732177213403947,0.2578947368421053,isotonic,72
1,0.971083021797568,1.0,isotonic,72
1,0.9964153145925625,1.0,isotonic,72
0,0.11546444672599199,0.07692307692307693,isotonic,72
0,0.14544237823714098,0.16465859768644933,isotonic,72
0,0.30008732513492975,0.2849162011173184,isotonic,72
1,0.9981961005197619,1.0,isotonic,72
1,0.9971711819762135,1.0,isotonic,72
1,0.9985344590146846,1.0,isotonic,72
0,0.05170025239962009,0.04335260115606936,isotonic,72
1,0.6315340569304828,0.5409836065573771,isotonic,72
0,0.1292485551166368,0.12987012987012986,isotonic,72
1,0.22255833234221084,0.20535714285714285,isotonic,72
1,0.9972619420168176,1.0,isotonic,72
0,0.03579904752053008,0.02830188679245283,isotonic,72
1,0.9969148427775569,1.0,isotonic,72
0,0.18364958772033257,0.20535714285714285,isotonic,72
0,0.06967628148508358,0.04335260115606936,isotonic,72
0,0.11538155076004387,0.07692307692307693,isotonic,72
0,0.2638901497529136,0.2578947368421053,isotonic,72
0,0.5780198836271337,0.5409836065573771,isotonic,72
1,0.8365918103507988,0.7692307692307693,isotonic,72
1,0.9976089614216478,1.0,isotonic,72
0,0.3895009762795384,0.2849162011173184,isotonic,72
1,0.999881270595294,1.0,isotonic,72
0,0.5999463837767136,0.5409836065573771,isotonic,72
0,0.18363732645642003,0.20535714285714285,isotonic,72
1,0.25554262368961683,0.2578947368421053,isotonic,72
0,0.630865794076704,0.5409836065573771,isotonic,72
0,0.07521371794673268,0.04335260115606936,isotonic,72
1,0.7228330406438545,0.5789473684210527,isotonic,72
0,0.6526412884522195,0.5409836065573771,isotonic,72
1,0.971083021797568,1.0,isotonic,72
1,0.999406195805642,1.0,isotonic,72
1,0.9963530713698329,1.0,isotonic,72
0,0.36399830552645657,0.2849162011173184,isotonic,72
1,0.9998827215576028,1.0,isotonic,72
1,0.23229129137699406,0.2578947368421053,isotonic,72
0,0.14179310573677165,0.12987012987012986,isotonic,72
0,0.20722960794027515,0.20535714285714285,isotonic,72
0,0.03345838124745168,0.02830188679245283,isotonic,72
1,0.31218313799946573,0.2849162011173184,isotonic,72
0,0.574118300409059,0.5409836065573771,isotonic,72
0,0.789425927372062,0.7663647109911739,isotonic,72
1,0.9999294963826414,1.0,isotonic,72
1,0.9991613940179671,1.0,isotonic,72
1,0.10665155865658221,0.07692307692307693,isotonic,72
1,0.21107891494509834,0.20535714285714285,isotonic,72
1,0.9998911145433287,1.0,isotonic,72
0,0.24666704580831356,0.2578947368421053,isotonic,72
0,0.1268259731518248,0.12987012987012986,isotonic,72
1,0.9963200846909728,1.0,isotonic,72
0,0.033940389526583126,0.02830188679245283,isotonic,72
1,0.12714238057670715,0.12987012987012986,isotonic,72
1,0.643765498464228,0.5409836065573771,isotonic,72
0,0.021556763445885748,0.02830188679245283,isotonic,72
1,0.9984112504781104,1.0,isotonic,72
0,0.01434461767568951,0.0,isotonic,72
0,0.010203061794596104,0.0,isotonic,72
0,0.22540031846490008,0.2578947368421053,isotonic,72
0,0.17853579724901716,0.18032786885245902,isotonic,72
0,0.202025803478955,0.20535714285714285,isotonic,72
0,0.3796539683110286,0.2849162011173184,isotonic,72
1,0.9874906015505859,1.0,isotonic,72
1,0.6890208419054424,0.5789473684210527,isotonic,72
0,0.028714397277279747,0.02830188679245283,isotonic,72
1,0.3196290006256579,0.2849162011173184,isotonic,72
1,0.9941677749495572,1.0,isotonic,72
1,0.18174703745201107,0.20535714285714285,isotonic,72
0,0.04726280177122748,0.04335260115606936,isotonic,72
0,0.009330384050926996,0.0,isotonic,72
1,0.999923104109116,1.0,isotonic,72
1,0.9985294287493052,1.0,isotonic,72
0,0.03672392982462308,0.036646790783713884,isotonic,72
1,0.9999803953218754,1.0,isotonic,72
1,0.9998828010152994,1.0,isotonic,72
1,0.9982472956512392,1.0,isotonic,72
1,0.971083021797568,1.0,isotonic,72
0,0.07737514651812334,0.04335260115606936,isotonic,72
0,0.04491591184737623,0.04335260115606936,isotonic,72
0,0.3697623774128056,0.2849162011173184,isotonic,72
0,0.33700542660019234,0.2849162011173184,isotonic,72
1,0.16441662021104922,0.18032786885245902,isotonic,72
0,0.03166340334023489,0.02830188679245283,isotonic,72
1,0.971083021797568,1.0,isotonic,72
0,0.3268901578829856,0.2849162011173184,isotonic,72
0,0.3949055297861579,0.2849162011173184,isotonic,72
1,0.9999156107887262,1.0,isotonic,72
1,0.9945596012749209,1.0,isotonic,72
1,0.8304820773755591,0.7692307692307693,isotonic,72
1,0.9978543267022407,1.0,isotonic,72
1,0.13662091670208462,0.12987012987012986,isotonic,72
1,0.999150195875521,1.0,isotonic,72
1,0.9998614458559916,1.0,isotonic,72
1,0.9999631041000565,1.0,isotonic,72
1,0.9998776388808066,1.0,isotonic,72
1,0.9999403224083738,1.0,isotonic,72
1,0.9962584145239565,1.0,isotonic,72
0,0.1774601835287379,0.18032786885245902,isotonic,72
0,0.028602840664127924,0.02830188679245283,isotonic,72
0,0.17367866094322088,0.18032786885245902,isotonic,72
1,0.9960269090300574,1.0,isotonic,72
0,0.03516978406422809,0.02830188679245283,isotonic,72
0,0.13278947592285606,0.12987012987012986,isotonic,72
0,0.05834375947017435,0.04335260115606936,isotonic,72
0,0.2322978494540195,0.2578947368421053,isotonic,72
1,0.9989256038437808,1.0,isotonic,72
1,0.4685601636296863,0.4838709677419355,isotonic,72
1,0.9998572137478418,1.0,isotonic,72
1,0.9982125960142718,1.0,isotonic,72
0,0.09625726656255158,0.04335260115606936,isotonic,72
0,0.23669505084902046,0.2578947368421053,isotonic,72
1,0.971083021797568,1.0,isotonic,72
0,0.5088827135858734,0.5283018867924527,isotonic,72
1,0.5126201149950187,0.5283018867924527,isotonic,72
1,0.9960712658672521,1.0,isotonic,72
0,0.4027082070516338,0.38271604938271603,isotonic,72
1,0.16498088825676696,0.18032786885245902,isotonic,72
0,0.3449331213595595,0.2849162011173184,isotonic,72
0,0.08027139880691411,0.04335260115606936,isotonic,72
1,0.9877003543062622,1.0,isotonic,72
1,0.971083021797568,1.0,isotonic,72
0,0.06760294064837487,0.04335260115606936,isotonic,72
0,0.14645504226273176,0.18032786885245902,isotonic,72
1,0.971083021797568,1.0,isotonic,72
0,0.027061644081686032,0.02830188679245283,isotonic,72
0,0.5131657990944828,0.5283018867924527,isotonic,72
0,0.17694606535771412,0.18032786885245902,isotonic,72
0,0.15784401973353218,0.18032786885245902,isotonic,72
1,0.971083021797568,1.0,isotonic,72
1,0.6660975638165392,0.5409836065573771,isotonic,72
0,0.6845669824198213,0.5789473684210527,isotonic,72
1,0.971083021797568,1.0,isotonic,72
0,0.18419496547898465,0.20535714285714285,isotonic,72
0,0.351188822905145,0.2849162011173184,isotonic,72
0,0.3242753990032131,0.2849162011173184,isotonic,72
0,0.03447639847664968,0.02830188679245283,isotonic,72
1,0.15851687778203657,0.18032786885245902,isotonic,72
1,0.9999823548295578,1.0,isotonic,72
0,0.16026126386194112,0.18032786885245902,isotonic,72
1,0.3496588726361914,0.2849162011173184,isotonic,72
0,0.04876476037161148,0.04335260115606936,isotonic,72
0,0.10046513831402065,0.04335260115606936,isotonic,72
0,0.019926615736706885,0.0,isotonic,72
0,0.04871240546519023,0.04335260115606936,isotonic,72
0,0.0854585568767767,0.04335260115606936,isotonic,72
0,0.07548725407857368,0.04335260115606936,isotonic,72
1,0.971083021797568,1.0,isotonic,72
1,0.9998933886240213,1.0,isotonic,72
0,0.2611839711848717,0.2578947368421053,isotonic,72
1,0.999977854771576,1.0,isotonic,72
1,0.9998431916429731,1.0,isotonic,72
0,0.1636785043823673,0.18032786885245902,isotonic,72
0,0.13284597155301106,0.12987012987012986,isotonic,72
0,0.22319056552905409,0.20535714285714285,isotonic,72
0,0.03072842496875011,0.02830188679245283,isotonic,72
0,0.0240923959201232,0.02830188679245283,isotonic,72
0,0.4643800009398681,0.4838709677419355,isotonic,72
0,0.09147078087287222,0.04335260115606936,isotonic,72
0,0.1633949753794309,0.18032786885245902,isotonic,72
0,0.12810325812732873,0.12987012987012986,isotonic,72
1,0.09651751358900294,0.04335260115606936,isotonic,72
0,0.12009050472797236,0.07692307692307693,isotonic,72
1,0.9967883716812437,1.0,isotonic,72
0,0.035124059267401864,0.02830188679245283,isotonic,72
1,0.971083021797568,1.0,isotonic,72
1,0.971083021797568,1.0,isotonic,72
1,0.9998722806088041,1.0,isotonic,72
1,0.971083021797568,1.0,isotonic,72
0,0.24428032933188895,0.2578947368421053,isotonic,72
1,0.9975214975622496,1.0,isotonic,72
0,0.10971170256769555,0.07692307692307693,isotonic,72
0,0.17350424006790194,0.18032786885245902,isotonic,72
0,0.03564010258350385,0.02830188679245283,isotonic,72
0,0.02132573713156807,0.02830188679245283,isotonic,72
1,0.34126886329025263,0.2849162011173184,isotonic,72
1,0.971083021797568,1.0,isotonic,72
0,0.20178467422659582,0.20535714285714285,isotonic,72
1,0.7096371755938224,0.5789473684210527,isotonic,72
1,0.07242964478825627,0.04335260115606936,isotonic,72
0,0.5226851187494751,0.5283018867924527,isotonic,72
1,0.4053465638985225,0.38271604938271603,isotonic,72
0,0.13262601382312098,0.12987012987012986,isotonic,72
1,0.9978352540379436,1.0,isotonic,72
1,0.9999484445233162,1.0,isotonic,72
0,0.27160376812963105,0.2578947368421053,isotonic,72
1,0.7941496148590118,0.7692307692307693,isotonic,72
1,0.9999409125579287,1.0,isotonic,72
0,0.27810862013499155,0.2578947368421053,isotonic,72
1,0.9999533118513358,1.0,isotonic,72
0,0.06931570429392732,0.04335260115606936,isotonic,72
0,0.12449980659452704,0.09523809523809523,isotonic,72
0,0.043068018950987996,0.04335260115606936,isotonic,72
0,0.030552301258366096,0.02830188679245283,isotonic,72
1,0.9999376467015371,1.0,isotonic,72
0,0.16342903997181196,0.18032786885245902,isotonic,72
0,0.36617949335664035,0.2849162011173184,isotonic,72
0,0.026505852438258547,0.02830188679245283,isotonic,72
1,0.5640359820791222,0.5409836065573771,isotonic,72
1,0.999934982617054,1.0,isotonic,72
0,0.009340074379839218,0.0,isotonic,72
0,0.092794699884361,0.04335260115606936,isotonic,72
1,0.0761681289145685,0.04335260115606936,isotonic,72
0,0.4150072695515495,0.38271604938271603,isotonic,72
0,0.21086302732251844,0.20535714285714285,isotonic,72
0,0.1483245880363221,0.18032786885245902,isotonic,72
1,0.317082726756928,0.2849162011173184,isotonic,72
1,0.9998939937205887,1.0,isotonic,72
1,0.998317705905878,1.0,isotonic,72
0,0.08892386400961069,0.04335260115606936,isotonic,72
1,0.999850354853517,1.0,isotonic,72
1,0.9999372958437425,1.0,isotonic,72
1,0.9965292664896842,1.0,isotonic,72
1,0.9999467423213027,1.0,isotonic,72
1,0.9970756521684745,1.0,isotonic,72
1,0.47188721490635144,0.4838709677419355,isotonic,72
0,0.12316140222246307,0.09523809523809523,isotonic,72
0,0.16821788727493758,0.18032786885245902,isotonic,72
0,0.2565740514600472,0.2578947368421053,isotonic,72
0,0.28586660354878085,0.2578947368421053,isotonic,72
1,0.9978970704532822,1.0,isotonic,72
1,0.9999493914254186,1.0,isotonic,72
0,0.2803139486918809,0.2578947368421053,isotonic,72
1,0.971083021797568,1.0,isotonic,72
0,0.3367940579604916,0.2849162011173184,isotonic,72
0,0.27304254014278195,0.2578947368421053,isotonic,72
1,0.5363190932479419,0.5283018867924527,isotonic,72
1,0.9984554697784706,1.0,isotonic,72
0,0.32317876575582316,0.2849162011173184,isotonic,72
0,0.027885610183798547,0.02830188679245283,isotonic,72
1,0.9997737111618681,1.0,isotonic,72
1,0.30376098574543864,0.2849162011173184,isotonic,72
0,0.06493224036593978,0.04335260115606936,isotonic,72
0,0.033833882565434285,0.02830188679245283,isotonic,72
1,0.6799353369348002,0.5789473684210527,isotonic,72
1,0.9872780243804354,1.0,isotonic,72
1,0.9999210287481379,1.0,isotonic,72
0,0.34956949779391117,0.2849162011173184,isotonic,72
0,0.11778862707399759,0.07692307692307693,isotonic,72
1,0.16736975852106026,0.18032786885245902,isotonic,72
0,0.0649243054380059,0.04335260115606936,isotonic,72
1,0.9998729331042374,1.0,isotonic,72
1,0.9971263741172744,1.0,isotonic,72
1,0.9998922713054663,1.0,isotonic,72
1,0.2599803355439136,0.2578947368421053,isotonic,72
0,0.06906987989480426,0.04335260115606936,isotonic,72
1,0.39493770414789336,0.2849162011173184,isotonic,72
0,0.023631775928862047,0.02830188679245283,isotonic,72
0,0.04696407935469238,0.04335260115606936,isotonic,72
0,0.05049352848264933,0.04335260115606936,isotonic,72
0,0.28241138718428427,0.2578947368421053,isotonic,72
1,0.35277530839659554,0.2849162011173184,isotonic,72
0,0.11889694322725007,0.07692307692307693,isotonic,72
0,0.23551039377436456,0.2578947368421053,isotonic,72
0,0.3437030380830931,0.2849162011173184,isotonic,72
0,0.029368232555281894,0.02830188679245283,isotonic,72
1,0.9978428748364176,1.0,isotonic,72
1,0.9985297064950162,1.0,isotonic,72
1,0.971083021797568,1.0,isotonic,72
1,0.9986868181804323,1.0,isotonic,72
1,0.5247316201346963,0.5283018867924527,isotonic,72
1,0.9974117076181132,1.0,isotonic,72
1,0.9999486603565825,1.0,isotonic,72
1,0.27474343534480816,0.2578947368421053,isotonic,72
1,0.971083021797568,1.0,isotonic,72
0,0.0847868592232994,0.04335260115606936,isotonic,72
0,0.3295737382065632,0.2849162011173184,isotonic,72
1,0.971083021797568,1.0,isotonic,72
1,0.2643568048690995,0.2578947368421053,isotonic,72
0,0.23068788744931165,0.2578947368421053,isotonic,72
1,0.999950067914278,1.0,isotonic,72
0,0.013147216933321292,0.0,isotonic,72
0,0.2909942752251131,0.2578947368421053,isotonic,72
1,0.9998482484348181,1.0,isotonic,72
0,0.2686269269030063,0.2578947368421053,isotonic,72
0,0.04240227959582323,0.04335260115606936,isotonic,72
0,0.25829264674321445,0.2578947368421053,isotonic,72
1,0.2088011935868015,0.20535714285714285,isotonic,72
0,0.5678633828775461,0.5409836065573771,isotonic,72
0,0.15837558046574912,0.18032786885245902,isotonic,72
0,0.0547586176947698,0.04335260115606936,isotonic,72
1,0.9999063253687719,1.0,isotonic,72
0,0.3173491298974299,0.2849162011173184,isotonic,72
1,0.9942184218528374,1.0,isotonic,72
0,0.08569248143577439,0.04335260115606936,isotonic,72
1,0.9999449194720829,1.0,isotonic,72
1,0.9999832131485401,1.0,isotonic,72
0,0.3710020492280316,0.2849162011173184,isotonic,72
0,0.4233862986506828,0.38271604938271603,isotonic,72
0,0.01918818537836471,0.0,isotonic,72
0,0.41264056732361687,0.38271604938271603,isotonic,72
0,0.2851817446802609,0.2578947368421053,isotonic,72
0,0.07567510876929887,0.04335260115606936,isotonic,72
1,0.9998311724135776,1.0,isotonic,72
0,0.11710936670466354,0.07692307692307693,isotonic,72
0,0.13658874613681996,0.12987012987012986,isotonic,72
0,0.310584421389388,0.2849162011173184,isotonic,72
0,0.43710208296059877,0.38271604938271603,isotonic,72
1,0.9972940240543684,1.0,isotonic,72
1,0.9985025845797428,1.0,isotonic,72
1,0.971083021797568,1.0,isotonic,72
0,0.6182905296791841,0.5409836065573771,isotonic,72
0,0.008429021432184393,0.0,isotonic,72
1,0.9999484963919119,1.0,isotonic,72
1,0.99823464389816,1.0,isotonic,72
1,0.971083021797568,1.0,isotonic,72
0,0.021129150697991324,0.02830188679245283,isotonic,72
1,0.46202368203289174,0.4838709677419355,isotonic,72
0,0.20614633143776898,0.20535714285714285,isotonic,72
0,0.1906723245797261,0.20535714285714285,isotonic,72
1,0.046529528230976856,0.04335260115606936,isotonic,72
1,0.17498373314769344,0.18032786885245902,isotonic,72
0,0.4011259304534475,0.38271604938271603,isotonic,72
1,0.9985031883577115,1.0,isotonic,72
1,0.9959641008885636,1.0,isotonic,72
0,0.14939789250325206,0.18032786885245902,isotonic,72
1,0.9984458430592915,1.0,isotonic,72
1,0.9944539991776059,1.0,isotonic,72
0,0.058679491926104464,0.04335260115606936,isotonic,72
1,0.9991368992377755,1.0,isotonic,72
0,0.043058247503765704,0.04335260115606936,isotonic,72
1,0.10102380570133661,0.04335260115606936,isotonic,72
0,0.02801152753486443,0.02830188679245283,isotonic,72
0,0.22439784337373622,0.2578947368421053,isotonic,72
1,0.4946984854383093,0.5283018867924527,isotonic,72
0,0.07697934414398766,0.04335260115606936,isotonic,72
1,0.9999331534687333,1.0,isotonic,72
0,0.42749153661734335,0.38271604938271603,isotonic,72
0,0.08952145421127675,0.04335260115606936,isotonic,72
0,0.04840311067970823,0.04335260115606936,isotonic,72
1,0.7605505411886103,0.75,isotonic,72
0,0.04647526378408175,0.04335260115606936,isotonic,72
0,0.1155211908143559,0.07692307692307693,isotonic,72
0,0.14756987732689258,0.18032786885245902,isotonic,72
0,0.03208976849778368,0.02830188679245283,isotonic,72
0,0.02758232940233384,0.02830188679245283,isotonic,72
0,0.23993976286192575,0.2578947368421053,isotonic,72
0,0.11507071525453919,0.07692307692307693,isotonic,72
1,0.8730425560640619,0.7692307692307693,isotonic,72
1,0.9948546544396294,1.0,isotonic,72
0,0.2807348747521967,0.2578947368421053,isotonic,72
0,0.17673583997336098,0.18032786885245902,isotonic,72
1,0.9957198208594746,1.0,isotonic,72
0,0.04942600029110808,0.04335260115606936,isotonic,72
1,0.12208220133936959,0.09523809523809523,isotonic,72
1,0.3428539713659397,0.2849162011173184,isotonic,72
0,0.12074587189929487,0.09429865626736819,isotonic,72
1,0.9998722338982006,1.0,isotonic,72
0,0.010950710281526152,0.0,isotonic,72
0,0.07552702346657165,0.04335260115606936,isotonic,72
0,0.2155729756628591,0.20535714285714285,isotonic,72
1,0.9976014488550748,1.0,isotonic,72
0,0.0343503537778968,0.02830188679245283,isotonic,72
0,0.22922462239821462,0.2578947368421053,isotonic,72
1,0.971083021797568,1.0,isotonic,72
0,0.15047265322339376,0.18032786885245902,isotonic,72
0,0.11593038717809213,0.07692307692307693,isotonic,72
1,0.3574423997344643,0.2849162011173184,isotonic,72
0,0.19944727023714143,0.20535714285714285,isotonic,72
0,0.051084459153685716,0.04335260115606936,isotonic,72
0,0.3943673631731882,0.2849162011173184,isotonic,72
0,0.06400607140257507,0.04335260115606936,isotonic,72
0,0.10290040013418916,0.06472034444545167,isotonic,72
1,0.9997739807240236,1.0,isotonic,72
1,0.9999355056252511,1.0,isotonic,72
0,0.02337465555815915,0.02830188679245283,isotonic,72
1,0.9966418905078218,1.0,isotonic,72
1,0.9999748776286861,1.0,isotonic,72
0,0.4157268967300119,0.38271604938271603,isotonic,72
0,0.022871672543973477,0.02830188679245283,isotonic,72
1,0.99592112929198,1.0,isotonic,72
0,0.4351113581110312,0.38271604938271603,isotonic,72
1,0.7635068079102127,0.75,isotonic,72
0,0.15549617730424664,0.18032786885245902,isotonic,72
0,0.4295741577860623,0.38271604938271603,isotonic,72
1,0.8978019163362052,0.9191037222424834,isotonic,72
1,0.9978861701881045,1.0,isotonic,72
0,0.1071084342801321,0.07692307692307693,isotonic,72
0,0.03730026643248256,0.04335260115606936,isotonic,72
1,0.9998601715606734,1.0,isotonic,72
0,0.17308473643252123,0.18032786885245902,isotonic,72
0,0.051127462694312335,0.04335260115606936,isotonic,72
0,0.2996961147316023,0.2849162011173184,isotonic,72
1,0.9939487263880438,1.0,isotonic,72
0,0.1848559759208915,0.20535714285714285,isotonic,72
0,0.15183954458096738,0.18032786885245902,isotonic,72
0,0.21429908659442082,0.20535714285714285,isotonic,72
0,0.05502451051975379,0.04335260115606936,isotonic,72
1,0.9987737757924858,1.0,isotonic,72
0,0.009809717135834091,0.0,isotonic,72
1,0.9984825806868746,1.0,isotonic,72
1,0.573382760198003,0.5409836065573771,isotonic,72
0,0.08818259506396404,0.04335260115606936,isotonic,72
0,0.12299309015899088,0.09523809523809523,isotonic,72
1,0.36979643879512303,0.2849162011173184,isotonic,72
1,0.971083021797568,1.0,isotonic,72
0,0.3853998138834154,0.2849162011173184,isotonic,72
1,0.998666960580669,1.0,isotonic,72
1,0.24618838912426674,0.2578947368421053,isotonic,72
1,0.558712827684397,0.5409836065573771,isotonic,72
0,0.004485960426756255,0.0,isotonic,72
0,0.27510689499852437,0.2578947368421053,isotonic,72
1,0.9989183646212499,1.0,isotonic,72
0,0.15744280984360015,0.18032786885245902,isotonic,72
0,0.3335365185480578,0.2849162011173184,isotonic,72
0,0.29455064216029503,0.2578947368421053,isotonic,72
1,0.5230699305251266,0.5283018867924527,isotonic,72
1,0.9999853002319513,1.0,isotonic,72
0,0.2124415598840068,0.20535714285714285,isotonic,72
1,0.9999605044963196,1.0,isotonic,72
1,0.9999356641561188,1.0,isotonic,72
1,0.9980035433588142,1.0,isotonic,72
0,0.0068590220862950885,0.0,isotonic,72
0,0.08113686310374595,0.04335260115606936,isotonic,72
0,0.24255662912660197,0.2578947368421053,isotonic,72
0,0.07439105184022185,0.04335260115606936,isotonic,72
1,0.1051418853468518,0.07692307692307693,isotonic,72
0,0.0317788803979765,0.02830188679245283,isotonic,72
0,0.15651258991579986,0.18032786885245902,isotonic,72
1,0.9998100124998782,1.0,isotonic,72
1,0.9983324192943867,1.0,isotonic,72
1,0.6126633681949396,0.5409836065573771,isotonic,72
0,0.09171208476494513,0.04335260115606936,isotonic,72
0,0.0868488046367432,0.04335260115606936,isotonic,72
1,0.4603253879299523,0.4838709677419355,isotonic,72
1,0.9997787248082338,1.0,isotonic,72
0,0.8507972434518543,0.7692307692307693,isotonic,72
1,0.38620437234683974,0.2849162011173184,isotonic,72
0,0.036931079478603954,0.04335260115606936,isotonic,72
0,0.36462265663051463,0.2849162011173184,isotonic,72
0,0.345630200388698,0.2849162011173184,isotonic,72
1,0.9999480336873934,1.0,isotonic,72
1,0.971083021797568,1.0,isotonic,72
1,0.9995238992058982,1.0,isotonic,72
0,0.057474455360575834,0.04335260115606936,isotonic,72
0,0.2410024132309026,0.2578947368421053,isotonic,72
1,0.9999477387008827,1.0,isotonic,72
0,0.04475767204009738,0.04335260115606936,isotonic,72
1,0.4143844181572716,0.38271604938271603,isotonic,72
0,0.05762887267454576,0.04335260115606936,isotonic,72
1,0.9964788380673194,1.0,isotonic,72
0,0.7369998017056707,0.6963026919141568,isotonic,72
1,0.34462313898723507,0.2849162011173184,isotonic,72
1,0.32791930082518084,0.2849162011173184,isotonic,72
0,0.07881723432506259,0.04335260115606936,isotonic,72
0,0.15835292676888882,0.18032786885245902,isotonic,72
0,0.11051778837048518,0.07692307692307693,isotonic,72
1,0.971083021797568,1.0,isotonic,72
0,0.08519820728921489,0.04335260115606936,isotonic,72
0,0.4265298336676172,0.38271604938271603,isotonic,72
1,0.9938285018227226,1.0,isotonic,72
1,0.999844826101947,1.0,isotonic,72
1,0.33986563971273703,0.2849162011173184,isotonic,72
1,0.996431511299058,1.0,isotonic,72
1,0.16793307237090788,0.18032786885245902,isotonic,72
1,0.38745860249810893,0.2849162011173184,isotonic,72
1,0.9999875940049063,1.0,isotonic,72
0,0.4666756568151274,0.4838709677419355,isotonic,72
0,0.1424159985210238,0.12987012987012986,isotonic,72
0,0.29818768857870054,0.2849162011173184,isotonic,72
1,0.9981868484001651,1.0,isotonic,72
0,0.38921602664510474,0.2849162011173184,isotonic,72
0,0.03535530210467984,0.02830188679245283,isotonic,72
1,0.9981390857078453,1.0,isotonic,72
1,0.971083021797568,1.0,isotonic,72
1,0.9982075800003538,1.0,isotonic,72
1,0.9980722779642581,1.0,isotonic,72
1,0.26739096710262006,0.2578947368421053,isotonic,72
1,0.9998227764290022,1.0,isotonic,72
1,0.9998817494559136,1.0,isotonic,72
0,0.1471335494349857,0.18032786885245902,isotonic,72
0,0.20233854664997739,0.20535714285714285,isotonic,72
0,0.08324454961200724,0.04335260115606936,isotonic,72
0,0.18873535036711225,0.20535714285714285,isotonic,72
0,0.11017275775210027,0.07692307692307693,isotonic,72
1,0.28266303465235626,0.2578947368421053,isotonic,72
0,0.24002680832034803,0.2578947368421053,isotonic,72
0,0.2625069864435306,0.2578947368421053,isotonic,72
0,0.0362851520809725,0.02830188679245283,isotonic,72
1,0.9998644434246076,1.0,isotonic,72
0,0.22351031554183606,0.20535714285714285,isotonic,72
1,0.4867880219330624,0.5283018867924527,isotonic,72
0,0.17578668700905561,0.18032786885245902,isotonic,72
0,0.4256854652593517,0.38271604938271603,isotonic,72
1,0.9999874815123274,1.0,isotonic,72
0,0.039038970472298644,0.04335260115606936,isotonic,72
0,0.02170207025047333,0.02830188679245283,isotonic,72
0,0.28076142390735315,0.2578947368421053,isotonic,72
1,0.2578381645203999,0.2578947368421053,isotonic,72
0,0.02602642969771089,0.02830188679245283,isotonic,72
1,0.9999347404547305,1.0,isotonic,72
1,0.18418893760052232,0.20535714285714285,isotonic,72
0,0.1552351808858791,0.18032786885245902,isotonic,72
0,0.37729622654134515,0.2849162011173184,isotonic,72
0,0.4154131191058818,0.38271604938271603,isotonic,72
0,0.3947092132153461,0.2849162011173184,isotonic,72
0,0.020417393298495803,0.0,isotonic,72
1,0.9998975691370545,1.0,isotonic,72
1,0.9983977179979772,1.0,isotonic,72
1,0.9999582940559681,1.0,isotonic,72
1,0.9999513759565014,1.0,isotonic,72
1,0.9998631246057588,1.0,isotonic,72
0,0.1439675805587064,0.12987012987012986,isotonic,72
1,0.9962475296603143,1.0,isotonic,72
0,0.032744280226028794,0.02830188679245283,isotonic,72
0,0.171498614619072,0.18032786885245902,isotonic,72
0,0.06347929809070613,0.04335260115606936,isotonic,72
0,0.05370818486309227,0.04335260115606936,isotonic,72
1,0.32222265301062436,0.2849162011173184,isotonic,72
1,0.9999364171188828,1.0,isotonic,72
1,0.9999811461248312,1.0,isotonic,72
0,0.26628141751931916,0.2578947368421053,isotonic,72
0,0.23822323296351194,0.2578947368421053,isotonic,72
1,0.971083021797568,1.0,isotonic,72
1,0.9991087399840886,1.0,isotonic,72
0,0.06716540383094854,0.04335260115606936,isotonic,72
0,0.18873918806713083,0.20535714285714285,isotonic,72
0,0.17194033393201716,0.18032786885245902,isotonic,72
1,0.997604294408119,1.0,isotonic,72
0,0.011949816096403113,0.0,isotonic,72
1,0.996450498249428,1.0,isotonic,72
1,0.34828188198387844,0.2849162011173184,isotonic,72
1,0.9999189148250411,1.0,isotonic,72
1,0.7510026972653375,0.75,isotonic,72
1,0.9979361777762504,1.0,isotonic,72
1,0.9999621142217506,1.0,isotonic,72
1,0.9971039668964331,1.0,isotonic,72
0,0.2838247819296062,0.2578947368421053,isotonic,72
1,0.9998785808101494,1.0,isotonic,72
0,0.08232572790991413,0.04335260115606936,isotonic,72
0,0.014400310033481327,0.0,isotonic,72
0,0.37629942712700015,0.2849162011173184,isotonic,72
1,0.5065121725423628,0.5283018867924527,isotonic,72
1,0.043346831072468506,0.04335260115606936,isotonic,72
0,0.34755706591767294,0.2849162011173184,isotonic,72
0,0.09013475855795228,0.04335260115606936,isotonic,72
1,0.23788340956336831,0.2578947368421053,isotonic,72
1,0.9951888687240222,1.0,isotonic,72
1,0.27023594956654184,0.2578947368421053,isotonic,72
0,0.07865382280634915,0.04335260115606936,isotonic,72
1,0.9999383855058058,1.0,isotonic,72
0,0.2509602007748677,0.2578947368421053,isotonic,72
1,0.9987085974788319,1.0,isotonic,72
0,0.23030038757685317,0.2578947368421053,isotonic,72
0,0.1517045014818588,0.18032786885245902,isotonic,72
0,0.3626532084586765,0.2849162011173184,isotonic,72
1,0.9983208676780947,1.0,isotonic,72
0,0.6805450969061383,0.5789473684210527,isotonic,72
0,0.006098764454580708,0.0,isotonic,72
0,0.11881620061076005,0.07692307692307693,isotonic,72
1,0.5266937826381611,0.5283018867924527,isotonic,72
1,0.9992633326104043,1.0,isotonic,72
0,0.12879745289331795,0.12987012987012986,isotonic,72
0,0.04845011987823631,0.04335260115606936,isotonic,72
1,0.9998255281088259,1.0,isotonic,72
0,0.07559015109163734,0.04335260115606936,isotonic,72
0,0.06104239202836176,0.04335260115606936,isotonic,72
1,0.9977912931505183,1.0,isotonic,72
1,0.971083021797568,1.0,isotonic,72
1,0.17191763124312495,0.18032786885245902,isotonic,72
0,0.13516017371806316,0.12987012987012986,isotonic,72
1,0.3651064700656175,0.2849162011173184,isotonic,72
0,0.07120713311315968,0.04335260115606936,isotonic,72
1,0.23542594917195064,0.2578947368421053,isotonic,72
0,0.20293423138945133,0.20535714285714285,isotonic,72
0,0.5040205567106044,0.5283018867924527,isotonic,72
1,0.9969818589205376,1.0,isotonic,72
0,0.347530509227407,0.2849162011173184,isotonic,72
1,0.3760938501241578,0.2849162011173184,isotonic,72
1,0.14520667042193877,0.12987012987012986,isotonic,72
1,0.9998058557594056,1.0,isotonic,72
0,0.2104932085392339,0.20535714285714285,isotonic,72
1,0.9999347083382348,1.0,isotonic,72
1,0.9986365055046753,1.0,isotonic,72
0,0.046547040706489566,0.04335260115606936,isotonic,72
0,0.11870267795792816,0.07692307692307693,isotonic,72
1,0.9995681089871925,1.0,isotonic,72
1,0.9971479501426364,1.0,isotonic,72
1,0.42438710241401495,0.38271604938271603,isotonic,72
1,0.9989632472221094,1.0,isotonic,72
1,0.32791543835799947,0.2849162011173184,isotonic,72
1,0.9992767782895833,1.0,isotonic,72
0,0.16904613268670501,0.18032786885245902,isotonic,72
0,0.5808339725748333,0.5409836065573771,isotonic,72
0,0.18331455721503154,0.20535714285714285,isotonic,72
0,0.05535855892232951,0.04335260115606936,isotonic,72
0,0.018168234708332336,0.0,isotonic,72
1,0.9876322428199683,1.0,isotonic,72
1,0.9973556542692781,1.0,isotonic,72
1,0.4853878010405195,0.5283018867924527,isotonic,72
1,0.8004082734290535,0.7692307692307693,isotonic,72
0,0.05703302336378281,0.04335260115606936,isotonic,72
1,0.9982001827136023,1.0,isotonic,72
0,0.1562496080808394,0.18032786885245902,isotonic,72
0,0.16939176853513377,0.18032786885245902,isotonic,72
0,0.06916193101512808,0.04335260115606936,isotonic,72
0,0.07669281928914214,0.04335260115606936,isotonic,72
1,0.9981885829342987,1.0,isotonic,72
0,0.0716838188096586,0.04335260115606936,isotonic,72
0,0.12506543145432564,0.12987012987012986,isotonic,72
0,0.15738329564987028,0.18032786885245902,isotonic,72
0,0.08813536482082819,0.04335260115606936,isotonic,72
0,0.13569617898767214,0.12987012987012986,isotonic,72
0,0.14271741954159675,0.12987012987012986,isotonic,72
1,0.9999928530461208,1.0,isotonic,72
0,0.1773862683879618,0.18032786885245902,isotonic,72
1,0.999798467741163,1.0,isotonic,72
0,0.0865919901525739,0.04335260115606936,isotonic,72
0,0.0176593910661771,0.0,isotonic,72
0,0.24881230409834126,0.2578947368421053,isotonic,72
1,0.8709416918482414,0.7692307692307693,isotonic,72
1,0.9986105471826596,1.0,isotonic,72
0,0.179096378444485,0.18032786885245902,isotonic,72
0,0.12003887577451543,0.07692307692307693,isotonic,72
1,0.9998833867438796,1.0,isotonic,72
1,0.39695207586411685,0.38271604938271603,isotonic,72
1,0.9966991448412267,1.0,isotonic,72
0,0.08699455644804338,0.04335260115606936,isotonic,72
1,0.5055536561363624,0.5283018867924527,isotonic,72
0,0.041173760328679455,0.04335260115606936,isotonic,72
0,0.21502193872001343,0.20535714285714285,isotonic,72
1,0.6368817640739574,0.5409836065573771,isotonic,72
1,0.9999421997285971,1.0,isotonic,72
0,0.015199536091783405,0.0,isotonic,72
1,0.9993043487536932,1.0,isotonic,72
0,0.04376161972598714,0.04335260115606936,isotonic,72
1,0.9997888919821618,1.0,isotonic,72
1,0.6344600997897547,0.5409836065573771,isotonic,72
0,0.23116135566493742,0.2578947368421053,isotonic,72
0,0.22948278239920372,0.2578947368421053,isotonic,72
0,0.06757864529676545,0.04335260115606936,isotonic,72
1,0.9999524500146815,1.0,isotonic,72
1,0.39925639087574477,0.38271604938271603,isotonic,72
1,0.9981174645892098,1.0,isotonic,72
0,0.3089195347252018,0.2849162011173184,isotonic,72
0,0.10834219604590599,0.07692307692307693,isotonic,72
0,0.17545918736531135,0.18032786885245902,isotonic,72
1,0.971083021797568,1.0,isotonic,72
0,0.0527391896716398,0.04335260115606936,isotonic,72
1,0.997522861406359,1.0,isotonic,72
0,0.09799247653354795,0.04335260115606936,isotonic,72
0,0.04111641260204441,0.04335260115606936,isotonic,72
0,0.26633129250234433,0.2578947368421053,isotonic,72
1,0.971083021797568,1.0,isotonic,72
1,0.9999407035042075,1.0,isotonic,72
0,0.3300276572105102,0.2849162011173184,isotonic,72
0,0.4681583295304309,0.4838709677419355,isotonic,72
0,0.06267341246221714,0.04335260115606936,isotonic,72
1,0.4039694674483382,0.38271604938271603,isotonic,72
1,0.999040199742977,1.0,isotonic,72
1,0.9989350894928523,1.0,isotonic,72
0,0.08317285776217219,0.04335260115606936,isotonic,72
1,0.26813387063882554,0.2578947368421053,isotonic,72
1,0.9981121146916248,1.0,isotonic,72
0,0.15015217818372184,0.18032786885245902,isotonic,72
0,0.03859877110555426,0.04335260115606936,isotonic,72
0,0.5269614871048606,0.5283018867924527,isotonic,72
1,0.9999019443194024,1.0,isotonic,72
1,0.9982819998183472,1.0,isotonic,72
0,0.4618218016621884,0.4838709677419355,isotonic,72
1,0.9986087807880775,1.0,isotonic,72
1,0.6032590485389501,0.5409836065573771,isotonic,72
0,0.2267310546529893,0.2578947368421053,isotonic,72
0,0.2761283036740461,0.2578947368421053,isotonic,72
1,0.9998987490379768,1.0,isotonic,72
0,0.24987071717285148,0.2578947368421053,isotonic,72
0,0.15612994020001075,0.18032786885245902,isotonic,72
1,0.9999433860859264,1.0,isotonic,72
0,0.10461756889828094,0.07692307692307693,isotonic,72
0,0.0872479183897108,0.04335260115606936,isotonic,72
1,0.9997648785300928,1.0,isotonic,72
0,0.1659794960755573,0.18032786885245902,isotonic,72
1,0.9988112269572177,1.0,isotonic,72
1,0.9972305059242245,1.0,isotonic,72
0,0.10755685903300224,0.07692307692307693,isotonic,72
0,0.07743894260085211,0.04335260115606936,isotonic,72
1,0.24523809002711464,0.2578947368421053,isotonic,72
1,0.7955067394861863,0.7692307692307693,isotonic,72
0,0.15817001250565518,0.18032786885245902,isotonic,72
0,0.23524228345727602,0.2578947368421053,isotonic,72
0,0.11907597988003499,0.07692307692307693,isotonic,72
0,0.25142138287308746,0.2578947368421053,isotonic,72
1,0.9998222465826757,1.0,isotonic,72
1,0.2239180089386006,0.20535714285714285,isotonic,72
1,0.3004471533801604,0.2849162011173184,isotonic,72
1,0.9979800013897674,1.0,isotonic,72
1,0.9999149941430507,1.0,isotonic,72
1,0.6950839261469449,0.5789473684210527,isotonic,72
0,0.16589262778847888,0.18032786885245902,isotonic,72
0,0.0629624882691984,0.04335260115606936,isotonic,72
0,0.04151131154207026,0.04335260115606936,isotonic,72
1,0.9973453011934317,1.0,isotonic,72
0,0.5774528684873691,0.5409836065573771,isotonic,72
1,0.9981557420310883,1.0,isotonic,72
1,0.9931394085808556,1.0,isotonic,72
0,0.021569486493980525,0.02830188679245283,isotonic,72
1,0.4264111801732513,0.38271604938271603,isotonic,72
0,0.7114097893521013,0.5789473684210527,isotonic,72
1,0.9984294889937742,1.0,isotonic,72
0,0.22328232470500056,0.20535714285714285,isotonic,72
1,0.9248965433012095,1.0,isotonic,72
0,0.06332368864547754,0.04335260115606936,isotonic,72
0,0.20685787537761682,0.20535714285714285,isotonic,72
0,0.33658426209427245,0.2849162011173184,isotonic,72
0,0.16181186744679077,0.18032786885245902,isotonic,72
1,0.5121595379694264,0.5283018867924527,isotonic,72
0,0.4000086153597011,0.38271604938271603,isotonic,72
1,0.999874187337041,1.0,isotonic,72
1,0.43720755777099907,0.38271604938271603,isotonic,72
1,0.99994641593488,1.0,isotonic,72
0,0.15143758202280028,0.18032786885245902,isotonic,72
0,0.15457670555562303,0.18032786885245902,isotonic,72
1,0.9980407373730541,1.0,isotonic,72
0,0.046877719688100235,0.04335260115606936,isotonic,72
0,0.019588652742626226,0.0,isotonic,72
0,0.21946078750423273,0.20535714285714285,isotonic,72
0,0.27811111313064163,0.2578947368421053,isotonic,72
1,0.9999570238838921,1.0,isotonic,72
0,0.22202819460367149,0.20535714285714285,isotonic,72
1,0.3608219804418026,0.2849162011173184,isotonic,72
1,0.9999320421043819,1.0,isotonic,72
0,0.061813439521667755,0.04335260115606936,isotonic,72
0,0.4741744089277395,0.4838709677419355,isotonic,72
1,0.5401710083769385,0.5283018867924527,isotonic,72
0,0.2775964930578225,0.2578947368421053,isotonic,72
0,0.08725801972337172,0.04335260115606936,isotonic,72
1,0.11089016638677812,0.07692307692307693,isotonic,72
1,0.3985042919557398,0.38271604938271603,isotonic,72
0,0.13791328887240928,0.12987012987012986,isotonic,72
1,0.995934139615405,1.0,isotonic,72
0,0.13866664261962797,0.12987012987012986,isotonic,72
0,0.1086707594801044,0.07692307692307693,isotonic,72
0,0.06620636965204997,0.04335260115606936,isotonic,72
1,0.37680457480493723,0.2849162011173184,isotonic,72
0,0.11890366660865388,0.07692307692307693,isotonic,72
0,0.1341962956937685,0.12987012987012986,isotonic,72
1,0.9999809575382183,1.0,isotonic,72
0,0.24929207996249736,0.2578947368421053,isotonic,72
1,0.6378472634951261,0.5409836065573771,isotonic,72
0,0.04526539009127541,0.04335260115606936,isotonic,72
0,0.17492673472664966,0.18032786885245902,isotonic,72
1,0.971083021797568,1.0,isotonic,72
1,0.996125079014198,1.0,isotonic,72
1,0.5300587314760804,0.5283018867924527,isotonic,72
1,0.9986117001541646,1.0,isotonic,72
1,0.971083021797568,1.0,isotonic,72
1,0.9999307659860095,1.0,isotonic,72
0,0.017106955283727875,0.0,isotonic,72
0,0.38769240605213934,0.2849162011173184,isotonic,72
1,0.9966137434739106,1.0,isotonic,72
0,0.23045602047473374,0.2578947368421053,isotonic,72
0,0.21998466388531424,0.20535714285714285,isotonic,72
1,0.9994065204104913,1.0,isotonic,72
1,0.20178352128694296,0.20535714285714285,isotonic,72
0,0.012745071214237598,0.0,isotonic,72
0,0.09868909695211044,0.04335260115606936,isotonic,72
1,0.9983740943481177,1.0,isotonic,72
0,0.3979705372130334,0.38271604938271603,isotonic,72
1,0.83880251256108,0.7692307692307693,isotonic,72
1,0.9999908579230975,1.0,isotonic,72
0,0.06336628346055528,0.04335260115606936,isotonic,72
0,0.17391517759176722,0.18032786885245902,isotonic,72
0,0.41532201796989,0.38271604938271603,isotonic,72
0,0.21113451893963714,0.20535714285714285,isotonic,72
0,0.39118428497174307,0.2849162011173184,isotonic,72
0,0.05665400990583737,0.04335260115606936,isotonic,72
0,0.11219583031803042,0.07692307692307693,isotonic,72
1,0.971083021797568,1.0,isotonic,72
1,0.971083021797568,1.0,isotonic,72
0,0.06934890695421854,0.04335260115606936,isotonic,72
1,0.3165353919840401,0.2849162011173184,isotonic,72
1,0.9965853481769746,1.0,isotonic,72
0,0.11199668606587629,0.07692307692307693,isotonic,72
1,0.9964105349229062,1.0,isotonic,72
1,0.9965998397077811,1.0,isotonic,72
0,0.1925994624386739,0.20535714285714285,isotonic,72
0,0.09401378329558478,0.04335260115606936,isotonic,72
0,0.1628234057992349,0.18032786885245902,isotonic,72
1,0.14019714633624578,0.12987012987012986,isotonic,72
0,0.0680953859029842,0.04335260115606936,isotonic,72
1,0.9987202026093306,1.0,isotonic,72
1,0.3724211030458917,0.2849162011173184,isotonic,72
1,0.9999488383860916,1.0,isotonic,72
0,0.2005262474708869,0.20535714285714285,isotonic,72
1,0.5421904107781497,0.5283018867924527,isotonic,72
0,0.0572473997450709,0.04335260115606936,isotonic,72
0,0.3281468090306655,0.2849162011173184,isotonic,72
0,0.11903904465112097,0.07692307692307693,isotonic,72
1,0.9983066755980015,1.0,isotonic,72
0,0.17312175062713048,0.18032786885245902,isotonic,72
1,0.45260229866354795,0.4838709677419355,isotonic,72
0,0.15868184813444308,0.18032786885245902,isotonic,72
1,0.9999670152969105,1.0,isotonic,72
1,0.9972515009704994,1.0,isotonic,72
1,0.9950706535300192,1.0,isotonic,72
0,0.10214269780243564,0.04335260115606936,isotonic,72
1,0.997680717096308,1.0,isotonic,72
0,0.07530959796080082,0.04335260115606936,isotonic,72
0,0.08754538572071517,0.04335260115606936,isotonic,72
1,0.9983191779089714,1.0,isotonic,72
1,0.4409351912793942,0.38271604938271603,isotonic,72
1,0.9968312075438535,1.0,isotonic,72
1,0.07990347928307029,0.04335260115606936,isotonic,72
0,0.13755466726504137,0.12987012987012986,isotonic,72
1,0.9962983582555562,1.0,isotonic,72
0,0.18759324042427092,0.20535714285714285,isotonic,72
1,0.9991463209835386,1.0,isotonic,72
1,0.10749144590862024,0.07692307692307693,isotonic,72
0,0.12384114345596957,0.09523809523809523,isotonic,72
1,0.2585063543163435,0.2578947368421053,isotonic,72
0,0.7570243557858859,0.75,isotonic,72
1,0.20026012645053498,0.20535714285714285,isotonic,72
1,0.11506410139798769,0.07692307692307693,isotonic,72
0,0.08520856025142846,0.04335260115606936,isotonic,72
1,0.22725789754265183,0.2578947368421053,isotonic,72
0,0.11728111769339711,0.07692307692307693,isotonic,72
1,0.5176955198693859,0.5283018867924527,isotonic,72
1,0.47640693308385623,0.4838709677419355,isotonic,72
1,0.6406067961206819,0.5409836065573771,isotonic,72
1,0.3125640685128876,0.2849162011173184,isotonic,72
0,0.09326615163905441,0.04335260115606936,isotonic,72
0,0.06506556900935788,0.04335260115606936,isotonic,72
0,0.3947336368156661,0.2849162011173184,isotonic,72
1,0.10726706303173836,0.07692307692307693,isotonic,72
1,0.9981370970357323,1.0,isotonic,72
0,0.39760022190708655,0.38271604938271603,isotonic,72
0,0.04657107217549145,0.04335260115606936,isotonic,72
0,0.03242744621303018,0.02830188679245283,isotonic,72
0,0.5045845177516453,0.5283018867924527,isotonic,72
0,0.058037603970230243,0.04335260115606936,isotonic,72
1,0.9992935309064555,1.0,isotonic,72
0,0.017983397462119605,0.0,isotonic,72
1,0.14169438270484486,0.12987012987012986,isotonic,72
1,0.9998218257143283,1.0,isotonic,72
0,0.11187971845337487,0.07692307692307693,isotonic,72
1,0.9999799207907906,1.0,isotonic,72
0,0.147727153381611,0.18032786885245902,isotonic,72
0,0.11087445105885944,0.07692307692307693,isotonic,72
1,0.9999868959214304,1.0,isotonic,72
0,0.06022280869365439,0.04335260115606936,isotonic,72
1,0.971083021797568,1.0,isotonic,72
0,0.025258872013722573,0.02830188679245283,isotonic,72
0,0.11155266460233568,0.07692307692307693,isotonic,72
0,0.11986338536607058,0.07692307692307693,isotonic,72
0,0.16197043111577475,0.18032786885245902,isotonic,72
0,0.28609192701439795,0.2578947368421053,isotonic,72
0,0.0411356821273699,0.04335260115606936,isotonic,72
0,0.28169517819481266,0.2578947368421053,isotonic,72
0,0.07067801966229187,0.04335260115606936,isotonic,72
1,0.9979433192496144,1.0,isotonic,72
0,0.10670582582733097,0.07692307692307693,isotonic,72
1,0.9997910553902095,1.0,isotonic,72
0,0.32163988250167236,0.2849162011173184,isotonic,72
0,0.1719478140419736,0.18032786885245902,isotonic,72
1,0.9999590412356634,1.0,isotonic,72
0,0.4317814308964567,0.38271604938271603,isotonic,72
1,0.189682450191742,0.20535714285714285,isotonic,72
0,0.04916954861354594,0.04335260115606936,isotonic,72
0,0.08233475280900464,0.04335260115606936,isotonic,72
1,0.10059245212131997,0.04335260115606936,isotonic,72
1,0.9999460875066312,1.0,isotonic,72
1,0.5189198253681259,0.5283018867924527,isotonic,72
1,0.9975906451159051,1.0,isotonic,72
0,0.05781969112478768,0.04335260115606936,isotonic,72
1,0.059067123036033724,0.04335260115606936,isotonic,72
1,0.9991537715124195,1.0,isotonic,72
1,0.999873489792471,1.0,isotonic,72
0,0.2542097295532046,0.2578947368421053,isotonic,72
1,0.9999494213146306,1.0,isotonic,72
0,0.0783324538316294,0.04335260115606936,isotonic,72
1,0.6714393676862662,0.5435286755698132,isotonic,72
1,0.1918955137215587,0.20535714285714285,isotonic,72
1,0.9984626821068212,1.0,isotonic,72
0,0.10910948305357179,0.07692307692307693,isotonic,72
1,0.008050689687978363,0.0,isotonic,72
0,0.17537099732620146,0.18032786885245902,isotonic,72
0,0.10320989541878568,0.07692307692307693,isotonic,72
0,0.3293472656121145,0.2849162011173184,isotonic,72
0,0.1735530802940143,0.18032786885245902,isotonic,72
0,0.1983467930539163,0.20535714285714285,isotonic,72
0,0.011097265857008046,0.0,isotonic,72
0,0.038113616993254745,0.04335260115606936,isotonic,72
0,0.17605976868754508,0.18032786885245902,isotonic,72
1,0.9965508706103547,1.0,isotonic,72
1,0.9999492367744485,1.0,isotonic,72
0,0.1347576672604625,0.12987012987012986,isotonic,72
1,0.37112619900717353,0.2849162011173184,isotonic,72
1,0.3712331203187887,0.2849162011173184,isotonic,72
0,0.1504732144322342,0.18032786885245902,isotonic,72
0,0.17972417877300453,0.19009507405683052,isotonic,72
1,0.36126889883265295,0.2849162011173184,isotonic,72
0,0.19365721597083166,0.20535714285714285,isotonic,72
0,0.30590145384919765,0.2849162011173184,isotonic,72
1,0.9972007353483647,1.0,isotonic,72
1,0.9973422500714229,1.0,isotonic,72
0,0.049644326234877995,0.04335260115606936,isotonic,72
1,0.3039301346976923,0.2849162011173184,isotonic,72
0,0.3546770634089741,0.2849162011173184,isotonic,72
0,0.023458016924616493,0.02830188679245283,isotonic,72
1,0.9958847701399327,1.0,isotonic,72
0,0.07029155717722024,0.04335260115606936,isotonic,72
1,0.9971666877048497,1.0,isotonic,72
1,0.26124848750924895,0.2578947368421053,isotonic,72
0,0.1273973761520837,0.12987012987012986,isotonic,72
0,0.22877445025524007,0.2578947368421053,isotonic,72
1,0.997264060330022,1.0,isotonic,72
1,0.44970311239438504,0.38271604938271603,isotonic,72
0,0.13751565001887733,0.12987012987012986,isotonic,72
0,0.12058616301009088,0.07998638275190811,isotonic,72
0,0.02664183339605505,0.02830188679245283,isotonic,72
1,0.4845369878531593,0.5283018867924527,isotonic,72
0,0.17288830377425954,0.18032786885245902,isotonic,72
0,0.1878882278971245,0.20535714285714285,isotonic,72
1,0.9970202632433841,1.0,isotonic,72
0,0.021817970887781816,0.02830188679245283,isotonic,72
1,0.21461177678818058,0.20535714285714285,isotonic,72
0,0.03823797816038466,0.04335260115606936,isotonic,72
1,0.9983551863138634,1.0,isotonic,72
1,0.9987127925440346,1.0,isotonic,72
1,0.9976783424172774,1.0,isotonic,72
1,0.971083021797568,1.0,isotonic,72
1,0.4631391023761999,0.4838709677419355,isotonic,72
0,0.2844483989973945,0.2578947368421053,isotonic,72
0,0.07573503750976865,0.04335260115606936,isotonic,72
0,0.03380078470015268,0.02830188679245283,isotonic,72
1,0.971083021797568,1.0,isotonic,72
0,0.12151421123869295,0.09523809523809523,isotonic,72
1,0.9999197512778784,1.0,isotonic,72
0,0.43828204281025795,0.38271604938271603,isotonic,72
1,0.08361415148791701,0.04335260115606936,isotonic,72
0,0.029015230657813865,0.02830188679245283,isotonic,72
1,0.99733445608638,1.0,isotonic,72
0,0.24010600507698893,0.2578947368421053,isotonic,72
1,0.9998946262347924,1.0,isotonic,72
1,0.9991072470088187,1.0,isotonic,72
1,0.9998779688298273,1.0,isotonic,72
1,0.5059502133961429,0.5283018867924527,isotonic,72
1,0.9998293279515963,1.0,isotonic,72
1,0.1826471929648142,0.20535714285714285,isotonic,72
0,0.08521245794368053,0.04335260115606936,isotonic,72
1,0.9998802931818945,1.0,isotonic,72
0,0.26068505170953843,0.2578947368421053,isotonic,72
0,0.4692552779978738,0.4838709677419355,isotonic,72
0,0.023623034438564023,0.02830188679245283,isotonic,72
0,0.6575864393302285,0.5409836065573771,isotonic,72
1,0.9972493437209662,1.0,isotonic,72
0,0.09191550063885558,0.04335260115606936,isotonic,72
1,0.9997855673447131,1.0,isotonic,72
0,0.04832395028015241,0.04335260115606936,isotonic,72
0,0.13183987446152595,0.12987012987012986,isotonic,72
0,0.1457216200598248,0.18032786885245902,isotonic,72
0,0.4833245026717251,0.5283018867924527,isotonic,72
0,0.26680285938027465,0.2578947368421053,isotonic,72
1,0.9990270639599855,1.0,isotonic,72
0,0.461717651207675,0.4838709677419355,isotonic,72
0,0.2458384378292984,0.2578947368421053,isotonic,72
1,0.9980042732834138,1.0,isotonic,72
1,0.9975932507697266,1.0,isotonic,72
0,0.0823988306530132,0.04335260115606936,isotonic,72
0,0.058981018335178485,0.04335260115606936,isotonic,72
0,0.03881072330139162,0.04335260115606936,isotonic,72
1,0.9999057647125713,1.0,isotonic,72
1,0.9979947735938175,1.0,isotonic,72
0,0.11373055063319373,0.07692307692307693,isotonic,72
1,0.9979241168718421,1.0,isotonic,72
0,0.1462801307282681,0.18032786885245902,isotonic,72
0,0.012688772380102662,0.0,isotonic,72
1,0.9988700766036833,1.0,isotonic,72
1,0.9999274686392063,1.0,isotonic,72
1,0.9999364078097952,1.0,isotonic,72
0,0.5583369860227384,0.5409836065573771,isotonic,72
0,0.10605642109504175,0.07692307692307693,isotonic,72
1,0.9989526281364823,1.0,isotonic,72
0,0.5605415749185443,0.5409836065573771,isotonic,72
1,0.971083021797568,1.0,isotonic,72
1,0.9998978235690849,1.0,isotonic,72
0,0.16200312828615496,0.18032786885245902,isotonic,72
0,0.1537439009927277,0.18032786885245902,isotonic,72
0,0.47454088111625153,0.4838709677419355,isotonic,72
1,0.3261573274448577,0.2849162011173184,isotonic,72
1,0.9973181439636908,1.0,isotonic,72
0,0.08704047415711158,0.04335260115606936,isotonic,72
0,0.3373374967490543,0.2849162011173184,isotonic,72
1,0.24869264598648894,0.2578947368421053,isotonic,72
0,0.04089298789714944,0.04335260115606936,isotonic,72
1,0.9975657192082501,1.0,isotonic,72
1,0.14512663035224854,0.12987012987012986,isotonic,72
1,0.303827611861802,0.2849162011173184,isotonic,72
0,0.37431695651495156,0.2849162011173184,isotonic,72
1,0.9998819250680807,1.0,isotonic,72
0,0.07718239884499044,0.04335260115606936,isotonic,72
0,0.18848155233657748,0.20535714285714285,isotonic,72
0,0.14268139072716823,0.12987012987012986,isotonic,72
1,0.9999397118444713,1.0,isotonic,72
0,0.3130967486226595,0.2849162011173184,isotonic,72
0,0.15802381579726638,0.18032786885245902,isotonic,72
0,0.30733374536995794,0.2849162011173184,isotonic,72
1,0.9996478055930622,1.0,isotonic,72
1,0.9972242433501988,1.0,isotonic,72
0,0.10982415790947403,0.07692307692307693,isotonic,72
1,0.999932999491329,1.0,isotonic,72
0,0.05119519119215823,0.04335260115606936,isotonic,72
1,0.06890189557292463,0.04335260115606936,isotonic,72
0,0.6321441383815815,0.5409836065573771,isotonic,72
1,0.9998846029188199,1.0,isotonic,72
0,0.07170339621793465,0.04335260115606936,isotonic,72
0,0.10147988418833041,0.04335260115606936,isotonic,72
0,0.05387717197586495,0.04335260115606936,isotonic,72
0,0.31691986171053127,0.2849162011173184,isotonic,72
0,0.20658684384540338,0.20535714285714285,isotonic,72
1,0.994699961156855,1.0,isotonic,72
1,0.9982209545044466,1.0,isotonic,72
0,0.09716394821646021,0.04335260115606936,isotonic,72
1,0.09343427041089426,0.04335260115606936,isotonic,72
0,0.560257050008,0.5409836065573771,isotonic,72
1,0.9987753367835512,1.0,isotonic,72
0,0.27779586580046073,0.2578947368421053,isotonic,72
1,0.9998911346688127,1.0,isotonic,72
1,0.9987970428583205,1.0,isotonic,72
0,0.0961267585494924,0.04335260115606936,isotonic,72
1,0.7761785997192779,0.75,isotonic,72
0,0.046277491306348596,0.04335260115606936,isotonic,72
0,0.028118922447971307,0.02830188679245283,isotonic,72
1,0.9998833263409613,1.0,isotonic,72
1,0.9997586402150467,1.0,isotonic,72
0,0.15300886074338918,0.18032786885245902,isotonic,72
0,0.0647629839358355,0.04335260115606936,isotonic,72
0,0.1498368427288994,0.18032786885245902,isotonic,72
1,0.9976810100039067,1.0,isotonic,72
1,0.999970220683049,1.0,isotonic,72
0,0.15361307644240554,0.18032786885245902,isotonic,72
0,0.07122372230861247,0.04335260115606936,isotonic,72
1,0.9972344156452143,1.0,isotonic,72
1,0.971083021797568,1.0,isotonic,72
1,0.998112434417993,1.0,isotonic,72
0,0.13007272177347315,0.12987012987012986,isotonic,72
0,0.0241321374086538,0.02830188679245283,isotonic,72
0,0.06613092841296951,0.04335260115606936,isotonic,72
0,0.18800248285739238,0.20535714285714285,isotonic,72
1,0.5972350413140838,0.5409836065573771,isotonic,72
1,0.9998660806309098,1.0,isotonic,72
1,0.9945263636213131,1.0,isotonic,72
1,0.4489272227304679,0.38271604938271603,isotonic,72
0,0.40380283124554694,0.38271604938271603,isotonic,72
0,0.07044529195174051,0.04335260115606936,isotonic,72
1,0.9997768610760535,1.0,isotonic,72
0,0.12219070298769612,0.09523809523809523,isotonic,72
1,0.31169515421740335,0.2849162011173184,isotonic,72
1,0.9999407333070739,1.0,isotonic,72
1,0.9695794454821883,1.0,isotonic,72
1,0.9998546240596846,1.0,isotonic,72
1,0.22901124460351305,0.2578947368421053,isotonic,72
1,0.9975590396658048,1.0,isotonic,72
0,0.0544616086199587,0.04335260115606936,isotonic,72
0,0.24621693167879907,0.2578947368421053,isotonic,72
0,0.16137250815652873,0.18032786885245902,isotonic,72
1,0.6495323081924296,0.5409836065573771,isotonic,72
1,0.9998742630238656,1.0,isotonic,72
0,0.18528847368572104,0.20535714285714285,isotonic,72
1,0.22333989625122033,0.20535714285714285,isotonic,72
1,0.9947539187426081,1.0,isotonic,72
0,0.5936418899392434,0.5409836065573771,isotonic,72
0,0.13102920628632705,0.12987012987012986,isotonic,72
1,0.9992136371187521,1.0,isotonic,72
1,0.9993896235683501,1.0,isotonic,72
0,0.03441758863881809,0.02830188679245283,isotonic,72
1,0.9971481146562959,1.0,isotonic,72
1,0.9985013201433568,1.0,isotonic,72
0,0.1772648427045103,0.18032786885245902,isotonic,72
1,0.30644277313300516,0.2849162011173184,isotonic,72
0,0.20747955693722153,0.20535714285714285,isotonic,72
0,0.39134622510464345,0.2849162011173184,isotonic,72
0,0.303755514491444,0.2849162011173184,isotonic,72
1,0.9985274905653732,1.0,isotonic,72
1,0.9967311066066458,1.0,isotonic,72
0,0.42810221120436287,0.38271604938271603,isotonic,72
1,0.9999330241203265,1.0,isotonic,72
0,0.2581491514050752,0.2578947368421053,isotonic,72
0,0.45984021033023925,0.4838709677419355,isotonic,72
1,0.9999213790200379,1.0,isotonic,72
1,0.9988627885865037,1.0,isotonic,72
1,0.9997771024543005,1.0,isotonic,72
1,0.9999418831769487,1.0,isotonic,72
1,0.9912354161283351,1.0,isotonic,72
1,0.9986038684836724,1.0,isotonic,72
1,0.9982998165800061,1.0,isotonic,72
1,0.971083021797568,1.0,isotonic,72
1,0.9995185043729284,1.0,isotonic,72
1,0.719386010782596,0.5789473684210527,isotonic,72
0,0.11219005344288067,0.07692307692307693,isotonic,72
0,0.3332608999979485,0.2849162011173184,isotonic,72
1,0.9996253124584241,1.0,isotonic,72
0,0.146240519673078,0.18032786885245902,isotonic,72
1,0.999074010479715,1.0,isotonic,72
0,0.04292151646442412,0.04335260115606936,isotonic,72
1,0.2422029445363145,0.2578947368421053,isotonic,72
1,0.9999489360026648,1.0,isotonic,72
0,0.06690351174626177,0.04335260115606936,isotonic,72
1,0.9988363355432637,1.0,isotonic,72
1,0.9999682773389696,1.0,isotonic,72
0,0.04334626281911832,0.04335260115606936,isotonic,72
0,0.3394764956396445,0.2849162011173184,isotonic,72
1,0.9972009408289328,1.0,isotonic,72
0,0.3509112224689967,0.2849162011173184,isotonic,72
0,0.11680176524413373,0.07692307692307693,isotonic,72
1,0.9986719795487268,1.0,isotonic,72
1,0.9999235552984674,1.0,isotonic,72
0,0.10804643724376642,0.07692307692307693,isotonic,72
1,0.9984428246017926,1.0,isotonic,72
1,0.4310184186783138,0.38271604938271603,isotonic,72
1,0.9950349953676256,1.0,isotonic,72
0,0.21065023751294845,0.20535714285714285,isotonic,72
0,0.09194083058435783,0.04335260115606936,isotonic,72
0,0.06699360708313629,0.04335260115606936,isotonic,72
1,0.9978617075948858,1.0,isotonic,72
1,0.9420465817764281,1.0,isotonic,72
1,0.9989046204062351,1.0,isotonic,72
0,0.05107021634627625,0.04335260115606936,isotonic,72
0,0.14862399940448634,0.18032786885245902,isotonic,72
0,0.16682620388536812,0.18032786885245902,isotonic,72
1,0.9969170687181764,1.0,isotonic,72
0,0.2087793788397553,0.20535714285714285,isotonic,72
0,0.09984736679643336,0.04335260115606936,isotonic,72
1,0.9957655588985485,1.0,isotonic,72
0,0.060336111401736996,0.04335260115606936,isotonic,72
0,0.18085642789861595,0.20535714285714285,isotonic,72
0,0.05830134428087628,0.04335260115606936,isotonic,72
1,0.997279818182607,1.0,isotonic,72
0,0.006229828366797429,0.0,isotonic,72
1,0.9998899988578002,1.0,isotonic,72
0,0.061911116869144626,0.04335260115606936,isotonic,72
0,0.1548817552912508,0.18032786885245902,isotonic,72
0,0.2302359716387819,0.2578947368421053,isotonic,72
1,0.971083021797568,1.0,isotonic,72
1,0.9999173757357636,1.0,isotonic,72
1,0.9999479179097377,1.0,isotonic,72
0,0.07303906917485302,0.04335260115606936,isotonic,72
0,0.020915819582990876,0.02830188679245283,isotonic,72
0,0.11064147157682735,0.07692307692307693,isotonic,72
0,0.048373506117311955,0.04335260115606936,isotonic,72
0,0.23837548410888904,0.2578947368421053,isotonic,72
1,0.1378262600265331,0.12987012987012986,isotonic,72
1,0.9999655606859434,1.0,isotonic,72
0,0.22147438199379219,0.20535714285714285,isotonic,72
1,0.3591500495470546,0.2849162011173184,isotonic,72
0,0.20620796962770802,0.20535714285714285,isotonic,72
1,0.9989773733079623,1.0,isotonic,72
0,0.02864196883421221,0.02830188679245283,isotonic,72
1,0.3378601863360888,0.2849162011173184,isotonic,72
0,0.06769196605906216,0.04335260115606936,isotonic,72
0,0.4647113385722401,0.4838709677419355,isotonic,72
0,0.09908871992254337,0.04335260115606936,isotonic,72
0,0.09572003208358904,0.04335260115606936,isotonic,72
0,0.16129389182949894,0.18032786885245902,isotonic,72
1,0.20347055129497185,0.20535714285714285,isotonic,72
1,0.2943765562430108,0.2578947368421053,isotonic,72
1,0.9978067695271616,1.0,isotonic,72
0,0.06558538633322139,0.04335260115606936,isotonic,72
1,0.23316598488649076,0.2578947368421053,isotonic,72
1,0.9915916235774237,1.0,isotonic,72
1,0.9957027623933757,1.0,isotonic,72
1,0.9998360169238477,1.0,isotonic,72
0,0.2533635321264057,0.2578947368421053,isotonic,72
1,0.971083021797568,1.0,isotonic,72
0,0.11336794667014351,0.07692307692307693,isotonic,72
1,0.9971580335996153,1.0,isotonic,72
1,0.998081907738833,1.0,isotonic,72
1,0.9976350811280827,1.0,isotonic,72
0,0.24904507069463735,0.2578947368421053,isotonic,72
0,0.1894580829411939,0.20535714285714285,isotonic,72
1,0.971083021797568,1.0,isotonic,72
0,0.05062170312442161,0.04335260115606936,isotonic,72
1,0.49013566326574237,0.5283018867924527,isotonic,72
0,0.3170561119629024,0.2849162011173184,isotonic,72
0,0.04534195666276519,0.04335260115606936,isotonic,72
0,0.4065351466258696,0.38271604938271603,isotonic,72
1,0.9999273998872953,1.0,isotonic,72
1,0.9889837251924621,1.0,isotonic,72
1,0.9998638210469247,1.0,isotonic,72
1,0.9999550575200328,1.0,isotonic,72
1,0.44254684777762865,0.38271604938271603,isotonic,72
0,0.19212861518870405,0.20535714285714285,isotonic,72
1,0.9999437007122207,1.0,isotonic,72
1,0.4367603854766118,0.38271604938271603,isotonic,72
1,0.971083021797568,1.0,isotonic,72
1,0.9989067700411777,1.0,isotonic,72
0,0.10292869984041328,0.06585365722076687,isotonic,72
1,0.9985495680683738,1.0,isotonic,72
1,0.971083021797568,1.0,isotonic,72
0,0.11636115271424542,0.07692307692307693,isotonic,72
1,0.9981999620734179,1.0,isotonic,72
0,0.13919554100736936,0.12987012987012986,isotonic,72
0,0.014905570637270969,0.0,isotonic,72
1,0.9795585011033432,1.0,isotonic,72
0,0.38710801337731104,0.2849162011173184,isotonic,72
0,0.41941966994736724,0.38271604938271603,isotonic,72
1,0.9983184234051288,1.0,isotonic,72
0,0.2258209457332608,0.2578947368421053,isotonic,72
0,0.5224261006799797,0.5283018867924527,isotonic,72
1,0.9972377094261307,1.0,isotonic,72
1,0.9989620165986481,1.0,isotonic,72
0,0.4417207686926767,0.38271604938271603,isotonic,72
1,0.9998746927850113,1.0,isotonic,72
1,0.2882811013794651,0.2578947368421053,isotonic,72
0,0.09806560140572199,0.04335260115606936,isotonic,72
1,0.9981313793416284,1.0,isotonic,72
1,0.4345108707013948,0.38271604938271603,isotonic,72
1,0.998632447548648,1.0,isotonic,72
1,0.9999588778635256,1.0,isotonic,72
0,0.030521849544589356,0.02830188679245283,isotonic,72
1,0.9998554614944702,1.0,isotonic,72
1,0.971083021797568,1.0,isotonic,72
1,0.9999590074183502,1.0,isotonic,72
0,0.2890260860985497,0.2578947368421053,isotonic,72
0,0.05815120661555231,0.04335260115606936,isotonic,72
0,0.3850342899552366,0.2849162011173184,isotonic,72
1,0.9999687118697403,1.0,isotonic,72
0,0.2329830172466226,0.2578947368421053,isotonic,72
0,0.06633261217523378,0.04335260115606936,isotonic,72
1,0.5497564483055694,0.5409836065573771,isotonic,72
1,0.36168595480507554,0.2849162011173184,isotonic,72
1,0.971083021797568,1.0,isotonic,72
0,0.2669940827925049,0.2578947368421053,isotonic,72
1,0.9976068265806143,1.0,isotonic,72
0,0.02315773140125435,0.02830188679245283,isotonic,72
0,0.5262211922345573,0.5283018867924527,isotonic,72
0,0.010745497716845675,0.0,isotonic,72
1,0.9982444887239732,1.0,isotonic,72
1,0.9992615859051435,1.0,isotonic,72
0,0.316918897113613,0.2849162011173184,isotonic,72
1,0.9999425340575526,1.0,isotonic,72
1,0.25695862591219704,0.2578947368421053,isotonic,72
1,0.971083021797568,1.0,isotonic,72
1,0.9997896206807931,1.0,isotonic,72
1,0.971083021797568,1.0,isotonic,72
0,0.04536466952267281,0.04335260115606936,isotonic,72
0,0.05205383701426439,0.04335260115606936,isotonic,72
0,0.057655762610045666,0.04335260115606936,isotonic,72
1,0.9510773505802027,1.0,isotonic,72
1,0.9999867283494143,1.0,isotonic,72
1,0.9976826648547202,1.0,isotonic,72
0,0.7055602480627228,0.5789473684210527,isotonic,72
1,0.997680324402076,1.0,isotonic,72
0,0.11737653982124951,0.07692307692307693,isotonic,72
1,0.9974573079674806,1.0,isotonic,72
0,0.27367436504732917,0.2578947368421053,isotonic,72
1,0.9999626788070376,1.0,isotonic,72
1,0.971083021797568,1.0,isotonic,72
0,0.1344659162614457,0.12987012987012986,isotonic,72
0,0.4168534545625653,0.38271604938271603,isotonic,72
1,0.276686985904171,0.2578947368421053,isotonic,72
1,0.998570150190489,1.0,isotonic,72
0,0.056794039626787154,0.04335260115606936,isotonic,72
1,0.9982377047243993,1.0,isotonic,72
0,0.18575443125354413,0.20535714285714285,isotonic,72
0,0.2604367054281905,0.2578947368421053,isotonic,72
0,0.233798543994788,0.2578947368421053,isotonic,72
0,0.16253085494384298,0.18032786885245902,isotonic,72
1,0.29362880323207463,0.2578947368421053,isotonic,72
0,0.12086198913520002,0.09523809523809523,isotonic,72
1,0.09556646063334383,0.04335260115606936,isotonic,72
1,0.971083021797568,1.0,isotonic,72
0,0.37850103477501135,0.2849162011173184,isotonic,72
0,0.05478626941856064,0.04335260115606936,isotonic,72
0,0.05041620981855163,0.04335260115606936,isotonic,72
0,0.15895233728756356,0.18032786885245902,isotonic,72
0,0.164438680765254,0.18032786885245902,isotonic,72
1,0.23785524695645402,0.2578947368421053,isotonic,72
0,0.2968110038256822,0.28377568337780135,isotonic,72
1,0.3964426607448859,0.34644825335034835,isotonic,72
0,0.04994722836922664,0.04335260115606936,isotonic,72
0,0.03396000040440732,0.02830188679245283,isotonic,72
0,0.0796199199573106,0.04335260115606936,isotonic,72
0,0.21732829956240235,0.20535714285714285,isotonic,72
1,0.9998436579102624,1.0,isotonic,72
1,0.06171290668306423,0.04335260115606936,isotonic,72
0,0.0769374495910079,0.04335260115606936,isotonic,72
0,0.1660429781592083,0.18032786885245902,isotonic,72
0,0.11273943157587911,0.07692307692307693,isotonic,72
1,0.9990178170576157,1.0,isotonic,72
0,0.3160979276275744,0.2849162011173184,isotonic,72
0,0.11235527440925527,0.07692307692307693,isotonic,72
1,0.9999514340390506,1.0,isotonic,72
1,0.2876167124441743,0.2578947368421053,isotonic,72
0,0.2937702090396336,0.2578947368421053,isotonic,72
0,0.13209166661867397,0.12987012987012986,isotonic,72
0,0.2265177728280269,0.2578947368421053,isotonic,72
1,0.9988797672960332,1.0,isotonic,72
0,0.15653688745682467,0.18032786885245902,isotonic,72
1,0.9984553294829565,1.0,isotonic,72
1,0.6552490941645475,0.5409836065573771,isotonic,72
1,0.23303743262684087,0.2578947368421053,isotonic,72
1,0.8412087508995391,0.7692307692307693,isotonic,72
1,0.9974784578989949,1.0,isotonic,72
1,0.9999646097007333,1.0,isotonic,72
0,0.061379297270527676,0.04335260115606936,isotonic,72
0,0.27521559312641297,0.2578947368421053,isotonic,72
1,0.0354825437527697,0.02830188679245283,isotonic,72
1,0.9998933354077656,1.0,isotonic,72
1,0.9999193844969423,1.0,isotonic,72
0,0.04985830911955099,0.04335260115606936,isotonic,72
1,0.9978842744877391,1.0,isotonic,72
0,0.023016662444269302,0.02830188679245283,isotonic,72
1,0.997968060869535,1.0,isotonic,72
1,0.999963406660785,1.0,isotonic,72
1,0.9971575116452878,1.0,isotonic,72
1,0.971083021797568,1.0,isotonic,72
0,0.21925993478167005,0.20535714285714285,isotonic,72
0,0.4243851449545115,0.38271604938271603,isotonic,72
1,0.9976049172470093,1.0,isotonic,72
1,0.3975575153569002,0.38271604938271603,isotonic,72
1,0.5889537758770613,0.5409836065573771,isotonic,72
1,0.971083021797568,1.0,isotonic,72
1,0.9983747727365946,1.0,isotonic,72
1,0.9998422881285094,1.0,isotonic,72
0,0.22745092958468685,0.2578947368421053,isotonic,72
1,0.9980535640844502,1.0,isotonic,72
0,0.0834880524422643,0.04335260115606936,isotonic,72
0,0.10694682158870124,0.07692307692307693,isotonic,72
0,0.01943373040956761,0.0,isotonic,72
0,0.08446627579919917,0.04335260115606936,isotonic,72
1,0.9981016621627957,1.0,isotonic,72
1,0.9998865733216108,1.0,isotonic,72
1,0.9812799651648731,1.0,isotonic,72
1,0.9980469422625833,1.0,isotonic,72
1,0.22302007881396446,0.20535714285714285,isotonic,72
0,0.3828585728584177,0.2849162011173184,isotonic,72
1,0.9986508178667846,1.0,isotonic,72
0,0.10209239132196246,0.04335260115606936,isotonic,72
1,0.30057230463793916,0.2849162011173184,isotonic,72
0,0.41343393633267206,0.38271604938271603,isotonic,72
1,0.9930215692482725,1.0,isotonic,72
0,0.1433648456443871,0.12987012987012986,isotonic,72
1,0.9998374428346484,1.0,isotonic,72
0,0.09560187588433387,0.04335260115606936,isotonic,72
1,0.08588507297080092,0.04335260115606936,isotonic,72
0,0.0436634605148141,0.04335260115606936,isotonic,72
1,0.993864425883182,1.0,isotonic,72
0,0.0489026546770224,0.04335260115606936,isotonic,72
1,0.9999619287429417,1.0,isotonic,72
0,0.18024180194545913,0.20535714285714285,isotonic,72
1,0.9999377452182652,1.0,isotonic,72
1,0.9948862709085677,1.0,isotonic,72
1,0.9999570891248836,1.0,isotonic,72
1,0.9999586886825644,1.0,isotonic,72
0,0.28310616822933016,0.2578947368421053,isotonic,72
0,0.12420172606266047,0.09523809523809523,isotonic,72
1,0.27875223406478167,0.2578947368421053,isotonic,72
0,0.12488076987298892,0.12987012987012986,isotonic,72
1,0.9999251496268583,1.0,isotonic,72
0,0.4017139641166565,0.38271604938271603,isotonic,72
1,0.9968375249356143,1.0,isotonic,72
0,0.019620661456041705,0.0,isotonic,72
1,0.9999304575272874,1.0,isotonic,72
0,0.19517468393778825,0.20535714285714285,isotonic,72
0,0.04434963699684843,0.04335260115606936,isotonic,72
1,0.025414096706768887,0.02830188679245283,isotonic,72
1,0.9998302215010164,1.0,isotonic,72
0,0.27291325923829257,0.2578947368421053,isotonic,72
1,0.0854173623527344,0.04335260115606936,isotonic,72
1,0.971083021797568,1.0,isotonic,72
1,0.2417786655176538,0.2578947368421053,isotonic,72
1,0.9999117958542852,1.0,isotonic,72
0,0.09499815214272889,0.04335260115606936,isotonic,72
0,0.2065258056656366,0.20535714285714285,isotonic,72
1,0.971083021797568,1.0,isotonic,72
1,0.9999367358889599,1.0,isotonic,72
1,0.9998638615236238,1.0,isotonic,72
1,0.971083021797568,1.0,isotonic,72
1,0.9989605016429859,1.0,isotonic,72
0,0.0728649089975602,0.04335260115606936,isotonic,72
0,0.23156044121895028,0.2578947368421053,isotonic,72
0,0.08210287609585541,0.04335260115606936,isotonic,72
1,0.9999561614873321,1.0,isotonic,72
1,0.9999182099826246,1.0,isotonic,72
0,0.06743193745136845,0.04335260115606936,isotonic,72
0,0.13061463893267336,0.12987012987012986,isotonic,72
0,0.18270569275960796,0.20535714285714285,isotonic,72
0,0.3212293899387936,0.2849162011173184,isotonic,72
1,0.9991139476804916,1.0,isotonic,72
1,0.9974112086153469,1.0,isotonic,72
1,0.9866837249049923,1.0,isotonic,72
1,0.9968229031665733,1.0,isotonic,72
1,0.9989868665844851,1.0,isotonic,72
0,0.1529399569085229,0.18032786885245902,isotonic,72
1,0.9980552108043522,1.0,isotonic,72
1,0.9999401257948568,1.0,isotonic,72
0,0.29764025466193816,0.2849162011173184,isotonic,72
1,0.9976403235948849,1.0,isotonic,72
1,0.9999389950726074,1.0,isotonic,72
1,0.971083021797568,1.0,isotonic,72
1,0.09658245506649135,0.04335260115606936,isotonic,72
1,0.9784496848000044,1.0,isotonic,72
0,0.05705295044517468,0.04335260115606936,isotonic,72
1,0.996855492805357,1.0,isotonic,72
0,0.29328729205748655,0.2578947368421053,isotonic,72
1,0.44324716627462435,0.38271604938271603,isotonic,72
1,0.9873538600250664,1.0,isotonic,72
0,0.3355916592835591,0.2849162011173184,isotonic,72
0,0.4994462936505019,0.5283018867924527,isotonic,72
1,0.9988254867773424,1.0,isotonic,72
1,0.9970053393797533,1.0,isotonic,72
1,0.039072656309264854,0.04335260115606936,isotonic,72
1,0.971083021797568,1.0,isotonic,72
0,0.12105396914166423,0.09523809523809523,isotonic,72
0,0.04575444942588943,0.04335260115606936,isotonic,72
0,0.12728261962491513,0.12987012987012986,isotonic,72
1,0.5871073534231332,0.5409836065573771,isotonic,72
1,0.971083021797568,1.0,isotonic,72
1,0.08622878780424663,0.04335260115606936,isotonic,72
1,0.20693063727141367,0.20535714285714285,isotonic,72
1,0.9975962275273711,1.0,isotonic,72
0,0.3498766975767723,0.2849162011173184,isotonic,72
1,0.27385461961465934,0.2578947368421053,isotonic,72
1,0.9985442450685484,1.0,isotonic,72
0,0.03842727012898716,0.04335260115606936,isotonic,72
1,0.9988150202819822,1.0,isotonic,72
0,0.2540922062177648,0.2578947368421053,isotonic,72
0,0.030019845996046995,0.02830188679245283,isotonic,72
1,0.5163332122946405,0.5283018867924527,isotonic,72
0,0.03882854937989824,0.04335260115606936,isotonic,72
0,0.08783225282179963,0.04335260115606936,isotonic,72
0,0.11364049110927464,0.07692307692307693,isotonic,72
0,0.1166038981904935,0.07692307692307693,isotonic,72
0,0.03641523029030171,0.02830188679245283,isotonic,72
1,0.9976887979437928,1.0,isotonic,72
0,0.05141436867664225,0.04335260115606936,isotonic,72
0,0.2787262506939292,0.2578947368421053,isotonic,72
0,0.43616586442368777,0.38271604938271603,isotonic,72
0,0.08960538168276275,0.04335260115606936,isotonic,72
0,0.3216764876875451,0.2849162011173184,isotonic,72
1,0.9999611589148469,1.0,isotonic,72
1,0.9977371830238256,1.0,isotonic,72
0,0.6966731324988332,0.5789473684210527,isotonic,72
0,0.3175761324571128,0.2849162011173184,isotonic,72
0,0.24894437232522107,0.2578947368421053,isotonic,72
1,0.38157831193054403,0.2849162011173184,isotonic,72
0,0.10566094208523376,0.07692307692307693,isotonic,72
0,0.3014422781009346,0.2849162011173184,isotonic,72
1,0.7406394863809538,0.75,isotonic,72
0,0.10151456627284126,0.04335260115606936,isotonic,72
0,0.2909090905866615,0.2578947368421053,isotonic,72
0,0.027272727537822828,0.02830188679245283,isotonic,72
0,0.04057509402957394,0.04335260115606936,isotonic,72
1,0.9988774479410214,1.0,isotonic,72
1,0.9999709730955987,1.0,isotonic,72
1,0.9999443983313937,1.0,isotonic,72
1,0.10712398292527359,0.07692307692307693,isotonic,72
0,0.48986937192998586,0.5283018867924527,isotonic,72
1,0.9988602359128347,1.0,isotonic,72
0,0.04141007186858727,0.04335260115606936,isotonic,72
0,0.037698973194270756,0.04335260115606936,isotonic,72
0,0.05577740616040974,0.04335260115606936,isotonic,72
0,0.19592484465721383,0.20535714285714285,isotonic,72
1,0.971083021797568,1.0,isotonic,72
0,0.13034271025669214,0.12987012987012986,isotonic,72
0,0.13078348190609984,0.12987012987012986,isotonic,72
0,0.2909509389464564,0.2578947368421053,isotonic,72
0,0.3176697658697919,0.2849162011173184,isotonic,72
0,0.2269328530956822,0.2578947368421053,isotonic,72
0,0.04679890267036579,0.04335260115606936,isotonic,72
0,0.027216255423725716,0.02830188679245283,isotonic,72
1,0.9999612296512412,1.0,isotonic,72
0,0.14716433984068672,0.18032786885245902,isotonic,72
0,0.032459535783560714,0.02830188679245283,isotonic,72
0,0.3146271660071426,0.2849162011173184,isotonic,72
1,0.9968920166199934,1.0,isotonic,72
0,0.12785411311971354,0.12987012987012986,isotonic,72
0,0.33712062054880954,0.2849162011173184,isotonic,72
0,0.15428633868213465,0.18032786885245902,isotonic,72
1,0.27994389751500076,0.2578947368421053,isotonic,72
1,0.9999042705617629,1.0,isotonic,72
0,0.10846855563138284,0.07692307692307693,isotonic,72
0,0.12067052707688349,0.08754664821258706,isotonic,72
1,0.24422264774433433,0.2578947368421053,isotonic,72
0,0.04099039363518186,0.04335260115606936,isotonic,72
1,0.2904339231879316,0.2578947368421053,isotonic,72
1,0.03631110033029609,0.02830188679245283,isotonic,72
0,0.1991370352034422,0.20535714285714285,isotonic,72
0,0.07710130884436507,0.04335260115606936,isotonic,72
0,0.011409281368153099,0.0,isotonic,72
1,0.971083021797568,1.0,isotonic,72
0,0.4082557628993437,0.38271604938271603,isotonic,72
0,0.29038909426804577,0.2578947368421053,isotonic,72
0,0.12072562467997588,0.09248420660044551,isotonic,72
0,0.24916368299375038,0.2578947368421053,isotonic,72
0,0.10649549844861064,0.07692307692307693,isotonic,72
0,0.08659585848672953,0.04335260115606936,isotonic,72
1,0.9965387810287304,1.0,isotonic,72
1,0.9977881352430482,1.0,isotonic,72
0,0.14911474500576175,0.18032786885245902,isotonic,72
1,0.7051332803313614,0.5789473684210527,isotonic,72
0,0.09376242768021442,0.04335260115606936,isotonic,72
1,0.5504913220975849,0.5409836065573771,isotonic,72
0,0.3229309915596904,0.2849162011173184,isotonic,72
0,0.18985343501813065,0.20535714285714285,isotonic,72
1,0.9999571096825595,1.0,isotonic,72
1,0.9977068432778495,1.0,isotonic,72
0,0.166138493027435,0.18032786885245902,isotonic,72
1,0.13601255055678557,0.12987012987012986,isotonic,72
1,0.971083021797568,1.0,isotonic,72
0,0.04539963621976586,0.04335260115606936,isotonic,72
1,0.160538870770325,0.18032786885245902,isotonic,72
0,0.19640688604819875,0.20535714285714285,isotonic,72
0,0.2865692870348369,0.2578947368421053,isotonic,72
0,0.3084267465426441,0.2849162011173184,isotonic,72
1,0.971083021797568,1.0,isotonic,72
1,0.9973029336215787,1.0,isotonic,72
1,0.04218745639371039,0.04335260115606936,isotonic,72
0,0.09177353044660734,0.04335260115606936,isotonic,72
1,0.9994182633404836,1.0,isotonic,72
1,0.9999689751908252,1.0,isotonic,72
0,0.43839330873161203,0.38271604938271603,isotonic,72
0,0.3940058387553754,0.2849162011173184,isotonic,72
1,0.9998689449140283,1.0,isotonic,72
0,0.26309575811107205,0.2578947368421053,isotonic,72
0,0.04575339183762399,0.04335260115606936,isotonic,72
0,0.016663426078756486,0.0,isotonic,72
0,0.3345054837068839,0.2849162011173184,isotonic,72
1,0.9985734397365785,1.0,isotonic,72
1,0.12669122419344075,0.12987012987012986,isotonic,72
0,0.12310708114829294,0.09523809523809523,isotonic,72
0,0.15196764341756142,0.18032786885245902,isotonic,72
0,0.0732609729239496,0.04335260115606936,isotonic,72
1,0.9997588193374682,1.0,isotonic,72
0,0.06761887079979258,0.04335260115606936,isotonic,72
0,0.09827713100103815,0.04335260115606936,isotonic,72
1,0.9999229521260752,1.0,isotonic,72
0,0.02729882879435226,0.02830188679245283,isotonic,72
1,0.9999541943423157,1.0,isotonic,72
1,0.42519791388770617,0.38271604938271603,isotonic,72
1,0.715400442996521,0.5789473684210527,isotonic,72
1,0.9999548348296959,1.0,isotonic,72
1,0.971083021797568,1.0,isotonic,72
0,0.21350327861437243,0.20535714285714285,isotonic,72
0,0.014934721307178133,0.0,isotonic,72
1,0.9952453501370184,1.0,isotonic,72
0,0.27433266502697057,0.2578947368421053,isotonic,72
0,0.027250718616362208,0.02830188679245283,isotonic,72
1,0.9985158977984636,1.0,isotonic,72
0,0.2083061641355263,0.20535714285714285,isotonic,72
0,0.03636767555701264,0.02830188679245283,isotonic,72
1,0.9983021035273921,1.0,isotonic,72
1,0.971083021797568,1.0,isotonic,72
1,0.971083021797568,1.0,isotonic,72
1,0.9962199776002326,1.0,isotonic,72
1,0.998431633287613,1.0,isotonic,72
0,0.40132304819041376,0.38271604938271603,isotonic,72
0,0.21027764554051182,0.20535714285714285,isotonic,72
1,0.5875838708831415,0.5409836065573771,isotonic,72
0,0.18984526120296447,0.20535714285714285,isotonic,72
0,0.2855667510216275,0.2578947368421053,isotonic,72
1,0.9999270067622148,1.0,isotonic,72
1,0.9998968438290482,1.0,isotonic,72
0,0.2736060854694304,0.2578947368421053,isotonic,72
1,0.08777705715387465,0.04335260115606936,isotonic,72
1,0.9989504848289359,1.0,isotonic,72
1,0.971083021797568,1.0,isotonic,72
0,0.2737919204647483,0.2578947368421053,isotonic,72
0,0.17389318938731696,0.18032786885245902,isotonic,72
0,0.12237573968621278,0.09523809523809523,isotonic,72
1,0.9975328302977696,1.0,isotonic,72
1,0.45366506502750853,0.4838709677419355,isotonic,72
1,0.9984949922076937,1.0,isotonic,72
0,0.01723123741883657,0.0,isotonic,72
0,0.08295943819207055,0.04335260115606936,isotonic,72
0,0.5470578509133012,0.528338788535095,isotonic,72
1,0.9980299269227976,1.0,isotonic,72
1,0.9999193418953749,1.0,isotonic,72
1,0.9983357049332878,1.0,isotonic,72
0,0.05605742997760825,0.04335260115606936,isotonic,72
1,0.9999491415955748,1.0,isotonic,72
0,0.0968626238901691,0.04335260115606936,isotonic,72
1,0.49511692650462535,0.5283018867924527,isotonic,72
1,0.971083021797568,1.0,isotonic,72
1,0.971083021797568,1.0,isotonic,72
0,0.5418009145060599,0.5283018867924527,isotonic,72
1,0.14165689297616507,0.12987012987012986,isotonic,72
1,0.9992252930461704,1.0,isotonic,72
0,0.4910592562941558,0.5283018867924527,isotonic,72
0,0.1091705594319319,0.07692307692307693,isotonic,72
0,0.4461754054699656,0.38271604938271603,isotonic,72
1,0.029259472661746666,0.02830188679245283,isotonic,72
0,0.052749499800286176,0.04335260115606936,isotonic,72
1,0.19088844705061728,0.20535714285714285,isotonic,72
1,0.9994301750068836,1.0,isotonic,72
1,0.971083021797568,1.0,isotonic,72
1,0.9998910321905693,1.0,isotonic,72
1,0.616869289189026,0.5409836065573771,isotonic,72
1,0.9843586289418327,1.0,isotonic,72
1,0.9999501013543957,1.0,isotonic,72
1,0.3123944224710249,0.2849162011173184,isotonic,72
1,0.9977571819654037,1.0,isotonic,72
1,0.9976968154580119,1.0,isotonic,72
0,0.18226367685560613,0.20535714285714285,isotonic,72
1,0.9948496095913304,1.0,isotonic,72
1,0.9962936768968936,1.0,isotonic,72
0,0.09100241755766066,0.04335260115606936,isotonic,72
1,0.9891004964950555,1.0,isotonic,72
1,0.4069452564194246,0.38271604938271603,isotonic,72
1,0.47977041284241867,0.4838709677419355,isotonic,72
1,0.9998050061842694,1.0,isotonic,72
0,0.18344051621865987,0.20535714285714285,isotonic,72
0,0.0730222946327843,0.04335260115606936,isotonic,72
0,0.06177705215496652,0.04335260115606936,isotonic,72
0,0.021789831821162328,0.02830188679245283,isotonic,72
1,0.9999557414582054,1.0,isotonic,72
0,0.16001366751617488,0.18032786885245902,isotonic,72
1,0.996550675525385,1.0,isotonic,72
1,0.971083021797568,1.0,isotonic,72
1,0.6233922729049726,0.5409836065573771,isotonic,72
0,0.04908881009676579,0.04335260115606936,isotonic,72
0,0.04489459976166083,0.04335260115606936,isotonic,72
0,0.2598956143681948,0.2578947368421053,isotonic,72
1,0.09118787829727396,0.04335260115606936,isotonic,72
0,0.30001629898810145,0.2849162011173184,isotonic,72
1,0.8882694093398146,0.7692307692307693,isotonic,72
1,0.4428632094223153,0.38271604938271603,isotonic,72
0,0.2642129457791238,0.2578947368421053,isotonic,72
0,0.44581443666589743,0.38271604938271603,isotonic,72
0,0.07030940343786272,0.04335260115606936,isotonic,72
1,0.971083021797568,1.0,isotonic,72
0,0.11464898350772804,0.07692307692307693,isotonic,72
1,0.971083021797568,1.0,isotonic,72
0,0.17924712696404826,0.18032786885245902,isotonic,72
1,0.9998841418325272,1.0,isotonic,72
0,0.022604289449535804,0.02830188679245283,isotonic,72
1,0.9984649352978376,1.0,isotonic,72
1,0.24675055542330707,0.2578947368421053,isotonic,72
0,0.050145893863785936,0.04335260115606936,isotonic,72
0,0.09700397187033279,0.04335260115606936,isotonic,72
1,0.1904606392066582,0.20535714285714285,isotonic,72
1,0.9978849524195191,1.0,isotonic,72
0,0.047568985406164936,0.04335260115606936,isotonic,72
1,0.6787084360248115,0.5789473684210527,isotonic,72
1,0.12396542445056462,0.09523809523809523,isotonic,72
0,0.29500313675863327,0.2578947368421053,isotonic,72
1,0.2961580292528546,0.2578947368421053,isotonic,72
1,0.535718982746218,0.5283018867924527,isotonic,72
0,0.31411510009411614,0.2849162011173184,isotonic,72
1,0.9999452171775682,1.0,isotonic,72
0,0.03181067839023298,0.02830188679245283,isotonic,72
1,0.9994076914811725,1.0,isotonic,72
1,0.999950914375255,1.0,isotonic,72
1,0.9997916459038138,1.0,isotonic,72
1,0.1668504639640833,0.18032786885245902,isotonic,72
1,0.9999894807795328,1.0,isotonic,72
1,0.9978009604171013,1.0,isotonic,72
1,0.9999589875276823,1.0,isotonic,72
1,0.971083021797568,1.0,isotonic,72
0,0.31692754464682965,0.2849162011173184,isotonic,72
0,0.37061718975929814,0.2849162011173184,isotonic,72
0,0.18446231820922027,0.20535714285714285,isotonic,72
0,0.021250248558873915,0.02830188679245283,isotonic,72
1,0.9982498648290904,1.0,isotonic,72
1,0.9998740030179465,1.0,isotonic,72
1,0.9999573009571922,1.0,isotonic,72
0,0.17046972815684008,0.18032786885245902,isotonic,72
1,0.9976437602322967,1.0,isotonic,72
0,0.5883526940225657,0.5409836065573771,isotonic,72
1,0.9992208575325136,1.0,isotonic,72
1,0.971083021797568,1.0,isotonic,72
1,0.9943131436949447,1.0,isotonic,72
1,0.9983091668244588,1.0,isotonic,72
0,0.008124566859235696,0.0,isotonic,72
0,0.06509207020587152,0.04335260115606936,isotonic,72
1,0.23435165555207124,0.2578947368421053,isotonic,72
1,0.9975287636821876,1.0,isotonic,72
0,0.03955484145488094,0.04335260115606936,isotonic,72
0,0.08874049318854689,0.04335260115606936,isotonic,72
0,0.4933027007337654,0.5283018867924527,isotonic,72
0,0.17093746336696702,0.18032786885245902,isotonic,72
0,0.03734469267789866,0.04335260115606936,isotonic,72
1,0.2884140474644227,0.2578947368421053,isotonic,72
0,0.13183597058503024,0.12987012987012986,isotonic,72
1,0.9982040628970399,1.0,isotonic,72
0,0.045162866052275034,0.04335260115606936,isotonic,72
0,0.4834637815921051,0.5283018867924527,isotonic,72
0,0.29392485637100396,0.2578947368421053,isotonic,72
1,0.4827653109899623,0.5283018867924527,isotonic,72
1,0.1622029562355553,0.18032786885245902,isotonic,72
0,0.5011402708411821,0.5283018867924527,isotonic,72
0,0.05324857259732315,0.04335260115606936,isotonic,72
0,0.2000002718357645,0.20535714285714285,isotonic,72
1,0.9991646449289606,1.0,isotonic,72
0,0.06730233872306321,0.04335260115606936,isotonic,72
0,0.0337801841161727,0.02830188679245283,isotonic,72
0,0.10868250427007163,0.07692307692307693,isotonic,72
0,0.09313239428518857,0.04335260115606936,isotonic,72
1,0.9999177296245179,1.0,isotonic,72
1,0.9967541975737967,1.0,isotonic,72
1,0.9980200731296567,1.0,isotonic,72
1,0.50401667584548,0.5283018867924527,isotonic,72
1,0.44677741345525773,0.38271604938271603,isotonic,72
1,0.9970099169075081,1.0,isotonic,72
1,0.9984091258320049,1.0,isotonic,72
1,0.994725212542271,1.0,isotonic,72
1,0.9986790635717574,1.0,isotonic,72
0,0.22385956473575072,0.20535714285714285,isotonic,72
1,0.2293431764039822,0.2578947368421053,isotonic,72
0,0.21940216968926915,0.20535714285714285,isotonic,72
1,0.9974588064545172,1.0,isotonic,72
1,0.9970341827829889,1.0,isotonic,72
0,0.09861295688982794,0.04335260115606936,isotonic,72
0,0.3785371490517507,0.2849162011173184,isotonic,72
1,0.9998946441471387,1.0,isotonic,72
1,0.9986160684087955,1.0,isotonic,72
1,0.38557125625513566,0.2849162011173184,isotonic,72
0,0.3146909031370354,0.2849162011173184,isotonic,72
1,0.971083021797568,1.0,isotonic,72
0,0.18990292232994818,0.20535714285714285,isotonic,72
0,0.02024984953047978,0.0,isotonic,72
1,0.971083021797568,1.0,isotonic,72
0,0.1300173823354228,0.12987012987012986,isotonic,72
0,0.22325525548358532,0.20535714285714285,isotonic,72
0,0.046892844815046346,0.04335260115606936,isotonic,72
1,0.9982915653796529,1.0,isotonic,72
1,0.9939149536847607,1.0,isotonic,72
1,0.9995586490341419,1.0,isotonic,72
1,0.6608765252093057,0.5409836065573771,isotonic,72
0,0.13508798143258652,0.12987012987012986,isotonic,72
1,0.9967009517735563,1.0,isotonic,72
0,0.09732359784026104,0.04335260115606936,isotonic,72
1,0.9980004233283983,1.0,isotonic,72
0,0.04015729317761228,0.04335260115606936,isotonic,72
0,0.059725270020634706,0.04335260115606936,isotonic,72
0,0.5993300524600762,0.5409836065573771,isotonic,72
0,0.1408589986157475,0.12987012987012986,isotonic,72
1,0.971083021797568,1.0,isotonic,72
1,0.9999347466664567,1.0,isotonic,72
0,0.08913330341270681,0.04335260115606936,isotonic,72
1,0.29776542385643895,0.2849162011173184,isotonic,72
0,0.12386947859178342,0.09523809523809523,isotonic,72
0,0.11673200341514214,0.07692307692307693,isotonic,72
1,0.9986333977413999,1.0,isotonic,72
1,0.999982454892614,1.0,isotonic,72
1,0.9979427748913913,1.0,isotonic,72
0,0.037021846058803515,0.04335260115606936,isotonic,72
0,0.10105542638041139,0.04335260115606936,isotonic,72
0,0.47205707514351825,0.4838709677419355,isotonic,72
0,0.08797646360888291,0.04335260115606936,isotonic,72
1,0.9984945453592096,1.0,isotonic,72
1,0.9970348715470642,1.0,isotonic,72
0,0.14730363810667288,0.18032786885245902,isotonic,72
1,0.971083021797568,1.0,isotonic,72
0,0.19009230430341964,0.20535714285714285,isotonic,72
1,0.9979142496665646,1.0,isotonic,72
1,0.3009936562373619,0.2849162011173184,isotonic,72
0,0.04572198839711585,0.04335260115606936,isotonic,72
1,0.971083021797568,1.0,isotonic,72
1,0.9958741646911169,1.0,isotonic,72
0,0.10196255278961543,0.04335260115606936,isotonic,72
0,0.30912487409123585,0.2849162011173184,isotonic,72
1,0.9926123373702801,1.0,isotonic,72
0,0.2314456993024709,0.2578947368421053,isotonic,72
1,0.9988179348164343,1.0,isotonic,72
0,0.04205267113645785,0.04335260115606936,isotonic,72
0,0.28696909280603383,0.2578947368421053,isotonic,72
0,0.14901596049143712,0.18032786885245902,isotonic,72
1,0.8149270771337903,0.7692307692307693,isotonic,72
0,0.11360024025534568,0.07692307692307693,isotonic,72
0,0.08778739970867931,0.04335260115606936,isotonic,72
0,0.0840157323408643,0.04335260115606936,isotonic,72
1,0.9999559426035403,1.0,isotonic,72
1,0.10041738737976315,0.04335260115606936,isotonic,72
1,0.354566276599296,0.2849162011173184,isotonic,72
0,0.056174249767402124,0.04335260115606936,isotonic,72
1,0.9984710731242397,1.0,isotonic,72
0,0.06443612854929853,0.04335260115606936,isotonic,72
1,0.9975703234996285,1.0,isotonic,72
0,0.12608835105788915,0.12987012987012986,isotonic,72
0,0.23280857442421668,0.2578947368421053,isotonic,72
0,0.3839268931615415,0.2849162011173184,isotonic,72
0,0.08972668220898075,0.04335260115606936,isotonic,72
0,0.5178972007545654,0.5283018867924527,isotonic,72
0,0.11739289748867077,0.07692307692307693,isotonic,72
1,0.99890795274687,1.0,isotonic,72
1,0.35438334286012974,0.2849162011173184,isotonic,72
0,0.3069069374673149,0.2849162011173184,isotonic,72
0,0.038123710590484056,0.04335260115606936,isotonic,72
0,0.7754663203732141,0.75,isotonic,72
0,0.39567255862674283,0.2849162011173184,isotonic,72
1,0.9996070218736669,1.0,isotonic,72
0,0.05930689308540582,0.04335260115606936,isotonic,72
0,0.11549611565622298,0.07692307692307693,isotonic,72
1,0.9843135641613593,1.0,isotonic,72
0,0.4117142662842764,0.38271604938271603,isotonic,72
1,0.34045403263118007,0.2849162011173184,isotonic,72
1,0.7687069043637494,0.75,isotonic,72
0,0.25266445095042717,0.2578947368421053,isotonic,72
0,0.33887293502662935,0.2849162011173184,isotonic,72
1,0.6239266035023308,0.5409836065573771,isotonic,72
0,0.044461045341239826,0.04335260115606936,isotonic,72
0,0.1281273287727823,0.12987012987012986,isotonic,72
0,0.036882733794185385,0.04335260115606936,isotonic,72
1,0.999918782299487,1.0,isotonic,72
0,0.19073901419429562,0.20535714285714285,isotonic,72
0,0.2948129974458373,0.2578947368421053,isotonic,72
1,0.9984006187519433,1.0,isotonic,72
1,0.9971526014246689,1.0,isotonic,72
1,0.6687667926759229,0.5409836065573771,isotonic,72
1,0.971083021797568,1.0,isotonic,72
0,0.1988599032669606,0.20535714285714285,isotonic,72
1,0.38997916159477686,0.2849162011173184,isotonic,72
0,0.045537709580322897,0.04335260115606936,isotonic,72
1,0.9980577735639272,1.0,isotonic,72
0,0.27420237519010393,0.2578947368421053,isotonic,72
1,0.9957174777090566,1.0,isotonic,72
1,0.998437512200207,1.0,isotonic,72
1,0.9973649158338799,1.0,isotonic,72
0,0.20009681202370985,0.20535714285714285,isotonic,72
0,0.258327334760807,0.2578947368421053,isotonic,72
0,0.31206638541473763,0.2849162011173184,isotonic,72
0,0.1534422309403923,0.18032786885245902,isotonic,72
0,0.21378593385979222,0.20535714285714285,isotonic,72
1,0.2865116746043979,0.2578947368421053,isotonic,72
1,0.9976768736914261,1.0,isotonic,72
0,0.1269154695908117,0.12987012987012986,isotonic,72
1,0.34392170977109093,0.2849162011173184,isotonic,72
0,0.26336606861711664,0.2578947368421053,isotonic,72
0,0.2774006808188938,0.2578947368421053,isotonic,72
1,0.971083021797568,1.0,isotonic,72
1,0.9999348840817508,1.0,isotonic,72
1,0.997880241321346,1.0,isotonic,72
0,0.1405290947144684,0.12987012987012986,isotonic,72
1,0.9999689119926671,1.0,isotonic,72
1,0.29506911697825855,0.2578947368421053,isotonic,72
1,0.15549501805651225,0.18032786885245902,isotonic,72
0,0.17968815946389816,0.18887411563435846,isotonic,72
1,0.999952791282723,1.0,isotonic,72
1,0.9977778659281322,1.0,isotonic,72
0,0.027824584662283252,0.02830188679245283,isotonic,72
1,0.9982964971642446,1.0,isotonic,72
1,0.3143501131598902,0.2849162011173184,isotonic,72
1,0.404507678213215,0.38271604938271603,isotonic,72
0,0.39825952955023713,0.38271604938271603,isotonic,72
1,0.31414823572647554,0.2849162011173184,isotonic,72
0,0.2498667895380558,0.2578947368421053,isotonic,72
0,0.1393035188196534,0.12987012987012986,isotonic,72
0,0.08175154846701756,0.04335260115606936,isotonic,72
1,0.543384038557548,0.5283018867924527,isotonic,72
1,0.971083021797568,1.0,isotonic,72
0,0.19448173202993643,0.20535714285714285,isotonic,72
0,0.4768159287394909,0.4838709677419355,isotonic,72
0,0.1415437125338102,0.12987012987012986,isotonic,72
0,0.08064508786445777,0.04335260115606936,isotonic,72
1,0.999951380129269,1.0,isotonic,72
1,0.9971466816146435,1.0,isotonic,72
0,0.2921292796282857,0.2578947368421053,isotonic,72
1,0.9999540593688345,1.0,isotonic,72
0,0.2255639967713153,0.2578947368421053,isotonic,72
1,0.42239236804004265,0.38271604938271603,isotonic,72
0,0.12331050412041072,0.09523809523809523,isotonic,72
0,0.4682005753196129,0.4838709677419355,isotonic,72
1,0.0581108935792224,0.04335260115606936,isotonic,72
0,0.020647321183879318,0.018422046714579733,isotonic,72
1,0.3641245221427343,0.2849162011173184,isotonic,72
0,0.015994708845873576,0.0,isotonic,72
1,0.6197051416186073,0.5409836065573771,isotonic,72
0,0.16832275053148515,0.18032786885245902,isotonic,72
1,0.9947187305185962,1.0,isotonic,72
0,0.16962045088126634,0.18032786885245902,isotonic,72
1,0.5835301872211119,0.5409836065573771,isotonic,72
0,0.006156451199599883,0.0,isotonic,72
1,0.4713495067896238,0.4838709677419355,isotonic,72
1,0.9999691350268389,1.0,isotonic,72
1,0.32195883689112204,0.2849162011173184,isotonic,72
0,0.07548580655706093,0.04335260115606936,isotonic,72
0,0.2649731605587718,0.2578947368421053,isotonic,72
1,0.2853999424550334,0.2578947368421053,isotonic,72
1,0.9971124604626305,1.0,isotonic,72
0,0.08537505511526275,0.04335260115606936,isotonic,72
0,0.5285847867674333,0.5283018867924527,isotonic,72
0,0.4266238809428916,0.38271604938271603,isotonic,72
0,0.48406482215887825,0.5283018867924527,isotonic,72
0,0.2969803645620419,0.2849162011173184,isotonic,72
0,0.24746801708940097,0.2578947368421053,isotonic,72
1,0.998197557419435,1.0,isotonic,72
0,0.030365346835206693,0.02830188679245283,isotonic,72
1,0.9984200092061477,1.0,isotonic,72
1,0.9999071677301866,1.0,isotonic,72
1,0.971083021797568,1.0,isotonic,72
0,0.032733265627660595,0.02830188679245283,isotonic,72
0,0.16877789950787742,0.18032786885245902,isotonic,72
0,0.18654218000229103,0.20535714285714285,isotonic,72
1,0.971083021797568,1.0,isotonic,72
0,0.016302311416603876,0.0,isotonic,72
1,0.9969535730268744,1.0,isotonic,72
0,0.0971245140156996,0.04335260115606936,isotonic,72
1,0.9986216538236544,1.0,isotonic,72
1,0.9739849035260562,1.0,isotonic,72
1,0.9999585104111994,1.0,isotonic,72
1,0.999884069995272,1.0,isotonic,72
1,0.9998421367584741,1.0,isotonic,72
0,0.24890290901192047,0.2578947368421053,isotonic,72
0,0.03161941207205528,0.02830188679245283,isotonic,72
1,0.9986343428793396,1.0,isotonic,72
0,0.020745577804914487,0.02830188679245283,isotonic,72
0,0.03699568102600117,0.04335260115606936,isotonic,72
0,0.23670453791465068,0.2578947368421053,isotonic,72
0,0.19140228327192696,0.20535714285714285,isotonic,72
1,0.971083021797568,1.0,isotonic,72
1,0.9998602884133576,1.0,isotonic,72
0,0.01944181860234148,0.0,isotonic,72
1,0.21790308111019452,0.20535714285714285,isotonic,72
1,0.19756173185955164,0.20535714285714285,isotonic,72
0,0.0759642862628391,0.04335260115606936,isotonic,72
0,0.4777306881022907,0.4838709677419355,isotonic,72
0,0.4208890873371512,0.38271604938271603,isotonic,72
0,0.018261046453030397,0.0,isotonic,72
0,0.2659838664658805,0.2578947368421053,isotonic,72
0,0.017641546581911777,0.0,isotonic,72
1,0.5209842093217463,0.5283018867924527,isotonic,72
1,0.9975273202186224,1.0,isotonic,72
1,0.9983780912796132,1.0,isotonic,72
0,0.15503526338768925,0.18032786885245902,isotonic,72
1,0.997913063445347,1.0,isotonic,72
1,0.9955165435440307,1.0,isotonic,72
0,0.2548870730598321,0.2578947368421053,isotonic,72
1,0.9998321948210084,1.0,isotonic,72
0,0.08281778207599154,0.04335260115606936,isotonic,72
0,0.06852888703058183,0.04335260115606936,isotonic,72
0,0.07708200717567225,0.04335260115606936,isotonic,72
