y_true,proba,proba_calibrated,calibration_method,seed
0,0.204955104550807,0.16279069767441862,isotonic,72
0,0.08125903784347473,0.04081632653061224,isotonic,72
1,0.4353031819870692,0.41904761904761906,isotonic,72
0,0.3147139149359453,0.19553072625698323,isotonic,72
0,0.2096196929086384,0.16279069767441862,isotonic,72
0,0.12032796748210225,0.1076923076923077,isotonic,72
0,0.09117416714428653,0.10101010101010101,isotonic,72
1,0.878597510799834,1.0,isotonic,72
1,0.4352153240544251,0.41904761904761906,isotonic,72
0,0.3079806375393905,0.19553072625698323,isotonic,72
0,0.1103674036431231,0.10101010101010101,isotonic,72
1,0.9491285842025156,1.0,isotonic,72
0,0.043144405231965895,0.020134228187919462,isotonic,72
0,0.2780394718305643,0.19553072625698323,isotonic,72
1,0.9072659868134089,1.0,isotonic,72
1,0.5901830635312673,0.5454545454545454,isotonic,72
0,0.399095976492098,0.3434343434343434,isotonic,72
0,0.4504644438641675,0.41904761904761906,isotonic,72
0,0.10922584663681548,0.10101010101010101,isotonic,72
0,0.16333524701209617,0.16279069767441862,isotonic,72
1,0.9982404510088219,1.0,isotonic,72
1,0.9261790318708566,1.0,isotonic,72
1,0.6735483161568596,0.6568627450980392,isotonic,72
1,0.9784229230604341,1.0,isotonic,72
0,0.47541806761431554,0.41904761904761906,isotonic,72
0,0.7365734479648275,0.8181818181818182,isotonic,72
1,0.3134141536383346,0.19553072625698323,isotonic,72
1,0.9656222722359612,1.0,isotonic,72
1,0.2576128665495099,0.19553072625698323,isotonic,72
1,0.940962932055574,1.0,isotonic,72
0,0.42888063798829024,0.41904761904761906,isotonic,72
0,0.18873985288795667,0.16279069767441862,isotonic,72
0,0.5911260722730648,0.5454545454545454,isotonic,72
0,0.24291743059802987,0.19553072625698323,isotonic,72
0,0.19360292103144686,0.16279069767441862,isotonic,72
1,0.8961367780417441,1.0,isotonic,72
1,0.9817795379936355,1.0,isotonic,72
0,0.14636868312307474,0.14102564102564102,isotonic,72
0,0.5253744744247425,0.484375,isotonic,72
0,0.23538285927557015,0.19553072625698323,isotonic,72
0,0.15465234348405343,0.15,isotonic,72
0,0.3204262372208811,0.19553072625698323,isotonic,72
0,0.3134576951550695,0.19553072625698323,isotonic,72
1,0.9022841256404254,1.0,isotonic,72
0,0.16986324094259522,0.16279069767441862,isotonic,72
1,0.465322114146543,0.41904761904761906,isotonic,72
1,0.6790969017757108,0.6568627450980392,isotonic,72
0,0.5059521989389958,0.484375,isotonic,72
1,0.999749742853571,1.0,isotonic,72
1,0.16700146013433517,0.16279069767441862,isotonic,72
1,0.729764766634229,0.7706088362114936,isotonic,72
0,0.45606266519765265,0.41904761904761906,isotonic,72
0,0.344806382653597,0.19553072625698323,isotonic,72
1,0.9277821570111942,1.0,isotonic,72
0,0.026943208884550984,0.020134228187919462,isotonic,72
0,0.08521054473416055,0.04081632653061224,isotonic,72
1,0.9975793255485423,1.0,isotonic,72
1,0.7402538216951082,0.8954248366013072,isotonic,72
1,0.8425800980745477,0.9454545454545454,isotonic,72
0,0.03080410174557984,0.020134228187919462,isotonic,72
1,0.9826542108433926,1.0,isotonic,72
1,0.8346518616341512,0.9454545454545454,isotonic,72
1,0.8408445952927243,0.9454545454545454,isotonic,72
0,0.08609146885442877,0.04081632653061224,isotonic,72
1,0.8951104550609642,1.0,isotonic,72
1,0.9581101282722513,1.0,isotonic,72
1,0.6070646944014066,0.6,isotonic,72
0,0.7216733681515203,0.6568627450980392,isotonic,72
1,0.7133096373723884,0.6568627450980392,isotonic,72
1,0.9999975748999212,1.0,isotonic,72
1,0.9358224441696765,1.0,isotonic,72
0,0.20239405681178502,0.16279069767441862,isotonic,72
1,0.7402538216951082,0.8954248366013072,isotonic,72
1,0.7959820970543868,0.8954248366013072,isotonic,72
1,0.7402538216951082,0.8954248366013072,isotonic,72
0,0.10926008320793808,0.10101010101010101,isotonic,72
0,0.410402428182893,0.3434343434343434,isotonic,72
1,0.6348886336204235,0.6166666666666667,isotonic,72
1,0.999691105358146,1.0,isotonic,72
1,0.934409667131689,1.0,isotonic,72
1,0.1322073900713582,0.14102564102564102,isotonic,72
0,0.5635678060172186,0.484375,isotonic,72
0,0.17348254829780224,0.16279069767441862,isotonic,72
0,0.5534915119029585,0.484375,isotonic,72
1,0.16618584503437994,0.16279069767441862,isotonic,72
0,0.35352083198837275,0.19553072625698323,isotonic,72
1,0.396020176508857,0.3434343434343434,isotonic,72
1,0.7402538216951082,0.8954248366013072,isotonic,72
1,0.48580677617079643,0.41904761904761906,isotonic,72
0,0.13456409142999765,0.14102564102564102,isotonic,72
1,0.3827215102244515,0.3434343434343434,isotonic,72
0,0.1271770755538975,0.14102564102564102,isotonic,72
0,0.8490975387580151,0.9454545454545454,isotonic,72
0,0.26368505857714364,0.19553072625698323,isotonic,72
1,0.7818791799566311,0.8954248366013072,isotonic,72
0,0.318457055648531,0.19553072625698323,isotonic,72
0,0.3404896050984184,0.19553072625698323,isotonic,72
1,0.9338168142829333,1.0,isotonic,72
0,0.6606838504213756,0.6568627450980392,isotonic,72
0,0.21987222249662158,0.16279069767441862,isotonic,72
1,0.9737755152875242,1.0,isotonic,72
0,0.5101012627831073,0.484375,isotonic,72
1,0.42928323217870745,0.41904761904761906,isotonic,72
1,0.7909091564003664,0.8954248366013072,isotonic,72
1,0.9999999994652005,1.0,isotonic,72
1,0.5714545874212948,0.5,isotonic,72
0,0.02145139383058198,0.020134228187919462,isotonic,72
0,0.15580805087826743,0.15,isotonic,72
0,0.6676006424813251,0.6568627450980392,isotonic,72
1,0.8218038424068868,0.9444444444444444,isotonic,72
0,0.12222746740952999,0.1076923076923077,isotonic,72
0,0.05903586330603956,0.020134228187919462,isotonic,72
1,0.9996749777502768,1.0,isotonic,72
1,0.47471504914309154,0.41904761904761906,isotonic,72
0,0.06347172494573368,0.031746031746031744,isotonic,72
0,0.15630517592948034,0.15,isotonic,72
0,0.3954409604320836,0.3434343434343434,isotonic,72
0,0.26999390503507764,0.19553072625698323,isotonic,72
1,0.7597886810217158,0.8954248366013072,isotonic,72
1,0.6156797873163977,0.6166666666666667,isotonic,72
1,0.9999999424084782,1.0,isotonic,72
0,0.4616098826395657,0.41904761904761906,isotonic,72
1,0.9999999917193766,1.0,isotonic,72
0,0.24615726151889603,0.19553072625698323,isotonic,72
0,0.04035195198554401,0.020134228187919462,isotonic,72
1,0.7402538216951082,0.8954248366013072,isotonic,72
1,0.7402538216951082,0.8954248366013072,isotonic,72
0,0.2525045241889914,0.19553072625698323,isotonic,72
1,0.7402538216951082,0.8954248366013072,isotonic,72
0,0.20759823767472368,0.16279069767441862,isotonic,72
0,0.37579195699430956,0.19553072625698323,isotonic,72
1,0.6909759651380507,0.6568627450980392,isotonic,72
0,0.4914011644401706,0.484375,isotonic,72
1,0.5749426716827611,0.5,isotonic,72
0,0.042833724017369956,0.020134228187919462,isotonic,72
1,0.16856333701974544,0.16279069767441862,isotonic,72
0,0.3922898126574576,0.3434343434343434,isotonic,72
0,0.14396313547293227,0.14102564102564102,isotonic,72
1,0.7402538216951082,0.8954248366013072,isotonic,72
1,0.5290854755993873,0.484375,isotonic,72
0,0.13317515998509327,0.14102564102564102,isotonic,72
0,0.05858517320898783,0.020134228187919462,isotonic,72
0,0.07806038547346435,0.04081632653061224,isotonic,72
0,0.6360143189376969,0.6166666666666667,isotonic,72
1,0.5471060451919262,0.484375,isotonic,72
1,0.3984430578556325,0.3434343434343434,isotonic,72
1,0.6840162412156777,0.6568627450980392,isotonic,72
1,0.8222858107877796,0.9444444444444444,isotonic,72
1,0.9225770535587574,1.0,isotonic,72
0,0.35272816185623734,0.19553072625698323,isotonic,72
0,0.4261530967023931,0.3434343434343434,isotonic,72
0,0.1464120813524209,0.14102564102564102,isotonic,72
0,0.11500553713092931,0.1076923076923077,isotonic,72
1,0.13758294951678407,0.14102564102564102,isotonic,72
0,0.4246098843856192,0.3434343434343434,isotonic,72
1,0.7517757139665269,0.8954248366013072,isotonic,72
1,0.9148922681271767,1.0,isotonic,72
0,0.215825159885895,0.16279069767441862,isotonic,72
1,0.8197854615290856,0.9372249217893195,isotonic,72
1,0.9999936510266927,1.0,isotonic,72
0,0.27640784870414936,0.19553072625698323,isotonic,72
1,0.9818830378479682,1.0,isotonic,72
0,0.17868645989624943,0.16279069767441862,isotonic,72
0,0.16956433676923227,0.16279069767441862,isotonic,72
1,0.7901320819970323,0.8954248366013072,isotonic,72
1,0.6567550833722986,0.6166666666666667,isotonic,72
1,0.987988527571124,1.0,isotonic,72
1,0.7402538216951082,0.8954248366013072,isotonic,72
1,0.4546128141394963,0.41904761904761906,isotonic,72
0,0.08984243196915702,0.10101010101010101,isotonic,72
0,0.1145267659925213,0.1076923076923077,isotonic,72
0,0.542338536661354,0.484375,isotonic,72
1,0.44402651672242094,0.41904761904761906,isotonic,72
1,0.9999999337768264,1.0,isotonic,72
0,0.09776025166771553,0.10101010101010101,isotonic,72
1,0.1847801375494348,0.16279069767441862,isotonic,72
1,0.7402538216951082,0.8954248366013072,isotonic,72
1,0.7402538216951082,0.8954248366013072,isotonic,72
0,0.03584062588290487,0.020134228187919462,isotonic,72
0,0.2703794663937459,0.19553072625698323,isotonic,72
1,0.5490187236293563,0.484375,isotonic,72
0,0.36296158767205805,0.19553072625698323,isotonic,72
1,0.5666062259316185,0.484375,isotonic,72
0,0.07099956285948698,0.031746031746031744,isotonic,72
1,0.7814392413792314,0.8954248366013072,isotonic,72
1,0.7082463927902326,0.6568627450980392,isotonic,72
1,0.303980443511038,0.19553072625698323,isotonic,72
1,0.9979170415866359,1.0,isotonic,72
0,0.09448070658086206,0.10101010101010101,isotonic,72
0,0.30699873053357063,0.19553072625698323,isotonic,72
0,0.6311683712052374,0.6166666666666667,isotonic,72
1,0.9979156759303965,1.0,isotonic,72
0,0.07686776011489252,0.04081632653061224,isotonic,72
1,0.9451201318987429,1.0,isotonic,72
1,0.6407735256992313,0.6166666666666667,isotonic,72
0,0.1954244506587421,0.16279069767441862,isotonic,72
0,0.37406070448778067,0.19553072625698323,isotonic,72
0,0.05457593640717777,0.020134228187919462,isotonic,72
0,0.17180174628545788,0.16279069767441862,isotonic,72
1,0.999999954655901,1.0,isotonic,72
0,0.45409291591325346,0.41904761904761906,isotonic,72
1,0.7402538216951082,0.8954248366013072,isotonic,72
0,0.32393563938641695,0.19553072625698323,isotonic,72
1,0.9224419459289239,1.0,isotonic,72
1,0.9974335935722906,1.0,isotonic,72
0,0.3504754860090505,0.19553072625698323,isotonic,72
0,0.6817646307012737,0.6568627450980392,isotonic,72
0,0.08526862865180007,0.04081632653061224,isotonic,72
1,0.9992220568571258,1.0,isotonic,72
1,0.9717464401628406,1.0,isotonic,72
1,0.7112924582108708,0.6568627450980392,isotonic,72
0,0.10974088258028668,0.10101010101010101,isotonic,72
0,0.23754433630973326,0.19553072625698323,isotonic,72
1,0.7402538216951082,0.8954248366013072,isotonic,72
0,0.34852524553449005,0.19553072625698323,isotonic,72
1,0.9979394415021031,1.0,isotonic,72
1,0.5540937621564401,0.484375,isotonic,72
0,0.17833584462417024,0.16279069767441862,isotonic,72
1,0.9851031608405996,1.0,isotonic,72
0,0.09416752846618155,0.10101010101010101,isotonic,72
0,0.6130667892796303,0.6166666666666667,isotonic,72
1,0.597625578037937,0.5492852750416087,isotonic,72
0,0.11706475963428166,0.1076923076923077,isotonic,72
0,0.17500313093951492,0.16279069767441862,isotonic,72
1,0.8475488784458557,0.9454545454545454,isotonic,72
1,0.9454213132087876,1.0,isotonic,72
0,0.10463201715162734,0.10101010101010101,isotonic,72
1,0.4277676954705754,0.41904761904761906,isotonic,72
0,0.12894038481742442,0.14102564102564102,isotonic,72
1,0.02345301041862219,0.020134228187919462,isotonic,72
1,0.9962825448623881,1.0,isotonic,72
1,0.6841021939867611,0.6568627450980392,isotonic,72
1,0.47909362498333624,0.41904761904761906,isotonic,72
0,0.03909031512098672,0.020134228187919462,isotonic,72
1,0.10411851397440515,0.10101010101010101,isotonic,72
0,0.25382325612342743,0.19553072625698323,isotonic,72
1,0.7402538216951082,0.8954248366013072,isotonic,72
0,0.22880512500041278,0.19553072625698323,isotonic,72
0,0.028674383768884395,0.020134228187919462,isotonic,72
0,0.39649362862921517,0.3434343434343434,isotonic,72
0,0.35957121097608974,0.19553072625698323,isotonic,72
1,0.41272888748722975,0.3434343434343434,isotonic,72
1,0.9984988632846717,1.0,isotonic,72
1,0.9632564500876093,1.0,isotonic,72
0,0.05128890880217381,0.020134228187919462,isotonic,72
1,0.9960288921279059,1.0,isotonic,72
1,0.18366631372060666,0.16279069767441862,isotonic,72
0,0.4584952333444252,0.41904761904761906,isotonic,72
1,0.707539812801305,0.6568627450980392,isotonic,72
0,0.06537686519968088,0.031746031746031744,isotonic,72
1,0.7257154080073445,0.7692307692307693,isotonic,72
1,0.9553557069786085,1.0,isotonic,72
1,0.9617015097819084,1.0,isotonic,72
0,0.08758818003641256,0.10101010101010101,isotonic,72
1,0.5360733203064356,0.484375,isotonic,72
0,0.1437782061307734,0.14102564102564102,isotonic,72
0,0.33945271053066733,0.19553072625698323,isotonic,72
0,0.23299145600486348,0.19553072625698323,isotonic,72
1,0.9785752908012727,1.0,isotonic,72
0,0.10310206755532363,0.10101010101010101,isotonic,72
1,0.7402538216951082,0.8954248366013072,isotonic,72
1,0.6230494589968693,0.6166666666666667,isotonic,72
0,0.06823222950020667,0.031746031746031744,isotonic,72
0,0.3480518772802591,0.19553072625698323,isotonic,72
1,0.9684503584556294,1.0,isotonic,72
1,0.8025282095266058,0.9230769230769231,isotonic,72
1,0.9998680953746096,1.0,isotonic,72
0,0.24373626904347134,0.19553072625698323,isotonic,72
1,0.9733574253078197,1.0,isotonic,72
1,0.9958166704923674,1.0,isotonic,72
0,0.20452850760840705,0.16279069767441862,isotonic,72
0,0.3476211518196387,0.19553072625698323,isotonic,72
0,0.3205689801879705,0.19553072625698323,isotonic,72
0,0.8536535230188286,0.9454545454545454,isotonic,72
0,0.10924346998184253,0.10101010101010101,isotonic,72
0,0.3828788650347912,0.3434343434343434,isotonic,72
1,0.9066632776907606,1.0,isotonic,72
1,0.8045236669601956,0.9230769230769231,isotonic,72
0,0.2372800943867971,0.19553072625698323,isotonic,72
1,0.9750227854595526,1.0,isotonic,72
0,0.19746433663505994,0.16279069767441862,isotonic,72
0,0.16950804196900132,0.16279069767441862,isotonic,72
1,0.963778013000661,1.0,isotonic,72
1,0.7402538216951082,0.8954248366013072,isotonic,72
1,0.9975083856703265,1.0,isotonic,72
0,0.025529148967583248,0.020134228187919462,isotonic,72
1,0.9964033198995685,1.0,isotonic,72
0,0.08556735116506102,0.04081632653061224,isotonic,72
0,0.02936321390191744,0.020134228187919462,isotonic,72
0,0.08550771796746234,0.04081632653061224,isotonic,72
1,0.9947375287208735,1.0,isotonic,72
0,0.4252020223297875,0.3434343434343434,isotonic,72
0,0.4482461492005453,0.41904761904761906,isotonic,72
0,0.14773197107879932,0.14102564102564102,isotonic,72
0,0.4519558232345534,0.41904761904761906,isotonic,72
0,0.5180765907043052,0.484375,isotonic,72
0,0.3532898812756751,0.19553072625698323,isotonic,72
0,0.05578887426320133,0.020134228187919462,isotonic,72
1,0.7852188262026029,0.8954248366013072,isotonic,72
0,0.1496321089428191,0.15,isotonic,72
1,0.9977579572038197,1.0,isotonic,72
0,0.1020879763865985,0.10101010101010101,isotonic,72
0,0.1406391548300374,0.14102564102564102,isotonic,72
1,0.3275224721005412,0.19553072625698323,isotonic,72
0,0.35141379291052816,0.19553072625698323,isotonic,72
0,0.39024458028626496,0.3434343434343434,isotonic,72
1,0.12323096873688011,0.1076923076923077,isotonic,72
0,0.08950978030804345,0.10101010101010101,isotonic,72
0,0.24798312320390792,0.19553072625698323,isotonic,72
1,0.6148298343968013,0.6166666666666667,isotonic,72
0,0.08219790638184478,0.04081632653061224,isotonic,72
0,0.3073619019350234,0.19553072625698323,isotonic,72
1,0.7075831179806332,0.6568627450980392,isotonic,72
1,0.20270266384055172,0.16279069767441862,isotonic,72
0,0.06771810870245551,0.031746031746031744,isotonic,72
0,0.16349439179123235,0.16279069767441862,isotonic,72
1,0.8485101194865136,0.9454545454545454,isotonic,72
0,0.4508075291518066,0.41904761904761906,isotonic,72
0,0.26930659047292294,0.19553072625698323,isotonic,72
0,0.16252209151682037,0.16279069767441862,isotonic,72
1,0.9895406890540852,1.0,isotonic,72
0,0.10554740711123473,0.10101010101010101,isotonic,72
1,0.5475240737988821,0.484375,isotonic,72
1,0.903111140232822,1.0,isotonic,72
1,0.9998760152084641,1.0,isotonic,72
0,0.04016002978147707,0.020134228187919462,isotonic,72
1,0.3100415208945645,0.19553072625698323,isotonic,72
0,0.2761926532691044,0.19553072625698323,isotonic,72
0,0.15769456626670522,0.15,isotonic,72
0,0.18802956981380609,0.16279069767441862,isotonic,72
1,0.3341665014992442,0.19553072625698323,isotonic,72
1,0.9988457764985631,1.0,isotonic,72
1,0.7402538216951082,0.8954248366013072,isotonic,72
0,0.13716512880707626,0.14102564102564102,isotonic,72
0,0.1521178814127581,0.15,isotonic,72
1,0.17344462697977972,0.16279069767441862,isotonic,72
1,0.7312744046805322,0.8181818181818182,isotonic,72
1,0.9558569782767612,1.0,isotonic,72
1,0.5858324256161515,0.5,isotonic,72
0,0.09279766850529463,0.10101010101010101,isotonic,72
0,0.046406055536244044,0.020134228187919462,isotonic,72
1,0.2783547824013036,0.19553072625698323,isotonic,72
1,0.9957021180105278,1.0,isotonic,72
1,0.8962514201210214,1.0,isotonic,72
1,0.9747285455362508,1.0,isotonic,72
0,0.17826683187077996,0.16279069767441862,isotonic,72
0,0.2859693685519517,0.19553072625698323,isotonic,72
0,0.193196786674473,0.16279069767441862,isotonic,72
1,0.8731966395778517,1.0,isotonic,72
0,0.03479825394011314,0.020134228187919462,isotonic,72
1,0.8285412071533167,0.9444879455515861,isotonic,72
1,0.6733304892357019,0.6568627450980392,isotonic,72
1,0.8176284877709694,0.9236777524724452,isotonic,72
1,0.40716117260522533,0.3434343434343434,isotonic,72
0,0.7140340499368998,0.6568627450980392,isotonic,72
1,0.5196122082654111,0.484375,isotonic,72
0,0.03196553455412706,0.020134228187919462,isotonic,72
0,0.11324147259231922,0.1076923076923077,isotonic,72
1,0.8646366896653817,0.9454545454545454,isotonic,72
0,0.38063941325091777,0.3434343434343434,isotonic,72
1,0.38483853581332345,0.3434343434343434,isotonic,72
0,0.029669279676172833,0.020134228187919462,isotonic,72
0,0.13624478631216633,0.14102564102564102,isotonic,72
0,0.4084571956193346,0.3434343434343434,isotonic,72
1,0.5136875550724215,0.484375,isotonic,72
0,0.301743548878498,0.19553072625698323,isotonic,72
0,0.24289196782718056,0.19553072625698323,isotonic,72
1,0.19462145743534734,0.16279069767441862,isotonic,72
0,0.7173760674766653,0.6568627450980392,isotonic,72
0,0.820838133954465,0.9438363752333682,isotonic,72
0,0.09291798929028784,0.10101010101010101,isotonic,72
1,0.6723119460677024,0.6568627450980392,isotonic,72
1,0.22902644628280225,0.19553072625698323,isotonic,72
1,0.9781415658292377,1.0,isotonic,72
1,0.9428494106800679,1.0,isotonic,72
1,0.17387913057575377,0.16279069767441862,isotonic,72
1,0.5296374714911333,0.484375,isotonic,72
1,0.9967403940186813,1.0,isotonic,72
0,0.07983066121642451,0.04081632653061224,isotonic,72
1,0.9078650686203847,1.0,isotonic,72
1,0.7285731871114053,0.7692307692307693,isotonic,72
1,0.971166308227014,1.0,isotonic,72
0,0.2631018142946697,0.19553072625698323,isotonic,72
0,0.5798887939691278,0.5,isotonic,72
1,0.7726717794468476,0.8954248366013072,isotonic,72
0,0.07757132984489554,0.04081632653061224,isotonic,72
1,0.6500879895599133,0.6166666666666667,isotonic,72
0,0.26983455151510816,0.19553072625698323,isotonic,72
1,0.2731630030376093,0.19553072625698323,isotonic,72
0,0.15326740766692282,0.15,isotonic,72
1,0.6986026406041269,0.6568627450980392,isotonic,72
0,0.27231572068319104,0.19553072625698323,isotonic,72
0,0.2656978132895137,0.19553072625698323,isotonic,72
1,0.9979506674939529,1.0,isotonic,72
1,0.7528410978101282,0.8954248366013072,isotonic,72
1,0.7402538216951082,0.8954248366013072,isotonic,72
0,0.17591369216578687,0.16279069767441862,isotonic,72
0,0.3078931492683318,0.19553072625698323,isotonic,72
0,0.09058040984664277,0.10101010101010101,isotonic,72
0,0.13587541285819213,0.14102564102564102,isotonic,72
0,0.771023835314383,0.8954248366013072,isotonic,72
1,0.7506132755614399,0.8954248366013072,isotonic,72
0,0.3845917890157915,0.3434343434343434,isotonic,72
0,0.2466149119717954,0.19553072625698323,isotonic,72
1,0.9651023607405639,1.0,isotonic,72
1,0.12203806207891599,0.1076923076923077,isotonic,72
0,0.12464925446232826,0.1076923076923077,isotonic,72
0,0.2352332470868353,0.19553072625698323,isotonic,72
0,0.058526250180981246,0.020134228187919462,isotonic,72
0,0.10874873035996617,0.10101010101010101,isotonic,72
1,0.9877249653184914,1.0,isotonic,72
0,0.5033867384528049,0.484375,isotonic,72
0,0.36929650022568894,0.19553072625698323,isotonic,72
1,0.7070547103031146,0.6568627450980392,isotonic,72
1,0.9892737651731979,1.0,isotonic,72
0,0.7276452685422901,0.7692307692307693,isotonic,72
1,0.4426694271405278,0.41904761904761906,isotonic,72
1,0.2808868000011404,0.19553072625698323,isotonic,72
1,0.44466522263746555,0.41904761904761906,isotonic,72
0,0.38755709822094386,0.3434343434343434,isotonic,72
1,0.9997878305168107,1.0,isotonic,72
0,0.6075676456695817,0.6,isotonic,72
0,0.607252316547929,0.6,isotonic,72
0,0.733176523702846,0.8181818181818182,isotonic,72
1,0.8409442778494999,0.9454545454545454,isotonic,72
0,0.24683933220114265,0.19553072625698323,isotonic,72
1,0.9988628943275057,1.0,isotonic,72
0,0.14274958153786324,0.14102564102564102,isotonic,72
1,0.15364927616255175,0.15,isotonic,72
1,0.628908752366756,0.6166666666666667,isotonic,72
1,0.9928940644041299,1.0,isotonic,72
1,0.8222114963906225,0.9444444444444444,isotonic,72
0,0.38530920021361764,0.3434343434343434,isotonic,72
1,0.7402538216951082,0.8954248366013072,isotonic,72
0,0.09966533783826777,0.10101010101010101,isotonic,72
1,0.7786547256316725,0.8954248366013072,isotonic,72
1,0.9992722133035203,1.0,isotonic,72
1,0.5562315626855697,0.484375,isotonic,72
1,0.7402538216951082,0.8954248366013072,isotonic,72
0,0.3853277865656828,0.3434343434343434,isotonic,72
1,0.11025565475789781,0.10101010101010101,isotonic,72
0,0.7381309550142806,0.8954248366013072,isotonic,72
0,0.10019342921944116,0.10101010101010101,isotonic,72
1,0.2841196902163134,0.19553072625698323,isotonic,72
1,0.7773580355308012,0.8954248366013072,isotonic,72
0,0.37165147243599694,0.19553072625698323,isotonic,72
1,0.40815776352557803,0.3434343434343434,isotonic,72
1,0.8826633178992824,1.0,isotonic,72
0,0.4646812483940552,0.41904761904761906,isotonic,72
1,0.7694040422961943,0.8954248366013072,isotonic,72
1,0.7785948485862132,0.8954248366013072,isotonic,72
1,0.7402538216951082,0.8954248366013072,isotonic,72
1,0.12776425659348037,0.14102564102564102,isotonic,72
0,0.16875985310525493,0.16279069767441862,isotonic,72
0,0.2142947727447721,0.16279069767441862,isotonic,72
1,0.5293835896063088,0.484375,isotonic,72
0,0.18834985919484615,0.16279069767441862,isotonic,72
1,0.5156452018999212,0.484375,isotonic,72
0,0.26999979771718424,0.19553072625698323,isotonic,72
1,0.8620940709208167,0.9454545454545454,isotonic,72
1,0.7462946565904659,0.8954248366013072,isotonic,72
0,0.1441697006233914,0.14102564102564102,isotonic,72
0,0.061677482806268676,0.0275512339471742,isotonic,72
1,0.7402538216951082,0.8954248366013072,isotonic,72
0,0.6432273946020041,0.6166666666666667,isotonic,72
1,0.7402538216951082,0.8954248366013072,isotonic,72
0,0.34180663337198774,0.19553072625698323,isotonic,72
0,0.1288788155260557,0.14102564102564102,isotonic,72
1,0.5081939828816667,0.484375,isotonic,72
1,0.9164422514337687,1.0,isotonic,72
0,0.6224483051646882,0.6166666666666667,isotonic,72
1,0.9999998090673587,1.0,isotonic,72
0,0.1676614596592617,0.16279069767441862,isotonic,72
0,0.13976862949904967,0.14102564102564102,isotonic,72
0,0.11920711328708099,0.1076923076923077,isotonic,72
0,0.1064572693135841,0.10101010101010101,isotonic,72
0,0.09382595249100752,0.10101010101010101,isotonic,72
1,0.9999877293098852,1.0,isotonic,72
0,0.33661176823692013,0.19553072625698323,isotonic,72
0,0.45250050940393305,0.41904761904761906,isotonic,72
0,0.21986733121607122,0.16279069767441862,isotonic,72
0,0.19997632364389445,0.16279069767441862,isotonic,72
0,0.36400335194962763,0.19553072625698323,isotonic,72
0,0.08289360623122502,0.04081632653061224,isotonic,72
0,0.38955833992585215,0.3434343434343434,isotonic,72
0,0.4814530657673496,0.41904761904761906,isotonic,72
0,0.2624914715770561,0.19553072625698323,isotonic,72
1,0.9870819392192747,1.0,isotonic,72
0,0.12724058059723242,0.14102564102564102,isotonic,72
1,0.9628363440968696,1.0,isotonic,72
0,0.03856423494779892,0.020134228187919462,isotonic,72
0,0.42481810523242236,0.3434343434343434,isotonic,72
1,0.9520735489186555,1.0,isotonic,72
0,0.06376752000400042,0.031746031746031744,isotonic,72
1,0.578308172363363,0.5,isotonic,72
0,0.4966502532412904,0.484375,isotonic,72
0,0.42039043744609444,0.3434343434343434,isotonic,72
1,0.6731335038992168,0.6568627450980392,isotonic,72
1,0.9945674548995421,1.0,isotonic,72
1,0.8346758838816284,0.9454545454545454,isotonic,72
1,0.15993762513815707,0.15,isotonic,72
1,0.8342983215274499,0.9454545454545454,isotonic,72
0,0.12349964517978333,0.1076923076923077,isotonic,72
1,0.19729644961069692,0.16279069767441862,isotonic,72
0,0.13639946709018402,0.14102564102564102,isotonic,72
1,0.9998394582726055,1.0,isotonic,72
0,0.13663052462776135,0.14102564102564102,isotonic,72
0,0.12898751093616484,0.14102564102564102,isotonic,72
1,0.7402538216951082,0.8954248366013072,isotonic,72
0,0.11758476475549119,0.1076923076923077,isotonic,72
0,0.09466191574378385,0.10101010101010101,isotonic,72
1,0.6395734460322402,0.6166666666666667,isotonic,72
0,0.08276181296742693,0.04081632653061224,isotonic,72
0,0.37039609166146176,0.19553072625698323,isotonic,72
0,0.06616699175233595,0.031746031746031744,isotonic,72
1,0.9999991320325903,1.0,isotonic,72
1,0.9998675466531264,1.0,isotonic,72
1,0.7585993508912029,0.8954248366013072,isotonic,72
1,0.19725339745926604,0.16279069767441862,isotonic,72
0,0.21924884559266228,0.16279069767441862,isotonic,72
0,0.5169738929504729,0.484375,isotonic,72
0,0.20341366233152308,0.16279069767441862,isotonic,72
1,0.8297338981406863,0.9454545454545454,isotonic,72
1,0.9999999999997444,1.0,isotonic,72
0,0.4034153757605416,0.3434343434343434,isotonic,72
1,0.4953629629110869,0.484375,isotonic,72
1,0.7402538216951082,0.8954248366013072,isotonic,72
1,0.8375355064210959,0.9454545454545454,isotonic,72
0,0.06701564878310359,0.031746031746031744,isotonic,72
0,0.1322142661084903,0.14102564102564102,isotonic,72
0,0.30718740627199453,0.19553072625698323,isotonic,72
1,0.8704198014587351,1.0,isotonic,72
1,0.8251737694471467,0.9444444444444444,isotonic,72
1,0.9995306874913202,1.0,isotonic,72
0,0.10629380763063659,0.10101010101010101,isotonic,72
1,0.616924064959924,0.6166666666666667,isotonic,72
0,0.16427954439029374,0.16279069767441862,isotonic,72
1,0.09076876033260647,0.10101010101010101,isotonic,72
1,0.6315911105733466,0.6166666666666667,isotonic,72
0,0.0477815564995827,0.020134228187919462,isotonic,72
1,0.9929972429752809,1.0,isotonic,72
0,0.5128744873619799,0.484375,isotonic,72
0,0.17555426100807964,0.16279069767441862,isotonic,72
0,0.17470273681264262,0.16279069767441862,isotonic,72
0,0.27111897394479,0.19553072625698323,isotonic,72
0,0.44649973122713094,0.41904761904761906,isotonic,72
1,0.6958355829830278,0.6568627450980392,isotonic,72
1,0.9997922631053364,1.0,isotonic,72
0,0.47672921390078876,0.41904761904761906,isotonic,72
1,0.9381968672409211,1.0,isotonic,72
0,0.5279472485083557,0.484375,isotonic,72
0,0.07019587980822903,0.031746031746031744,isotonic,72
1,0.23737760899731913,0.19553072625698323,isotonic,72
0,0.8667494988322398,1.0,isotonic,72
0,0.1397278077924248,0.14102564102564102,isotonic,72
1,0.5453130617084432,0.484375,isotonic,72
0,0.34272250085687384,0.19553072625698323,isotonic,72
1,0.7402538216951082,0.8954248366013072,isotonic,72
1,0.8416023789623418,0.9454545454545454,isotonic,72
1,0.7679905079058225,0.8954248366013072,isotonic,72
0,0.8359937081263786,0.9454545454545454,isotonic,72
1,0.9999984499191212,1.0,isotonic,72
1,0.22464111966411676,0.19553072625698323,isotonic,72
0,0.27444870611920036,0.19553072625698323,isotonic,72
0,0.37978608440014144,0.3333333333333333,isotonic,72
0,0.046115058814920874,0.020134228187919462,isotonic,72
1,0.7328603300116747,0.8181818181818182,isotonic,72
0,0.5526653826825584,0.484375,isotonic,72
0,0.5888175393051709,0.5272045773227736,isotonic,72
1,0.9973309993811936,1.0,isotonic,72
1,0.9914772836645984,1.0,isotonic,72
1,0.13802366447222836,0.14102564102564102,isotonic,72
1,0.4339817584285587,0.41904761904761906,isotonic,72
1,0.9995120639860943,1.0,isotonic,72
0,0.2688776304452352,0.19553072625698323,isotonic,72
0,0.2049250400094098,0.16279069767441862,isotonic,72
1,0.4210525428380353,0.3434343434343434,isotonic,72
0,0.051137626930098115,0.020134228187919462,isotonic,72
1,0.15976429850732585,0.15,isotonic,72
1,0.5400543108146315,0.484375,isotonic,72
0,0.02773669567151123,0.020134228187919462,isotonic,72
1,0.9198444124697143,1.0,isotonic,72
0,0.03126375464619358,0.020134228187919462,isotonic,72
0,0.044347432312250766,0.020134228187919462,isotonic,72
0,0.37652293504803247,0.19553072625698323,isotonic,72
0,0.23391833007456048,0.19553072625698323,isotonic,72
0,0.2580549652696297,0.19553072625698323,isotonic,72
0,0.4066388322007972,0.3434343434343434,isotonic,72
1,0.5479012180598584,0.484375,isotonic,72
1,0.8303587666961744,0.9454545454545454,isotonic,72
0,0.10348170133157372,0.10101010101010101,isotonic,72
1,0.3121457333749905,0.19553072625698323,isotonic,72
1,0.8640874965290593,0.9454545454545454,isotonic,72
1,0.22723794239351916,0.19553072625698323,isotonic,72
0,0.06424354164592863,0.031746031746031744,isotonic,72
0,0.05105357343486434,0.020134228187919462,isotonic,72
1,0.9999987812182725,1.0,isotonic,72
1,0.5411318344531362,0.484375,isotonic,72
0,0.05563612844226237,0.020134228187919462,isotonic,72
1,0.8934951609021915,1.0,isotonic,72
1,0.9999999706355773,1.0,isotonic,72
1,0.828922472508885,0.9450833290648373,isotonic,72
1,0.7402538216951082,0.8954248366013072,isotonic,72
0,0.3087621840357414,0.19553072625698323,isotonic,72
0,0.08309839988005895,0.04081632653061224,isotonic,72
0,0.37403997897711344,0.19553072625698323,isotonic,72
0,0.21440006390302313,0.16279069767441862,isotonic,72
1,0.2637496713314588,0.19553072625698323,isotonic,72
0,0.20077829669237712,0.16279069767441862,isotonic,72
1,0.7402538216951082,0.8954248366013072,isotonic,72
0,0.5248961742191449,0.484375,isotonic,72
0,0.5478427399263885,0.484375,isotonic,72
1,0.9903289920179824,1.0,isotonic,72
1,0.9999998391118089,1.0,isotonic,72
1,0.6901893800198183,0.6568627450980392,isotonic,72
1,0.9979414621876098,1.0,isotonic,72
1,0.12841567269791185,0.14102564102564102,isotonic,72
1,0.9987475257146322,1.0,isotonic,72
1,0.928974857531291,1.0,isotonic,72
1,0.9999492154487178,1.0,isotonic,72
1,0.9852879865579667,1.0,isotonic,72
1,0.9438494689147343,1.0,isotonic,72
1,0.7333295310055483,0.8181818181818182,isotonic,72
0,0.012228518802539319,0.0,isotonic,72
0,0.14252598576403472,0.14102564102564102,isotonic,72
0,0.04884835082771996,0.020134228187919462,isotonic,72
1,0.8665520834869536,1.0,isotonic,72
0,0.08090028623053208,0.04081632653061224,isotonic,72
0,0.17231945292462983,0.16279069767441862,isotonic,72
0,0.06549514838107033,0.031746031746031744,isotonic,72
0,0.1351781079364702,0.14102564102564102,isotonic,72
1,0.9912471453840277,1.0,isotonic,72
1,0.1687363017230797,0.16279069767441862,isotonic,72
1,0.8584351963445129,0.9454545454545454,isotonic,72
1,0.9478194899460168,1.0,isotonic,72
0,0.2581326845496773,0.19553072625698323,isotonic,72
0,0.19150668794407932,0.16279069767441862,isotonic,72
1,0.7402538216951082,0.8954248366013072,isotonic,72
0,0.7028605077070411,0.6568627450980392,isotonic,72
1,0.7728423631040454,0.8954248366013072,isotonic,72
1,0.2055366361612831,0.16279069767441862,isotonic,72
0,0.4301794706442192,0.41904761904761906,isotonic,72
1,0.14648816769190637,0.14102564102564102,isotonic,72
0,0.5383895926571708,0.484375,isotonic,72
0,0.09471311643319216,0.10101010101010101,isotonic,72
1,0.5884811515225158,0.512362066363554,isotonic,72
1,0.7402538216951082,0.8954248366013072,isotonic,72
0,0.1388307793051235,0.14102564102564102,isotonic,72
0,0.1599026358199832,0.15,isotonic,72
1,0.7402538216951082,0.8954248366013072,isotonic,72
0,0.06748525185731424,0.031746031746031744,isotonic,72
0,0.5224625575744063,0.484375,isotonic,72
0,0.5683061449943287,0.484375,isotonic,72
0,0.21974514964157946,0.16279069767441862,isotonic,72
1,0.7402538216951082,0.8954248366013072,isotonic,72
1,0.4862573291269096,0.41904761904761906,isotonic,72
0,0.6255680852446982,0.6166666666666667,isotonic,72
1,0.7402538216951082,0.8954248366013072,isotonic,72
0,0.23312674673816366,0.19553072625698323,isotonic,72
0,0.518225027680556,0.484375,isotonic,72
0,0.6560035661066047,0.6166666666666667,isotonic,72
0,0.1551558949733376,0.15,isotonic,72
1,0.3621096511389147,0.19553072625698323,isotonic,72
1,0.9903582707422696,1.0,isotonic,72
0,0.38575884479415945,0.3434343434343434,isotonic,72
1,0.3083419161952764,0.19553072625698323,isotonic,72
0,0.12748972345229842,0.14102564102564102,isotonic,72
0,0.1058021219699265,0.10101010101010101,isotonic,72
0,0.026520564413470435,0.020134228187919462,isotonic,72
0,0.07950402043936358,0.04081632653061224,isotonic,72
0,0.21612364738216389,0.16279069767441862,isotonic,72
0,0.1364743729319402,0.14102564102564102,isotonic,72
1,0.7402538216951082,0.8954248366013072,isotonic,72
1,0.9180111290659906,1.0,isotonic,72
0,0.15449016101513588,0.15,isotonic,72
1,0.9940513240633347,1.0,isotonic,72
1,0.9999966484533837,1.0,isotonic,72
0,0.20774574695757844,0.16279069767441862,isotonic,72
0,0.11249790778073643,0.1076923076923077,isotonic,72
0,0.2522948362724794,0.19553072625698323,isotonic,72
0,0.07420884495188157,0.031746031746031744,isotonic,72
0,0.07280421486250109,0.031746031746031744,isotonic,72
0,0.5796139342198867,0.5,isotonic,72
0,0.11938363607909253,0.1076923076923077,isotonic,72
0,0.1768050388615749,0.16279069767441862,isotonic,72
0,0.1502189058285692,0.15,isotonic,72
1,0.11061884801647076,0.10655019667198068,isotonic,72
0,0.5020434919557628,0.484375,isotonic,72
1,0.9065024990077537,1.0,isotonic,72
0,0.3156070206854526,0.19553072625698323,isotonic,72
1,0.7402538216951082,0.8954248366013072,isotonic,72
1,0.7402538216951082,0.8954248366013072,isotonic,72
1,0.9883922163517128,1.0,isotonic,72
1,0.7402538216951082,0.8954248366013072,isotonic,72
0,0.12114257538957503,0.1076923076923077,isotonic,72
1,0.3397422675547715,0.19553072625698323,isotonic,72
0,0.1052366045144722,0.10101010101010101,isotonic,72
0,0.4293583396564036,0.41904761904761906,isotonic,72
0,0.16623221375973601,0.16279069767441862,isotonic,72
0,0.020614882560996136,0.020134228187919462,isotonic,72
1,0.24700341804401765,0.19553072625698323,isotonic,72
1,0.7402538216951082,0.8954248366013072,isotonic,72
0,0.15291237985733105,0.15,isotonic,72
1,0.4944778265503759,0.484375,isotonic,72
1,0.17525217822504138,0.16279069767441862,isotonic,72
0,0.46602153028700305,0.41904761904761906,isotonic,72
1,0.31032259937347245,0.19553072625698323,isotonic,72
0,0.2762746190979924,0.19553072625698323,isotonic,72
1,0.6922473863214614,0.6568627450980392,isotonic,72
1,0.9733409646591723,1.0,isotonic,72
0,0.3518957009542857,0.19553072625698323,isotonic,72
1,0.7949456505891621,0.8954248366013072,isotonic,72
1,0.9894746870889103,1.0,isotonic,72
0,0.2108782652072506,0.16279069767441862,isotonic,72
1,0.998822941450063,1.0,isotonic,72
0,0.07898568412269136,0.04081632653061224,isotonic,72
0,0.08614539822380247,0.04081632653061224,isotonic,72
0,0.2693221777699197,0.19553072625698323,isotonic,72
0,0.03604182019580392,0.020134228187919462,isotonic,72
1,0.9510643767356396,1.0,isotonic,72
0,0.6006461356686612,0.6,isotonic,72
0,0.46117660485055456,0.41904761904761906,isotonic,72
0,0.0467667630520243,0.020134228187919462,isotonic,72
1,0.26545844763613696,0.19553072625698323,isotonic,72
1,0.9839390057083176,1.0,isotonic,72
0,0.053983568432946306,0.020134228187919462,isotonic,72
0,0.2493953712103447,0.19553072625698323,isotonic,72
1,0.32360529816063216,0.19553072625698323,isotonic,72
0,0.8429490713627591,0.9454545454545454,isotonic,72
0,0.09715921948211804,0.10101010101010101,isotonic,72
0,0.3381304259401982,0.19553072625698323,isotonic,72
1,0.2767345105250926,0.19553072625698323,isotonic,72
1,0.9999758836986311,1.0,isotonic,72
1,0.9791437368464638,1.0,isotonic,72
0,0.054381733929891346,0.020134228187919462,isotonic,72
1,0.9999887335274017,1.0,isotonic,72
1,0.9996473120878016,1.0,isotonic,72
1,0.7770298057134117,0.8954248366013072,isotonic,72
1,0.8018716963570318,0.9230769230769231,isotonic,72
1,0.9984378853210636,1.0,isotonic,72
1,0.5932573156368814,0.5454545454545454,isotonic,72
0,0.2131235530168174,0.16279069767441862,isotonic,72
0,0.09413546917004334,0.10101010101010101,isotonic,72
0,0.541616275428748,0.484375,isotonic,72
0,0.5096341644636233,0.484375,isotonic,72
1,0.9299732941125403,1.0,isotonic,72
1,0.8659937474434808,1.0,isotonic,72
0,0.46117061211526383,0.41904761904761906,isotonic,72
1,0.7402538216951082,0.8954248366013072,isotonic,72
0,0.392258131779974,0.3434343434343434,isotonic,72
0,0.3287643578586333,0.19553072625698323,isotonic,72
1,0.36212448323266905,0.19553072625698323,isotonic,72
1,0.8648086056650995,0.9454545454545454,isotonic,72
0,0.2778967861177094,0.19553072625698323,isotonic,72
0,0.18900413693231946,0.16279069767441862,isotonic,72
1,0.9085815591030627,1.0,isotonic,72
1,0.3284619088099681,0.19553072625698323,isotonic,72
0,0.15872843052944519,0.15,isotonic,72
0,0.15948014363717378,0.15,isotonic,72
1,0.509196423785268,0.484375,isotonic,72
1,0.6126314778835547,0.6166666666666667,isotonic,72
1,0.989715124321761,1.0,isotonic,72
0,0.47921072980406415,0.41904761904761906,isotonic,72
0,0.3927810654239099,0.3434343434343434,isotonic,72
1,0.3009582031056294,0.19553072625698323,isotonic,72
0,0.07879654034177361,0.04081632653061224,isotonic,72
1,0.9984534241913883,1.0,isotonic,72
1,0.7471337059681135,0.8954248366013072,isotonic,72
1,0.9997372118872276,1.0,isotonic,72
1,0.39368821755216843,0.3434343434343434,isotonic,72
0,0.2625305570005947,0.19553072625698323,isotonic,72
1,0.6746597133541297,0.6568627450980392,isotonic,72
0,0.09563233240771908,0.10101010101010101,isotonic,72
0,0.055921075828955856,0.020134228187919462,isotonic,72
0,0.032118664441680746,0.020134228187919462,isotonic,72
0,0.6033314110317664,0.6,isotonic,72
1,0.3155402030036909,0.19553072625698323,isotonic,72
0,0.10268134970372388,0.10101010101010101,isotonic,72
0,0.305803512767202,0.19553072625698323,isotonic,72
0,0.6572640192221905,0.6166666666666667,isotonic,72
0,0.10349442176460091,0.10101010101010101,isotonic,72
1,0.9408238754766912,1.0,isotonic,72
1,0.916500303779266,1.0,isotonic,72
1,0.7402538216951082,0.8954248366013072,isotonic,72
1,0.9985027602827422,1.0,isotonic,72
1,0.3834970555595583,0.3434343434343434,isotonic,72
1,0.7239271928542074,0.7413253517369583,isotonic,72
1,0.7862079247278515,0.8954248366013072,isotonic,72
1,0.28098348905997367,0.19553072625698323,isotonic,72
1,0.7402538216951082,0.8954248366013072,isotonic,72
0,0.2224805754282542,0.19553072625698323,isotonic,72
0,0.24998714435936417,0.19553072625698323,isotonic,72
1,0.7402538216951082,0.8954248366013072,isotonic,72
1,0.5295477270346278,0.484375,isotonic,72
0,0.17953539080523825,0.16279069767441862,isotonic,72
1,0.9998033550247416,1.0,isotonic,72
0,0.03246347474158174,0.020134228187919462,isotonic,72
0,0.3873592235804462,0.3434343434343434,isotonic,72
1,0.9981946037652907,1.0,isotonic,72
0,0.4783478541342754,0.41904761904761906,isotonic,72
0,0.23274511467621847,0.19553072625698323,isotonic,72
0,0.37031888828005444,0.19553072625698323,isotonic,72
1,0.11555607295790957,0.1076923076923077,isotonic,72
0,0.4580516302574492,0.41904761904761906,isotonic,72
0,0.2210033993298091,0.19553072625698323,isotonic,72
0,0.051255867269984386,0.020134228187919462,isotonic,72
1,0.9973025508936055,1.0,isotonic,72
0,0.49705184142249337,0.484375,isotonic,72
1,0.8547491198588081,0.9454545454545454,isotonic,72
0,0.11963945594296961,0.1076923076923077,isotonic,72
1,0.926214082077841,1.0,isotonic,72
1,0.9723673881001818,1.0,isotonic,72
0,0.3348295878706561,0.19553072625698323,isotonic,72
0,0.6560271935865826,0.6166666666666667,isotonic,72
0,0.07246082795891114,0.031746031746031744,isotonic,72
0,0.5696569897310997,0.5,isotonic,72
0,0.2964912254660192,0.19553072625698323,isotonic,72
0,0.10673696261561247,0.10101010101010101,isotonic,72
1,0.9215826911455588,1.0,isotonic,72
0,0.09542033002046851,0.10101010101010101,isotonic,72
0,0.11535257304331996,0.1076923076923077,isotonic,72
0,0.6423861787896226,0.6166666666666667,isotonic,72
0,0.32151169872364005,0.19553072625698323,isotonic,72
1,0.9833790412751425,1.0,isotonic,72
1,0.7887527181165022,0.8954248366013072,isotonic,72
1,0.7402538216951082,0.8954248366013072,isotonic,72
0,0.869291347331213,1.0,isotonic,72
0,0.02695895795216305,0.020134228187919462,isotonic,72
1,0.9857080107921299,1.0,isotonic,72
1,0.6566139493100301,0.6166666666666667,isotonic,72
1,0.7402538216951082,0.8954248366013072,isotonic,72
0,0.03291746096604369,0.020134228187919462,isotonic,72
1,0.39060496155733954,0.3434343434343434,isotonic,72
0,0.3117623543394711,0.19553072625698323,isotonic,72
0,0.6577871269075862,0.6568627450980392,isotonic,72
1,0.19563473037126158,0.16279069767441862,isotonic,72
1,0.3761528189018696,0.19553072625698323,isotonic,72
0,0.48222402643531964,0.41904761904761906,isotonic,72
1,0.8123216431715806,0.9230769230769231,isotonic,72
1,0.9940968982639551,1.0,isotonic,72
0,0.22410878708804463,0.19553072625698323,isotonic,72
1,0.8768660277761745,1.0,isotonic,72
1,0.6090113411804268,0.6,isotonic,72
0,0.29515403714802435,0.19553072625698323,isotonic,72
1,0.9858278547989641,1.0,isotonic,72
0,0.058341446749273815,0.020134228187919462,isotonic,72
1,0.5351498832139111,0.484375,isotonic,72
0,0.031829856466084085,0.020134228187919462,isotonic,72
0,0.46656700375634436,0.41904761904761906,isotonic,72
1,0.4564407152422172,0.41904761904761906,isotonic,72
0,0.05468270233967835,0.020134228187919462,isotonic,72
1,0.9987627887145321,1.0,isotonic,72
0,0.36231653193118085,0.19553072625698323,isotonic,72
0,0.10707828285657307,0.10101010101010101,isotonic,72
0,0.06039109101878931,0.020134228187919462,isotonic,72
1,0.5662192084158971,0.484375,isotonic,72
0,0.10241104111562278,0.10101010101010101,isotonic,72
0,0.1883929764949099,0.16279069767441862,isotonic,72
0,0.12896249456292067,0.14102564102564102,isotonic,72
0,0.04120583979390757,0.020134228187919462,isotonic,72
0,0.043964655208409385,0.020134228187919462,isotonic,72
0,0.3438480272364046,0.19553072625698323,isotonic,72
0,0.18919434222062712,0.16279069767441862,isotonic,72
1,0.7322105477986321,0.8181818181818182,isotonic,72
1,0.9531994815659771,1.0,isotonic,72
0,0.39421578866107476,0.3434343434343434,isotonic,72
0,0.18467775156604235,0.16279069767441862,isotonic,72
1,0.7161303147037872,0.6568627450980392,isotonic,72
0,0.06357232686323946,0.031746031746031744,isotonic,72
1,0.11090397379442302,0.1076923076923077,isotonic,72
1,0.3279832232478005,0.19553072625698323,isotonic,72
0,0.19113405163248426,0.16279069767441862,isotonic,72
1,0.9964115030885029,1.0,isotonic,72
0,0.03791527640563969,0.020134228187919462,isotonic,72
0,0.6091714477193162,0.6,isotonic,72
0,0.35179397094439807,0.19553072625698323,isotonic,72
1,0.8641031271040657,0.9454545454545454,isotonic,72
0,0.0403531022771899,0.020134228187919462,isotonic,72
0,0.34911885578762986,0.19553072625698323,isotonic,72
1,0.7402538216951082,0.8954248366013072,isotonic,72
0,0.11418091744100553,0.1076923076923077,isotonic,72
0,0.3024611120119904,0.19553072625698323,isotonic,72
1,0.5795841046892191,0.5,isotonic,72
0,0.2062806475184878,0.16279069767441862,isotonic,72
0,0.10988131511832079,0.10101010101010101,isotonic,72
0,0.6345983727657275,0.6166666666666667,isotonic,72
0,0.3677282100683195,0.19553072625698323,isotonic,72
0,0.07928256277853427,0.04081632653061224,isotonic,72
1,0.9943675592574684,1.0,isotonic,72
1,0.8611700040554459,0.9454545454545454,isotonic,72
0,0.02418534774006601,0.020134228187919462,isotonic,72
1,0.9492073285989473,1.0,isotonic,72
1,0.9982718891937039,1.0,isotonic,72
0,0.13356238768029713,0.14102564102564102,isotonic,72
0,0.028550681036822304,0.020134228187919462,isotonic,72
1,0.9644373767470682,1.0,isotonic,72
0,0.3087298692344166,0.19553072625698323,isotonic,72
1,0.5281378332576513,0.484375,isotonic,72
0,0.21625020150335608,0.16279069767441862,isotonic,72
0,0.48483060212825924,0.41904761904761906,isotonic,72
1,0.768385397644304,0.8954248366013072,isotonic,72
1,0.7324233289096651,0.8181818181818182,isotonic,72
0,0.24873148478968127,0.19553072625698323,isotonic,72
0,0.08995211840130404,0.10101010101010101,isotonic,72
1,0.9448166265144343,1.0,isotonic,72
0,0.1165613279081641,0.1076923076923077,isotonic,72
0,0.04416704623774173,0.020134228187919462,isotonic,72
0,0.5152056295765799,0.484375,isotonic,72
1,0.3732947249482872,0.19553072625698323,isotonic,72
0,0.49997576511187236,0.484375,isotonic,72
0,0.4879401895011351,0.484375,isotonic,72
0,0.5014053135369168,0.484375,isotonic,72
0,0.052414618871033485,0.020134228187919462,isotonic,72
1,0.9990575663012344,1.0,isotonic,72
0,0.025229710462863417,0.020134228187919462,isotonic,72
1,0.508378824382927,0.484375,isotonic,72
1,0.7811941001275019,0.8954248366013072,isotonic,72
0,0.194883925193158,0.16279069767441862,isotonic,72
0,0.06898571639540127,0.031746031746031744,isotonic,72
1,0.4476211123505469,0.41904761904761906,isotonic,72
1,0.7402538216951082,0.8954248366013072,isotonic,72
0,0.2883465185973438,0.19553072625698323,isotonic,72
1,0.6949713497157753,0.6568627450980392,isotonic,72
1,0.5467683042714423,0.484375,isotonic,72
1,0.6686742107164395,0.6568627450980392,isotonic,72
0,0.02934718058599905,0.020134228187919462,isotonic,72
0,0.3803117993333847,0.3434343434343434,isotonic,72
1,0.7817212961224292,0.8954248366013072,isotonic,72
0,0.09147391259046979,0.10101010101010101,isotonic,72
0,0.42827452999763543,0.41904761904761906,isotonic,72
0,0.480446116249566,0.41904761904761906,isotonic,72
1,0.5075029453199806,0.484375,isotonic,72
1,0.9998824856979538,1.0,isotonic,72
0,0.10649471836179156,0.10101010101010101,isotonic,72
1,0.9996583353170153,1.0,isotonic,72
1,0.9498437345178837,1.0,isotonic,72
1,0.8584073478713428,0.9454545454545454,isotonic,72
0,0.05625180142340145,0.020134228187919462,isotonic,72
0,0.057989800241675986,0.020134228187919462,isotonic,72
0,0.3394639051521925,0.19553072625698323,isotonic,72
0,0.14112652250099236,0.14102564102564102,isotonic,72
1,0.07320432916230528,0.031746031746031744,isotonic,72
0,0.07800140212896259,0.04081632653061224,isotonic,72
0,0.15851102471109468,0.15,isotonic,72
1,0.9615676465042194,1.0,isotonic,72
1,0.5998087290937327,0.6,isotonic,72
1,0.45881109332601333,0.41904761904761906,isotonic,72
0,0.061118123990855776,0.020134228187919462,isotonic,72
0,0.053440996822215085,0.020134228187919462,isotonic,72
1,0.5887829289567057,0.5256774574245943,isotonic,72
1,0.9677283984240245,1.0,isotonic,72
0,0.5296426656315498,0.484375,isotonic,72
1,0.47748448811041133,0.41904761904761906,isotonic,72
0,0.21337347894042447,0.16279069767441862,isotonic,72
0,0.40120553778674223,0.3434343434343434,isotonic,72
0,0.4765389852722255,0.41904761904761906,isotonic,72
1,0.7928519991491955,0.8954248366013072,isotonic,72
1,0.7402538216951082,0.8954248366013072,isotonic,72
1,0.9938034152454368,1.0,isotonic,72
0,0.0741733516071416,0.031746031746031744,isotonic,72
0,0.14016743662882597,0.14102564102564102,isotonic,72
1,0.9837538277738117,1.0,isotonic,72
0,0.3547262160000655,0.19553072625698323,isotonic,72
1,0.8464407716049018,0.9454545454545454,isotonic,72
0,0.09072543291596737,0.10101010101010101,isotonic,72
1,0.9999459369126587,1.0,isotonic,72
0,0.7653948384481866,0.8954248366013072,isotonic,72
1,0.502441986590171,0.484375,isotonic,72
1,0.49052308071707024,0.484375,isotonic,72
0,0.06817332570758783,0.031746031746031744,isotonic,72
0,0.230401350015307,0.19553072625698323,isotonic,72
0,0.3997467056965281,0.3434343434343434,isotonic,72
1,0.7402538216951082,0.8954248366013072,isotonic,72
0,0.17596960007934595,0.16279069767441862,isotonic,72
0,0.3868672484412965,0.3434343434343434,isotonic,72
1,0.37260897232028733,0.19553072625698323,isotonic,72
1,0.999874033648548,1.0,isotonic,72
1,0.22610720252787594,0.19553072625698323,isotonic,72
1,0.9990747425993008,1.0,isotonic,72
1,0.21582174403188537,0.16279069767441862,isotonic,72
1,0.45462193056441336,0.41904761904761906,isotonic,72
1,0.9972617716303085,1.0,isotonic,72
0,0.45356781234887017,0.41904761904761906,isotonic,72
0,0.25967861619214755,0.19553072625698323,isotonic,72
0,0.5180596733643339,0.484375,isotonic,72
1,0.8371665812826108,0.9454545454545454,isotonic,72
0,0.5822562389675517,0.5,isotonic,72
0,0.06901486440212916,0.031746031746031744,isotonic,72
1,0.9966471390188091,1.0,isotonic,72
1,0.7402538216951082,0.8954248366013072,isotonic,72
1,0.9292923559658992,1.0,isotonic,72
1,0.9887125824357555,1.0,isotonic,72
1,0.6047198449252746,0.6,isotonic,72
1,0.9572892578304565,1.0,isotonic,72
1,0.9962031838181776,1.0,isotonic,72
0,0.16448879478827458,0.16279069767441862,isotonic,72
0,0.35453083473020136,0.19553072625698323,isotonic,72
0,0.2704846226848222,0.19553072625698323,isotonic,72
0,0.1364982999120576,0.14102564102564102,isotonic,72
0,0.14818844414392265,0.15,isotonic,72
1,0.4558429180736826,0.41904761904761906,isotonic,72
0,0.2092722482666005,0.16279069767441862,isotonic,72
0,0.45070326152172735,0.41904761904761906,isotonic,72
0,0.1506618397678815,0.15,isotonic,72
1,0.9995711428080203,1.0,isotonic,72
0,0.1599838790201536,0.15,isotonic,72
1,0.37497652963661066,0.19553072625698323,isotonic,72
0,0.18879440350004403,0.16279069767441862,isotonic,72
0,0.5856168528303963,0.5,isotonic,72
1,0.9990283913159275,1.0,isotonic,72
0,0.05282025308457341,0.020134228187919462,isotonic,72
0,0.19567473714347977,0.16279069767441862,isotonic,72
0,0.7498452487574409,0.8954248366013072,isotonic,72
1,0.21550333957305817,0.16279069767441862,isotonic,72
0,0.06190196521975626,0.031746031746031744,isotonic,72
1,0.9015543449448007,1.0,isotonic,72
1,0.3543108633347092,0.19553072625698323,isotonic,72
0,0.1277600952911753,0.14102564102564102,isotonic,72
0,0.40527435971272524,0.3434343434343434,isotonic,72
0,0.3443206974101891,0.19553072625698323,isotonic,72
0,0.35919728091722586,0.19553072625698323,isotonic,72
0,0.07874604263294638,0.04081632653061224,isotonic,72
1,0.8457924781591483,0.9454545454545454,isotonic,72
1,0.7005285768987497,0.6568627450980392,isotonic,72
1,0.9999999999486804,1.0,isotonic,72
1,0.9999999671861564,1.0,isotonic,72
1,0.8596378780925585,0.9454545454545454,isotonic,72
0,0.28394633297380334,0.19553072625698323,isotonic,72
1,0.9684223233716921,1.0,isotonic,72
0,0.05172059474714228,0.020134228187919462,isotonic,72
0,0.4469660530355803,0.41904761904761906,isotonic,72
0,0.2719776758518105,0.19553072625698323,isotonic,72
0,0.12701709376444853,0.14102564102564102,isotonic,72
1,0.33665909695588997,0.19553072625698323,isotonic,72
1,0.9770128616288284,1.0,isotonic,72
1,0.6517916549940269,0.6166666666666667,isotonic,72
0,0.5314551566610362,0.484375,isotonic,72
0,0.5304697871731013,0.484375,isotonic,72
1,0.7402538216951082,0.8954248366013072,isotonic,72
1,0.8041353835137355,0.9230769230769231,isotonic,72
0,0.49031704579039265,0.484375,isotonic,72
0,0.19195847079793896,0.16279069767441862,isotonic,72
0,0.09024668319533852,0.10101010101010101,isotonic,72
1,0.7210234429836805,0.6568627450980392,isotonic,72
0,0.06925805861358345,0.031746031746031744,isotonic,72
1,0.7347095248912816,0.8181818181818182,isotonic,72
1,0.37706298245725534,0.19553072625698323,isotonic,72
1,0.9748092453725083,1.0,isotonic,72
1,0.35280315875499196,0.19553072625698323,isotonic,72
1,0.5273045744744376,0.484375,isotonic,72
1,0.8210176336410139,0.9444444444444444,isotonic,72
1,0.6952029634197445,0.6568627450980392,isotonic,72
0,0.17524574217769362,0.16279069767441862,isotonic,72
1,0.9997990916638484,1.0,isotonic,72
0,0.11336152909615417,0.1076923076923077,isotonic,72
0,0.047995925172901986,0.020134228187919462,isotonic,72
0,0.513553194499445,0.484375,isotonic,72
1,0.5522848074945186,0.484375,isotonic,72
1,0.16321246780550297,0.16279069767441862,isotonic,72
0,0.3493494051870508,0.19553072625698323,isotonic,72
0,0.14171617558464222,0.14102564102564102,isotonic,72
1,0.3742151331435981,0.19553072625698323,isotonic,72
1,0.7735524139490014,0.8954248366013072,isotonic,72
1,0.2239357069741512,0.19553072625698323,isotonic,72
0,0.17122618485578753,0.16279069767441862,isotonic,72
1,0.9961882505234294,1.0,isotonic,72
0,0.3694775749661538,0.19553072625698323,isotonic,72
1,0.9824897472423052,1.0,isotonic,72
0,0.08507855471342708,0.04081632653061224,isotonic,72
0,0.08405970450278377,0.04081632653061224,isotonic,72
0,0.5296919789082766,0.484375,isotonic,72
1,0.8211828964079635,0.9444444444444444,isotonic,72
0,0.2863917962956056,0.19553072625698323,isotonic,72
0,0.026206239033397576,0.020134228187919462,isotonic,72
0,0.11134704246626546,0.1076923076923077,isotonic,72
1,0.4290803004420748,0.41904761904761906,isotonic,72
1,0.9994959980549488,1.0,isotonic,72
0,0.27020801308246467,0.19553072625698323,isotonic,72
0,0.4673287973769176,0.41904761904761906,isotonic,72
1,0.9999533793144423,1.0,isotonic,72
0,0.09574199552071669,0.10101010101010101,isotonic,72
0,0.21044044199972228,0.16279069767441862,isotonic,72
1,0.5660918384883202,0.484375,isotonic,72
1,0.7402538216951082,0.8954248366013072,isotonic,72
1,0.17043577458081266,0.16279069767441862,isotonic,72
0,0.3124963983205682,0.19553072625698323,isotonic,72
1,0.3593521079184155,0.19553072625698323,isotonic,72
0,0.06797930040613921,0.031746031746031744,isotonic,72
1,0.1978445355268924,0.16279069767441862,isotonic,72
0,0.47053227993554836,0.41904761904761906,isotonic,72
0,0.6742149939217674,0.6568627450980392,isotonic,72
1,0.9744769421020343,1.0,isotonic,72
0,0.4895774560468314,0.484375,isotonic,72
1,0.2935223911513598,0.19553072625698323,isotonic,72
1,0.16943566992079223,0.16279069767441862,isotonic,72
1,0.9420519511320945,1.0,isotonic,72
0,0.21995836024226584,0.16279069767441862,isotonic,72
1,0.4695822628334095,0.41904761904761906,isotonic,72
1,0.7938194565272322,0.8954248366013072,isotonic,72
0,0.10632908599025102,0.10101010101010101,isotonic,72
0,0.3056781846831554,0.19553072625698323,isotonic,72
1,0.9999928051343693,1.0,isotonic,72
1,0.7656992097136235,0.8954248366013072,isotonic,72
1,0.6307697734721789,0.6166666666666667,isotonic,72
1,0.7391303156496773,0.8954248366013072,isotonic,72
1,0.4231543730426074,0.3434343434343434,isotonic,72
1,0.8927094726595539,1.0,isotonic,72
0,0.2987579930155843,0.19553072625698323,isotonic,72
0,0.5533497869423347,0.484375,isotonic,72
0,0.24401182151998865,0.19553072625698323,isotonic,72
0,0.05565347397567032,0.020134228187919462,isotonic,72
0,0.023776231014010316,0.020134228187919462,isotonic,72
1,0.8089795979862004,0.9230769230769231,isotonic,72
1,0.8369919249028073,0.9454545454545454,isotonic,72
1,0.7020997131837061,0.6568627450980392,isotonic,72
1,0.8753507172771672,1.0,isotonic,72
0,0.3027346649297161,0.19553072625698323,isotonic,72
1,0.9845707610794584,1.0,isotonic,72
0,0.12465941428900493,0.1076923076923077,isotonic,72
0,0.2083156500566144,0.16279069767441862,isotonic,72
0,0.24805558642823108,0.19553072625698323,isotonic,72
0,0.0406534449950214,0.020134228187919462,isotonic,72
1,0.9999980883403916,1.0,isotonic,72
0,0.07791999197291251,0.04081632653061224,isotonic,72
0,0.20922816098724362,0.16279069767441862,isotonic,72
0,0.28591350383711656,0.19553072625698323,isotonic,72
0,0.10668063201168913,0.10101010101010101,isotonic,72
0,0.11982604755079145,0.1076923076923077,isotonic,72
0,0.30216133678253837,0.19553072625698323,isotonic,72
1,0.8615375423914474,0.9454545454545454,isotonic,72
0,0.1719627039469203,0.16279069767441862,isotonic,72
1,0.970023532123952,1.0,isotonic,72
0,0.18440177845322583,0.16279069767441862,isotonic,72
0,0.034099894512265146,0.020134228187919462,isotonic,72
0,0.19134093080903053,0.16279069767441862,isotonic,72
1,0.4832028633353829,0.41904761904761906,isotonic,72
1,0.8780074878602105,1.0,isotonic,72
0,0.13845539717876415,0.14102564102564102,isotonic,72
0,0.0789994729857283,0.04081632653061224,isotonic,72
1,0.9991029748902929,1.0,isotonic,72
1,0.4097479702365649,0.3434343434343434,isotonic,72
1,0.9144547888997747,1.0,isotonic,72
0,0.20457815305079197,0.16279069767441862,isotonic,72
1,0.31643767261715067,0.19553072625698323,isotonic,72
0,0.06030593317042112,0.020134228187919462,isotonic,72
0,0.36847532482827045,0.19553072625698323,isotonic,72
1,0.6808278553525838,0.6568627450980392,isotonic,72
1,0.9988713995039725,1.0,isotonic,72
0,0.05792767069409548,0.020134228187919462,isotonic,72
1,0.9931530446751948,1.0,isotonic,72
0,0.0719254666150158,0.031746031746031744,isotonic,72
1,0.9946073744104834,1.0,isotonic,72
1,0.8306135509051673,0.9454545454545454,isotonic,72
0,0.1922142241605055,0.16279069767441862,isotonic,72
0,0.5483260037272416,0.484375,isotonic,72
0,0.06540193230848208,0.031746031746031744,isotonic,72
1,0.9988068212194862,1.0,isotonic,72
1,0.42660630926940235,0.3434343434343434,isotonic,72
1,0.9999998797943703,1.0,isotonic,72
0,0.530017350063779,0.484375,isotonic,72
0,0.18856191231510486,0.16279069767441862,isotonic,72
0,0.17143317665717842,0.16279069767441862,isotonic,72
1,0.7402538216951082,0.8954248366013072,isotonic,72
0,0.09943301822825022,0.10101010101010101,isotonic,72
1,0.6560296778141221,0.6166666666666667,isotonic,72
0,0.02471670288079328,0.020134228187919462,isotonic,72
0,0.11774699460343922,0.1076923076923077,isotonic,72
0,0.20254467335965895,0.16279069767441862,isotonic,72
1,0.7402538216951082,0.8954248366013072,isotonic,72
1,0.9401268181327939,1.0,isotonic,72
0,0.2688877002043542,0.19553072625698323,isotonic,72
0,0.2917205905676517,0.19553072625698323,isotonic,72
0,0.04199990581277369,0.020134228187919462,isotonic,72
1,0.4859666556151085,0.41904761904761906,isotonic,72
1,0.9841168826455892,1.0,isotonic,72
1,0.9973062756803435,1.0,isotonic,72
0,0.09107324935895567,0.10101010101010101,isotonic,72
1,0.1100361651042259,0.10101010101010101,isotonic,72
1,0.8997871709630604,1.0,isotonic,72
0,0.292240193608328,0.19553072625698323,isotonic,72
0,0.19888096011539833,0.16279069767441862,isotonic,72
0,0.37532167328037574,0.19553072625698323,isotonic,72
1,0.8995924033144719,1.0,isotonic,72
1,0.7132168766195676,0.6568627450980392,isotonic,72
0,0.4364790721906469,0.41904761904761906,isotonic,72
1,0.9434848000440026,1.0,isotonic,72
1,0.8179969274714611,0.9259917885087385,isotonic,72
0,0.19054448243885813,0.16279069767441862,isotonic,72
0,0.4498238724982923,0.41904761904761906,isotonic,72
1,0.9669524414405741,1.0,isotonic,72
0,0.3888447487020414,0.3434343434343434,isotonic,72
0,0.2251276329038684,0.19553072625698323,isotonic,72
1,0.8021272481351022,0.9230769230769231,isotonic,72
0,0.24280823030830506,0.19553072625698323,isotonic,72
0,0.10653096526163175,0.10101010101010101,isotonic,72
1,0.9999719748315451,1.0,isotonic,72
0,0.1637030980885864,0.16279069767441862,isotonic,72
1,0.9984552209451756,1.0,isotonic,72
1,0.9053911225487398,1.0,isotonic,72
0,0.07224697457644158,0.031746031746031744,isotonic,72
0,0.07296200768954397,0.031746031746031744,isotonic,72
1,0.3969175084119482,0.3434343434343434,isotonic,72
1,0.6861930697964925,0.6568627450980392,isotonic,72
0,0.1015664913536631,0.10101010101010101,isotonic,72
0,0.27204894963881804,0.19553072625698323,isotonic,72
0,0.31060380698936435,0.19553072625698323,isotonic,72
0,0.5409121795619837,0.484375,isotonic,72
1,0.9919234559170348,1.0,isotonic,72
1,0.4294406714054293,0.41904761904761906,isotonic,72
1,0.6550493840394508,0.6166666666666667,isotonic,72
1,0.9781928616457577,1.0,isotonic,72
1,0.9231169170795355,1.0,isotonic,72
1,0.5043373535055552,0.484375,isotonic,72
0,0.1669997127860282,0.16279069767441862,isotonic,72
0,0.16059540384965415,0.15,isotonic,72
0,0.06318162571167477,0.031746031746031744,isotonic,72
1,0.6391887182170688,0.6166666666666667,isotonic,72
0,0.8339014362917664,0.9454545454545454,isotonic,72
1,0.9995970944822269,1.0,isotonic,72
1,0.9066439265940854,1.0,isotonic,72
0,0.027197873036816665,0.020134228187919462,isotonic,72
1,0.41840685188471116,0.3434343434343434,isotonic,72
0,0.46397931552388577,0.41904761904761906,isotonic,72
1,0.8842334860384644,1.0,isotonic,72
0,0.18436798716337396,0.16279069767441862,isotonic,72
1,0.8232875755388485,0.9444444444444444,isotonic,72
0,0.15104215793301987,0.15,isotonic,72
0,0.20210838722893926,0.16279069767441862,isotonic,72
0,0.09013170398652902,0.10101010101010101,isotonic,72
0,0.2825706918312795,0.19553072625698323,isotonic,72
1,0.5088951861184443,0.484375,isotonic,72
0,0.5707075309750439,0.5,isotonic,72
1,0.9999679938592705,1.0,isotonic,72
1,0.773449295820844,0.8954248366013072,isotonic,72
1,0.8748364523123189,1.0,isotonic,72
0,0.4989066566302248,0.484375,isotonic,72
0,0.3577872155510559,0.19553072625698323,isotonic,72
1,0.7235898694278758,0.6638832393306368,isotonic,72
0,0.038324853915239515,0.020134228187919462,isotonic,72
0,0.0504586345218536,0.020134228187919462,isotonic,72
0,0.2922695601858547,0.19553072625698323,isotonic,72
0,0.44258284838736606,0.41904761904761906,isotonic,72
1,0.9524862256044678,1.0,isotonic,72
0,0.11133815695813074,0.1076923076923077,isotonic,72
1,0.3214342875574288,0.19553072625698323,isotonic,72
1,0.9999991879211876,1.0,isotonic,72
0,0.10747559138496807,0.10101010101010101,isotonic,72
0,0.6917236220154136,0.6568627450980392,isotonic,72
1,0.6585069420966101,0.6568627450980392,isotonic,72
0,0.568714856401006,0.484375,isotonic,72
0,0.3050446896344658,0.19553072625698323,isotonic,72
1,0.09521980785539226,0.10101010101010101,isotonic,72
1,0.23803482256125907,0.19553072625698323,isotonic,72
0,0.11375063222038866,0.1076923076923077,isotonic,72
1,0.9591826095179239,1.0,isotonic,72
0,0.30341526844222066,0.19553072625698323,isotonic,72
0,0.23109188469069936,0.19553072625698323,isotonic,72
0,0.13045411174447194,0.14102564102564102,isotonic,72
1,0.6119163194486714,0.6166666666666667,isotonic,72
0,0.2659116403875333,0.19553072625698323,isotonic,72
0,0.09809846494363965,0.10101010101010101,isotonic,72
1,0.9996426675211751,1.0,isotonic,72
0,0.35439326922616715,0.19553072625698323,isotonic,72
1,0.7609246214718133,0.8954248366013072,isotonic,72
0,0.06084612794553224,0.020134228187919462,isotonic,72
0,0.1604080824188588,0.15,isotonic,72
1,0.7402538216951082,0.8954248366013072,isotonic,72
1,0.7134062525741323,0.6568627450980392,isotonic,72
1,0.7129499362564803,0.6568627450980392,isotonic,72
1,0.8178404633327127,0.9250090940407744,isotonic,72
1,0.7402538216951082,0.8954248366013072,isotonic,72
1,0.966903099490245,1.0,isotonic,72
0,0.03615141303693992,0.020134228187919462,isotonic,72
0,0.35165677135957557,0.19553072625698323,isotonic,72
1,0.6311417698294576,0.6166666666666667,isotonic,72
0,0.3977031341648167,0.3434343434343434,isotonic,72
0,0.19502606895569613,0.16279069767441862,isotonic,72
1,0.9982071469605144,1.0,isotonic,72
1,0.18543679135221774,0.16279069767441862,isotonic,72
0,0.023428297410569746,0.020134228187919462,isotonic,72
0,0.10841769351218464,0.10101010101010101,isotonic,72
1,0.9999806573204273,1.0,isotonic,72
0,0.22154899168414777,0.19553072625698323,isotonic,72
1,0.34493980164711385,0.19553072625698323,isotonic,72
1,0.9904473453201112,1.0,isotonic,72
0,0.3507670136455752,0.19553072625698323,isotonic,72
0,0.22962321088273913,0.19553072625698323,isotonic,72
0,0.524942645102072,0.484375,isotonic,72
0,0.13696168590323846,0.14102564102564102,isotonic,72
0,0.25335093876950854,0.19553072625698323,isotonic,72
0,0.19062508458081176,0.16279069767441862,isotonic,72
0,0.21548866211638076,0.16279069767441862,isotonic,72
1,0.7402538216951082,0.8954248366013072,isotonic,72
1,0.7402538216951082,0.8954248366013072,isotonic,72
0,0.2247585816834002,0.19553072625698323,isotonic,72
1,0.36167209504713754,0.19553072625698323,isotonic,72
1,0.5774360498580096,0.5,isotonic,72
0,0.03422723614438383,0.020134228187919462,isotonic,72
1,0.8343531249818814,0.9454545454545454,isotonic,72
1,0.9644392238490218,1.0,isotonic,72
0,0.25554252258739013,0.19553072625698323,isotonic,72
0,0.13848324619093647,0.14102564102564102,isotonic,72
0,0.796614893108628,0.8954248366013072,isotonic,72
1,0.1246417978281667,0.1076923076923077,isotonic,72
0,0.05969285308001134,0.020134228187919462,isotonic,72
1,0.8474434469692622,0.9454545454545454,isotonic,72
1,0.4905927481318236,0.484375,isotonic,72
1,0.85564721903794,0.9454545454545454,isotonic,72
0,0.1052021852849945,0.10101010101010101,isotonic,72
1,0.5962532275725115,0.5454545454545454,isotonic,72
0,0.5585554890418424,0.484375,isotonic,72
0,0.15612345141590028,0.15,isotonic,72
0,0.3727598276808013,0.19553072625698323,isotonic,72
1,0.9036204139998909,1.0,isotonic,72
0,0.04016401864133609,0.020134228187919462,isotonic,72
1,0.4501842430540092,0.41904761904761906,isotonic,72
0,0.10318525912037217,0.10101010101010101,isotonic,72
1,0.9218091722006895,1.0,isotonic,72
1,0.9959663226664058,1.0,isotonic,72
1,0.913792635113502,1.0,isotonic,72
0,0.07790228999204818,0.04081632653061224,isotonic,72
1,0.918015611706443,1.0,isotonic,72
0,0.2634596748854653,0.19553072625698323,isotonic,72
0,0.4010519448272192,0.3434343434343434,isotonic,72
1,0.9701188270109063,1.0,isotonic,72
1,0.39499368217581754,0.3434343434343434,isotonic,72
1,0.9126747410336653,1.0,isotonic,72
1,0.1420322651548207,0.14102564102564102,isotonic,72
0,0.13390002171604526,0.14102564102564102,isotonic,72
1,0.5846747528561806,0.5,isotonic,72
0,0.3839317052801863,0.3434343434343434,isotonic,72
1,0.9999025120690411,1.0,isotonic,72
1,0.16803949697456277,0.16279069767441862,isotonic,72
0,0.2104702967377625,0.16279069767441862,isotonic,72
1,0.4994975850897967,0.484375,isotonic,72
0,0.7880452812154447,0.8954248366013072,isotonic,72
1,0.20477785814077362,0.16279069767441862,isotonic,72
1,0.15462966944723314,0.15,isotonic,72
0,0.07148319634612492,0.031746031746031744,isotonic,72
1,0.5924597922734508,0.5454545454545454,isotonic,72
0,0.09655477486825292,0.10101010101010101,isotonic,72
1,0.3581611249334788,0.19553072625698323,isotonic,72
1,0.7077252719359738,0.6568627450980392,isotonic,72
1,0.5790315783085532,0.5,isotonic,72
1,0.7408597499415699,0.8954248366013072,isotonic,72
0,0.14163887597532518,0.14102564102564102,isotonic,72
0,0.17972005916390832,0.16279069767441862,isotonic,72
0,0.37715282451969157,0.19553072625698323,isotonic,72
1,0.5908851269784723,0.5454545454545454,isotonic,72
1,0.9987936987779552,1.0,isotonic,72
0,0.5220704711058605,0.484375,isotonic,72
0,0.08716254895383116,0.10101010101010101,isotonic,72
0,0.14076078853407464,0.14102564102564102,isotonic,72
0,0.40941118051099895,0.3434343434343434,isotonic,72
0,0.06264026772442963,0.031746031746031744,isotonic,72
1,0.8316932623555506,0.9454545454545454,isotonic,72
0,0.03073636767960488,0.020134228187919462,isotonic,72
1,0.08207569262305045,0.04081632653061224,isotonic,72
1,0.9989732538739529,1.0,isotonic,72
0,0.23618030194061923,0.19553072625698323,isotonic,72
1,0.99974507066076,1.0,isotonic,72
0,0.4923281559784939,0.484375,isotonic,72
0,0.41418725220566893,0.3434343434343434,isotonic,72
1,0.9999999997890145,1.0,isotonic,72
0,0.08386625411442515,0.04081632653061224,isotonic,72
1,0.7402538216951082,0.8954248366013072,isotonic,72
0,0.20721728262827552,0.16279069767441862,isotonic,72
0,0.11859229741557108,0.1076923076923077,isotonic,72
0,0.08953351129711003,0.10101010101010101,isotonic,72
0,0.12965239226320713,0.14102564102564102,isotonic,72
0,0.21894276979833951,0.16279069767441862,isotonic,72
0,0.06618505779882007,0.031746031746031744,isotonic,72
0,0.47617129092361254,0.41904761904761906,isotonic,72
0,0.30719719901772297,0.19553072625698323,isotonic,72
1,0.991119875874519,1.0,isotonic,72
0,0.266568272252268,0.19553072625698323,isotonic,72
1,0.9998811866532171,1.0,isotonic,72
0,0.2609494397580311,0.19553072625698323,isotonic,72
0,0.11047752292770235,0.10101010101010101,isotonic,72
1,0.9605887182416215,1.0,isotonic,72
0,0.26378943174870684,0.19553072625698323,isotonic,72
1,0.3840454086783736,0.3434343434343434,isotonic,72
0,0.21842678886627123,0.16279069767441862,isotonic,72
0,0.0668235407331328,0.031746031746031744,isotonic,72
1,0.13056862724462417,0.14102564102564102,isotonic,72
1,0.7500094585736963,0.8954248366013072,isotonic,72
1,0.6189163092931007,0.6166666666666667,isotonic,72
1,0.9707679643852193,1.0,isotonic,72
0,0.18195256436557283,0.16279069767441862,isotonic,72
1,0.07861547579399977,0.04081632653061224,isotonic,72
1,0.934928702949061,1.0,isotonic,72
1,0.6320273675054658,0.6166666666666667,isotonic,72
0,0.18417363779792226,0.16279069767441862,isotonic,72
1,0.8896018462597048,1.0,isotonic,72
0,0.08492659968154119,0.04081632653061224,isotonic,72
1,0.8946786184791201,1.0,isotonic,72
1,0.4451952073730755,0.41904761904761906,isotonic,72
1,0.8207093991838953,0.9430278388627633,isotonic,72
0,0.0883004795452958,0.10101010101010101,isotonic,72
1,0.050046577427439676,0.020134228187919462,isotonic,72
0,0.4899392907271614,0.484375,isotonic,72
0,0.10185777176953359,0.10101010101010101,isotonic,72
0,0.39040800278266496,0.3434343434343434,isotonic,72
0,0.25134592744204465,0.19553072625698323,isotonic,72
0,0.26553078690914717,0.19553072625698323,isotonic,72
0,0.02194194970222662,0.020134228187919462,isotonic,72
0,0.08870990164189262,0.10101010101010101,isotonic,72
0,0.23380817630006237,0.19553072625698323,isotonic,72
1,0.5787429192152452,0.5,isotonic,72
1,0.9021271245695843,1.0,isotonic,72
0,0.39628182853168203,0.3434343434343434,isotonic,72
1,0.37034124901166626,0.19553072625698323,isotonic,72
1,0.3108070814177689,0.19553072625698323,isotonic,72
0,0.4918344468579034,0.484375,isotonic,72
0,0.31647179323248936,0.19553072625698323,isotonic,72
1,0.8155207791510817,0.9230769230769231,isotonic,72
0,0.40117626847095544,0.3434343434343434,isotonic,72
0,0.48856356566242864,0.484375,isotonic,72
1,0.5142298948337817,0.484375,isotonic,72
1,0.9500118277368623,1.0,isotonic,72
0,0.053284248507883596,0.020134228187919462,isotonic,72
1,0.35365971138188074,0.19553072625698323,isotonic,72
0,0.6805023062474606,0.6568627450980392,isotonic,72
0,0.03168914141273281,0.020134228187919462,isotonic,72
1,0.974666214494825,1.0,isotonic,72
0,0.3694297495336706,0.19553072625698323,isotonic,72
1,0.6607522827740547,0.6568627450980392,isotonic,72
1,0.6176890952903679,0.6166666666666667,isotonic,72
0,0.10292415252942075,0.10101010101010101,isotonic,72
0,0.36078957102703,0.19553072625698323,isotonic,72
1,0.9973967439855804,1.0,isotonic,72
1,0.39727299118649356,0.3434343434343434,isotonic,72
0,0.41866100448730115,0.3434343434343434,isotonic,72
0,0.08966652949926071,0.10101010101010101,isotonic,72
0,0.035254849424310904,0.020134228187919462,isotonic,72
1,0.5187691134486867,0.484375,isotonic,72
0,0.10680230624499179,0.10101010101010101,isotonic,72
0,0.2987408897551679,0.19553072625698323,isotonic,72
1,0.713652748533528,0.6568627450980392,isotonic,72
0,0.06988344037206141,0.031746031746031744,isotonic,72
1,0.210400943826217,0.16279069767441862,isotonic,72
0,0.07480960808004648,0.031746031746031744,isotonic,72
1,0.755533879873105,0.8954248366013072,isotonic,72
1,0.9866807072149307,1.0,isotonic,72
1,0.9284541323202733,1.0,isotonic,72
1,0.7402538216951082,0.8954248366013072,isotonic,72
1,0.7824448506876657,0.8954248366013072,isotonic,72
0,0.625070424007499,0.6166666666666667,isotonic,72
0,0.06185699506422953,0.031746031746031744,isotonic,72
0,0.06898229702012341,0.031746031746031744,isotonic,72
1,0.7402538216951082,0.8954248366013072,isotonic,72
0,0.3140694496068793,0.19553072625698323,isotonic,72
1,0.9941640608528737,1.0,isotonic,72
0,0.6508898537617714,0.6166666666666667,isotonic,72
1,0.1899158714767934,0.16279069767441862,isotonic,72
0,0.14056111060463244,0.14102564102564102,isotonic,72
1,0.9051463887443636,1.0,isotonic,72
0,0.310121757364291,0.19553072625698323,isotonic,72
1,0.9992001255588505,1.0,isotonic,72
1,0.8839425344553864,1.0,isotonic,72
1,0.999999934591372,1.0,isotonic,72
1,0.42380177328000385,0.3434343434343434,isotonic,72
1,0.9883917030265301,1.0,isotonic,72
1,0.2551857114085006,0.19553072625698323,isotonic,72
0,0.06588436676784323,0.031746031746031744,isotonic,72
1,0.3402483414713724,0.19553072625698323,isotonic,72
0,0.4394680029580136,0.41904761904761906,isotonic,72
0,0.7244533972250224,0.7692307692307693,isotonic,72
0,0.18014134981469163,0.16279069767441862,isotonic,72
0,0.5527594664162324,0.484375,isotonic,72
1,0.60095440177643,0.6,isotonic,72
0,0.25159754526426126,0.19553072625698323,isotonic,72
1,0.9999999997798985,1.0,isotonic,72
0,0.2771501252834155,0.19553072625698323,isotonic,72
0,0.3591806274705262,0.19553072625698323,isotonic,72
0,0.6062651226817225,0.6,isotonic,72
0,0.3347366714406929,0.19553072625698323,isotonic,72
0,0.7027906691785274,0.6568627450980392,isotonic,72
1,0.9913150841999636,1.0,isotonic,72
0,0.755530265646724,0.8954248366013072,isotonic,72
0,0.4826803820427818,0.41904761904761906,isotonic,72
1,0.8383805801527252,0.9454545454545454,isotonic,72
1,0.8922245473749432,1.0,isotonic,72
0,0.1385690654381959,0.14102564102564102,isotonic,72
0,0.09159308129220865,0.10101010101010101,isotonic,72
0,0.06082927731777316,0.020134228187919462,isotonic,72
1,0.37173322902627276,0.19553072625698323,isotonic,72
1,0.828805470837521,0.9449006193978414,isotonic,72
0,0.22680346828740672,0.19553072625698323,isotonic,72
1,0.5450928194837211,0.484375,isotonic,72
0,0.14657505742408436,0.14102564102564102,isotonic,72
0,0.0625968659003213,0.031746031746031744,isotonic,72
1,0.9797598897337139,1.0,isotonic,72
1,0.8469735757165872,0.9454545454545454,isotonic,72
1,0.9765675067173288,1.0,isotonic,72
0,0.902546718662979,1.0,isotonic,72
0,0.06376119556388667,0.031746031746031744,isotonic,72
1,0.9769520698484879,1.0,isotonic,72
0,0.36241414022166296,0.19553072625698323,isotonic,72
1,0.7402538216951082,0.8954248366013072,isotonic,72
1,0.7793997923674463,0.8954248366013072,isotonic,72
0,0.26259611164418,0.19553072625698323,isotonic,72
0,0.17175660601732728,0.16279069767441862,isotonic,72
0,0.5082273124286427,0.484375,isotonic,72
1,0.6297361028433243,0.6166666666666667,isotonic,72
1,0.9843686347162726,1.0,isotonic,72
0,0.08096445956934749,0.04081632653061224,isotonic,72
0,0.4265765445165931,0.3434343434343434,isotonic,72
1,0.3460143980027572,0.19553072625698323,isotonic,72
0,0.12567716473316196,0.1076923076923077,isotonic,72
1,0.9506111549507319,1.0,isotonic,72
1,0.1283523102533576,0.14102564102564102,isotonic,72
1,0.27263780608491045,0.19553072625698323,isotonic,72
0,0.2910961663321671,0.19553072625698323,isotonic,72
1,0.9721447182940821,1.0,isotonic,72
0,0.09423103740660652,0.10101010101010101,isotonic,72
0,0.41207990815938284,0.3434343434343434,isotonic,72
0,0.06239406409128129,0.031746031746031744,isotonic,72
1,0.999993160459222,1.0,isotonic,72
0,0.7414354103721592,0.8954248366013072,isotonic,72
0,0.14861987268681198,0.15,isotonic,72
0,0.24358423433946214,0.19553072625698323,isotonic,72
1,0.9945603894508084,1.0,isotonic,72
1,0.9582962997962221,1.0,isotonic,72
0,0.08894742110612994,0.10101010101010101,isotonic,72
1,0.9999989821099977,1.0,isotonic,72
0,0.05101064287178906,0.020134228187919462,isotonic,72
1,0.1807381579689374,0.16279069767441862,isotonic,72
0,0.29949389960539224,0.19553072625698323,isotonic,72
1,0.9999550692858985,1.0,isotonic,72
0,0.3076803246722976,0.19553072625698323,isotonic,72
0,0.11214961866173276,0.1076923076923077,isotonic,72
0,0.3198936447328852,0.19553072625698323,isotonic,72
0,0.46066923449557723,0.41904761904761906,isotonic,72
0,0.48464503162309314,0.41904761904761906,isotonic,72
1,0.581898480412097,0.5,isotonic,72
1,0.9715731895330685,1.0,isotonic,72
0,0.245446397839716,0.19553072625698323,isotonic,72
1,0.17685596051787247,0.16279069767441862,isotonic,72
0,0.34900609975512525,0.19553072625698323,isotonic,72
1,0.8979558392768405,1.0,isotonic,72
0,0.7325956206129113,0.8181818181818182,isotonic,72
1,0.9900829498691757,1.0,isotonic,72
1,0.6430180089756762,0.6166666666666667,isotonic,72
0,0.2399296785596254,0.19553072625698323,isotonic,72
1,0.6147321203678247,0.6166666666666667,isotonic,72
0,0.1588982686762205,0.15,isotonic,72
0,0.1447383076019665,0.14102564102564102,isotonic,72
1,0.8601191302885887,0.9454545454545454,isotonic,72
1,0.9513478520560733,1.0,isotonic,72
0,0.10085766779551596,0.10101010101010101,isotonic,72
0,0.09498687159901176,0.10101010101010101,isotonic,72
0,0.13876998706534782,0.14102564102564102,isotonic,72
1,0.6804279824477042,0.6568627450980392,isotonic,72
1,0.9993579329450775,1.0,isotonic,72
0,0.2855611725060509,0.19553072625698323,isotonic,72
0,0.08879244607838373,0.10101010101010101,isotonic,72
1,0.9102046212642005,1.0,isotonic,72
1,0.7402538216951082,0.8954248366013072,isotonic,72
1,0.6578331781693869,0.6568627450980392,isotonic,72
0,0.2768203183583611,0.19553072625698323,isotonic,72
0,0.03819350706741228,0.020134228187919462,isotonic,72
0,0.1424475709614545,0.14102564102564102,isotonic,72
0,0.20000545585451854,0.16279069767441862,isotonic,72
1,0.400796183625184,0.3434343434343434,isotonic,72
1,0.9721762290810664,1.0,isotonic,72
1,0.9768783986605588,1.0,isotonic,72
1,0.5418679126088,0.484375,isotonic,72
0,0.39723636770113013,0.3434343434343434,isotonic,72
0,0.06336985984520173,0.031746031746031744,isotonic,72
1,0.9974589919561075,1.0,isotonic,72
0,0.3963441534590938,0.3434343434343434,isotonic,72
1,0.2870880726633651,0.19553072625698323,isotonic,72
1,0.9968134125594135,1.0,isotonic,72
1,0.06821914731887423,0.031746031746031744,isotonic,72
1,0.9971464301473832,1.0,isotonic,72
1,0.27933256762547826,0.19553072625698323,isotonic,72
1,0.9758558068348818,1.0,isotonic,72
0,0.06154729903017869,0.02102104700219121,isotonic,72
0,0.15343760044222507,0.15,isotonic,72
0,0.11449479582079064,0.1076923076923077,isotonic,72
1,0.4940165393278875,0.484375,isotonic,72
1,0.9999616994550556,1.0,isotonic,72
0,0.18595234196841318,0.16279069767441862,isotonic,72
1,0.18143843253811467,0.16279069767441862,isotonic,72
1,0.9379531666312524,1.0,isotonic,72
0,0.47892866538477563,0.41904761904761906,isotonic,72
0,0.17871071521916085,0.16279069767441862,isotonic,72
1,0.9957423198794604,1.0,isotonic,72
1,0.999365300700599,1.0,isotonic,72
0,0.08341307149928465,0.04081632653061224,isotonic,72
1,0.5562539597689343,0.484375,isotonic,72
1,0.8831550938715154,1.0,isotonic,72
0,0.12384040263449898,0.1076923076923077,isotonic,72
1,0.48592566201367865,0.41904761904761906,isotonic,72
0,0.18439116684055037,0.16279069767441862,isotonic,72
0,0.47409302395389397,0.41904761904761906,isotonic,72
0,0.3888314679985816,0.3434343434343434,isotonic,72
1,0.9150460432432292,1.0,isotonic,72
1,0.7987485959659715,0.9230769230769231,isotonic,72
0,0.6341069083802584,0.6166666666666667,isotonic,72
1,0.9602316329923071,1.0,isotonic,72
0,0.22913991960535574,0.19553072625698323,isotonic,72
0,0.7427580066207107,0.8954248366013072,isotonic,72
1,0.999661646563317,1.0,isotonic,72
1,0.8424057385073844,0.9454545454545454,isotonic,72
1,0.9613576962198799,1.0,isotonic,72
1,0.9990927287165537,1.0,isotonic,72
1,0.6671174134776776,0.6568627450980392,isotonic,72
1,0.7708865019485046,0.8954248366013072,isotonic,72
1,0.9795579991199341,1.0,isotonic,72
1,0.7402538216951082,0.8954248366013072,isotonic,72
1,0.8785238661079456,1.0,isotonic,72
1,0.4382942897077274,0.41904761904761906,isotonic,72
0,0.21018117428422864,0.16279069767441862,isotonic,72
0,0.39717474052046586,0.3434343434343434,isotonic,72
1,0.9997344912268994,1.0,isotonic,72
0,0.3246375567562217,0.19553072625698323,isotonic,72
1,0.9510742174272404,1.0,isotonic,72
0,0.49031785323625937,0.484375,isotonic,72
1,0.6630405666363739,0.6568627450980392,isotonic,72
1,0.8114814290828956,0.9230769230769231,isotonic,72
0,0.17700417968795606,0.16279069767441862,isotonic,72
1,0.999212668336002,1.0,isotonic,72
1,0.9781908960757392,1.0,isotonic,72
0,0.05602957773255803,0.020134228187919462,isotonic,72
0,0.73354766198363,0.8181818181818182,isotonic,72
1,0.760701316431585,0.8954248366013072,isotonic,72
0,0.3210845743319724,0.19553072625698323,isotonic,72
0,0.1943589034478558,0.16279069767441862,isotonic,72
1,0.9969679479879939,1.0,isotonic,72
1,0.989439706399401,1.0,isotonic,72
0,0.18294791134625296,0.16279069767441862,isotonic,72
1,0.5793171996880209,0.5,isotonic,72
1,0.38722173058132153,0.3434343434343434,isotonic,72
1,0.9510561444689013,1.0,isotonic,72
0,0.3014831700319857,0.19553072625698323,isotonic,72
0,0.2997352962945732,0.19553072625698323,isotonic,72
0,0.05258493544270165,0.020134228187919462,isotonic,72
1,0.8803240129371652,1.0,isotonic,72
1,0.6628384521520921,0.6568627450980392,isotonic,72
1,0.9925308262462648,1.0,isotonic,72
0,0.08902696246109362,0.10101010101010101,isotonic,72
0,0.6353773861489161,0.6166666666666667,isotonic,72
0,0.22061620000288384,0.19553072625698323,isotonic,72
1,0.9999954376448061,1.0,isotonic,72
0,0.15724238307259253,0.15,isotonic,72
0,0.14394693619587026,0.14102564102564102,isotonic,72
1,0.5749724748721413,0.5,isotonic,72
0,0.0761481217994906,0.037734501350552264,isotonic,72
0,0.3238844364943257,0.19553072625698323,isotonic,72
0,0.15508052588291585,0.15,isotonic,72
1,0.5223986202887201,0.484375,isotonic,72
0,0.08062186997360953,0.04081632653061224,isotonic,72
1,0.9147986007662767,1.0,isotonic,72
0,0.18951411039844748,0.16279069767441862,isotonic,72
0,0.16502535765667195,0.16279069767441862,isotonic,72
0,0.17117235932800656,0.16279069767441862,isotonic,72
1,0.7402538216951082,0.8954248366013072,isotonic,72
1,0.9999999972045668,1.0,isotonic,72
1,0.9079370323416589,1.0,isotonic,72
0,0.18102605050882503,0.16279069767441862,isotonic,72
0,0.031408491845471884,0.020134228187919462,isotonic,72
0,0.44322056776493557,0.41904761904761906,isotonic,72
0,0.07804140809552243,0.04081632653061224,isotonic,72
0,0.517461129244851,0.484375,isotonic,72
1,0.05455900976715701,0.020134228187919462,isotonic,72
1,0.9975780187506456,1.0,isotonic,72
0,0.2536190954885027,0.19553072625698323,isotonic,72
1,0.48466474910343726,0.41904761904761906,isotonic,72
0,0.23005895376620075,0.19553072625698323,isotonic,72
1,0.77920566060401,0.8954248366013072,isotonic,72
0,0.061404522040077375,0.020134228187919462,isotonic,72
1,0.585177626188431,0.5,isotonic,72
0,0.08441503802192758,0.04081632653061224,isotonic,72
0,0.7118728927451221,0.6568627450980392,isotonic,72
0,0.22344867327226034,0.19553072625698323,isotonic,72
0,0.10745912906864453,0.10101010101010101,isotonic,72
0,0.4222709515983616,0.3434343434343434,isotonic,72
1,0.29044017139906697,0.19553072625698323,isotonic,72
1,0.5722525687010105,0.5,isotonic,72
1,0.9996680977950233,1.0,isotonic,72
0,0.12496106328893726,0.1076923076923077,isotonic,72
1,0.3838257289840828,0.3434343434343434,isotonic,72
1,0.5446851526330505,0.484375,isotonic,72
1,0.9959004318721203,1.0,isotonic,72
1,0.7453837873277736,0.8954248366013072,isotonic,72
0,0.2524530204422727,0.19553072625698323,isotonic,72
1,0.7402538216951082,0.8954248366013072,isotonic,72
0,0.05914488362404686,0.020134228187919462,isotonic,72
1,0.4905795744020865,0.484375,isotonic,72
1,0.6835690079086222,0.6568627450980392,isotonic,72
1,0.7102261236016403,0.6568627450980392,isotonic,72
0,0.4323582996947779,0.41904761904761906,isotonic,72
0,0.1105240015032196,0.10101010101010101,isotonic,72
1,0.7402538216951082,0.8954248366013072,isotonic,72
0,0.03183381611177636,0.020134228187919462,isotonic,72
1,0.47547261890753345,0.41904761904761906,isotonic,72
0,0.3219267189046955,0.19553072625698323,isotonic,72
0,0.10244597746228884,0.10101010101010101,isotonic,72
0,0.6865301174347346,0.6568627450980392,isotonic,72
1,0.9913913661251972,1.0,isotonic,72
1,0.7985974401161104,0.9230769230769231,isotonic,72
1,0.9982066535692616,1.0,isotonic,72
1,0.9998635983021763,1.0,isotonic,72
1,0.5252769794503902,0.484375,isotonic,72
0,0.43583502843695193,0.41904761904761906,isotonic,72
1,0.9006662948237051,1.0,isotonic,72
1,0.7760139387652306,0.8954248366013072,isotonic,72
1,0.7402538216951082,0.8954248366013072,isotonic,72
1,0.9054426462977726,1.0,isotonic,72
0,0.4439260556450202,0.41904761904761906,isotonic,72
1,0.9937312439663825,1.0,isotonic,72
1,0.7402538216951082,0.8954248366013072,isotonic,72
0,0.48285006906389616,0.41904761904761906,isotonic,72
1,0.9999611037987888,1.0,isotonic,72
0,0.5434581324737449,0.484375,isotonic,72
0,0.021538113628510748,0.020134228187919462,isotonic,72
1,0.37580225131259887,0.19553072625698323,isotonic,72
0,0.46637429518705337,0.41904761904761906,isotonic,72
0,0.5859077980530949,0.5,isotonic,72
1,0.7542089048513813,0.8954248366013072,isotonic,72
0,0.20853426499647845,0.16279069767441862,isotonic,72
0,0.5235923040707052,0.484375,isotonic,72
1,0.8953356979696668,1.0,isotonic,72
1,0.6834090329740423,0.6568627450980392,isotonic,72
0,0.3854794931909019,0.3434343434343434,isotonic,72
1,0.993338201291334,1.0,isotonic,72
1,0.19446883798246065,0.16279069767441862,isotonic,72
0,0.12018965513056976,0.1076923076923077,isotonic,72
1,0.6108662432871323,0.6085669754000693,isotonic,72
1,0.5921042587374746,0.5454545454545454,isotonic,72
1,0.9817726132304782,1.0,isotonic,72
1,0.9972086483734695,1.0,isotonic,72
0,0.18637050126166713,0.16279069767441862,isotonic,72
1,0.9999998718132661,1.0,isotonic,72
1,0.7402538216951082,0.8954248366013072,isotonic,72
1,0.9945036620064406,1.0,isotonic,72
0,0.2571488908812233,0.19553072625698323,isotonic,72
0,0.12700699585050415,0.14102564102564102,isotonic,72
0,0.28587925171712025,0.19553072625698323,isotonic,72
1,0.9594361881609552,1.0,isotonic,72
0,0.36292928655390705,0.19553072625698323,isotonic,72
0,0.12345639114240863,0.1076923076923077,isotonic,72
1,0.8343679515234346,0.9454545454545454,isotonic,72
1,0.2974906234335069,0.19553072625698323,isotonic,72
1,0.7402538216951082,0.8954248366013072,isotonic,72
0,0.3770877049375037,0.19553072625698323,isotonic,72
1,0.649603634504283,0.6166666666666667,isotonic,72
0,0.07926165627513647,0.04081632653061224,isotonic,72
0,0.39952121970587956,0.3434343434343434,isotonic,72
0,0.04263326888624988,0.020134228187919462,isotonic,72
1,0.9241269518446542,1.0,isotonic,72
1,0.9233920205935897,1.0,isotonic,72
0,0.267127271947702,0.19553072625698323,isotonic,72
1,0.9426165626589057,1.0,isotonic,72
1,0.7183372117118636,0.6568627450980392,isotonic,72
1,0.7402538216951082,0.8954248366013072,isotonic,72
1,0.9950511461119365,1.0,isotonic,72
1,0.7402538216951082,0.8954248366013072,isotonic,72
0,0.24663767069998568,0.19553072625698323,isotonic,72
0,0.014598757175736082,0.0,isotonic,72
0,0.10513346202130285,0.10101010101010101,isotonic,72
1,0.4704271979560944,0.41904761904761906,isotonic,72
1,0.9999567879980031,1.0,isotonic,72
1,0.9774964466343838,1.0,isotonic,72
0,0.8096510133157878,0.9230769230769231,isotonic,72
1,0.999591649590028,1.0,isotonic,72
0,0.11179880764807168,0.1076923076923077,isotonic,72
1,0.8822204715759489,1.0,isotonic,72
0,0.2615988340147246,0.19553072625698323,isotonic,72
1,0.8666945633522001,1.0,isotonic,72
1,0.7402538216951082,0.8954248366013072,isotonic,72
0,0.0923957934804245,0.10101010101010101,isotonic,72
0,0.5819930622147286,0.5,isotonic,72
1,0.3282975589399528,0.19553072625698323,isotonic,72
1,0.9440015783196907,1.0,isotonic,72
0,0.12010582434387869,0.1076923076923077,isotonic,72
1,0.9978536754358082,1.0,isotonic,72
0,0.17362768538909776,0.16279069767441862,isotonic,72
0,0.17384571185270423,0.16279069767441862,isotonic,72
0,0.16781593419601543,0.16279069767441862,isotonic,72
0,0.38246119901891446,0.3434343434343434,isotonic,72
1,0.28171777810238835,0.19553072625698323,isotonic,72
0,0.38440767710023416,0.3434343434343434,isotonic,72
1,0.28146277677226367,0.19553072625698323,isotonic,72
1,0.7402538216951082,0.8954248366013072,isotonic,72
0,0.6405560420178102,0.6166666666666667,isotonic,72
0,0.08818535890922952,0.10101010101010101,isotonic,72
0,0.26969980776211955,0.19553072625698323,isotonic,72
0,0.22789367464197532,0.19553072625698323,isotonic,72
0,0.37847532270722756,0.3333333333333333,isotonic,72
1,0.27564338640702274,0.19553072625698323,isotonic,72
0,0.246384311465379,0.19553072625698323,isotonic,72
1,0.48129116545573275,0.41904761904761906,isotonic,72
0,0.04569179507721018,0.020134228187919462,isotonic,72
0,0.04898606683812769,0.020134228187919462,isotonic,72
0,0.06453096926571986,0.031746031746031744,isotonic,72
0,0.40129841704732233,0.3434343434343434,isotonic,72
1,0.9066588956006196,1.0,isotonic,72
1,0.1552323036552362,0.15,isotonic,72
0,0.07178021077520552,0.031746031746031744,isotonic,72
0,0.10896174031438025,0.10101010101010101,isotonic,72
0,0.4287001693768851,0.41904761904761906,isotonic,72
1,0.967628810311175,1.0,isotonic,72
0,0.6298312416098989,0.6166666666666667,isotonic,72
0,0.2800114678932023,0.19553072625698323,isotonic,72
1,0.9919740826616967,1.0,isotonic,72
1,0.22432979641342835,0.19553072625698323,isotonic,72
0,0.22583502228623373,0.19553072625698323,isotonic,72
0,0.13386601914807442,0.14102564102564102,isotonic,72
0,0.1597098696110718,0.15,isotonic,72
1,0.9711340147238053,1.0,isotonic,72
0,0.12855630226463527,0.14102564102564102,isotonic,72
1,0.8538944790649993,0.9454545454545454,isotonic,72
1,0.6787143118397453,0.6568627450980392,isotonic,72
1,0.3274561576226107,0.19553072625698323,isotonic,72
1,0.7428216593448659,0.8954248366013072,isotonic,72
1,0.791558529023754,0.8954248366013072,isotonic,72
1,0.9999999260372848,1.0,isotonic,72
0,0.19108075238296987,0.16279069767441862,isotonic,72
0,0.19874606691600818,0.16279069767441862,isotonic,72
1,0.09447499659340289,0.10101010101010101,isotonic,72
1,0.9386081578482934,1.0,isotonic,72
1,0.999999998769916,1.0,isotonic,72
0,0.2612233291904446,0.19553072625698323,isotonic,72
1,0.8868959777833444,1.0,isotonic,72
0,0.02327078746793307,0.020134228187919462,isotonic,72
1,0.8582112165994645,0.9454545454545454,isotonic,72
1,0.8998935017918471,1.0,isotonic,72
1,0.6152576326381834,0.6166666666666667,isotonic,72
1,0.7402538216951082,0.8954248366013072,isotonic,72
0,0.2094489125846013,0.16279069767441862,isotonic,72
0,0.21174662762446747,0.16279069767441862,isotonic,72
1,0.9697512501423177,1.0,isotonic,72
1,0.6485164030492,0.6166666666666667,isotonic,72
1,0.22620739304756607,0.19553072625698323,isotonic,72
1,0.7402538216951082,0.8954248366013072,isotonic,72
1,0.6709510457845071,0.6568627450980392,isotonic,72
1,0.9999999590454173,1.0,isotonic,72
0,0.14947400066568403,0.15,isotonic,72
1,0.8707530956062168,1.0,isotonic,72
0,0.05842091172879529,0.020134228187919462,isotonic,72
0,0.14363528855452248,0.14102564102564102,isotonic,72
0,0.16005931103129964,0.15,isotonic,72
0,0.3162210393424945,0.19553072625698323,isotonic,72
1,0.9656672740951824,1.0,isotonic,72
1,0.9999999999999962,1.0,isotonic,72
1,0.6945097598749915,0.6568627450980392,isotonic,72
1,0.7040625035904575,0.6568627450980392,isotonic,72
1,0.16315655361036063,0.16279069767441862,isotonic,72
0,0.49150420215372703,0.484375,isotonic,72
1,0.934481260605758,1.0,isotonic,72
0,0.10932295597318085,0.10101010101010101,isotonic,72
1,0.3332805896628562,0.19553072625698323,isotonic,72
0,0.6724662951418054,0.6568627450980392,isotonic,72
1,0.7940074124097475,0.8954248366013072,isotonic,72
0,0.1609046094563569,0.15,isotonic,72
1,0.6939107955374886,0.6568627450980392,isotonic,72
0,0.05188908849769785,0.020134228187919462,isotonic,72
1,0.12764882973049385,0.14102564102564102,isotonic,72
0,0.16256020250137232,0.16279069767441862,isotonic,72
1,0.8622584677702894,0.9454545454545454,isotonic,72
0,0.13501301479855787,0.14102564102564102,isotonic,72
1,0.97859021693483,1.0,isotonic,72
0,0.25687357507102565,0.19553072625698323,isotonic,72
1,0.9998750560177253,1.0,isotonic,72
1,0.9344271356582172,1.0,isotonic,72
1,0.9998170181007903,1.0,isotonic,72
1,0.5269431149688882,0.484375,isotonic,72
0,0.26415241012836066,0.19553072625698323,isotonic,72
0,0.3081299546783733,0.19553072625698323,isotonic,72
1,0.6064959199972271,0.6,isotonic,72
0,0.07824443421388153,0.04081632653061224,isotonic,72
1,0.9465371562020212,1.0,isotonic,72
0,0.6821543890784094,0.6568627450980392,isotonic,72
1,0.7753846948014316,0.8954248366013072,isotonic,72
0,0.033982105717382305,0.020134228187919462,isotonic,72
1,0.6486517333509186,0.6166666666666667,isotonic,72
0,0.4459510306829025,0.41904761904761906,isotonic,72
0,0.11499316918618638,0.1076923076923077,isotonic,72
1,0.0864934272503748,0.06293923274299416,isotonic,72
1,0.9990124342283704,1.0,isotonic,72
0,0.19928426812799302,0.16279069767441862,isotonic,72
1,0.06756554667190869,0.031746031746031744,isotonic,72
1,0.7402538216951082,0.8954248366013072,isotonic,72
1,0.6146754811588344,0.6166666666666667,isotonic,72
1,0.995547474979168,1.0,isotonic,72
0,0.21105966254084088,0.16279069767441862,isotonic,72
0,0.23848405323307745,0.19553072625698323,isotonic,72
1,0.7402538216951082,0.8954248366013072,isotonic,72
1,0.998908364223173,1.0,isotonic,72
1,0.9833632027866746,1.0,isotonic,72
1,0.7402538216951082,0.8954248366013072,isotonic,72
1,0.8456039975735082,0.9454545454545454,isotonic,72
0,0.24225176917130525,0.19553072625698323,isotonic,72
0,0.280998321520612,0.19553072625698323,isotonic,72
0,0.25943602158472745,0.19553072625698323,isotonic,72
1,0.999999652331511,1.0,isotonic,72
1,0.9999219975179264,1.0,isotonic,72
0,0.14166852421064124,0.14102564102564102,isotonic,72
0,0.2680512509276048,0.19553072625698323,isotonic,72
0,0.26003682973691206,0.19553072625698323,isotonic,72
0,0.5296481732868811,0.484375,isotonic,72
1,0.9015974032089524,1.0,isotonic,72
1,0.7082770748329275,0.6568627450980392,isotonic,72
1,0.45686427209987746,0.41904761904761906,isotonic,72
1,0.9876792468605773,1.0,isotonic,72
1,0.7508329814432565,0.8954248366013072,isotonic,72
0,0.12127085352336787,0.1076923076923077,isotonic,72
1,0.7011614543822471,0.6568627450980392,isotonic,72
1,0.8989434255396165,1.0,isotonic,72
0,0.2504255958341422,0.19553072625698323,isotonic,72
1,0.9512815287042844,1.0,isotonic,72
1,0.9983885424908582,1.0,isotonic,72
1,0.7402538216951082,0.8954248366013072,isotonic,72
1,0.07565525878310513,0.031746031746031744,isotonic,72
1,0.5075785742860786,0.484375,isotonic,72
0,0.2533479735665519,0.19553072625698323,isotonic,72
1,0.7075205297954295,0.6568627450980392,isotonic,72
0,0.2254987861464712,0.19553072625698323,isotonic,72
1,0.6216517488126555,0.6166666666666667,isotonic,72
1,0.7027072491810822,0.6568627450980392,isotonic,72
0,0.3702828312596593,0.19553072625698323,isotonic,72
0,0.5767708065420695,0.5,isotonic,72
1,0.9372164381282506,1.0,isotonic,72
1,0.979669156904653,1.0,isotonic,72
1,0.13412338814700603,0.14102564102564102,isotonic,72
1,0.7402538216951082,0.8954248366013072,isotonic,72
0,0.10670358871557492,0.10101010101010101,isotonic,72
0,0.1117862132743628,0.1076923076923077,isotonic,72
0,0.2389562411470993,0.19553072625698323,isotonic,72
1,0.5147372016532167,0.484375,isotonic,72
1,0.7402538216951082,0.8954248366013072,isotonic,72
1,0.09326245759813126,0.10101010101010101,isotonic,72
1,0.20891855281804483,0.16279069767441862,isotonic,72
1,0.7570522839192257,0.8954248366013072,isotonic,72
0,0.3397220278573808,0.19553072625698323,isotonic,72
1,0.3864532690946702,0.3434343434343434,isotonic,72
1,0.8901042618748659,1.0,isotonic,72
0,0.08818052799544009,0.10101010101010101,isotonic,72
1,0.7076375586154906,0.6568627450980392,isotonic,72
0,0.24269732087850054,0.19553072625698323,isotonic,72
0,0.050815444525462154,0.020134228187919462,isotonic,72
1,0.707921547599629,0.6568627450980392,isotonic,72
0,0.03176027074800808,0.020134228187919462,isotonic,72
0,0.15690568361064502,0.15,isotonic,72
0,0.1590084179508853,0.15,isotonic,72
0,0.4746842611715318,0.41904761904761906,isotonic,72
0,0.07763084704159573,0.04081632653061224,isotonic,72
1,0.5433519778443591,0.484375,isotonic,72
0,0.08864345392308536,0.10101010101010101,isotonic,72
0,0.22281226897506876,0.19553072625698323,isotonic,72
0,0.47006276122428764,0.41904761904761906,isotonic,72
0,0.38178460797112224,0.3434343434343434,isotonic,72
0,0.1504592532615566,0.15,isotonic,72
1,0.9989994130284803,1.0,isotonic,72
1,0.7559015476573622,0.8954248366013072,isotonic,72
0,0.6529951994372857,0.6166666666666667,isotonic,72
0,0.22938306358220825,0.19553072625698323,isotonic,72
0,0.1354475116625484,0.14102564102564102,isotonic,72
1,0.4136549942576012,0.3434343434343434,isotonic,72
0,0.335768906099082,0.19553072625698323,isotonic,72
0,0.37151137073017,0.19553072625698323,isotonic,72
1,0.4657313734601091,0.41904761904761906,isotonic,72
0,0.13032854620359824,0.14102564102564102,isotonic,72
0,0.41462178071638417,0.3434343434343434,isotonic,72
0,0.04562634267082723,0.020134228187919462,isotonic,72
0,0.1336970261910523,0.14102564102564102,isotonic,72
1,0.9981369525593053,1.0,isotonic,72
1,0.8841493364059341,1.0,isotonic,72
1,0.9937638002372546,1.0,isotonic,72
1,0.08528691539776945,0.04081632653061224,isotonic,72
0,0.3291567368760721,0.19553072625698323,isotonic,72
1,0.6557847334230779,0.6166666666666667,isotonic,72
0,0.07412334005548957,0.031746031746031744,isotonic,72
0,0.11043809004523839,0.10101010101010101,isotonic,72
0,0.05656256879272976,0.020134228187919462,isotonic,72
0,0.19165342027682297,0.16279069767441862,isotonic,72
1,0.7402538216951082,0.8954248366013072,isotonic,72
0,0.2698619177978744,0.19553072625698323,isotonic,72
0,0.7053987468990619,0.6568627450980392,isotonic,72
0,0.5553102845143619,0.484375,isotonic,72
0,0.638430119471249,0.6166666666666667,isotonic,72
0,0.35362577769125536,0.19553072625698323,isotonic,72
0,0.277873022717847,0.19553072625698323,isotonic,72
0,0.035843216368380004,0.020134228187919462,isotonic,72
1,0.9881077129065106,1.0,isotonic,72
0,0.28841727797287314,0.19553072625698323,isotonic,72
0,0.08984470538813312,0.10101010101010101,isotonic,72
0,0.1478545172013064,0.14102564102564102,isotonic,72
1,0.8876216594740528,1.0,isotonic,72
0,0.22179973163797417,0.19553072625698323,isotonic,72
0,0.4859512005598334,0.41904761904761906,isotonic,72
0,0.07883530831245489,0.04081632653061224,isotonic,72
1,0.4365998234809127,0.41904761904761906,isotonic,72
1,0.9999676948236521,1.0,isotonic,72
0,0.17054279358476765,0.16279069767441862,isotonic,72
0,0.13688744608054595,0.14102564102564102,isotonic,72
1,0.1452203373202837,0.14102564102564102,isotonic,72
0,0.07553567545583945,0.031746031746031744,isotonic,72
1,0.31179272579697487,0.19553072625698323,isotonic,72
1,0.06717848033334578,0.031746031746031744,isotonic,72
0,0.3687008854329616,0.19553072625698323,isotonic,72
0,0.3879240106329594,0.3434343434343434,isotonic,72
0,0.03786585784968797,0.020134228187919462,isotonic,72
1,0.7402538216951082,0.8954248366013072,isotonic,72
0,0.7425255820517688,0.8954248366013072,isotonic,72
0,0.588903434527822,0.5309945508274031,isotonic,72
0,0.10199178498811531,0.10101010101010101,isotonic,72
0,0.36341879418760087,0.19553072625698323,isotonic,72
0,0.048496402216826696,0.020134228187919462,isotonic,72
0,0.10326768246178294,0.10101010101010101,isotonic,72
1,0.7093069310346481,0.6568627450980392,isotonic,72
1,0.8050123541613853,0.9230769230769231,isotonic,72
0,0.17504605768504997,0.16279069767441862,isotonic,72
1,0.5269573857939267,0.484375,isotonic,72
0,0.05874567544747712,0.020134228187919462,isotonic,72
1,0.2908667129318724,0.19553072625698323,isotonic,72
0,0.7693798765283841,0.8954248366013072,isotonic,72
0,0.41685390823000157,0.3434343434343434,isotonic,72
1,0.9661641654662527,1.0,isotonic,72
1,0.9156365968211628,1.0,isotonic,72
0,0.46163809736700195,0.41904761904761906,isotonic,72
1,0.898068038753264,1.0,isotonic,72
1,0.7402538216951082,0.8954248366013072,isotonic,72
0,0.22395602238706683,0.19553072625698323,isotonic,72
1,0.538234707894411,0.484375,isotonic,72
0,0.09712696451226875,0.10101010101010101,isotonic,72
0,0.3213726009402578,0.19553072625698323,isotonic,72
0,0.21841464391372473,0.16279069767441862,isotonic,72
1,0.7402538216951082,0.8954248366013072,isotonic,72
1,0.947184320230012,1.0,isotonic,72
1,0.058501456514130905,0.020134228187919462,isotonic,72
0,0.22709966569999604,0.19553072625698323,isotonic,72
1,0.9986618932204984,1.0,isotonic,72
1,0.897197096128292,1.0,isotonic,72
0,0.37144251240422793,0.19553072625698323,isotonic,72
0,0.5653514502314337,0.484375,isotonic,72
1,0.9997871239980093,1.0,isotonic,72
0,0.29381481261923237,0.19553072625698323,isotonic,72
0,0.06706466216577774,0.031746031746031744,isotonic,72
0,0.044594220972272614,0.020134228187919462,isotonic,72
0,0.31302163296787217,0.19553072625698323,isotonic,72
1,0.9871118782591775,1.0,isotonic,72
1,0.10284476337088891,0.10101010101010101,isotonic,72
0,0.27172590724663964,0.19553072625698323,isotonic,72
0,0.13073544296584227,0.14102564102564102,isotonic,72
0,0.42646324610958625,0.3434343434343434,isotonic,72
1,0.8733846270306053,1.0,isotonic,72
0,0.06757990687349552,0.031746031746031744,isotonic,72
0,0.0648793436882133,0.031746031746031744,isotonic,72
1,0.8982898132131911,1.0,isotonic,72
0,0.20212637518946894,0.16279069767441862,isotonic,72
1,0.9797832844346029,1.0,isotonic,72
1,0.6290703281923077,0.6166666666666667,isotonic,72
1,0.6521477325257267,0.6166666666666667,isotonic,72
1,0.9999945177977664,1.0,isotonic,72
1,0.7402538216951082,0.8954248366013072,isotonic,72
0,0.6094679573543951,0.6,isotonic,72
0,0.090567742526839,0.10101010101010101,isotonic,72
1,0.8703048795752635,1.0,isotonic,72
0,0.7881508327723458,0.8954248366013072,isotonic,72
0,0.12535740359098158,0.1076923076923077,isotonic,72
1,0.9346471793309019,1.0,isotonic,72
0,0.3923863458905362,0.3434343434343434,isotonic,72
0,0.2362661415251523,0.19553072625698323,isotonic,72
1,0.805877007861333,0.9230769230769231,isotonic,72
1,0.7402538216951082,0.8954248366013072,isotonic,72
1,0.7402538216951082,0.8954248366013072,isotonic,72
1,0.939098621077116,1.0,isotonic,72
1,0.9890064022429967,1.0,isotonic,72
0,0.5424203498021924,0.484375,isotonic,72
0,0.14708287202777434,0.14102564102564102,isotonic,72
1,0.5570936056990888,0.484375,isotonic,72
0,0.19119939378529807,0.16279069767441862,isotonic,72
0,0.25321175707173793,0.19553072625698323,isotonic,72
1,0.8803031129160791,1.0,isotonic,72
1,0.26638238576492435,0.19553072625698323,isotonic,72
0,0.4949832533025462,0.484375,isotonic,72
1,0.12081197638075726,0.1076923076923077,isotonic,72
1,0.9997853978890651,1.0,isotonic,72
1,0.7402538216951082,0.8954248366013072,isotonic,72
0,0.3716241975043664,0.19553072625698323,isotonic,72
0,0.232037584818397,0.19553072625698323,isotonic,72
0,0.16715619172215354,0.16279069767441862,isotonic,72
1,0.491662020925553,0.484375,isotonic,72
1,0.4589894835897242,0.41904761904761906,isotonic,72
1,0.698768772605041,0.6568627450980392,isotonic,72
0,0.053847553306738793,0.020134228187919462,isotonic,72
0,0.08649562747704245,0.06343708981988573,isotonic,72
0,0.8065867454603625,0.9230769230769231,isotonic,72
1,0.7987077392292391,0.9230769230769231,isotonic,72
1,0.9957907961825905,1.0,isotonic,72
1,0.37911133353417753,0.3333333333333333,isotonic,72
0,0.07383477046777978,0.031746031746031744,isotonic,72
1,0.9998302220430904,1.0,isotonic,72
0,0.08127192928561999,0.04081632653061224,isotonic,72
1,0.2475735855974145,0.19553072625698323,isotonic,72
1,0.7402538216951082,0.8954248366013072,isotonic,72
1,0.7402538216951082,0.8954248366013072,isotonic,72
0,0.8155927190057446,0.9230769230769231,isotonic,72
1,0.38238948160666963,0.3434343434343434,isotonic,72
1,0.9978984407098037,1.0,isotonic,72
0,0.6360099137354349,0.6166666666666667,isotonic,72
0,0.05163666405494569,0.020134228187919462,isotonic,72
0,0.23466407037338163,0.19553072625698323,isotonic,72
1,0.04283127294914184,0.020134228187919462,isotonic,72
0,0.14503216974428793,0.14102564102564102,isotonic,72
1,0.08579869095526692,0.04081632653061224,isotonic,72
1,0.9920303839044743,1.0,isotonic,72
1,0.7402538216951082,0.8954248366013072,isotonic,72
1,0.9786047458460779,1.0,isotonic,72
1,0.46633054008817343,0.41904761904761906,isotonic,72
1,0.8663523988891897,1.0,isotonic,72
1,0.9605370752584131,1.0,isotonic,72
1,0.5744027188635437,0.5,isotonic,72
1,0.8739555368683795,1.0,isotonic,72
1,0.9273340438466582,1.0,isotonic,72
0,0.2881493286925346,0.19553072625698323,isotonic,72
1,0.5824887863461791,0.5,isotonic,72
1,0.9698186831255352,1.0,isotonic,72
0,0.2408993695128923,0.19553072625698323,isotonic,72
1,0.8440686786107672,0.9454545454545454,isotonic,72
1,0.666370666414189,0.6568627450980392,isotonic,72
1,0.4351414567449545,0.41904761904761906,isotonic,72
1,0.9999999999083711,1.0,isotonic,72
0,0.3221752734453312,0.19553072625698323,isotonic,72
0,0.31942714182963794,0.19553072625698323,isotonic,72
0,0.05808380313402606,0.020134228187919462,isotonic,72
0,0.23303298750582008,0.19553072625698323,isotonic,72
1,0.9697707949907121,1.0,isotonic,72
0,0.2696683892091667,0.19553072625698323,isotonic,72
1,0.8065452368257349,0.9230769230769231,isotonic,72
1,0.7402538216951082,0.8954248366013072,isotonic,72
1,0.6391747735619694,0.6166666666666667,isotonic,72
0,0.04801616679410597,0.020134228187919462,isotonic,72
0,0.19624629826301793,0.16279069767441862,isotonic,72
0,0.231043406265399,0.19553072625698323,isotonic,72
1,0.06240694751695239,0.031746031746031744,isotonic,72
0,0.4312051241306006,0.41904761904761906,isotonic,72
1,0.8228876878113331,0.9444444444444444,isotonic,72
1,0.3282498962863051,0.19553072625698323,isotonic,72
0,0.3188416218956806,0.19553072625698323,isotonic,72
0,0.3771691250422412,0.19553072625698323,isotonic,72
0,0.12535013470980308,0.1076923076923077,isotonic,72
1,0.7402538216951082,0.8954248366013072,isotonic,72
0,0.1186413816807719,0.1076923076923077,isotonic,72
1,0.7402538216951082,0.8954248366013072,isotonic,72
0,0.17896789121589354,0.16279069767441862,isotonic,72
1,0.6889111884570229,0.6568627450980392,isotonic,72
0,0.057332602052790595,0.020134228187919462,isotonic,72
1,0.8997647262839092,1.0,isotonic,72
1,0.7467666750726761,0.8954248366013072,isotonic,72
0,0.032497002886347895,0.020134228187919462,isotonic,72
0,0.23184171574424953,0.19553072625698323,isotonic,72
1,0.5214993005238573,0.484375,isotonic,72
1,0.6976754912387683,0.6568627450980392,isotonic,72
0,0.07768966137485697,0.04081632653061224,isotonic,72
1,0.5661293330604209,0.484375,isotonic,72
1,0.23484407142246772,0.19553072625698323,isotonic,72
0,0.37207554718505814,0.19553072625698323,isotonic,72
1,0.1913455899853273,0.16279069767441862,isotonic,72
1,0.46635790567586,0.41904761904761906,isotonic,72
0,0.5658243243470676,0.484375,isotonic,72
1,0.9999999980523362,1.0,isotonic,72
0,0.1823219049816713,0.16279069767441862,isotonic,72
1,0.9850217230277826,1.0,isotonic,72
1,0.8422280177027165,0.9454545454545454,isotonic,72
1,0.8358159051280023,0.9454545454545454,isotonic,72
1,0.14517870614740006,0.14102564102564102,isotonic,72
1,0.9190480722563545,1.0,isotonic,72
1,0.661356646352611,0.6568627450980392,isotonic,72
1,0.9998321123731615,1.0,isotonic,72
1,0.7402538216951082,0.8954248366013072,isotonic,72
0,0.4099233570966535,0.3434343434343434,isotonic,72
0,0.3547227701713198,0.19553072625698323,isotonic,72
0,0.6160670433971299,0.6166666666666667,isotonic,72
0,0.10760002003029663,0.10101010101010101,isotonic,72
1,0.5369991879416053,0.484375,isotonic,72
1,0.9999848745474378,1.0,isotonic,72
1,0.9452370814474955,1.0,isotonic,72
0,0.11341597516457233,0.1076923076923077,isotonic,72
1,0.9562599265532429,1.0,isotonic,72
0,0.5392763825995934,0.484375,isotonic,72
1,0.9552313849139733,1.0,isotonic,72
1,0.7402538216951082,0.8954248366013072,isotonic,72
1,0.9890489900452795,1.0,isotonic,72
1,0.9711354233315543,1.0,isotonic,72
0,0.11725288809862777,0.1076923076923077,isotonic,72
0,0.16473372805743527,0.16279069767441862,isotonic,72
1,0.3184427284347246,0.19553072625698323,isotonic,72
1,0.9258994512348534,1.0,isotonic,72
0,0.07197714392711506,0.031746031746031744,isotonic,72
0,0.19562540047472463,0.16279069767441862,isotonic,72
0,0.40973254751752103,0.3434343434343434,isotonic,72
0,0.44349040956326286,0.41904761904761906,isotonic,72
0,0.1606360321837323,0.15,isotonic,72
1,0.523323499228469,0.484375,isotonic,72
0,0.043032172826783996,0.020134228187919462,isotonic,72
1,0.903290269517736,1.0,isotonic,72
0,0.13455346269343915,0.14102564102564102,isotonic,72
0,0.38406099047314735,0.3434343434343434,isotonic,72
0,0.4875831828203554,0.484375,isotonic,72
1,0.26880769712575114,0.19553072625698323,isotonic,72
1,0.14618330144664973,0.14102564102564102,isotonic,72
0,0.4540030120662422,0.41904761904761906,isotonic,72
0,0.12631254603017458,0.1076923076923077,isotonic,72
0,0.20120456296842884,0.16279069767441862,isotonic,72
1,0.7045963847630858,0.6568627450980392,isotonic,72
0,0.3317192970471478,0.19553072625698323,isotonic,72
0,0.06931601251514882,0.031746031746031744,isotonic,72
0,0.23944484675089836,0.19553072625698323,isotonic,72
0,0.16110125718773016,0.1526834397574496,isotonic,72
1,0.9540466573254907,1.0,isotonic,72
1,0.7953231870446873,0.8954248366013072,isotonic,72
1,0.606777522208719,0.6,isotonic,72
1,0.38305589248915145,0.3434343434343434,isotonic,72
1,0.7171529589054036,0.6568627450980392,isotonic,72
1,0.8880364047974428,1.0,isotonic,72
1,0.7878333914065241,0.8954248366013072,isotonic,72
1,0.6322112592074078,0.6166666666666667,isotonic,72
1,0.8963209056014253,1.0,isotonic,72
0,0.5748867433087566,0.5,isotonic,72
1,0.42727186158029673,0.3434343434343434,isotonic,72
0,0.3074806244967182,0.19553072625698323,isotonic,72
1,0.9942057759946952,1.0,isotonic,72
1,0.9984769282103485,1.0,isotonic,72
0,0.26798130993362873,0.19553072625698323,isotonic,72
0,0.25141855878478275,0.19553072625698323,isotonic,72
1,0.9846400060830233,1.0,isotonic,72
1,0.9153835979313871,1.0,isotonic,72
1,0.3675088560913496,0.19553072625698323,isotonic,72
0,0.5940901068957961,0.5454545454545454,isotonic,72
1,0.7402538216951082,0.8954248366013072,isotonic,72
0,0.23575044881893012,0.19553072625698323,isotonic,72
0,0.014690874262992664,0.0,isotonic,72
1,0.7402538216951082,0.8954248366013072,isotonic,72
0,0.12605934088093304,0.1076923076923077,isotonic,72
0,0.1998278696229014,0.16279069767441862,isotonic,72
0,0.102031877860922,0.10101010101010101,isotonic,72
1,0.9810673272074418,1.0,isotonic,72
1,0.8425574770263059,0.9454545454545454,isotonic,72
1,0.931395334448225,1.0,isotonic,72
1,0.6266396484578906,0.6166666666666667,isotonic,72
0,0.18983286747954445,0.16279069767441862,isotonic,72
1,0.8664576509412697,1.0,isotonic,72
0,0.13600760247163107,0.14102564102564102,isotonic,72
1,0.991573757018938,1.0,isotonic,72
0,0.08243533823326761,0.04081632653061224,isotonic,72
0,0.11926062670350285,0.1076923076923077,isotonic,72
0,0.4643203816249443,0.41904761904761906,isotonic,72
0,0.14371789570478033,0.14102564102564102,isotonic,72
1,0.7402538216951082,0.8954248366013072,isotonic,72
1,0.9952467052249518,1.0,isotonic,72
0,0.1589679834880223,0.15,isotonic,72
1,0.4869683538784569,0.41904761904761906,isotonic,72
0,0.4381732951619964,0.41904761904761906,isotonic,72
0,0.10419785976050955,0.10101010101010101,isotonic,72
1,0.9620990449984834,1.0,isotonic,72
1,0.9186575615236459,1.0,isotonic,72
1,0.9633638221449211,1.0,isotonic,72
0,0.1358013574644976,0.14102564102564102,isotonic,72
0,0.09673289619415461,0.10101010101010101,isotonic,72
0,0.6609260005589616,0.6568627450980392,isotonic,72
0,0.23300847401720576,0.19553072625698323,isotonic,72
1,0.67781381804024,0.6568627450980392,isotonic,72
1,0.6988566193464599,0.6568627450980392,isotonic,72
0,0.2790003393572925,0.19553072625698323,isotonic,72
1,0.7402538216951082,0.8954248366013072,isotonic,72
0,0.3097782496233286,0.19553072625698323,isotonic,72
1,0.9712125286483413,1.0,isotonic,72
1,0.6138343967142458,0.6166666666666667,isotonic,72
0,0.05405631349371133,0.020134228187919462,isotonic,72
1,0.7402538216951082,0.8954248366013072,isotonic,72
1,0.5271945999403894,0.484375,isotonic,72
0,0.14022144824822433,0.14102564102564102,isotonic,72
0,0.3697255652070471,0.19553072625698323,isotonic,72
1,0.7362433384750771,0.8181818181818182,isotonic,72
0,0.15524336965611948,0.15,isotonic,72
1,0.7067275019508779,0.6568627450980392,isotonic,72
0,0.06587116126939044,0.031746031746031744,isotonic,72
0,0.6140783806800258,0.6166666666666667,isotonic,72
0,0.23874909123029006,0.19553072625698323,isotonic,72
1,0.9957370906338373,1.0,isotonic,72
0,0.061348781588614405,0.020134228187919462,isotonic,72
0,0.31214938342243914,0.19553072625698323,isotonic,72
0,0.13582328048238881,0.14102564102564102,isotonic,72
1,0.864896415607018,0.9454545454545454,isotonic,72
1,0.24658290899269827,0.19553072625698323,isotonic,72
1,0.17803858336609676,0.16279069767441862,isotonic,72
0,0.12252333813828682,0.1076923076923077,isotonic,72
1,0.884278225982772,1.0,isotonic,72
0,0.3108156390681224,0.19553072625698323,isotonic,72
1,0.9835119085168296,1.0,isotonic,72
0,0.13591356283874503,0.14102564102564102,isotonic,72
0,0.29677647505297367,0.19553072625698323,isotonic,72
0,0.5614836845430147,0.484375,isotonic,72
0,0.27811843979711354,0.19553072625698323,isotonic,72
0,0.6810857551080622,0.6568627450980392,isotonic,72
0,0.0911258002391783,0.10101010101010101,isotonic,72
1,0.9701686951057366,1.0,isotonic,72
1,0.44727344612993847,0.41904761904761906,isotonic,72
0,0.43018882854193186,0.41904761904761906,isotonic,72
0,0.07765045250298092,0.04081632653061224,isotonic,72
0,0.768515637560937,0.8954248366013072,isotonic,72
0,0.3685725663032807,0.19553072625698323,isotonic,72
1,0.5205563577630974,0.484375,isotonic,72
0,0.057127193450274755,0.020134228187919462,isotonic,72
0,0.3457459462832445,0.19553072625698323,isotonic,72
1,0.691464466867485,0.6568627450980392,isotonic,72
0,0.7888846166994521,0.8954248366013072,isotonic,72
1,0.38716685944118095,0.3434343434343434,isotonic,72
1,0.5531997048956808,0.484375,isotonic,72
0,0.42649066611119835,0.3434343434343434,isotonic,72
0,0.6744904989974857,0.6568627450980392,isotonic,72
1,0.5574133666854302,0.484375,isotonic,72
0,0.08644589318546195,0.05218344518790728,isotonic,72
0,0.22761291345733925,0.19553072625698323,isotonic,72
0,0.10138327736330677,0.10101010101010101,isotonic,72
1,0.9918716632014448,1.0,isotonic,72
0,0.2081283004947856,0.16279069767441862,isotonic,72
0,0.6003613369431915,0.6,isotonic,72
1,0.7863806479132206,0.8954248366013072,isotonic,72
1,0.859477187752854,0.9454545454545454,isotonic,72
1,0.3137548880368465,0.19553072625698323,isotonic,72
1,0.7402538216951082,0.8954248366013072,isotonic,72
0,0.19180270575399824,0.16279069767441862,isotonic,72
1,0.7769539634626432,0.8954248366013072,isotonic,72
0,0.38296717159283417,0.3434343434343434,isotonic,72
1,0.7611135603223154,0.8954248366013072,isotonic,72
0,0.5854443618314755,0.5,isotonic,72
1,0.6151192116843253,0.6166666666666667,isotonic,72
1,0.8587504156782131,0.9454545454545454,isotonic,72
1,0.8741338323259279,1.0,isotonic,72
0,0.38545924268317083,0.3434343434343434,isotonic,72
0,0.27101468407578194,0.19553072625698323,isotonic,72
0,0.3448581435127165,0.19553072625698323,isotonic,72
0,0.4862043823430273,0.41904761904761906,isotonic,72
0,0.28399384998897076,0.19553072625698323,isotonic,72
1,0.6328046103173304,0.6166666666666667,isotonic,72
1,0.9933091150983069,1.0,isotonic,72
0,0.22129674117415554,0.19553072625698323,isotonic,72
1,0.23652667727190405,0.19553072625698323,isotonic,72
0,0.08576465570461461,0.04081632653061224,isotonic,72
0,0.2500017308861821,0.19553072625698323,isotonic,72
1,0.7402538216951082,0.8954248366013072,isotonic,72
1,0.9964708675645702,1.0,isotonic,72
1,0.9973948385238303,1.0,isotonic,72
0,0.35903110498144825,0.19553072625698323,isotonic,72
1,0.9145221169884501,1.0,isotonic,72
1,0.3088004649335678,0.19553072625698323,isotonic,72
1,0.15930822149816568,0.15,isotonic,72
0,0.10032134148332474,0.10101010101010101,isotonic,72
1,0.7716649509618546,0.8954248366013072,isotonic,72
1,0.7178871511318384,0.6568627450980392,isotonic,72
0,0.04086565455516607,0.020134228187919462,isotonic,72
1,0.9932128998809554,1.0,isotonic,72
1,0.5088352698083835,0.484375,isotonic,72
1,0.5114802362992775,0.484375,isotonic,72
0,0.1623837163076018,0.16279069767441862,isotonic,72
1,0.2928743476040168,0.19553072625698323,isotonic,72
0,0.5345095838128013,0.484375,isotonic,72
0,0.4966738731133482,0.484375,isotonic,72
0,0.48967059042192534,0.484375,isotonic,72
1,0.792562471341508,0.8954248366013072,isotonic,72
1,0.7402538216951082,0.8954248366013072,isotonic,72
0,0.5812850387340894,0.5,isotonic,72
0,0.6143428362021333,0.6166666666666667,isotonic,72
0,0.1343938520175797,0.14102564102564102,isotonic,72
0,0.09908935253451527,0.10101010101010101,isotonic,72
1,0.9834694332347179,1.0,isotonic,72
1,0.9772701731382925,1.0,isotonic,72
0,0.5447666357908796,0.484375,isotonic,72
1,0.9945299022779631,1.0,isotonic,72
0,0.30787084363126743,0.19553072625698323,isotonic,72
1,0.6300066417775063,0.6166666666666667,isotonic,72
0,0.365398678398924,0.19553072625698323,isotonic,72
0,0.4110479238250577,0.3434343434343434,isotonic,72
1,0.2740685837340414,0.19553072625698323,isotonic,72
0,0.005863556909275472,0.0,isotonic,72
1,0.33588099744037386,0.19553072625698323,isotonic,72
0,0.02101896589319732,0.020134228187919462,isotonic,72
1,0.17338869705970536,0.16279069767441862,isotonic,72
0,0.32688192352419715,0.19553072625698323,isotonic,72
1,0.7942466053937615,0.8954248366013072,isotonic,72
0,0.3309970133165757,0.19553072625698323,isotonic,72
1,0.8464039579649179,0.9454545454545454,isotonic,72
0,0.02995353061085049,0.020134228187919462,isotonic,72
1,0.6847321596598016,0.6568627450980392,isotonic,72
1,0.99886897831243,1.0,isotonic,72
1,0.5519367887738191,0.484375,isotonic,72
0,0.19531902354485245,0.16279069767441862,isotonic,72
0,0.06658436248982164,0.031746031746031744,isotonic,72
1,0.5819972471848159,0.5,isotonic,72
1,0.8942779604712189,1.0,isotonic,72
0,0.14029837920873964,0.14102564102564102,isotonic,72
0,0.7560243757650479,0.8954248366013072,isotonic,72
0,0.4855394372538398,0.41904761904761906,isotonic,72
0,0.6531934250613012,0.6166666666666667,isotonic,72
0,0.13075202495967747,0.14102564102564102,isotonic,72
0,0.1618698518195767,0.16279069767441862,isotonic,72
1,0.682889239098461,0.6568627450980392,isotonic,72
0,0.07264846432624159,0.031746031746031744,isotonic,72
1,0.9999933454555809,1.0,isotonic,72
1,0.9916920121610178,1.0,isotonic,72
1,0.7402538216951082,0.8954248366013072,isotonic,72
0,0.050639293831768406,0.020134228187919462,isotonic,72
0,0.1789989108376964,0.16279069767441862,isotonic,72
0,0.39291021793189346,0.3434343434343434,isotonic,72
1,0.7402538216951082,0.8954248366013072,isotonic,72
0,0.13338109343658872,0.14102564102564102,isotonic,72
1,0.7924347494218006,0.8954248366013072,isotonic,72
0,0.05656721807372021,0.020134228187919462,isotonic,72
1,0.9322965809410652,1.0,isotonic,72
1,0.6947430471636232,0.6568627450980392,isotonic,72
1,0.9957929896904257,1.0,isotonic,72
1,0.8784347833050602,1.0,isotonic,72
1,0.9959641778079535,1.0,isotonic,72
0,0.17356676421737163,0.16279069767441862,isotonic,72
0,0.026859028863681318,0.020134228187919462,isotonic,72
1,0.9955411627647885,1.0,isotonic,72
0,0.06514649777959645,0.031746031746031744,isotonic,72
0,0.10435194175131919,0.10101010101010101,isotonic,72
0,0.37184684833010917,0.19553072625698323,isotonic,72
0,0.17308247981607097,0.16279069767441862,isotonic,72
1,0.7402538216951082,0.8954248366013072,isotonic,72
1,0.9943971616121615,1.0,isotonic,72
0,0.025748052159712195,0.020134228187919462,isotonic,72
1,0.4891532891099397,0.484375,isotonic,72
1,0.6851753719027326,0.6568627450980392,isotonic,72
0,0.0861543648724291,0.04081632653061224,isotonic,72
0,0.3901070008851292,0.3434343434343434,isotonic,72
0,0.6298060164888699,0.6166666666666667,isotonic,72
0,0.05185656830730912,0.020134228187919462,isotonic,72
0,0.4233874311614703,0.3434343434343434,isotonic,72
0,0.0320626261908702,0.020134228187919462,isotonic,72
1,0.6599677168344193,0.6568627450980392,isotonic,72
1,0.5661898368821041,0.484375,isotonic,72
1,0.8322754594476592,0.9454545454545454,isotonic,72
0,0.149708063547803,0.15,isotonic,72
1,0.8928045427487948,1.0,isotonic,72
1,0.7135191287052017,0.6568627450980392,isotonic,72
0,0.2771106524835908,0.19553072625698323,isotonic,72
1,0.9999999116035985,1.0,isotonic,72
0,0.47059472493416654,0.41904761904761906,isotonic,72
0,0.11198973040329782,0.1076923076923077,isotonic,72
0,0.1683510862315526,0.16279069767441862,isotonic,72
