y_true,proba,proba_calibrated,calibration_method,seed
0,0.13993162567195067,0.13793103448275862,isotonic,82
1,0.9899539297593839,1.0,isotonic,82
0,0.45858257157084925,0.4094488188976378,isotonic,82
1,0.7264683427972727,0.9,isotonic,82
0,0.2867235619588657,0.16279069767441862,isotonic,82
0,0.02618332245144327,0.0,isotonic,82
1,0.3149510237332827,0.1643835616438356,isotonic,82
1,0.968824819565721,1.0,isotonic,82
0,0.2610714354829931,0.1452991452991453,isotonic,82
1,0.7668442604181278,0.9,isotonic,82
1,0.9917451451278105,1.0,isotonic,82
0,0.4398643983274507,0.4094488188976378,isotonic,82
0,0.3359227496502005,0.23529411764705882,isotonic,82
0,0.27557908117814817,0.16279069767441862,isotonic,82
1,0.9999979388587602,1.0,isotonic,82
1,0.22164151824835446,0.1452991452991453,isotonic,82
1,0.17849015513682356,0.1452991452991453,isotonic,82
0,0.38212528861801587,0.29850746268656714,isotonic,82
1,0.9937623872523528,1.0,isotonic,82
0,0.7144574127492985,0.7558139534883721,isotonic,82
0,0.3656251964850725,0.29850746268656714,isotonic,82
0,0.08171846417698157,0.049019607843137254,isotonic,82
1,0.8000893625765219,0.9,isotonic,82
0,0.32614540863775693,0.1643835616438356,isotonic,82
1,0.43862266499038277,0.4094488188976378,isotonic,82
0,0.6612733355925287,0.7558139534883721,isotonic,82
0,0.29343262972532685,0.16279069767441862,isotonic,82
0,0.3207013181489213,0.1643835616438356,isotonic,82
1,0.9999496509306841,1.0,isotonic,82
1,0.9906774515551624,1.0,isotonic,82
0,0.17890442435100323,0.1452991452991453,isotonic,82
1,0.5007699439061681,0.46774193548387094,isotonic,82
0,0.06111565945553478,0.049019607843137254,isotonic,82
0,0.01783313896184498,0.0,isotonic,82
0,0.07401841260012905,0.049019607843137254,isotonic,82
1,0.35844595220267345,0.24324324324324326,isotonic,82
1,0.3053631596725656,0.1643835616438356,isotonic,82
0,0.27766950458003237,0.16279069767441862,isotonic,82
1,0.5060791117889223,0.46774193548387094,isotonic,82
1,0.9987177608038919,1.0,isotonic,82
1,0.319388277445693,0.1643835616438356,isotonic,82
0,0.14106867674257054,0.13793103448275862,isotonic,82
1,0.5770694455300205,0.55,isotonic,82
0,0.6421983191058067,0.7272727272727273,isotonic,82
1,0.3131905916740253,0.1643835616438356,isotonic,82
1,0.939161549457159,0.9836065573770492,isotonic,82
0,0.253896152481254,0.1452991452991453,isotonic,82
1,0.7231018410448837,0.9,isotonic,82
0,0.7259583480421304,0.9,isotonic,82
1,0.6845035216162665,0.7558139534883721,isotonic,82
0,0.05639115807334954,0.04,isotonic,82
0,0.27303955879934233,0.16279069767441862,isotonic,82
0,0.08192933518620604,0.049019607843137254,isotonic,82
1,0.7995531934101965,0.9,isotonic,82
0,0.09629598123042467,0.06060606060606061,isotonic,82
1,0.14813273043464265,0.13793103448275862,isotonic,82
0,0.0740302673232656,0.049019607843137254,isotonic,82
0,0.07414472365669768,0.049019607843137254,isotonic,82
1,0.40073603874766667,0.30985915492957744,isotonic,82
0,0.15734578086362055,0.1452991452991453,isotonic,82
0,0.17497646211833665,0.1452991452991453,isotonic,82
1,0.7264683427972727,0.9,isotonic,82
0,0.20378318172805024,0.1452991452991453,isotonic,82
0,0.05980019239299549,0.049019607843137254,isotonic,82
0,0.024549171603942474,0.0,isotonic,82
0,0.12252007750089679,0.08571428571428572,isotonic,82
0,0.11453562664066057,0.08571428571428572,isotonic,82
1,0.9803153723360363,1.0,isotonic,82
1,0.9615437467459678,1.0,isotonic,82
1,0.3742270294006369,0.29850746268656714,isotonic,82
1,0.9770476994718983,1.0,isotonic,82
1,0.9236556539325862,0.9836065573770492,isotonic,82
0,0.644926265929475,0.7272727272727273,isotonic,82
1,0.9677818089521839,1.0,isotonic,82
0,0.014916414314802976,0.0,isotonic,82
1,0.999999999999986,1.0,isotonic,82
1,0.9168450672437913,0.9836065573770492,isotonic,82
1,0.6924993226962936,0.7558139534883721,isotonic,82
1,0.9963435336597104,1.0,isotonic,82
0,0.43320538018158566,0.3772884094867446,isotonic,82
0,0.20883159205628846,0.1452991452991453,isotonic,82
0,0.40558770255475085,0.30985915492957744,isotonic,82
0,0.08497874802259774,0.049019607843137254,isotonic,82
0,0.6639951223212474,0.7558139534883721,isotonic,82
0,0.17227859781554572,0.1452991452991453,isotonic,82
1,0.9996693292704705,1.0,isotonic,82
1,0.28152502508053484,0.16279069767441862,isotonic,82
0,0.3624383376932813,0.24324324324324326,isotonic,82
1,0.9225254910704791,0.9836065573770492,isotonic,82
1,0.3661364618284274,0.29850746268656714,isotonic,82
1,0.3062362636732174,0.1643835616438356,isotonic,82
0,0.40813882553595876,0.30985915492957744,isotonic,82
0,0.4202438025688008,0.30985915492957744,isotonic,82
0,0.3824124236802465,0.29850746268656714,isotonic,82
1,0.9998472857198194,1.0,isotonic,82
0,0.18593524858716295,0.1452991452991453,isotonic,82
0,0.07079802709483653,0.049019607843137254,isotonic,82
1,0.8758303737001212,0.9836065573770492,isotonic,82
1,0.991734620114485,1.0,isotonic,82
0,0.37669525400587905,0.29850746268656714,isotonic,82
0,0.30623085195600463,0.1643835616438356,isotonic,82
1,0.8353517584561005,0.9,isotonic,82
1,0.7818458156367505,0.9,isotonic,82
1,0.9919706554979704,1.0,isotonic,82
0,0.22978560824437685,0.1452991452991453,isotonic,82
1,0.8924942332037501,0.9836065573770492,isotonic,82
1,0.31989634386145177,0.1643835616438356,isotonic,82
0,0.6077747120810985,0.609375,isotonic,82
0,0.15518252900843058,0.1452991452991453,isotonic,82
1,0.9999888844164844,1.0,isotonic,82
0,0.3903057151032874,0.30985915492957744,isotonic,82
1,0.646027050168713,0.7463069923094856,isotonic,82
1,0.7264683427972727,0.9,isotonic,82
1,0.4859615320459188,0.4594594594594595,isotonic,82
0,0.7816551817663486,0.9,isotonic,82
0,0.47268718793379605,0.4094488188976378,isotonic,82
1,0.2435499936154117,0.1452991452991453,isotonic,82
0,0.05029434553595513,0.04,isotonic,82
0,0.36833036104899025,0.29850746268656714,isotonic,82
0,0.6562456183247046,0.7558139534883721,isotonic,82
1,0.999994857386383,1.0,isotonic,82
1,0.9957996456248104,1.0,isotonic,82
0,0.3203474875739813,0.1643835616438356,isotonic,82
1,0.7234756912552297,0.9,isotonic,82
1,0.5338103061077003,0.5178571428571429,isotonic,82
1,0.7608214522681169,0.9,isotonic,82
1,0.9999992482529987,1.0,isotonic,82
1,0.7264683427972727,0.9,isotonic,82
0,0.3682485418750269,0.29850746268656714,isotonic,82
0,0.13560005216074272,0.08571428571428572,isotonic,82
0,0.29916594771158284,0.16279069767441862,isotonic,82
1,0.5685371016927331,0.55,isotonic,82
0,0.37852725164289214,0.29850746268656714,isotonic,82
1,0.18321168237282734,0.1452991452991453,isotonic,82
0,0.42736366914890145,0.3684210526315789,isotonic,82
0,0.2913442836540527,0.16279069767441862,isotonic,82
1,0.8629809127895809,0.9,isotonic,82
0,0.13823992805076452,0.08571428571428572,isotonic,82
1,0.9989498117208118,1.0,isotonic,82
0,0.38523394843398756,0.29850746268656714,isotonic,82
1,0.9669465014591756,1.0,isotonic,82
0,0.6319915605041041,0.7272727272727273,isotonic,82
0,0.48014089335915033,0.4094488188976378,isotonic,82
0,0.14803418021417225,0.13793103448275862,isotonic,82
1,0.7422724094246373,0.9,isotonic,82
1,0.9993817073031077,1.0,isotonic,82
0,0.40156707238174394,0.30985915492957744,isotonic,82
1,0.9667982245535559,1.0,isotonic,82
0,0.11330473379884523,0.08571428571428572,isotonic,82
1,0.9891885946509882,1.0,isotonic,82
0,0.8272043374645376,0.9,isotonic,82
1,0.5076456550043037,0.46774193548387094,isotonic,82
1,0.9962376452195154,1.0,isotonic,82
0,0.4699072634947072,0.4094488188976378,isotonic,82
1,0.8372696557774457,0.9,isotonic,82
1,0.5257842174600171,0.5049151432645229,isotonic,82
0,0.3318083078304435,0.17778659175585426,isotonic,82
0,0.26843596122433605,0.16279069767441862,isotonic,82
0,0.17529658938367668,0.1452991452991453,isotonic,82
0,0.20948818002932199,0.1452991452991453,isotonic,82
0,0.15484372388042295,0.1452991452991453,isotonic,82
0,0.2591398119770926,0.1452991452991453,isotonic,82
0,0.1866207029650411,0.1452991452991453,isotonic,82
1,0.8672047975797202,0.9,isotonic,82
1,0.5764072662498004,0.55,isotonic,82
1,0.6515678588214749,0.7558139534883721,isotonic,82
0,0.11679377210824791,0.08571428571428572,isotonic,82
0,0.4027452051122072,0.30985915492957744,isotonic,82
1,0.9669295941705981,1.0,isotonic,82
0,0.48395018253183014,0.4094488188976378,isotonic,82
1,0.11875662421117301,0.08571428571428572,isotonic,82
1,0.5890984802298008,0.609375,isotonic,82
1,0.7666994456837779,0.9,isotonic,82
1,0.7264683427972727,0.9,isotonic,82
1,0.3499915198416088,0.24324324324324326,isotonic,82
1,0.7935017930031812,0.9,isotonic,82
1,0.9999805693631544,1.0,isotonic,82
0,0.19982364270129013,0.1452991452991453,isotonic,82
1,0.7316689263345824,0.9,isotonic,82
1,0.8558609178362465,0.9,isotonic,82
0,0.2829908665133053,0.16279069767441862,isotonic,82
0,0.1438618818610811,0.13793103448275862,isotonic,82
0,0.1473752894428827,0.13793103448275862,isotonic,82
0,0.08255749429478554,0.049019607843137254,isotonic,82
1,0.9999952901808602,1.0,isotonic,82
0,0.30479647815747973,0.16432670020614593,isotonic,82
1,0.37691837789091925,0.29850746268656714,isotonic,82
0,0.36074616841654616,0.24324324324324326,isotonic,82
1,0.9972497533430043,1.0,isotonic,82
1,0.9996732939921317,1.0,isotonic,82
1,0.9572581048829666,1.0,isotonic,82
1,0.8875533616664735,0.9836065573770492,isotonic,82
1,0.5311790343843018,0.5178571428571429,isotonic,82
1,0.9224235146684232,0.9836065573770492,isotonic,82
1,0.9973560111209558,1.0,isotonic,82
1,0.7283104230156529,0.9,isotonic,82
1,0.9652466502250022,1.0,isotonic,82
0,0.05923790167472271,0.049019607843137254,isotonic,82
0,0.03631459126777562,0.0,isotonic,82
1,0.49232743122911976,0.4594594594594595,isotonic,82
1,0.9515578685438152,1.0,isotonic,82
0,0.15896220369226297,0.1452991452991453,isotonic,82
0,0.33232887774224723,0.21242249917421352,isotonic,82
1,0.9985918664657918,1.0,isotonic,82
1,0.454543098854114,0.4094488188976378,isotonic,82
1,0.6973912458170428,0.7558139534883721,isotonic,82
1,0.9334771475695611,0.9836065573770492,isotonic,82
1,0.9999173039234132,1.0,isotonic,82
1,0.9999998319218921,1.0,isotonic,82
1,0.5145995931279439,0.46774193548387094,isotonic,82
0,0.19208085383263304,0.1452991452991453,isotonic,82
1,0.2482127310186905,0.1452991452991453,isotonic,82
0,0.6598422036889501,0.7558139534883721,isotonic,82
0,0.2509047989999282,0.1452991452991453,isotonic,82
1,0.946635461618768,1.0,isotonic,82
0,0.11695638257861903,0.08571428571428572,isotonic,82
0,0.2295700023250387,0.1452991452991453,isotonic,82
0,0.5142399260271868,0.46774193548387094,isotonic,82
1,0.9823364260094121,1.0,isotonic,82
0,0.177590942823461,0.1452991452991453,isotonic,82
1,0.337373390543748,0.24324324324324326,isotonic,82
0,0.3893971107597752,0.30985915492957744,isotonic,82
0,0.5349227041675889,0.5178571428571429,isotonic,82
0,0.4869819477798203,0.4594594594594595,isotonic,82
1,0.9999999999997904,1.0,isotonic,82
1,0.9999580719915434,1.0,isotonic,82
0,0.3162394100964329,0.1643835616438356,isotonic,82
0,0.23702490184878294,0.1452991452991453,isotonic,82
0,0.2519844793474276,0.1452991452991453,isotonic,82
0,0.3832196401259297,0.29850746268656714,isotonic,82
1,0.9843590857303035,1.0,isotonic,82
0,0.198971062473028,0.1452991452991453,isotonic,82
0,0.14144665509324497,0.13793103448275862,isotonic,82
0,0.12255954721588785,0.08571428571428572,isotonic,82
0,0.3702043828943885,0.29850746268656714,isotonic,82
1,0.3461845578846594,0.24324324324324326,isotonic,82
0,0.17057228532316804,0.1452991452991453,isotonic,82
1,0.7264683427972727,0.9,isotonic,82
1,0.7150869536483705,0.7558139534883721,isotonic,82
0,0.1501216173564591,0.1452991452991453,isotonic,82
1,0.9990817165526963,1.0,isotonic,82
1,0.8192829882177007,0.9,isotonic,82
0,0.32386064290288635,0.1643835616438356,isotonic,82
0,0.16996578737001408,0.1452991452991453,isotonic,82
1,0.4091879936539638,0.30985915492957744,isotonic,82
0,0.040957246611770415,0.0,isotonic,82
0,0.17866336608177236,0.1452991452991453,isotonic,82
0,0.4539648473499449,0.4094488188976378,isotonic,82
0,0.1682443251253534,0.1452991452991453,isotonic,82
0,0.495194852668859,0.4594594594594595,isotonic,82
1,0.6911730607803349,0.7558139534883721,isotonic,82
0,0.20759369337552577,0.1452991452991453,isotonic,82
1,0.07995557970269757,0.049019607843137254,isotonic,82
1,0.9770325475363624,1.0,isotonic,82
1,0.29694683443737613,0.16279069767441862,isotonic,82
0,0.23184573806541128,0.1452991452991453,isotonic,82
1,0.9884192320123534,1.0,isotonic,82
0,0.183797898858557,0.1452991452991453,isotonic,82
0,0.09772348194279486,0.08571428571428572,isotonic,82
0,0.16540569039863426,0.1452991452991453,isotonic,82
1,0.21816240434937956,0.1452991452991453,isotonic,82
1,0.6228539106776296,0.6666666666666666,isotonic,82
0,0.6515033273695119,0.7558139534883721,isotonic,82
0,0.5475482644469059,0.5178571428571429,isotonic,82
0,0.11435461636278133,0.08571428571428572,isotonic,82
1,0.9954340499202143,1.0,isotonic,82
1,0.3253737551304862,0.1643835616438356,isotonic,82
0,0.30222340039971646,0.16279069767441862,isotonic,82
1,0.7062983607858818,0.7558139534883721,isotonic,82
1,0.9091555012409898,0.9836065573770492,isotonic,82
0,0.12212070102620595,0.08571428571428572,isotonic,82
0,0.18070702201475167,0.1452991452991453,isotonic,82
0,0.0366676947151175,0.0,isotonic,82
0,0.20670504794974282,0.1452991452991453,isotonic,82
0,0.15893826533338987,0.1452991452991453,isotonic,82
0,0.12993558816012976,0.08571428571428572,isotonic,82
0,0.18242826445707236,0.1452991452991453,isotonic,82
0,0.1549003386148022,0.1452991452991453,isotonic,82
1,0.9239198383791383,0.9836065573770492,isotonic,82
0,0.18689364391197505,0.1452991452991453,isotonic,82
0,0.02841709321990329,0.0,isotonic,82
0,0.5658161640341105,0.55,isotonic,82
1,0.9935595707681129,1.0,isotonic,82
1,0.9996946058045787,1.0,isotonic,82
1,0.9929516174657781,1.0,isotonic,82
1,0.999315289013135,1.0,isotonic,82
1,0.9794297830805204,1.0,isotonic,82
0,0.1842772941841888,0.1452991452991453,isotonic,82
1,0.9556366971984145,1.0,isotonic,82
0,0.13700558209010788,0.08571428571428572,isotonic,82
0,0.03543703951588895,0.0,isotonic,82
1,0.9063368552436102,0.9836065573770492,isotonic,82
0,0.07253237995379334,0.049019607843137254,isotonic,82
0,0.5109412016346998,0.46774193548387094,isotonic,82
0,0.3508453718367725,0.24324324324324326,isotonic,82
0,0.10094238907763939,0.08571428571428572,isotonic,82
0,0.1647660292202069,0.1452991452991453,isotonic,82
1,0.39897853423651697,0.30985915492957744,isotonic,82
1,0.22668579964045463,0.1452991452991453,isotonic,82
0,0.095638227763129,0.06060606060606061,isotonic,82
0,0.28307180820112515,0.16279069767441862,isotonic,82
0,0.4503226509551785,0.4094488188976378,isotonic,82
0,0.5066120123420375,0.46774193548387094,isotonic,82
0,0.21485982503917406,0.1452991452991453,isotonic,82
1,0.9600689293248788,1.0,isotonic,82
0,0.7079643060939822,0.7558139534883721,isotonic,82
0,0.17988779002792538,0.1452991452991453,isotonic,82
1,0.41915390646022815,0.30985915492957744,isotonic,82
1,0.3899930666333668,0.30985915492957744,isotonic,82
0,0.20615146764053077,0.1452991452991453,isotonic,82
0,0.13197278387059344,0.08571428571428572,isotonic,82
1,0.9939231389565601,1.0,isotonic,82
0,0.1411736375688723,0.13793103448275862,isotonic,82
1,0.977133595658777,1.0,isotonic,82
1,0.9909136591730736,1.0,isotonic,82
0,0.3838652646458437,0.29850746268656714,isotonic,82
0,0.7304198025027309,0.9,isotonic,82
1,0.7561779180978604,0.9,isotonic,82
1,0.7264683427972727,0.9,isotonic,82
1,0.5881365777883206,0.609375,isotonic,82
1,0.7264683427972727,0.9,isotonic,82
1,0.08325960291928769,0.049019607843137254,isotonic,82
1,0.7264683427972727,0.9,isotonic,82
0,0.23566614773731123,0.1452991452991453,isotonic,82
0,0.4834360479490371,0.4094488188976378,isotonic,82
1,0.9999917090509017,1.0,isotonic,82
0,0.3147651450210627,0.1643835616438356,isotonic,82
1,0.8466334524168009,0.9,isotonic,82
0,0.15066130672300812,0.1452991452991453,isotonic,82
1,0.6605963330670738,0.7558139534883721,isotonic,82
0,0.37298464284804733,0.29850746268656714,isotonic,82
0,0.13308435730181367,0.08571428571428572,isotonic,82
1,0.998303847549933,1.0,isotonic,82
1,0.14847581615636452,0.13793103448275862,isotonic,82
1,0.997037438067368,1.0,isotonic,82
1,0.9872130783447861,1.0,isotonic,82
1,0.7084703976420208,0.7558139534883721,isotonic,82
0,0.6668607568613427,0.7558139534883721,isotonic,82
1,0.1488432473234397,0.13793103448275862,isotonic,82
0,0.16277589998659409,0.1452991452991453,isotonic,82
1,0.9997536783548883,1.0,isotonic,82
0,0.36779830181274775,0.29850746268656714,isotonic,82
1,0.7264683427972727,0.9,isotonic,82
0,0.0705537084349183,0.049019607843137254,isotonic,82
1,0.9995854041692409,1.0,isotonic,82
1,0.999466281382041,1.0,isotonic,82
0,0.37191008351983224,0.29850746268656714,isotonic,82
0,0.38574539894397525,0.29850746268656714,isotonic,82
0,0.5277385207449022,0.5178571428571429,isotonic,82
0,0.2084935152706403,0.1452991452991453,isotonic,82
0,0.4214118097693701,0.30985915492957744,isotonic,82
0,0.20869075055289735,0.1452991452991453,isotonic,82
1,0.9369957399189474,0.9836065573770492,isotonic,82
0,0.14948754481705837,0.1452991452991453,isotonic,82
0,0.051043935760757726,0.04,isotonic,82
1,0.0904540046238813,0.06060606060606061,isotonic,82
0,0.17619305887936532,0.1452991452991453,isotonic,82
1,0.9999774244442179,1.0,isotonic,82
1,0.9997695447829597,1.0,isotonic,82
0,0.04458052689865815,0.0,isotonic,82
0,0.3465826529122203,0.24324324324324326,isotonic,82
0,0.16878628222913847,0.1452991452991453,isotonic,82
1,0.8871317378348146,0.9836065573770492,isotonic,82
1,0.8207759175644019,0.9,isotonic,82
0,0.1817156067345984,0.1452991452991453,isotonic,82
1,0.9419492559497298,0.9836065573770492,isotonic,82
1,0.7264683427972727,0.9,isotonic,82
1,0.7264683427972727,0.9,isotonic,82
1,0.5799647434171589,0.609375,isotonic,82
0,0.09235909476028549,0.06060606060606061,isotonic,82
1,0.6757970648238095,0.7558139534883721,isotonic,82
0,0.030085227974587833,0.0,isotonic,82
0,0.26399802493989805,0.16279069767441862,isotonic,82
1,0.9982078484382728,1.0,isotonic,82
1,0.42213871735208514,0.30985915492957744,isotonic,82
0,0.07123793865572019,0.049019607843137254,isotonic,82
1,0.38218120345953277,0.29850746268656714,isotonic,82
1,0.9649961359513474,1.0,isotonic,82
1,0.24808727449725387,0.1452991452991453,isotonic,82
1,0.7264683427972727,0.9,isotonic,82
1,0.6776195872518218,0.7558139534883721,isotonic,82
1,0.6158340692426985,0.6666666666666666,isotonic,82
1,0.6811036461994028,0.7558139534883721,isotonic,82
0,0.35413239466031,0.24324324324324326,isotonic,82
0,0.1517128928179214,0.1452991452991453,isotonic,82
0,0.08186621377422777,0.049019607843137254,isotonic,82
0,0.21589869890895663,0.1452991452991453,isotonic,82
0,0.36236690011957134,0.24324324324324326,isotonic,82
0,0.45827362177752845,0.4094488188976378,isotonic,82
0,0.09283002125882359,0.06060606060606061,isotonic,82
0,0.06077404425563062,0.049019607843137254,isotonic,82
0,0.048949642847685965,0.04,isotonic,82
0,0.1500853122729239,0.1452991452991453,isotonic,82
1,0.744492759848849,0.9,isotonic,82
0,0.1057369026576441,0.08571428571428572,isotonic,82
0,0.6219782365234737,0.6666666666666666,isotonic,82
0,0.4190229132723589,0.30985915492957744,isotonic,82
0,0.13009174546788077,0.08571428571428572,isotonic,82
0,0.3616370677793441,0.24324324324324326,isotonic,82
1,0.6488127935555038,0.7558139534883721,isotonic,82
1,0.1331006263724161,0.08571428571428572,isotonic,82
1,0.7851424741225225,0.9,isotonic,82
1,0.41013169340621314,0.30985915492957744,isotonic,82
1,0.15281538228691083,0.1452991452991453,isotonic,82
1,0.6716444037022439,0.7558139534883721,isotonic,82
1,0.2583839077412775,0.1452991452991453,isotonic,82
1,0.7509058099334892,0.9,isotonic,82
1,0.8968823252852924,0.9836065573770492,isotonic,82
1,0.8319696146999926,0.9,isotonic,82
1,0.5654180853866415,0.55,isotonic,82
1,0.9998715066571607,1.0,isotonic,82
0,0.5137109613578776,0.46774193548387094,isotonic,82
1,0.9494538420692833,1.0,isotonic,82
0,0.04836765855955709,0.04,isotonic,82
1,0.36183401003568527,0.24324324324324326,isotonic,82
1,0.8774762165236263,0.9836065573770492,isotonic,82
1,0.9650736822292384,1.0,isotonic,82
0,0.3102879538449999,0.1643835616438356,isotonic,82
1,0.7484331029252623,0.9,isotonic,82
0,0.33045942297465697,0.1643835616438356,isotonic,82
1,0.28867797710168774,0.16279069767441862,isotonic,82
1,0.9984754911443774,1.0,isotonic,82
1,0.9624833880299645,1.0,isotonic,82
0,0.10233046230313372,0.08571428571428572,isotonic,82
1,0.6984240821317916,0.7558139534883721,isotonic,82
1,0.9996911134940837,1.0,isotonic,82
1,0.44812617025471907,0.4094488188976378,isotonic,82
0,0.2751963974187722,0.16279069767441862,isotonic,82
0,0.4191080024320756,0.30985915492957744,isotonic,82
0,0.18836729693313098,0.1452991452991453,isotonic,82
1,0.6423592348528485,0.7272727272727273,isotonic,82
1,0.8786183281557746,0.9836065573770492,isotonic,82
1,0.9894255901073551,1.0,isotonic,82
0,0.08076495679534505,0.049019607843137254,isotonic,82
1,0.5188714599691803,0.46774193548387094,isotonic,82
1,0.934831198861814,0.9836065573770492,isotonic,82
0,0.21790399270273667,0.1452991452991453,isotonic,82
1,0.668401436150307,0.7558139534883721,isotonic,82
0,0.32241886959430804,0.1643835616438356,isotonic,82
0,0.2610343224588229,0.1452991452991453,isotonic,82
1,0.7910929718201846,0.9,isotonic,82
0,0.4939052590410427,0.4594594594594595,isotonic,82
1,0.8355423557564807,0.9,isotonic,82
0,0.5115797576672897,0.46774193548387094,isotonic,82
0,0.14107935700879556,0.13793103448275862,isotonic,82
0,0.18824777773068843,0.1452991452991453,isotonic,82
1,0.4812150555635889,0.4094488188976378,isotonic,82
1,0.7264683427972727,0.9,isotonic,82
0,0.30157125106165616,0.16279069767441862,isotonic,82
0,0.15436593154534747,0.1452991452991453,isotonic,82
0,0.1821495797702774,0.1452991452991453,isotonic,82
0,0.2751457074271901,0.16279069767441862,isotonic,82
0,0.5666913733116499,0.55,isotonic,82
0,0.4434981821567832,0.4094488188976378,isotonic,82
1,0.9539566435404836,1.0,isotonic,82
1,0.50344994987241,0.46774193548387094,isotonic,82
0,0.31280789068357445,0.1643835616438356,isotonic,82
1,0.9487855840102596,1.0,isotonic,82
0,0.3078917982318574,0.1643835616438356,isotonic,82
1,0.873875956964247,0.9836065573770492,isotonic,82
1,0.42800709825251226,0.3684210526315789,isotonic,82
0,0.36628302388879824,0.29850746268656714,isotonic,82
1,0.7264683427972727,0.9,isotonic,82
1,0.36653945424409995,0.29850746268656714,isotonic,82
1,0.892411902079424,0.9836065573770492,isotonic,82
0,0.08246581195917549,0.049019607843137254,isotonic,82
1,0.9976741509139349,1.0,isotonic,82
0,0.33751996815210766,0.24324324324324326,isotonic,82
0,0.15217163108584064,0.1452991452991453,isotonic,82
1,0.4784460882257324,0.4094488188976378,isotonic,82
0,0.2268709439559124,0.1452991452991453,isotonic,82
1,0.8085828963817541,0.9,isotonic,82
1,0.7602652216803316,0.9,isotonic,82
1,0.9941474046090659,1.0,isotonic,82
1,0.3023360567294666,0.16279069767441862,isotonic,82
1,0.797551701024546,0.9,isotonic,82
1,0.9467696359955102,1.0,isotonic,82
0,0.30070721704178843,0.16279069767441862,isotonic,82
1,0.9590384466550415,1.0,isotonic,82
1,0.6819784741794651,0.7558139534883721,isotonic,82
0,0.6957305786685886,0.7558139534883721,isotonic,82
1,0.3396201457708826,0.24324324324324326,isotonic,82
0,0.22422470205472378,0.1452991452991453,isotonic,82
1,0.7530055751756154,0.9,isotonic,82
1,0.9996162321727355,1.0,isotonic,82
0,0.03638548304742275,0.0,isotonic,82
1,0.39075187288580104,0.30985915492957744,isotonic,82
0,0.365006399337989,0.2798326733351849,isotonic,82
1,0.7264683427972727,0.9,isotonic,82
0,0.3500330419858478,0.24324324324324326,isotonic,82
0,0.1475055317940749,0.13793103448275862,isotonic,82
1,0.23365036559201663,0.1452991452991453,isotonic,82
0,0.2748541961206492,0.16279069767441862,isotonic,82
1,0.21566281561398679,0.1452991452991453,isotonic,82
0,0.455813667236115,0.4094488188976378,isotonic,82
0,0.33283280753965255,0.23529411764705882,isotonic,82
0,0.2880984643120523,0.16279069767441862,isotonic,82
0,0.41129472177402415,0.30985915492957744,isotonic,82
0,0.3946167577775208,0.30985915492957744,isotonic,82
0,0.36550009959646473,0.29850746268656714,isotonic,82
1,0.9274270333540394,0.9836065573770492,isotonic,82
0,0.24859379897129913,0.1452991452991453,isotonic,82
1,0.7915920429057663,0.9,isotonic,82
0,0.2595795219807575,0.1452991452991453,isotonic,82
0,0.8043407366486685,0.9,isotonic,82
1,0.8858519378817578,0.9836065573770492,isotonic,82
1,0.7264683427972727,0.9,isotonic,82
1,0.4032320828607667,0.30985915492957744,isotonic,82
1,0.8527440201942548,0.9,isotonic,82
0,0.30318406655468694,0.16279069767441862,isotonic,82
1,0.7264683427972727,0.9,isotonic,82
0,0.36389755926074585,0.24324324324324326,isotonic,82
0,0.5511502237875351,0.5178571428571429,isotonic,82
0,0.14013818023578364,0.13793103448275862,isotonic,82
0,0.4169432928867802,0.30985915492957744,isotonic,82
1,0.9690844679778456,1.0,isotonic,82
0,0.035617544422237996,0.0,isotonic,82
1,0.987863905578044,1.0,isotonic,82
0,0.16814364346053948,0.1452991452991453,isotonic,82
1,0.6991886555432164,0.7558139534883721,isotonic,82
1,0.7264683427972727,0.9,isotonic,82
1,0.9999915533149136,1.0,isotonic,82
0,0.19445954336728505,0.1452991452991453,isotonic,82
0,0.7082120299894186,0.7558139534883721,isotonic,82
0,0.0504197790535358,0.04,isotonic,82
1,0.1031368407304077,0.08571428571428572,isotonic,82
1,0.3164783551504288,0.1643835616438356,isotonic,82
1,0.620435236323568,0.6666666666666666,isotonic,82
1,0.5209218008090388,0.46774193548387094,isotonic,82
0,0.9806236085674107,1.0,isotonic,82
1,0.9999362766590802,1.0,isotonic,82
0,0.25729706272975145,0.1452991452991453,isotonic,82
1,0.9034176092257414,0.9836065573770492,isotonic,82
0,0.24558789460479802,0.1452991452991453,isotonic,82
1,0.8341681415358612,0.9,isotonic,82
1,0.5720438284127008,0.55,isotonic,82
0,0.7302590660892249,0.9,isotonic,82
1,0.7264683427972727,0.9,isotonic,82
0,0.24817953337231624,0.1452991452991453,isotonic,82
1,0.7264683427972727,0.9,isotonic,82
1,0.495873772917038,0.4594594594594595,isotonic,82
0,0.4347106215897152,0.4094488188976378,isotonic,82
1,0.37771701403503544,0.29850746268656714,isotonic,82
0,0.10527986946810865,0.08571428571428572,isotonic,82
1,0.8607140353514582,0.9,isotonic,82
1,0.85049164545282,0.9,isotonic,82
0,0.1852647889607876,0.1452991452991453,isotonic,82
1,0.997679409299755,1.0,isotonic,82
0,0.053368256247742184,0.04,isotonic,82
1,0.9999999999999745,1.0,isotonic,82
1,0.9184444250686505,0.9836065573770492,isotonic,82
1,0.999627971683492,1.0,isotonic,82
1,0.8973961104639904,0.9836065573770492,isotonic,82
1,0.9945292614353755,1.0,isotonic,82
0,0.06834366357558397,0.049019607843137254,isotonic,82
0,0.35876672138600263,0.24324324324324326,isotonic,82
0,0.21987320584764206,0.1452991452991453,isotonic,82
1,0.9789375434816834,1.0,isotonic,82
0,0.5467985778966626,0.5178571428571429,isotonic,82
1,0.9793231466328803,1.0,isotonic,82
0,0.1821428570005659,0.1452991452991453,isotonic,82
1,0.28817124714022063,0.16279069767441862,isotonic,82
1,0.16416615518961536,0.1452991452991453,isotonic,82
1,0.5878970330149719,0.609375,isotonic,82
0,0.3298810997116945,0.1643835616438356,isotonic,82
0,0.14210433137493164,0.13793103448275862,isotonic,82
1,0.7264683427972727,0.9,isotonic,82
1,0.28976224884440294,0.16279069767441862,isotonic,82
1,0.941201371892971,0.9836065573770492,isotonic,82
0,0.5774421556257154,0.55,isotonic,82
1,0.7777341906168715,0.9,isotonic,82
1,0.8423884857687479,0.9,isotonic,82
0,0.5258220664354244,0.5051974087369844,isotonic,82
0,0.3058779791239414,0.1643835616438356,isotonic,82
1,0.35268998099146043,0.24324324324324326,isotonic,82
0,0.3232074969821566,0.1643835616438356,isotonic,82
1,0.9994621421057135,1.0,isotonic,82
0,0.07393298471438155,0.049019607843137254,isotonic,82
1,0.9947617801760751,1.0,isotonic,82
0,0.04106983720069782,0.0,isotonic,82
1,0.7264683427972727,0.9,isotonic,82
0,0.5299855692961223,0.5178571428571429,isotonic,82
0,0.03320509845604904,0.0,isotonic,82
1,0.9999857403994372,1.0,isotonic,82
0,0.30931873960242207,0.1643835616438356,isotonic,82
0,0.23693570477721929,0.1452991452991453,isotonic,82
0,0.5462992869243228,0.5178571428571429,isotonic,82
0,0.3822721824692178,0.29850746268656714,isotonic,82
0,0.16527818294930924,0.1452991452991453,isotonic,82
0,0.11147908783477345,0.08571428571428572,isotonic,82
1,0.8125014480169218,0.9,isotonic,82
1,0.5577748202606402,0.5178571428571429,isotonic,82
0,0.434027776619875,0.4094488188976378,isotonic,82
1,0.7879935444886751,0.9,isotonic,82
0,0.2826316251977455,0.16279069767441862,isotonic,82
0,0.2450028972768013,0.1452991452991453,isotonic,82
0,0.5010748179047855,0.46774193548387094,isotonic,82
1,0.915509654236699,0.9836065573770492,isotonic,82
0,0.34708524788823464,0.24324324324324326,isotonic,82
0,0.5665012188320614,0.55,isotonic,82
1,0.7270913804788135,0.9,isotonic,82
0,0.10500694352500237,0.08571428571428572,isotonic,82
0,0.17808179988440961,0.1452991452991453,isotonic,82
1,0.7302637036179697,0.9,isotonic,82
0,0.22551309021820673,0.1452991452991453,isotonic,82
1,0.7264683427972727,0.9,isotonic,82
1,0.9999999997652291,1.0,isotonic,82
0,0.33048340549211036,0.1643835616438356,isotonic,82
0,0.05848000042703334,0.049019607843137254,isotonic,82
0,0.23949346862010856,0.1452991452991453,isotonic,82
0,0.4547534649429301,0.4094488188976378,isotonic,82
0,0.16925830872320216,0.1452991452991453,isotonic,82
0,0.13303182467240884,0.08571428571428572,isotonic,82
1,0.7264683427972727,0.9,isotonic,82
1,0.46801369166166296,0.4094488188976378,isotonic,82
0,0.5509710411840014,0.5178571428571429,isotonic,82
0,0.09965284064092364,0.08571428571428572,isotonic,82
1,0.7937294894677979,0.9,isotonic,82
0,0.34313215999291746,0.24324324324324326,isotonic,82
1,0.7264683427972727,0.9,isotonic,82
1,0.9195363146417536,0.9836065573770492,isotonic,82
1,0.99699822917484,1.0,isotonic,82
0,0.14161626915332076,0.13793103448275862,isotonic,82
0,0.15544453433086405,0.1452991452991453,isotonic,82
0,0.5403884566391091,0.5178571428571429,isotonic,82
1,0.9726514670303281,1.0,isotonic,82
0,0.36798140635204357,0.29850746268656714,isotonic,82
0,0.13713932211523644,0.08571428571428572,isotonic,82
1,0.3385141791634934,0.24324324324324326,isotonic,82
0,0.3366490778151893,0.23634956902330712,isotonic,82
1,0.43105643916862313,0.3684210526315789,isotonic,82
1,0.9999988389349972,1.0,isotonic,82
0,0.3647031911334456,0.26465426343570553,isotonic,82
0,0.15236184217252519,0.1452991452991453,isotonic,82
1,0.999999995552352,1.0,isotonic,82
1,0.22252032929808044,0.1452991452991453,isotonic,82
0,0.6827967948261896,0.7558139534883721,isotonic,82
0,0.06696155572568709,0.049019607843137254,isotonic,82
0,0.32194424818214185,0.1643835616438356,isotonic,82
0,0.5185848668723952,0.46774193548387094,isotonic,82
0,0.3926686293318798,0.30985915492957744,isotonic,82
0,0.1628573699229373,0.1452991452991453,isotonic,82
0,0.7239563119240905,0.9,isotonic,82
1,0.23801955450139778,0.1452991452991453,isotonic,82
1,0.9938983860675609,1.0,isotonic,82
0,0.2856874217017127,0.16279069767441862,isotonic,82
1,0.6245555671026541,0.6666666666666666,isotonic,82
0,0.039962973420163535,0.0,isotonic,82
1,0.8164145229786809,0.9,isotonic,82
1,0.989746819905145,1.0,isotonic,82
1,0.5576283395019056,0.5178571428571429,isotonic,82
1,0.9999969956293376,1.0,isotonic,82
1,0.744506240494647,0.9,isotonic,82
0,0.45460958582807487,0.4094488188976378,isotonic,82
1,0.6463504463737324,0.7558139534883721,isotonic,82
1,0.4556756293551311,0.4094488188976378,isotonic,82
1,0.8034468630509928,0.9,isotonic,82
0,0.36145253502136165,0.24324324324324326,isotonic,82
0,0.09160265871773134,0.06060606060606061,isotonic,82
1,0.9672116654231748,1.0,isotonic,82
0,0.48628827156424,0.4594594594594595,isotonic,82
0,0.15322301541181851,0.1452991452991453,isotonic,82
0,0.1002171096117017,0.08571428571428572,isotonic,82
0,0.34159152489899813,0.24324324324324326,isotonic,82
1,0.9909647962583343,1.0,isotonic,82
0,0.20480403113348725,0.1452991452991453,isotonic,82
1,0.9634970272947645,1.0,isotonic,82
1,0.8196289999708498,0.9,isotonic,82
0,0.3345185586661209,0.23529411764705882,isotonic,82
1,0.5020257686501095,0.46774193548387094,isotonic,82
1,0.7264683427972727,0.9,isotonic,82
0,0.21377785721212283,0.1452991452991453,isotonic,82
1,0.50319715141892,0.46774193548387094,isotonic,82
1,0.7672566227685584,0.9,isotonic,82
0,0.03975277864287349,0.0,isotonic,82
0,0.5921503186280515,0.609375,isotonic,82
1,0.999999998180523,1.0,isotonic,82
0,0.06066741735415372,0.049019607843137254,isotonic,82
0,0.12494139128183751,0.08571428571428572,isotonic,82
1,0.7604115782275598,0.9,isotonic,82
0,0.11108062202833653,0.08571428571428572,isotonic,82
1,0.7264683427972727,0.9,isotonic,82
0,0.21507762005286887,0.1452991452991453,isotonic,82
1,0.9969328071177366,1.0,isotonic,82
0,0.6153805098754132,0.6666666666666666,isotonic,82
0,0.18422689913174983,0.1452991452991453,isotonic,82
0,0.525512932693102,0.5028919888176473,isotonic,82
0,0.055372933682628925,0.04,isotonic,82
0,0.30323542355772,0.16279069767441862,isotonic,82
0,0.6121007327972419,0.609375,isotonic,82
0,0.17102742673226634,0.1452991452991453,isotonic,82
1,0.9131835259535845,0.9836065573770492,isotonic,82
1,0.9999153023218025,1.0,isotonic,82
1,0.7741790351697981,0.9,isotonic,82
1,0.3740267427962287,0.29850746268656714,isotonic,82
1,0.03266719611202113,0.0,isotonic,82
0,0.2502287264279289,0.1452991452991453,isotonic,82
0,0.6563344224926224,0.7558139534883721,isotonic,82
0,0.055483876109850554,0.04,isotonic,82
0,0.29824508650748033,0.16279069767441862,isotonic,82
1,0.4841689743927122,0.41662624946618815,isotonic,82
1,0.9713324354964138,1.0,isotonic,82
0,0.40417928419128235,0.30985915492957744,isotonic,82
0,0.07708214689167582,0.049019607843137254,isotonic,82
0,0.07040143238258088,0.049019607843137254,isotonic,82
1,0.9935829200442562,1.0,isotonic,82
1,0.7380889796600532,0.9,isotonic,82
1,0.999999999989513,1.0,isotonic,82
1,0.5023626861255942,0.46774193548387094,isotonic,82
1,0.45640614778739497,0.4094488188976378,isotonic,82
0,0.06024737487903083,0.049019607843137254,isotonic,82
1,0.1305587548625033,0.08571428571428572,isotonic,82
1,0.870046777818365,0.9836065573770492,isotonic,82
1,0.7025460787816656,0.7558139534883721,isotonic,82
0,0.05730819989018402,0.04,isotonic,82
1,0.9999965756023553,1.0,isotonic,82
0,0.36266487094185457,0.24324324324324326,isotonic,82
0,0.0809065494330682,0.049019607843137254,isotonic,82
0,0.12016000501147826,0.08571428571428572,isotonic,82
0,0.22820611045881609,0.1452991452991453,isotonic,82
1,0.967359685963953,1.0,isotonic,82
0,0.07168620874854412,0.049019607843137254,isotonic,82
1,0.41175337200451917,0.30985915492957744,isotonic,82
0,0.3830946146354404,0.29850746268656714,isotonic,82
0,0.18381496283854226,0.1452991452991453,isotonic,82
1,0.5813907692997973,0.609375,isotonic,82
0,0.10662565512075357,0.08571428571428572,isotonic,82
1,0.9999938112970783,1.0,isotonic,82
1,0.820906335673578,0.9,isotonic,82
0,0.046424697254007496,0.0,isotonic,82
1,0.9591510064645521,1.0,isotonic,82
1,0.9636146981415564,1.0,isotonic,82
0,0.24958892104681704,0.1452991452991453,isotonic,82
1,0.7264683427972727,0.9,isotonic,82
0,0.14285259849370038,0.13793103448275862,isotonic,82
0,0.30316336733854354,0.16279069767441862,isotonic,82
1,0.6168319936738859,0.6666666666666666,isotonic,82
1,0.995648600444515,1.0,isotonic,82
1,0.5785014147185809,0.609375,isotonic,82
1,0.999981694424706,1.0,isotonic,82
1,0.9951265376728289,1.0,isotonic,82
1,0.6025067354995884,0.609375,isotonic,82
0,0.20637669568656508,0.1452991452991453,isotonic,82
0,0.12379804904945013,0.08571428571428572,isotonic,82
1,0.7264683427972727,0.9,isotonic,82
1,0.6650938543216409,0.7558139534883721,isotonic,82
1,0.047050308837041865,0.0,isotonic,82
0,0.5289313705471894,0.5178571428571429,isotonic,82
0,0.08184436546836674,0.049019607843137254,isotonic,82
0,0.3769599642026009,0.29850746268656714,isotonic,82
1,0.5751044254668487,0.55,isotonic,82
0,0.6389134816261579,0.7272727272727273,isotonic,82
1,0.7000043325390611,0.7558139534883721,isotonic,82
0,0.4801172834634689,0.4094488188976378,isotonic,82
0,0.5237545315821331,0.46774193548387094,isotonic,82
1,0.1262517494400511,0.08571428571428572,isotonic,82
0,0.23971138876354733,0.1452991452991453,isotonic,82
1,0.7264683427972727,0.9,isotonic,82
1,0.3093911460264471,0.1643835616438356,isotonic,82
1,0.509045833163334,0.46774193548387094,isotonic,82
0,0.688478006519742,0.7558139534883721,isotonic,82
1,0.29154898397257006,0.16279069767441862,isotonic,82
0,0.6684223302974949,0.7558139534883721,isotonic,82
1,0.6581781994446148,0.7558139534883721,isotonic,82
1,0.7264683427972727,0.9,isotonic,82
1,0.9999934786744775,1.0,isotonic,82
0,0.38066156958554914,0.29850746268656714,isotonic,82
1,0.7264683427972727,0.9,isotonic,82
1,0.20090376078796632,0.1452991452991453,isotonic,82
0,0.050713084358368216,0.04,isotonic,82
1,0.3942479974491549,0.30985915492957744,isotonic,82
1,0.5444109898724174,0.5178571428571429,isotonic,82
1,0.8032346078845973,0.9,isotonic,82
0,0.16597131120922384,0.1452991452991453,isotonic,82
1,0.8412335079058004,0.9,isotonic,82
1,0.9999843401602165,1.0,isotonic,82
1,0.931707302645245,0.9836065573770492,isotonic,82
0,0.05011399939207799,0.04,isotonic,82
1,0.9889771368923657,1.0,isotonic,82
1,0.8290690050107785,0.9,isotonic,82
0,0.6123403970743574,0.609375,isotonic,82
1,0.3942940887900045,0.30985915492957744,isotonic,82
0,0.2629832075150042,0.16279069767441862,isotonic,82
0,0.1600286960906573,0.1452991452991453,isotonic,82
1,0.12164014668473852,0.08571428571428572,isotonic,82
0,0.3475095538418318,0.24324324324324326,isotonic,82
0,0.6649444481091402,0.7558139534883721,isotonic,82
0,0.16524224019053216,0.1452991452991453,isotonic,82
1,0.8885430866773886,0.9836065573770492,isotonic,82
0,0.26370835181853836,0.16279069767441862,isotonic,82
0,0.28613133635484117,0.16279069767441862,isotonic,82
0,0.07288777721315462,0.049019607843137254,isotonic,82
1,0.8019775152453251,0.9,isotonic,82
1,0.9260474916960425,0.9836065573770492,isotonic,82
1,0.3621389437454762,0.24324324324324326,isotonic,82
0,0.3542643493379591,0.24324324324324326,isotonic,82
1,0.623509855960941,0.6666666666666666,isotonic,82
1,0.9004697510186541,0.9836065573770492,isotonic,82
0,0.2147890177491625,0.1452991452991453,isotonic,82
1,0.7882488723469097,0.9,isotonic,82
0,0.07197477286158513,0.049019607843137254,isotonic,82
0,0.32757765690106505,0.1643835616438356,isotonic,82
0,0.44538364115615847,0.4094488188976378,isotonic,82
1,0.6791114012576687,0.7558139534883721,isotonic,82
0,0.9461287867180429,1.0,isotonic,82
1,0.7264683427972727,0.9,isotonic,82
1,0.990142991413039,1.0,isotonic,82
0,0.22169040657758624,0.1452991452991453,isotonic,82
1,0.8813072021739515,0.9836065573770492,isotonic,82
1,0.9407537639516705,0.9836065573770492,isotonic,82
1,0.37444968748896884,0.29850746268656714,isotonic,82
0,0.06123430055999776,0.049019607843137254,isotonic,82
0,0.023252706148203097,0.0,isotonic,82
1,0.39540004406120877,0.30985915492957744,isotonic,82
0,0.30473122568769634,0.1640814539369632,isotonic,82
0,0.5175343820798692,0.46774193548387094,isotonic,82
0,0.13263617368773345,0.08571428571428572,isotonic,82
1,0.36933191563532003,0.29850746268656714,isotonic,82
0,0.3261163626667359,0.1643835616438356,isotonic,82
0,0.3625729136490742,0.24324324324324326,isotonic,82
0,0.47016798281366423,0.4094488188976378,isotonic,82
0,0.8970002987637635,0.9836065573770492,isotonic,82
1,0.16919166669894017,0.1452991452991453,isotonic,82
0,0.6039618257965284,0.609375,isotonic,82
0,0.363801166216687,0.24324324324324326,isotonic,82
1,0.9990688307381312,1.0,isotonic,82
1,0.6996006485410502,0.7558139534883721,isotonic,82
1,0.9042850054774987,0.9836065573770492,isotonic,82
1,0.9997411510471276,1.0,isotonic,82
0,0.06386364849066482,0.049019607843137254,isotonic,82
0,0.10733911978825685,0.08571428571428572,isotonic,82
0,0.7278559352156203,0.9,isotonic,82
0,0.2588005366395916,0.1452991452991453,isotonic,82
1,0.29780146642770244,0.16279069767441862,isotonic,82
1,0.7991733627773782,0.9,isotonic,82
1,0.9282845883154138,0.9836065573770492,isotonic,82
1,0.850538737350286,0.9,isotonic,82
1,0.9945019935565073,1.0,isotonic,82
0,0.3209493836652818,0.1643835616438356,isotonic,82
1,0.8647521043655152,0.9,isotonic,82
0,0.39802869686671283,0.30985915492957744,isotonic,82
1,0.40194503317434743,0.30985915492957744,isotonic,82
1,0.7264683427972727,0.9,isotonic,82
0,0.42818012783870335,0.3684210526315789,isotonic,82
1,0.7264683427972727,0.9,isotonic,82
1,0.9080925191032942,0.9836065573770492,isotonic,82
0,0.2583583393505085,0.1452991452991453,isotonic,82
0,0.09159827796747365,0.06060606060606061,isotonic,82
1,0.6735751997810863,0.7558139534883721,isotonic,82
0,0.13560514872203924,0.08571428571428572,isotonic,82
1,0.9771692743855585,1.0,isotonic,82
1,0.1622809696976609,0.1452991452991453,isotonic,82
1,0.8072934962710409,0.9,isotonic,82
1,0.9626625141071982,1.0,isotonic,82
0,0.1655097073702591,0.1452991452991453,isotonic,82
0,0.5072933314699719,0.46774193548387094,isotonic,82
1,0.935188743574433,0.9836065573770492,isotonic,82
1,0.9999999999902163,1.0,isotonic,82
0,0.5390258720983693,0.5178571428571429,isotonic,82
1,0.9460622095726068,1.0,isotonic,82
0,0.029601657339385877,0.0,isotonic,82
0,0.18981090677886417,0.1452991452991453,isotonic,82
1,0.4582453375606346,0.4094488188976378,isotonic,82
1,0.9725047026051947,1.0,isotonic,82
0,0.30232208387509674,0.16279069767441862,isotonic,82
1,0.13748261940180442,0.08571428571428572,isotonic,82
0,0.10042665795556958,0.08571428571428572,isotonic,82
0,0.24885061347796752,0.1452991452991453,isotonic,82
0,0.18915811687491907,0.1452991452991453,isotonic,82
0,0.22531795882255848,0.1452991452991453,isotonic,82
1,0.9997852520995636,1.0,isotonic,82
0,0.29008622850019516,0.16279069767441862,isotonic,82
0,0.35181342469319093,0.24324324324324326,isotonic,82
0,0.17751108613993513,0.1452991452991453,isotonic,82
1,0.9999998450002587,1.0,isotonic,82
1,0.09965535880946083,0.08571428571428572,isotonic,82
1,0.8302880105183724,0.9,isotonic,82
1,0.9996437660093772,1.0,isotonic,82
0,0.9720078744536258,1.0,isotonic,82
0,0.3134483357659079,0.1643835616438356,isotonic,82
1,0.5779333097532513,0.55,isotonic,82
1,0.9999999999762708,1.0,isotonic,82
1,0.9999972589641153,1.0,isotonic,82
1,0.9310902738128294,0.9836065573770492,isotonic,82
0,0.3959144575972669,0.30985915492957744,isotonic,82
0,0.37869773403307044,0.29850746268656714,isotonic,82
0,0.1776511605668874,0.1452991452991453,isotonic,82
0,0.06458918533784497,0.049019607843137254,isotonic,82
0,0.07622426515216275,0.049019607843137254,isotonic,82
0,0.06643356835610068,0.049019607843137254,isotonic,82
1,0.9882028806247453,1.0,isotonic,82
0,0.1576811142436451,0.1452991452991453,isotonic,82
0,0.065814535119706,0.049019607843137254,isotonic,82
0,0.5308616844720885,0.5178571428571429,isotonic,82
0,0.4947491806331483,0.4594594594594595,isotonic,82
0,0.16222612883904963,0.1452991452991453,isotonic,82
1,0.784757853330176,0.9,isotonic,82
1,0.9469865561460821,1.0,isotonic,82
0,0.23796318124028454,0.1452991452991453,isotonic,82
0,0.29682127691512233,0.16279069767441862,isotonic,82
0,0.16433847053081943,0.1452991452991453,isotonic,82
1,0.23150057079193748,0.1452991452991453,isotonic,82
0,0.05575712400058442,0.04,isotonic,82
0,0.10124799763126195,0.08571428571428572,isotonic,82
0,0.3359815210553758,0.23529411764705882,isotonic,82
1,0.8283313461578125,0.9,isotonic,82
0,0.13941722822854138,0.13793103448275862,isotonic,82
0,0.37421763167825667,0.29850746268656714,isotonic,82
0,0.04587359528470017,0.0,isotonic,82
0,0.32003465982929985,0.1643835616438356,isotonic,82
0,0.27171139786759463,0.16279069767441862,isotonic,82
1,0.8061720668559041,0.9,isotonic,82
1,0.7264683427972727,0.9,isotonic,82
1,0.9529403102910413,1.0,isotonic,82
1,0.9971941449064698,1.0,isotonic,82
0,0.05900102245134721,0.049019607843137254,isotonic,82
1,0.9999167719322962,1.0,isotonic,82
1,0.9173613428245185,0.9836065573770492,isotonic,82
1,0.7264683427972727,0.9,isotonic,82
1,0.6639722167030236,0.7558139534883721,isotonic,82
0,0.17268084008494441,0.1452991452991453,isotonic,82
1,0.8915171369858725,0.9836065573770492,isotonic,82
1,0.8065569481095582,0.9,isotonic,82
0,0.604232408169318,0.609375,isotonic,82
1,0.999944412758265,1.0,isotonic,82
1,0.34253522010565685,0.24324324324324326,isotonic,82
0,0.13290108573822054,0.08571428571428572,isotonic,82
1,0.9920944473394386,1.0,isotonic,82
1,0.2708179118894446,0.16279069767441862,isotonic,82
0,0.41415305431993715,0.30985915492957744,isotonic,82
1,0.7935442562368914,0.9,isotonic,82
0,0.019526031384139986,0.0,isotonic,82
0,0.4009579753987036,0.30985915492957744,isotonic,82
1,0.2628556493262626,0.16279069767441862,isotonic,82
1,0.9930877457024373,1.0,isotonic,82
0,0.07209205365757614,0.049019607843137254,isotonic,82
1,0.9889270221669043,1.0,isotonic,82
1,0.4592641573882269,0.4094488188976378,isotonic,82
1,0.7264683427972727,0.9,isotonic,82
1,0.9999999994322768,1.0,isotonic,82
1,0.12819570208388134,0.08571428571428572,isotonic,82
1,0.7264683427972727,0.9,isotonic,82
0,0.5201188453181763,0.46774193548387094,isotonic,82
0,0.347187449817585,0.24324324324324326,isotonic,82
0,0.3866815177341831,0.29850746268656714,isotonic,82
0,0.04121330573445579,0.0,isotonic,82
0,0.7345781472290782,0.9,isotonic,82
0,0.4520457545887192,0.4094488188976378,isotonic,82
0,0.08422408591548512,0.049019607843137254,isotonic,82
1,0.7264683427972727,0.9,isotonic,82
0,0.2837027251889889,0.16279069767441862,isotonic,82
0,0.07104109808109998,0.049019607843137254,isotonic,82
1,0.7264683427972727,0.9,isotonic,82
0,0.5230586331848425,0.46774193548387094,isotonic,82
1,0.30904359832480666,0.1643835616438356,isotonic,82
1,0.6314975466956982,0.7272727272727273,isotonic,82
1,0.9999997182761894,1.0,isotonic,82
0,0.25209311372489746,0.1452991452991453,isotonic,82
0,0.2757896461670733,0.16279069767441862,isotonic,82
0,0.4957653236859575,0.4594594594594595,isotonic,82
0,0.15340972818149698,0.1452991452991453,isotonic,82
0,0.06941610400458653,0.049019607843137254,isotonic,82
1,0.999408779618127,1.0,isotonic,82
1,0.9914928590931898,1.0,isotonic,82
1,0.4161401012935503,0.30985915492957744,isotonic,82
1,0.8263069616220049,0.9,isotonic,82
0,0.12709951663931984,0.08571428571428572,isotonic,82
1,0.9935894373633763,1.0,isotonic,82
0,0.08609194990350902,0.049019607843137254,isotonic,82
1,0.9012213295381611,0.9836065573770492,isotonic,82
0,0.0351393111157411,0.0,isotonic,82
0,0.1506217700495256,0.1452991452991453,isotonic,82
0,0.2798335205701103,0.16279069767441862,isotonic,82
0,0.2984479089884455,0.16279069767441862,isotonic,82
0,0.7132347111193776,0.7558139534883721,isotonic,82
1,0.7264683427972727,0.9,isotonic,82
0,0.13167066729509547,0.08571428571428572,isotonic,82
1,0.8129979559094753,0.9,isotonic,82
1,0.9273951265411866,0.9836065573770492,isotonic,82
1,0.23347155941754866,0.1452991452991453,isotonic,82
0,0.3010633333967531,0.16279069767441862,isotonic,82
1,0.2793643520498192,0.16279069767441862,isotonic,82
1,0.9942153923901824,1.0,isotonic,82
1,0.3347040193590547,0.23529411764705882,isotonic,82
1,0.8961623101411804,0.9836065573770492,isotonic,82
0,0.4822987453170356,0.4094488188976378,isotonic,82
0,0.06149901403058188,0.049019607843137254,isotonic,82
0,0.26206966030145434,0.16279069767441862,isotonic,82
1,0.9999997739388147,1.0,isotonic,82
1,0.5085896472399724,0.46774193548387094,isotonic,82
0,0.19916394945776905,0.1452991452991453,isotonic,82
1,0.9999999159037127,1.0,isotonic,82
1,0.9697121012981679,1.0,isotonic,82
0,0.4063394242046704,0.30985915492957744,isotonic,82
0,0.0353165382741715,0.0,isotonic,82
1,0.18532995501270977,0.1452991452991453,isotonic,82
0,0.743775695693307,0.9,isotonic,82
0,0.2333522246888444,0.1452991452991453,isotonic,82
0,0.3092243878517868,0.1643835616438356,isotonic,82
1,0.7055208444950134,0.7558139534883721,isotonic,82
1,0.9860690866711338,1.0,isotonic,82
1,0.23254680693382207,0.1452991452991453,isotonic,82
1,0.9999728461233648,1.0,isotonic,82
0,0.07615781587820548,0.049019607843137254,isotonic,82
0,0.3411904221624858,0.24324324324324326,isotonic,82
0,0.2949990735114402,0.16279069767441862,isotonic,82
0,0.13672168746246408,0.08571428571428572,isotonic,82
1,0.9999918528036797,1.0,isotonic,82
1,0.7264683427972727,0.9,isotonic,82
1,0.7405579160319121,0.9,isotonic,82
0,0.27230967900959285,0.16279069767441862,isotonic,82
1,0.3416364721368603,0.24324324324324326,isotonic,82
0,0.2755087039221777,0.16279069767441862,isotonic,82
1,0.9977272837882919,1.0,isotonic,82
0,0.042599180818162434,0.0,isotonic,82
1,0.9957728556494791,1.0,isotonic,82
0,0.09352463276065152,0.06060606060606061,isotonic,82
0,0.2300141824980571,0.1452991452991453,isotonic,82
0,0.15940821886373635,0.1452991452991453,isotonic,82
1,0.8924480043901561,0.9836065573770492,isotonic,82
1,0.8745536397663735,0.9836065573770492,isotonic,82
0,0.3417962951783459,0.24324324324324326,isotonic,82
0,0.5143731834071623,0.46774193548387094,isotonic,82
0,0.5109287224139352,0.46774193548387094,isotonic,82
0,0.6366420816735329,0.7272727272727273,isotonic,82
1,0.7264683427972727,0.9,isotonic,82
0,0.03537213521515444,0.0,isotonic,82
0,0.7436204517495799,0.9,isotonic,82
0,0.6959032476398983,0.7558139534883721,isotonic,82
1,0.572695382841193,0.55,isotonic,82
0,0.31618899106215376,0.1643835616438356,isotonic,82
0,0.10971322772607474,0.08571428571428572,isotonic,82
1,0.9283888694536859,0.9836065573770492,isotonic,82
0,0.1994549367719097,0.1452991452991453,isotonic,82
1,0.7264683427972727,0.9,isotonic,82
0,0.2166468237892662,0.1452991452991453,isotonic,82
0,0.08227251866226351,0.049019607843137254,isotonic,82
0,0.14489285637145827,0.13793103448275862,isotonic,82
1,0.4393397890967737,0.4094488188976378,isotonic,82
1,0.07179853210577439,0.049019607843137254,isotonic,82
0,0.060224982051199916,0.049019607843137254,isotonic,82
0,0.7443572342599118,0.9,isotonic,82
0,0.1711484304473712,0.1452991452991453,isotonic,82
1,0.8378749896150617,0.9,isotonic,82
0,0.24993981162573087,0.1452991452991453,isotonic,82
1,0.9633324448536112,1.0,isotonic,82
0,0.5912944573289599,0.609375,isotonic,82
0,0.6254023031027168,0.7272727272727273,isotonic,82
1,0.9030898515020847,0.9836065573770492,isotonic,82
0,0.32163484132946496,0.1643835616438356,isotonic,82
1,0.9288645405021825,0.9836065573770492,isotonic,82
0,0.0795983198656087,0.049019607843137254,isotonic,82
0,0.1795985768625358,0.1452991452991453,isotonic,82
0,0.4042588318978654,0.30985915492957744,isotonic,82
1,0.4010427638831321,0.30985915492957744,isotonic,82
0,0.37173274923019123,0.29850746268656714,isotonic,82
0,0.22577834647758704,0.1452991452991453,isotonic,82
0,0.46306379881951865,0.4094488188976378,isotonic,82
0,0.4360072464411078,0.4094488188976378,isotonic,82
1,0.3067165922881524,0.1643835616438356,isotonic,82
1,0.9999864745331732,1.0,isotonic,82
1,0.9392875224300631,0.9836065573770492,isotonic,82
1,0.15290035863688456,0.1452991452991453,isotonic,82
0,0.09239797815526476,0.06060606060606061,isotonic,82
1,0.6473239649692197,0.7558139534883721,isotonic,82
1,0.3873581934749206,0.29850746268656714,isotonic,82
0,0.15699323566124104,0.1452991452991453,isotonic,82
0,0.6447492179407631,0.7272727272727273,isotonic,82
1,0.7264683427972727,0.9,isotonic,82
0,0.4764955126406091,0.4094488188976378,isotonic,82
0,0.4007797745756498,0.30985915492957744,isotonic,82
1,0.9996667317198944,1.0,isotonic,82
0,0.25232559089923945,0.1452991452991453,isotonic,82
0,0.29226221892927207,0.16279069767441862,isotonic,82
1,0.9848487514833117,1.0,isotonic,82
0,0.08517953565300272,0.049019607843137254,isotonic,82
0,0.053139515191647474,0.04,isotonic,82
0,0.07623517955376703,0.049019607843137254,isotonic,82
1,0.6470558394783031,0.7558139534883721,isotonic,82
0,0.464535850156027,0.4094488188976378,isotonic,82
0,0.12528994173579172,0.08571428571428572,isotonic,82
1,0.12815537658749812,0.08571428571428572,isotonic,82
1,0.3506326944420721,0.24324324324324326,isotonic,82
1,0.3590159033576727,0.24324324324324326,isotonic,82
1,0.999122950687584,1.0,isotonic,82
0,0.5046765196267191,0.46774193548387094,isotonic,82
0,0.34157932330797547,0.24324324324324326,isotonic,82
0,0.11487448721482972,0.08571428571428572,isotonic,82
0,0.35147589493228043,0.24324324324324326,isotonic,82
0,0.8254862810182029,0.9,isotonic,82
1,0.7264683427972727,0.9,isotonic,82
0,0.1986591048862234,0.1452991452991453,isotonic,82
0,0.40222517272641367,0.30985915492957744,isotonic,82
0,0.5458674467237383,0.5178571428571429,isotonic,82
1,0.9991828205302863,1.0,isotonic,82
0,0.3745473278868296,0.29850746268656714,isotonic,82
0,0.7541823227795591,0.9,isotonic,82
0,0.29761760739050835,0.16279069767441862,isotonic,82
0,0.4006005842627292,0.30985915492957744,isotonic,82
1,0.974678277201454,1.0,isotonic,82
1,0.8941254915781994,0.9836065573770492,isotonic,82
1,0.7290379823254305,0.9,isotonic,82
0,0.24882384652165962,0.1452991452991453,isotonic,82
0,0.3600254154723707,0.24324324324324326,isotonic,82
0,0.19736476808612105,0.1452991452991453,isotonic,82
1,0.9957629392950437,1.0,isotonic,82
0,0.496462309935116,0.4594594594594595,isotonic,82
0,0.17373255050677316,0.1452991452991453,isotonic,82
0,0.5626214467802756,0.55,isotonic,82
0,0.36353810934959824,0.24324324324324326,isotonic,82
1,0.9999510384369913,1.0,isotonic,82
0,0.10374297134620851,0.08571428571428572,isotonic,82
0,0.44186399164375323,0.4094488188976378,isotonic,82
1,0.9551438105631512,1.0,isotonic,82
1,0.8361554620429716,0.9,isotonic,82
1,0.9957519850402855,1.0,isotonic,82
0,0.03157480701271214,0.0,isotonic,82
1,0.9554947752868793,1.0,isotonic,82
1,0.916998626147384,0.9836065573770492,isotonic,82
0,0.04750540003923436,0.01718786763334131,isotonic,82
0,0.11186197675945515,0.08571428571428572,isotonic,82
0,0.07774581708379714,0.049019607843137254,isotonic,82
1,0.5816537972128889,0.609375,isotonic,82
1,0.6412893212831976,0.7272727272727273,isotonic,82
1,0.02635476122043268,0.0,isotonic,82
1,0.9999999999838964,1.0,isotonic,82
1,0.9984593695300332,1.0,isotonic,82
1,0.8726862457185702,0.9836065573770492,isotonic,82
1,0.9912649501451355,1.0,isotonic,82
0,0.20759863005384216,0.1452991452991453,isotonic,82
1,0.4870858901643768,0.4594594594594595,isotonic,82
1,0.32213756209395283,0.1643835616438356,isotonic,82
1,0.7264683427972727,0.9,isotonic,82
0,0.2937239863964933,0.16279069767441862,isotonic,82
0,0.3107418927856485,0.1643835616438356,isotonic,82
1,0.9999998317640709,1.0,isotonic,82
0,0.09940084048773785,0.08571428571428572,isotonic,82
0,0.590109465343161,0.609375,isotonic,82
1,0.8947712701704188,0.9836065573770492,isotonic,82
0,0.041693155517921326,0.0,isotonic,82
1,0.5102627357756355,0.46774193548387094,isotonic,82
1,0.5243469215205989,0.46774193548387094,isotonic,82
1,0.7195854298759929,0.9,isotonic,82
1,0.9998348957366129,1.0,isotonic,82
0,0.21105348539899563,0.1452991452991453,isotonic,82
0,0.2819607116557136,0.16279069767441862,isotonic,82
0,0.305089980856463,0.1643835616438356,isotonic,82
1,0.18177151932854047,0.1452991452991453,isotonic,82
1,0.9958728083468961,1.0,isotonic,82
0,0.13494302894163684,0.08571428571428572,isotonic,82
1,0.2492573135721202,0.1452991452991453,isotonic,82
0,0.2596643199628851,0.1452991452991453,isotonic,82
0,0.33673109764763387,0.23718472484120012,isotonic,82
1,0.3997685341181877,0.30985915492957744,isotonic,82
0,0.2612839782278706,0.15720786571298803,isotonic,82
1,0.7245328805690328,0.9,isotonic,82
1,0.18978875447573748,0.1452991452991453,isotonic,82
0,0.08037971576660263,0.049019607843137254,isotonic,82
0,0.12278922682574663,0.08571428571428572,isotonic,82
0,0.4086687822544072,0.30985915492957744,isotonic,82
1,0.9941418673954604,1.0,isotonic,82
0,0.20242841822813504,0.1452991452991453,isotonic,82
0,0.29975942110303966,0.16279069767441862,isotonic,82
0,0.09722767993889453,0.06180333011963126,isotonic,82
0,0.09598851734818988,0.06060606060606061,isotonic,82
0,0.10038984182686202,0.08571428571428572,isotonic,82
0,0.4351315403306122,0.4094488188976378,isotonic,82
0,0.5288912350373047,0.5178571428571429,isotonic,82
0,0.10641066979974527,0.08571428571428572,isotonic,82
1,0.381602752375912,0.29850746268656714,isotonic,82
1,0.9916256890792554,1.0,isotonic,82
0,0.08271252456844715,0.049019607843137254,isotonic,82
0,0.3882787469475506,0.30652768606788783,isotonic,82
1,0.9999537793365464,1.0,isotonic,82
1,0.8500574682362727,0.9,isotonic,82
1,0.9911970386891269,1.0,isotonic,82
1,0.8822970523273589,0.9836065573770492,isotonic,82
1,0.9097553828207297,0.9836065573770492,isotonic,82
1,0.554914617801917,0.5178571428571429,isotonic,82
1,0.5263308350785886,0.5089916414709229,isotonic,82
1,0.9888555190210098,1.0,isotonic,82
0,0.14534069768467783,0.13793103448275862,isotonic,82
1,0.5953386142372585,0.609375,isotonic,82
1,0.2683137974980555,0.16279069767441862,isotonic,82
0,0.28096586720665845,0.16279069767441862,isotonic,82
0,0.38228440420594756,0.29850746268656714,isotonic,82
1,0.9946827554174392,1.0,isotonic,82
1,0.9997866323131808,1.0,isotonic,82
1,0.9321568310915306,0.9836065573770492,isotonic,82
0,0.09392027231628049,0.06060606060606061,isotonic,82
0,0.11112596218706071,0.08571428571428572,isotonic,82
1,0.9992622935726191,1.0,isotonic,82
0,0.27690379978620905,0.16279069767441862,isotonic,82
0,0.1994142910591097,0.1452991452991453,isotonic,82
1,0.6377338287108592,0.7272727272727273,isotonic,82
0,0.1921152142983711,0.1452991452991453,isotonic,82
1,0.9862254757505927,1.0,isotonic,82
1,0.9921265828470023,1.0,isotonic,82
1,0.7264683427972727,0.9,isotonic,82
1,0.9788666676495499,1.0,isotonic,82
1,0.6663140909994145,0.7558139534883721,isotonic,82
1,0.9384537259185708,0.9836065573770492,isotonic,82
1,0.9481082287591083,1.0,isotonic,82
1,0.10911901708458263,0.08571428571428572,isotonic,82
0,0.0365374347090773,0.0,isotonic,82
0,0.6547802930156877,0.7558139534883721,isotonic,82
1,0.9997885338529592,1.0,isotonic,82
1,0.632370069658353,0.7272727272727273,isotonic,82
0,0.275763367875085,0.16279069767441862,isotonic,82
0,0.15143798999826757,0.1452991452991453,isotonic,82
0,0.24244081771217257,0.1452991452991453,isotonic,82
1,0.9999858661238812,1.0,isotonic,82
0,0.11546572640454887,0.08571428571428572,isotonic,82
1,0.2778989383012344,0.16279069767441862,isotonic,82
0,0.19251686573785823,0.1452991452991453,isotonic,82
0,0.14263994073295252,0.13793103448275862,isotonic,82
1,0.20353660735297982,0.1452991452991453,isotonic,82
1,0.39569188967536817,0.30985915492957744,isotonic,82
1,0.5449333193850366,0.5178571428571429,isotonic,82
1,0.9998616566658878,1.0,isotonic,82
1,0.23751451522084682,0.1452991452991453,isotonic,82
0,0.09392090480320406,0.06060606060606061,isotonic,82
1,0.7264683427972727,0.9,isotonic,82
1,0.9958530446588868,1.0,isotonic,82
0,0.3230451687573364,0.1643835616438356,isotonic,82
0,0.5394454759836036,0.5178571428571429,isotonic,82
1,0.8045131849820089,0.9,isotonic,82
1,0.9999917505774458,1.0,isotonic,82
1,0.7256391483095412,0.9,isotonic,82
1,0.9258537432630329,0.9836065573770492,isotonic,82
0,0.052990411905672705,0.04,isotonic,82
0,0.2998963975195978,0.16279069767441862,isotonic,82
1,0.2949926382441364,0.16279069767441862,isotonic,82
1,0.576399671193441,0.55,isotonic,82
0,0.5816038220786323,0.609375,isotonic,82
0,0.34576814593587535,0.24324324324324326,isotonic,82
1,0.5809903880869305,0.609375,isotonic,82
1,0.9207644302239737,0.9836065573770492,isotonic,82
1,0.9986431816432039,1.0,isotonic,82
0,0.27068724008418643,0.16279069767441862,isotonic,82
0,0.38136596223735053,0.29850746268656714,isotonic,82
0,0.06528332717770004,0.049019607843137254,isotonic,82
0,0.07758151520482488,0.049019607843137254,isotonic,82
0,0.43305472555029056,0.3684210526315789,isotonic,82
1,0.9970519320155535,1.0,isotonic,82
1,0.666132911327296,0.7558139534883721,isotonic,82
1,0.9901845812138492,1.0,isotonic,82
0,0.09133076599851413,0.06060606060606061,isotonic,82
0,0.10775025832429468,0.08571428571428572,isotonic,82
0,0.086689480665197,0.049019607843137254,isotonic,82
1,0.9828301955642369,1.0,isotonic,82
1,0.9999599442341166,1.0,isotonic,82
0,0.07952744630250798,0.049019607843137254,isotonic,82
0,0.07824107701429973,0.049019607843137254,isotonic,82
1,0.7264683427972727,0.9,isotonic,82
1,0.5434987340898751,0.5178571428571429,isotonic,82
0,0.09698960942198917,0.06060606060606061,isotonic,82
0,0.36258373154142864,0.24324324324324326,isotonic,82
0,0.1795278287497479,0.1452991452991453,isotonic,82
0,0.021323284931084575,0.0,isotonic,82
0,0.5236453803589816,0.46774193548387094,isotonic,82
0,0.3568384758641568,0.24324324324324326,isotonic,82
0,0.1407524504870282,0.13793103448275862,isotonic,82
0,0.23452165136259337,0.1452991452991453,isotonic,82
0,0.11343644940720396,0.08571428571428572,isotonic,82
1,0.5656516195763981,0.55,isotonic,82
1,0.997309756923533,1.0,isotonic,82
0,0.8210073518766456,0.9,isotonic,82
1,0.7264683427972727,0.9,isotonic,82
0,0.2733738745885664,0.16279069767441862,isotonic,82
1,0.1785438489318432,0.1452991452991453,isotonic,82
1,0.8882228413428962,0.9836065573770492,isotonic,82
1,0.8263349060476616,0.9,isotonic,82
1,0.99999994208538,1.0,isotonic,82
1,0.9978654274739935,1.0,isotonic,82
0,0.2895218901808472,0.16279069767441862,isotonic,82
1,0.8498865591425638,0.9,isotonic,82
1,0.9907644032535883,1.0,isotonic,82
0,0.5033892841246419,0.46774193548387094,isotonic,82
0,0.08727694889002491,0.06060606060606061,isotonic,82
0,0.5537362730168262,0.5178571428571429,isotonic,82
1,0.7423813026187381,0.9,isotonic,82
1,0.9986604961660923,1.0,isotonic,82
1,0.9990084169793333,1.0,isotonic,82
1,0.996780735808849,1.0,isotonic,82
0,0.4213696719380649,0.30985915492957744,isotonic,82
0,0.13954503275577484,0.13793103448275862,isotonic,82
0,0.4004607263826686,0.30985915492957744,isotonic,82
0,0.17751932239183382,0.1452991452991453,isotonic,82
0,0.2821300058137641,0.16279069767441862,isotonic,82
1,0.6325053958208297,0.7272727272727273,isotonic,82
1,0.7264683427972727,0.9,isotonic,82
1,0.8399993909304095,0.9,isotonic,82
1,0.9999806528313602,1.0,isotonic,82
0,0.284995379923155,0.16279069767441862,isotonic,82
1,0.9999865031585098,1.0,isotonic,82
1,0.482182392796504,0.4094488188976378,isotonic,82
0,0.09598400983968366,0.06060606060606061,isotonic,82
1,0.48432824744563896,0.42767092876271434,isotonic,82
1,0.5961742996585826,0.609375,isotonic,82
0,0.21565107074926013,0.1452991452991453,isotonic,82
1,0.8591427795638225,0.9,isotonic,82
0,0.1792160839293421,0.1452991452991453,isotonic,82
1,0.7557356338309047,0.9,isotonic,82
0,0.15761847590346673,0.1452991452991453,isotonic,82
0,0.056170462823017756,0.04,isotonic,82
1,0.7352125442802663,0.9,isotonic,82
1,0.10092789826911136,0.08571428571428572,isotonic,82
0,0.047564143663093646,0.019743850814809834,isotonic,82
1,0.9996597176305422,1.0,isotonic,82
0,0.17993507154850472,0.1452991452991453,isotonic,82
0,0.21402351399691852,0.1452991452991453,isotonic,82
1,0.8495992764936077,0.9,isotonic,82
0,0.10260918362982131,0.08571428571428572,isotonic,82
1,0.9920778322789678,1.0,isotonic,82
1,0.2603040389852296,0.1452991452991453,isotonic,82
0,0.7566175754210727,0.9,isotonic,82
0,0.05464517852299012,0.04,isotonic,82
1,0.9092154219569951,0.9836065573770492,isotonic,82
1,0.9965804253913728,1.0,isotonic,82
0,0.23910440649339726,0.1452991452991453,isotonic,82
0,0.3149068545166406,0.1643835616438356,isotonic,82
0,0.3951874189526837,0.30985915492957744,isotonic,82
0,0.1284465500422386,0.08571428571428572,isotonic,82
1,0.9999523306396687,1.0,isotonic,82
1,0.9999877122871702,1.0,isotonic,82
0,0.21790885351179773,0.1452991452991453,isotonic,82
1,0.4415714761177734,0.4094488188976378,isotonic,82
0,0.37881474331337334,0.29850746268656714,isotonic,82
0,0.38540952512801546,0.29850746268656714,isotonic,82
0,0.34051351419467396,0.24324324324324326,isotonic,82
0,0.30533396655480305,0.1643835616438356,isotonic,82
1,0.17775038838926552,0.1452991452991453,isotonic,82
0,0.5073345964189446,0.46774193548387094,isotonic,82
0,0.5584755611698945,0.5178571428571429,isotonic,82
0,0.10560568069412371,0.08571428571428572,isotonic,82
0,0.3372678379861401,0.2426500105293219,isotonic,82
1,0.9986078472293239,1.0,isotonic,82
0,0.16926191179286634,0.1452991452991453,isotonic,82
0,0.4608336793185909,0.4094488188976378,isotonic,82
1,0.9962286039814626,1.0,isotonic,82
1,0.6945708741452066,0.7558139534883721,isotonic,82
0,0.34974479064457326,0.24324324324324326,isotonic,82
0,0.5583244616494246,0.5178571428571429,isotonic,82
0,0.19940121220986878,0.1452991452991453,isotonic,82
1,0.6909417058633532,0.7558139534883721,isotonic,82
0,0.3530690364823589,0.24324324324324326,isotonic,82
1,0.15817657147524344,0.1452991452991453,isotonic,82
1,0.9788457056351684,1.0,isotonic,82
1,0.9515868891932912,1.0,isotonic,82
1,0.7157754942543675,0.7558139534883721,isotonic,82
1,0.6575917763330494,0.7558139534883721,isotonic,82
0,0.4278737977446222,0.3684210526315789,isotonic,82
0,0.5190740082881558,0.46774193548387094,isotonic,82
0,0.10351969743500358,0.08571428571428572,isotonic,82
1,0.8733897707791161,0.9836065573770492,isotonic,82
1,0.27551479687151414,0.16279069767441862,isotonic,82
0,0.17461966279764338,0.1452991452991453,isotonic,82
0,0.330716220894489,0.1643835616438356,isotonic,82
1,0.9989742445245287,1.0,isotonic,82
0,0.2601519308522667,0.1452991452991453,isotonic,82
0,0.3425666919574164,0.24324324324324326,isotonic,82
0,0.643020409973646,0.7272727272727273,isotonic,82
1,0.6257297409155812,0.7272727272727273,isotonic,82
1,0.37249849794060597,0.29850746268656714,isotonic,82
0,0.11611567667312364,0.08571428571428572,isotonic,82
0,0.2415499013067959,0.1452991452991453,isotonic,82
1,0.5586542773490607,0.5178571428571429,isotonic,82
0,0.21109540808030594,0.1452991452991453,isotonic,82
0,0.18552759585271228,0.1452991452991453,isotonic,82
1,0.9637164524428687,1.0,isotonic,82
0,0.6188532529283155,0.6666666666666666,isotonic,82
1,0.8768705429106306,0.9836065573770492,isotonic,82
0,0.1469167196481419,0.13793103448275862,isotonic,82
1,0.7594563037146431,0.9,isotonic,82
1,0.35118935281624275,0.24324324324324326,isotonic,82
1,0.9276972585538269,0.9836065573770492,isotonic,82
1,0.9999385915230308,1.0,isotonic,82
1,0.5323037906955039,0.5178571428571429,isotonic,82
1,0.3263743088629599,0.1643835616438356,isotonic,82
1,0.8587162972723883,0.9,isotonic,82
1,0.8887800926113554,0.9836065573770492,isotonic,82
0,0.42410213603608815,0.3684210526315789,isotonic,82
1,0.1763758177334577,0.1452991452991453,isotonic,82
0,0.21577916130938296,0.1452991452991453,isotonic,82
1,0.9997482793848257,1.0,isotonic,82
1,0.7613029725749417,0.9,isotonic,82
1,0.6194941415522648,0.6666666666666666,isotonic,82
1,0.21422770245843342,0.1452991452991453,isotonic,82
0,0.10096932055115247,0.08571428571428572,isotonic,82
0,0.18994204708969675,0.1452991452991453,isotonic,82
0,0.48822703130860284,0.4594594594594595,isotonic,82
0,0.25302646873024454,0.1452991452991453,isotonic,82
1,0.4146412943442454,0.30985915492957744,isotonic,82
1,0.5594782329042325,0.5322045577719198,isotonic,82
1,0.9213057083932764,0.9836065573770492,isotonic,82
1,0.35317450305250575,0.24324324324324326,isotonic,82
0,0.10691984811206177,0.08571428571428572,isotonic,82
1,0.9457807739827392,1.0,isotonic,82
1,0.765349848302586,0.9,isotonic,82
1,0.7264683427972727,0.9,isotonic,82
0,0.1388411182309862,0.08571428571428572,isotonic,82
0,0.24688922289222848,0.1452991452991453,isotonic,82
1,0.8846254250716991,0.9836065573770492,isotonic,82
0,0.18276176954461062,0.1452991452991453,isotonic,82
1,0.5286660914551335,0.5178571428571429,isotonic,82
0,0.3918855789083255,0.30985915492957744,isotonic,82
0,0.09873689895169331,0.08571428571428572,isotonic,82
0,0.37300589274142393,0.29850746268656714,isotonic,82
0,0.2584136545521464,0.1452991452991453,isotonic,82
0,0.09385235773376717,0.06060606060606061,isotonic,82
0,0.18034130471128829,0.1452991452991453,isotonic,82
1,0.35086890000386267,0.24324324324324326,isotonic,82
1,0.9271435948041831,0.9836065573770492,isotonic,82
0,0.4923649337104158,0.4594594594594595,isotonic,82
1,0.8367830453912036,0.9,isotonic,82
1,0.5574886860626115,0.5178571428571429,isotonic,82
0,0.25320304149395284,0.1452991452991453,isotonic,82
0,0.6472823376859046,0.7558139534883721,isotonic,82
1,0.9248567949254747,0.9836065573770492,isotonic,82
0,0.5796491581334706,0.609375,isotonic,82
0,0.4171744231717423,0.30985915492957744,isotonic,82
0,0.15153144851325345,0.1452991452991453,isotonic,82
1,0.5272941835141406,0.516175983936739,isotonic,82
1,0.9997840450494072,1.0,isotonic,82
0,0.15168938087726683,0.1452991452991453,isotonic,82
0,0.24215238397553582,0.1452991452991453,isotonic,82
0,0.1966530555827995,0.1452991452991453,isotonic,82
0,0.30340700643735063,0.16279069767441862,isotonic,82
0,0.34104788546503856,0.24324324324324326,isotonic,82
0,0.04296206923269142,0.0,isotonic,82
1,0.7162611412848299,0.806405844724043,isotonic,82
1,0.9998993133729267,1.0,isotonic,82
0,0.08249040564588711,0.049019607843137254,isotonic,82
1,0.9524620348331265,1.0,isotonic,82
1,0.512668863990398,0.46774193548387094,isotonic,82
0,0.2440141597479347,0.1452991452991453,isotonic,82
1,0.6361682375884784,0.7272727272727273,isotonic,82
0,0.28430885960334046,0.16279069767441862,isotonic,82
0,0.5559075539096915,0.5178571428571429,isotonic,82
1,0.26086186291927593,0.1452991452991453,isotonic,82
1,0.9999967319437723,1.0,isotonic,82
0,0.08807013937298863,0.06060606060606061,isotonic,82
0,0.5618462782958389,0.55,isotonic,82
0,0.38245070427114114,0.29850746268656714,isotonic,82
1,0.9626273674462023,1.0,isotonic,82
1,0.974471059743918,1.0,isotonic,82
0,0.531007871074936,0.5178571428571429,isotonic,82
1,0.8001756007773946,0.9,isotonic,82
0,0.45791971870100173,0.4094488188976378,isotonic,82
1,0.35296932652798946,0.24324324324324326,isotonic,82
0,0.2653467824495795,0.16279069767441862,isotonic,82
0,0.44836371256344837,0.4094488188976378,isotonic,82
0,0.09379344062336582,0.06060606060606061,isotonic,82
0,0.4375930059766229,0.4094488188976378,isotonic,82
1,0.9992776601175682,1.0,isotonic,82
1,0.9966934343164486,1.0,isotonic,82
1,0.7196339564304739,0.9,isotonic,82
0,0.19128363957987893,0.1452991452991453,isotonic,82
0,0.6492306490499329,0.7558139534883721,isotonic,82
0,0.27039333261026155,0.16279069767441862,isotonic,82
1,0.4201737802612009,0.30985915492957744,isotonic,82
1,0.9999978135623976,1.0,isotonic,82
1,0.8219479413996988,0.9,isotonic,82
0,0.34806925065769445,0.24324324324324326,isotonic,82
0,0.0872443747481859,0.06060606060606061,isotonic,82
1,0.6101042258913,0.609375,isotonic,82
1,0.7209742842726162,0.9,isotonic,82
0,0.43313320551960266,0.3684210526315789,isotonic,82
1,0.8004427692338066,0.9,isotonic,82
1,0.999824953660708,1.0,isotonic,82
1,0.8957149594243866,0.9836065573770492,isotonic,82
0,0.06163247098650801,0.049019607843137254,isotonic,82
1,0.9999951973714933,1.0,isotonic,82
1,0.645153595392917,0.7272727272727273,isotonic,82
1,0.8374858251412931,0.9,isotonic,82
1,0.8103229023811755,0.9,isotonic,82
0,0.7552597351604501,0.9,isotonic,82
0,0.28944872906708213,0.16279069767441862,isotonic,82
1,0.8292378265156564,0.9,isotonic,82
1,0.26635615103799554,0.16279069767441862,isotonic,82
0,0.17285266455514894,0.1452991452991453,isotonic,82
1,0.9999997775703569,1.0,isotonic,82
1,0.6112301277164883,0.609375,isotonic,82
1,0.9892321112173956,1.0,isotonic,82
1,0.826438362178955,0.9,isotonic,82
0,0.47778421523015113,0.4094488188976378,isotonic,82
0,0.042094404987900305,0.0,isotonic,82
0,0.2334505993001641,0.1452991452991453,isotonic,82
1,0.7190472765889904,0.9,isotonic,82
1,0.7264683427972727,0.9,isotonic,82
1,0.9691627330220774,1.0,isotonic,82
0,0.10316778373853303,0.08571428571428572,isotonic,82
0,0.07352364703243333,0.049019607843137254,isotonic,82
0,0.32654121028224914,0.1643835616438356,isotonic,82
0,0.09092953144304508,0.06060606060606061,isotonic,82
0,0.3112563287003954,0.1643835616438356,isotonic,82
0,0.22920366612593,0.1452991452991453,isotonic,82
0,0.15407272360773847,0.1452991452991453,isotonic,82
0,0.7711915872205057,0.9,isotonic,82
0,0.10662622813184384,0.08571428571428572,isotonic,82
0,0.11404675464895411,0.08571428571428572,isotonic,82
0,0.10807141308395954,0.08571428571428572,isotonic,82
0,0.4036203969478695,0.30985915492957744,isotonic,82
1,0.8430448815816197,0.9,isotonic,82
1,0.9982897244367986,1.0,isotonic,82
1,0.9982949159940946,1.0,isotonic,82
1,0.7262327101777184,0.9,isotonic,82
1,0.4939259549636852,0.4594594594594595,isotonic,82
1,0.9829274770237291,1.0,isotonic,82
1,0.3180679169297995,0.1643835616438356,isotonic,82
1,0.7264683427972727,0.9,isotonic,82
1,0.8408001037272314,0.9,isotonic,82
0,0.21548962089245266,0.1452991452991453,isotonic,82
1,0.12205697205998998,0.08571428571428572,isotonic,82
0,0.4661958334957239,0.4094488188976378,isotonic,82
0,0.36827520894099347,0.29850746268656714,isotonic,82
1,0.8410925845362542,0.9,isotonic,82
1,0.33006209092389255,0.1643835616438356,isotonic,82
1,0.8228154957390137,0.9,isotonic,82
1,0.5190948420438233,0.46774193548387094,isotonic,82
1,0.6365083133792443,0.7272727272727273,isotonic,82
1,0.9703629322824255,1.0,isotonic,82
0,0.07757367206334233,0.049019607843137254,isotonic,82
1,0.4491659217068827,0.4094488188976378,isotonic,82
0,0.3869666249768892,0.29850746268656714,isotonic,82
0,0.06251243236366952,0.049019607843137254,isotonic,82
1,0.7264683427972727,0.9,isotonic,82
0,0.49499641619437157,0.4594594594594595,isotonic,82
0,0.1886156220776126,0.1452991452991453,isotonic,82
1,0.6663806757968395,0.7558139534883721,isotonic,82
1,0.8385486157997788,0.9,isotonic,82
1,0.7264683427972727,0.9,isotonic,82
1,0.976307244214801,1.0,isotonic,82
1,0.5775288813131481,0.55,isotonic,82
0,0.053288609941639226,0.04,isotonic,82
0,0.23855967475006246,0.1452991452991453,isotonic,82
0,0.17950321928431284,0.1452991452991453,isotonic,82
1,0.7264683427972727,0.9,isotonic,82
1,0.33367343887645107,0.23529411764705882,isotonic,82
1,0.9988046335716471,1.0,isotonic,82
0,0.22962658517107978,0.1452991452991453,isotonic,82
0,0.17892469646552614,0.1452991452991453,isotonic,82
0,0.19057112802011475,0.1452991452991453,isotonic,82
1,0.9893669665708245,1.0,isotonic,82
1,0.5949625788245213,0.609375,isotonic,82
1,0.9047758551146206,0.9836065573770492,isotonic,82
0,0.020967959343403147,0.0,isotonic,82
0,0.5653826804409668,0.55,isotonic,82
0,0.47835706743715617,0.4094488188976378,isotonic,82
1,0.9999999999999913,1.0,isotonic,82
1,0.37338512081799713,0.29850746268656714,isotonic,82
1,0.12601309669656433,0.08571428571428572,isotonic,82
1,0.40588545457139374,0.30985915492957744,isotonic,82
1,0.9999841910842758,1.0,isotonic,82
0,0.7222537449167503,0.9,isotonic,82
1,0.7039524431303666,0.7558139534883721,isotonic,82
0,0.09808954637969697,0.08571428571428572,isotonic,82
0,0.33303695609639494,0.23529411764705882,isotonic,82
0,0.23797217316071087,0.1452991452991453,isotonic,82
1,0.9867598718319088,1.0,isotonic,82
1,0.39945593229381315,0.30985915492957744,isotonic,82
1,0.2269986506266419,0.1452991452991453,isotonic,82
0,0.1925121544400881,0.1452991452991453,isotonic,82
1,0.12511501774375172,0.08571428571428572,isotonic,82
1,0.24439219798154826,0.1452991452991453,isotonic,82
1,0.5565322095962544,0.5178571428571429,isotonic,82
1,0.5713644846895248,0.55,isotonic,82
1,0.9231747685417803,0.9836065573770492,isotonic,82
1,0.9541218719977844,1.0,isotonic,82
0,0.3654574696812299,0.29850746268656714,isotonic,82
1,0.9925305801150149,1.0,isotonic,82
1,0.8095875046278094,0.9,isotonic,82
1,0.5070720673494429,0.46774193548387094,isotonic,82
0,0.32367759388056855,0.1643835616438356,isotonic,82
0,0.3147014892822685,0.1643835616438356,isotonic,82
1,0.861288240727236,0.9,isotonic,82
0,0.19267380272672704,0.1452991452991453,isotonic,82
0,0.16917790681911735,0.1452991452991453,isotonic,82
0,0.8784168740394954,0.9836065573770492,isotonic,82
1,0.6656391989457046,0.7558139534883721,isotonic,82
0,0.13782751545509353,0.08571428571428572,isotonic,82
0,0.32659258993006723,0.1643835616438356,isotonic,82
0,0.12977663354230648,0.08571428571428572,isotonic,82
1,0.9923770776221748,1.0,isotonic,82
1,0.867817587670782,0.9,isotonic,82
0,0.2195098328982523,0.1452991452991453,isotonic,82
1,0.9465982366303498,1.0,isotonic,82
0,0.08678826152956516,0.049019607843137254,isotonic,82
1,0.8420209863420348,0.9,isotonic,82
0,0.19860046628363562,0.1452991452991453,isotonic,82
1,0.9990378616336277,1.0,isotonic,82
1,0.506050468757276,0.46774193548387094,isotonic,82
0,0.344162509650034,0.24324324324324326,isotonic,82
1,0.4265784270675675,0.3684210526315789,isotonic,82
0,0.36833211542398747,0.29850746268656714,isotonic,82
1,0.3252147219713436,0.1643835616438356,isotonic,82
0,0.15487304150926168,0.1452991452991453,isotonic,82
1,0.9888373955226855,1.0,isotonic,82
0,0.40749082539015963,0.30985915492957744,isotonic,82
1,0.9997067289369246,1.0,isotonic,82
0,0.1477413895406175,0.13793103448275862,isotonic,82
0,0.19362030448540662,0.1452991452991453,isotonic,82
1,0.771345637004241,0.9,isotonic,82
1,0.6013107277389931,0.609375,isotonic,82
1,0.7264683427972727,0.9,isotonic,82
1,0.9514087324074024,1.0,isotonic,82
1,0.2981184223085209,0.16279069767441862,isotonic,82
1,0.19798677900272493,0.1452991452991453,isotonic,82
0,0.17991637187783488,0.1452991452991453,isotonic,82
0,0.0852776594655926,0.049019607843137254,isotonic,82
0,0.3224581915453588,0.1643835616438356,isotonic,82
1,0.9795761898089442,1.0,isotonic,82
0,0.41628634862492464,0.30985915492957744,isotonic,82
0,0.5764390296298953,0.55,isotonic,82
0,0.7181990435792904,0.9,isotonic,82
1,0.7264683427972727,0.9,isotonic,82
1,0.9901323366306525,1.0,isotonic,82
1,0.9494772519618448,1.0,isotonic,82
1,0.9853360325131445,1.0,isotonic,82
0,0.04201855898059203,0.0,isotonic,82
0,0.35106416858153083,0.24324324324324326,isotonic,82
0,0.27902407725826367,0.16279069767441862,isotonic,82
1,0.9802060491459911,1.0,isotonic,82
0,0.5325473197156935,0.5178571428571429,isotonic,82
1,0.9494406884369496,1.0,isotonic,82
1,0.9771090701562118,1.0,isotonic,82
0,0.2261253541878772,0.1452991452991453,isotonic,82
0,0.08405807362690682,0.049019607843137254,isotonic,82
0,0.1282478954645475,0.08571428571428572,isotonic,82
1,0.27221568044619854,0.16279069767441862,isotonic,82
1,0.7264683427972727,0.9,isotonic,82
1,0.5845177470825182,0.609375,isotonic,82
0,0.16840930716437824,0.1452991452991453,isotonic,82
0,0.21461757909637325,0.1452991452991453,isotonic,82
0,0.385273610981549,0.29850746268656714,isotonic,82
0,0.3101160843977486,0.1643835616438356,isotonic,82
1,0.5890646575012963,0.609375,isotonic,82
1,0.976267405339372,1.0,isotonic,82
1,0.9998029341678075,1.0,isotonic,82
0,0.3608495234256392,0.24324324324324326,isotonic,82
0,0.3829657424530921,0.29850746268656714,isotonic,82
1,0.41247241236288923,0.30985915492957744,isotonic,82
1,0.27791105877279765,0.16279069767441862,isotonic,82
0,0.07045498247016657,0.049019607843137254,isotonic,82
0,0.1440495887597077,0.13793103448275862,isotonic,82
1,0.9011235228274774,0.9836065573770492,isotonic,82
1,0.3414926179674548,0.24324324324324326,isotonic,82
1,0.7264683427972727,0.9,isotonic,82
1,0.5639531241816204,0.55,isotonic,82
0,0.04721688420799262,0.00463430753960581,isotonic,82
1,0.9890564192440838,1.0,isotonic,82
0,0.06541828495419323,0.049019607843137254,isotonic,82
1,0.998694354262261,1.0,isotonic,82
0,0.8932458574695757,0.9836065573770492,isotonic,82
0,0.15543617797049097,0.1452991452991453,isotonic,82
0,0.3213151070414798,0.1643835616438356,isotonic,82
1,0.7264683427972727,0.9,isotonic,82
0,0.2103697488512145,0.1452991452991453,isotonic,82
1,0.7264683427972727,0.9,isotonic,82
1,0.647737962296154,0.7558139534883721,isotonic,82
0,0.016217456869696237,0.0,isotonic,82
0,0.13477492611489342,0.08571428571428572,isotonic,82
1,0.23850532629076554,0.1452991452991453,isotonic,82
0,0.35650780724950343,0.24324324324324326,isotonic,82
0,0.30994340157635564,0.1643835616438356,isotonic,82
1,0.5645514873215156,0.55,isotonic,82
0,0.0775339260208018,0.049019607843137254,isotonic,82
1,0.9861362298326669,1.0,isotonic,82
0,0.4747643697902389,0.4094488188976378,isotonic,82
1,0.9999974909674477,1.0,isotonic,82
0,0.36566154925390226,0.29850746268656714,isotonic,82
0,0.1673499279192997,0.1452991452991453,isotonic,82
0,0.09668111082045609,0.06060606060606061,isotonic,82
0,0.428718075811859,0.3684210526315789,isotonic,82
0,0.4760196786371998,0.4094488188976378,isotonic,82
1,0.9994981049992853,1.0,isotonic,82
0,0.022188669887385087,0.0,isotonic,82
0,0.46172692597341575,0.4094488188976378,isotonic,82
1,0.5970696075802555,0.609375,isotonic,82
1,0.5768136127831481,0.55,isotonic,82
1,0.2303708851814912,0.1452991452991453,isotonic,82
0,0.19390112773762497,0.1452991452991453,isotonic,82
1,0.7419249780487343,0.9,isotonic,82
0,0.17542045827377542,0.1452991452991453,isotonic,82
0,0.523864702890768,0.46774193548387094,isotonic,82
1,0.7887912349696018,0.9,isotonic,82
0,0.22795259632856463,0.1452991452991453,isotonic,82
0,0.27672481686122263,0.16279069767441862,isotonic,82
1,0.2757789219615885,0.16279069767441862,isotonic,82
1,0.9057951050172985,0.9836065573770492,isotonic,82
0,0.050336645695356376,0.04,isotonic,82
0,0.33124111368807696,0.1643835616438356,isotonic,82
0,0.10884768234432445,0.08571428571428572,isotonic,82
0,0.017243957044650187,0.0,isotonic,82
0,0.4419222405646122,0.4094488188976378,isotonic,82
1,0.7264683427972727,0.9,isotonic,82
1,0.9984618732475616,1.0,isotonic,82
0,0.2576284756784657,0.1452991452991453,isotonic,82
0,0.5653090259108211,0.55,isotonic,82
0,0.04948369571915873,0.04,isotonic,82
0,0.05306324474395176,0.04,isotonic,82
0,0.5380868694685845,0.5178571428571429,isotonic,82
0,0.4351626831944568,0.4094488188976378,isotonic,82
0,0.47565660403342025,0.4094488188976378,isotonic,82
0,0.2748922522728218,0.16279069767441862,isotonic,82
0,0.29290311880284725,0.16279069767441862,isotonic,82
0,0.03821368849418713,0.0,isotonic,82
1,0.3581887332131976,0.24324324324324326,isotonic,82
0,0.0983393994548204,0.08571428571428572,isotonic,82
1,0.7264683427972727,0.9,isotonic,82
1,0.9965137453731567,1.0,isotonic,82
1,0.23070416786508507,0.1452991452991453,isotonic,82
0,0.06845119143825884,0.049019607843137254,isotonic,82
1,0.95603422515361,1.0,isotonic,82
0,0.21253177474166016,0.1452991452991453,isotonic,82
1,0.9994399706038433,1.0,isotonic,82
1,0.9293828559591066,0.9836065573770492,isotonic,82
1,0.9437545770957999,0.9945088620037866,isotonic,82
0,0.12057340980789141,0.08571428571428572,isotonic,82
0,0.21791292312168825,0.1452991452991453,isotonic,82
1,0.9968188987309871,1.0,isotonic,82
0,0.05858887640501554,0.049019607843137254,isotonic,82
0,0.3144390149336117,0.1643835616438356,isotonic,82
1,0.9984626436806343,1.0,isotonic,82
0,0.3952990644032768,0.30985915492957744,isotonic,82
1,0.5061902116585187,0.46774193548387094,isotonic,82
1,0.5963657184470315,0.609375,isotonic,82
1,0.5859054324037543,0.609375,isotonic,82
0,0.533912043581819,0.5178571428571429,isotonic,82
1,0.378689224419197,0.29850746268656714,isotonic,82
1,0.9850628372969072,1.0,isotonic,82
1,0.672461684057686,0.7558139534883721,isotonic,82
1,0.7264683427972727,0.9,isotonic,82
0,0.3015560627602822,0.16279069767441862,isotonic,82
1,0.8804209853232933,0.9836065573770492,isotonic,82
0,0.13323049536921983,0.08571428571428572,isotonic,82
0,0.06733975384726221,0.049019607843137254,isotonic,82
1,0.9750237492751738,1.0,isotonic,82
1,0.4069245415598164,0.30985915492957744,isotonic,82
0,0.31260935542107704,0.1643835616438356,isotonic,82
0,0.8162610905063329,0.9,isotonic,82
1,0.37743710186457563,0.29850746268656714,isotonic,82
0,0.12402854910187656,0.08571428571428572,isotonic,82
1,0.6621832511825574,0.7558139534883721,isotonic,82
1,0.46203052382191934,0.4094488188976378,isotonic,82
1,0.998110834006634,1.0,isotonic,82
0,0.25501414599812805,0.1452991452991453,isotonic,82
0,0.4231636156463239,0.35476841398295444,isotonic,82
0,0.05037289764415553,0.04,isotonic,82
1,0.6561194957546164,0.7558139534883721,isotonic,82
0,0.04484726257670553,0.0,isotonic,82
1,0.1832341014319988,0.1452991452991453,isotonic,82
0,0.067292948992791,0.049019607843137254,isotonic,82
0,0.0846974268095529,0.049019607843137254,isotonic,82
1,0.9848959170344156,1.0,isotonic,82
1,0.41836053088449193,0.30985915492957744,isotonic,82
1,0.9990931327846199,1.0,isotonic,82
0,0.2568814263530756,0.1452991452991453,isotonic,82
1,0.7378330109692687,0.9,isotonic,82
1,0.5336036622332008,0.5178571428571429,isotonic,82
0,0.10200928089072797,0.08571428571428572,isotonic,82
0,0.09503782351303,0.06060606060606061,isotonic,82
1,0.9252339633550434,0.9836065573770492,isotonic,82
1,0.8817713327989354,0.9836065573770492,isotonic,82
0,0.19828633061143347,0.1452991452991453,isotonic,82
1,0.7264683427972727,0.9,isotonic,82
1,0.8837477182692083,0.9836065573770492,isotonic,82
0,0.12096976935072055,0.08571428571428572,isotonic,82
1,0.0869403105646492,0.05184581543444354,isotonic,82
0,0.2930738625354128,0.16279069767441862,isotonic,82
1,0.7310340476649981,0.9,isotonic,82
0,0.30349049259499056,0.16279069767441862,isotonic,82
0,0.29938120283450276,0.16279069767441862,isotonic,82
0,0.13813692051724774,0.08571428571428572,isotonic,82
1,0.7515914534667417,0.9,isotonic,82
1,0.9798055595046934,1.0,isotonic,82
0,0.19622888528551644,0.1452991452991453,isotonic,82
1,0.9904883717525791,1.0,isotonic,82
1,0.7352985460904038,0.9,isotonic,82
0,0.2874067898698397,0.16279069767441862,isotonic,82
1,0.985247953999028,1.0,isotonic,82
1,0.4418439813075685,0.4094488188976378,isotonic,82
0,0.2830064983335992,0.16279069767441862,isotonic,82
0,0.2145334412082838,0.1452991452991453,isotonic,82
1,0.8904740156142126,0.9836065573770492,isotonic,82
0,0.18452386357305137,0.1452991452991453,isotonic,82
0,0.29273538357809104,0.16279069767441862,isotonic,82
0,0.24230665851277658,0.1452991452991453,isotonic,82
1,0.9807634535322775,1.0,isotonic,82
1,0.4318800821056357,0.3684210526315789,isotonic,82
0,0.2885974021168845,0.16279069767441862,isotonic,82
0,0.15949635119200667,0.1452991452991453,isotonic,82
1,0.9996844642641065,1.0,isotonic,82
1,0.9961148713086984,1.0,isotonic,82
1,0.9953893214689115,1.0,isotonic,82
0,0.4277454808130224,0.3684210526315789,isotonic,82
1,0.16581436544983102,0.1452991452991453,isotonic,82
0,0.4678912013051983,0.4094488188976378,isotonic,82
0,0.41828749865333625,0.30985915492957744,isotonic,82
0,0.2953055473487924,0.16279069767441862,isotonic,82
0,0.0963135018343527,0.06060606060606061,isotonic,82
1,0.6827735268726419,0.7558139534883721,isotonic,82
1,0.5412850733704417,0.5178571428571429,isotonic,82
0,0.2875600592861578,0.16279069767441862,isotonic,82
1,0.4431674648668312,0.4094488188976378,isotonic,82
1,0.7264683427972727,0.9,isotonic,82
1,0.9633457761041733,1.0,isotonic,82
0,0.1756303865216787,0.1452991452991453,isotonic,82
0,0.06275083599712825,0.049019607843137254,isotonic,82
0,0.21008028908100715,0.1452991452991453,isotonic,82
0,0.626281382466698,0.7272727272727273,isotonic,82
0,0.6269876489706051,0.7272727272727273,isotonic,82
1,0.9960665998852873,1.0,isotonic,82
0,0.21884497787464083,0.1452991452991453,isotonic,82
0,0.18200322127079602,0.1452991452991453,isotonic,82
1,0.6672756935637627,0.7558139534883721,isotonic,82
0,0.1211906900306618,0.08571428571428572,isotonic,82
0,0.36844121659661677,0.29850746268656714,isotonic,82
1,0.9989639584836069,1.0,isotonic,82
0,0.1322882311351311,0.08571428571428572,isotonic,82
0,0.3094846923218454,0.1643835616438356,isotonic,82
1,0.43180902492944756,0.3684210526315789,isotonic,82
1,0.9950075975652096,1.0,isotonic,82
1,0.9035367662251221,0.9836065573770492,isotonic,82
1,0.7436599676813418,0.9,isotonic,82
1,0.9495578820143769,1.0,isotonic,82
1,0.8653420448819507,0.9,isotonic,82
1,0.999842620090986,1.0,isotonic,82
0,0.4601823580249616,0.4094488188976378,isotonic,82
0,0.11140467175596402,0.08571428571428572,isotonic,82
0,0.05209582724071355,0.04,isotonic,82
1,0.988089542981233,1.0,isotonic,82
0,0.4049614331866143,0.30985915492957744,isotonic,82
0,0.04274809196896109,0.0,isotonic,82
0,0.0938851074986509,0.06060606060606061,isotonic,82
1,0.5425054709594698,0.5178571428571429,isotonic,82
1,0.5508487461638406,0.5178571428571429,isotonic,82
1,0.9194007732809045,0.9836065573770492,isotonic,82
1,0.20714824869483592,0.1452991452991453,isotonic,82
0,0.19066102830036383,0.1452991452991453,isotonic,82
1,0.6604515842801258,0.7558139534883721,isotonic,82
0,0.2546918903958263,0.1452991452991453,isotonic,82
1,0.9715236059941105,1.0,isotonic,82
0,0.3613630801839775,0.24324324324324326,isotonic,82
1,0.7966085144994991,0.9,isotonic,82
1,0.46715342206915933,0.4094488188976378,isotonic,82
1,0.9997929144689313,1.0,isotonic,82
1,0.2837255009488,0.16279069767441862,isotonic,82
1,0.9155382494548154,0.9836065573770492,isotonic,82
0,0.1628987366958774,0.1452991452991453,isotonic,82
0,0.7832523262026048,0.9,isotonic,82
1,0.6480634039203502,0.7558139534883721,isotonic,82
0,0.22818495066963548,0.1452991452991453,isotonic,82
0,0.19078910730662169,0.1452991452991453,isotonic,82
0,0.08672821203534566,0.049019607843137254,isotonic,82
1,0.18608856852870015,0.1452991452991453,isotonic,82
1,0.4222288292893623,0.30985915492957744,isotonic,82
0,0.22185675826109877,0.1452991452991453,isotonic,82
0,0.39374923720384614,0.30985915492957744,isotonic,82
1,0.21150669118882065,0.1452991452991453,isotonic,82
0,0.3129268799094536,0.1643835616438356,isotonic,82
0,0.4641351338162728,0.4094488188976378,isotonic,82
0,0.27871999287786564,0.16279069767441862,isotonic,82
0,0.1361666637770677,0.08571428571428572,isotonic,82
0,0.7114561800154232,0.7558139534883721,isotonic,82
0,0.13281296794440095,0.08571428571428572,isotonic,82
0,0.4900407976230584,0.4594594594594595,isotonic,82
0,0.34103183360375566,0.24324324324324326,isotonic,82
1,0.7701546184744976,0.9,isotonic,82
1,0.8668399963871797,0.9,isotonic,82
1,0.34940588779205006,0.24324324324324326,isotonic,82
1,0.15253325734044268,0.1452991452991453,isotonic,82
1,0.46017159440869465,0.4094488188976378,isotonic,82
1,0.46105123298392464,0.4094488188976378,isotonic,82
1,0.710236811130374,0.7558139534883721,isotonic,82
0,0.7085957126309516,0.7558139534883721,isotonic,82
0,0.3314690253972127,0.1643835616438356,isotonic,82
0,0.2634735447563921,0.16279069767441862,isotonic,82
0,0.17910985188959297,0.1452991452991453,isotonic,82
0,0.3631878004221581,0.24324324324324326,isotonic,82
0,0.389671880881169,0.30985915492957744,isotonic,82
1,0.994072118559722,1.0,isotonic,82
1,0.9411414495810142,0.9836065573770492,isotonic,82
0,0.021503165505693984,0.0,isotonic,82
1,0.6880452328212358,0.7558139534883721,isotonic,82
1,0.61997096304753,0.6666666666666666,isotonic,82
1,0.6009727503824208,0.609375,isotonic,82
0,0.2742398025898451,0.16279069767441862,isotonic,82
0,0.19019214171302237,0.1452991452991453,isotonic,82
0,0.10209189723863381,0.08571428571428572,isotonic,82
1,0.9298979459408271,0.9836065573770492,isotonic,82
0,0.09229586205247743,0.06060606060606061,isotonic,82
1,0.9955091291041943,1.0,isotonic,82
0,0.37879893605245785,0.29850746268656714,isotonic,82
1,0.799762135430057,0.9,isotonic,82
0,0.41090507498115814,0.30985915492957744,isotonic,82
0,0.1252114094704462,0.08571428571428572,isotonic,82
0,0.23045142349624784,0.1452991452991453,isotonic,82
0,0.25239534675198094,0.1452991452991453,isotonic,82
0,0.14308167972992322,0.13793103448275862,isotonic,82
0,0.25000706482181617,0.1452991452991453,isotonic,82
0,0.2944831968416852,0.16279069767441862,isotonic,82
1,0.47158194948543053,0.4094488188976378,isotonic,82
1,0.7971237833968564,0.9,isotonic,82
1,0.7264683427972727,0.9,isotonic,82
1,0.7114675173049935,0.7558139534883721,isotonic,82
1,0.15657804973021855,0.1452991452991453,isotonic,82
1,0.9879517687651627,1.0,isotonic,82
1,0.1579425401027784,0.1452991452991453,isotonic,82
1,0.6358253106060083,0.7272727272727273,isotonic,82
1,0.9766541607377242,1.0,isotonic,82
1,0.46241327592984777,0.4094488188976378,isotonic,82
1,0.518818023776355,0.46774193548387094,isotonic,82
0,0.07817904217629089,0.049019607843137254,isotonic,82
0,0.5806180514166641,0.609375,isotonic,82
0,0.3201006809060313,0.1643835616438356,isotonic,82
0,0.3738163541826711,0.29850746268656714,isotonic,82
0,0.03613842423425581,0.0,isotonic,82
1,0.9993985492519197,1.0,isotonic,82
0,0.38358961329979724,0.29850746268656714,isotonic,82
0,0.4274325838652832,0.3684210526315789,isotonic,82
0,0.46638835919538096,0.4094488188976378,isotonic,82
0,0.02234727298413909,0.0,isotonic,82
0,0.19782931900221298,0.1452991452991453,isotonic,82
0,0.38524065478551184,0.29850746268656714,isotonic,82
0,0.3687753588814345,0.29850746268656714,isotonic,82
1,0.9982903431766338,1.0,isotonic,82
0,0.06144298780679807,0.049019607843137254,isotonic,82
0,0.04619269296656768,0.0,isotonic,82
1,0.9958365191606637,1.0,isotonic,82
0,0.13823650094804177,0.08571428571428572,isotonic,82
0,0.4319827385885309,0.3684210526315789,isotonic,82
1,0.21740297506859962,0.1452991452991453,isotonic,82
1,0.21841322028746343,0.1452991452991453,isotonic,82
0,0.23898577003863963,0.1452991452991453,isotonic,82
1,0.30674188130995034,0.1643835616438356,isotonic,82
0,0.3936912875379693,0.30985915492957744,isotonic,82
0,0.09231056819667169,0.06060606060606061,isotonic,82
1,0.6630101123517141,0.7558139534883721,isotonic,82
1,0.6009654148317936,0.609375,isotonic,82
0,0.18739019687977498,0.1452991452991453,isotonic,82
1,0.9718061371471663,1.0,isotonic,82
0,0.11210766992427498,0.08571428571428572,isotonic,82
1,0.802755265181853,0.9,isotonic,82
0,0.5667187972494835,0.55,isotonic,82
0,0.038319083533292525,0.0,isotonic,82
0,0.5581947847106555,0.5178571428571429,isotonic,82
1,0.8643580086582114,0.9,isotonic,82
1,0.7068857388110806,0.7558139534883721,isotonic,82
1,0.2819534972165595,0.16279069767441862,isotonic,82
1,0.7437968097875929,0.9,isotonic,82
0,0.20098803404258211,0.1452991452991453,isotonic,82
0,0.33671413208774076,0.23701197532896326,isotonic,82
1,0.8986956558166109,0.9836065573770492,isotonic,82
0,0.43322668497896144,0.3799940322165531,isotonic,82
0,0.11860604884715677,0.08571428571428572,isotonic,82
0,0.6030700217859425,0.609375,isotonic,82
0,0.1919060126653043,0.1452991452991453,isotonic,82
0,0.22021166963821368,0.1452991452991453,isotonic,82
0,0.24073393300972218,0.1452991452991453,isotonic,82
1,0.9860736670261468,1.0,isotonic,82
0,0.14919368379212006,0.1452991452991453,isotonic,82
0,0.301490731143465,0.16279069767441862,isotonic,82
0,0.34967697510288015,0.24324324324324326,isotonic,82
0,0.12380753894073565,0.08571428571428572,isotonic,82
0,0.28200988339020117,0.16279069767441862,isotonic,82
1,0.9874729746545465,1.0,isotonic,82
0,0.11572922099104078,0.08571428571428572,isotonic,82
0,0.08594277844588406,0.049019607843137254,isotonic,82
1,0.6205267906127023,0.6666666666666666,isotonic,82
1,0.20664055098728779,0.1452991452991453,isotonic,82
0,0.35523459281620035,0.24324324324324326,isotonic,82
0,0.2511807573732159,0.1452991452991453,isotonic,82
1,0.1303268840585592,0.08571428571428572,isotonic,82
1,0.9472713651126794,1.0,isotonic,82
0,0.46833647977313836,0.4094488188976378,isotonic,82
0,0.0827109850757205,0.049019607843137254,isotonic,82
0,0.06471039048294144,0.049019607843137254,isotonic,82
1,0.6221084468900618,0.6666666666666666,isotonic,82
1,0.9998956315178551,1.0,isotonic,82
0,0.3122685089795257,0.1643835616438356,isotonic,82
0,0.40840828514389305,0.30985915492957744,isotonic,82
1,0.10383359549182218,0.08571428571428572,isotonic,82
1,0.3218115314559774,0.1643835616438356,isotonic,82
1,0.7264683427972727,0.9,isotonic,82
1,0.575147243378807,0.55,isotonic,82
0,0.1524981515809035,0.1452991452991453,isotonic,82
1,0.4417781307482413,0.4094488188976378,isotonic,82
1,0.9999502009510417,1.0,isotonic,82
0,0.28808426630978345,0.16279069767441862,isotonic,82
1,0.16971321708904719,0.1452991452991453,isotonic,82
1,0.9999629954668938,1.0,isotonic,82
1,0.2651342961402396,0.16279069767441862,isotonic,82
1,0.9835477078177881,1.0,isotonic,82
0,0.513125997423707,0.46774193548387094,isotonic,82
0,0.36588695530247123,0.29850746268656714,isotonic,82
0,0.45593907335314854,0.4094488188976378,isotonic,82
0,0.36076636656535144,0.24324324324324326,isotonic,82
0,0.033188627542115316,0.0,isotonic,82
1,0.7266694383092862,0.9,isotonic,82
1,0.7571530790188661,0.9,isotonic,82
1,0.9928730191735659,1.0,isotonic,82
1,0.9923000210750745,1.0,isotonic,82
1,0.2765063602799548,0.16279069767441862,isotonic,82
0,0.40013294452631776,0.30985915492957744,isotonic,82
1,0.465445583581125,0.4094488188976378,isotonic,82
0,0.19342280784356827,0.1452991452991453,isotonic,82
1,0.13837092569809592,0.08571428571428572,isotonic,82
0,0.1631711024393686,0.1452991452991453,isotonic,82
0,0.4103879697165908,0.30985915492957744,isotonic,82
0,0.07865309741927012,0.049019607843137254,isotonic,82
0,0.15474897630373854,0.1452991452991453,isotonic,82
0,0.5406476649238257,0.5178571428571429,isotonic,82
1,0.9514510239862229,1.0,isotonic,82
1,0.5017467529244375,0.46774193548387094,isotonic,82
1,0.8895690477258211,0.9836065573770492,isotonic,82
1,0.8892935858478632,0.9836065573770492,isotonic,82
0,0.1787000448505451,0.1452991452991453,isotonic,82
1,0.9963736450846506,1.0,isotonic,82
1,0.8074902158517158,0.9,isotonic,82
1,0.7264683427972727,0.9,isotonic,82
1,0.9697849598394357,1.0,isotonic,82
1,0.9728568012501997,1.0,isotonic,82
0,0.051712985687252126,0.04,isotonic,82
0,0.033039338079166466,0.0,isotonic,82
1,0.5809977553629276,0.609375,isotonic,82
0,0.08455751036132106,0.049019607843137254,isotonic,82
1,0.9659489503564715,1.0,isotonic,82
0,0.2561854830254121,0.1452991452991453,isotonic,82
0,0.23192356693939473,0.1452991452991453,isotonic,82
0,0.29796691718106716,0.16279069767441862,isotonic,82
1,0.5277296377755974,0.5178571428571429,isotonic,82
1,0.6300645574940901,0.7272727272727273,isotonic,82
0,0.05269331364171794,0.04,isotonic,82
1,0.9937159956520201,1.0,isotonic,82
1,0.4213045663557246,0.30985915492957744,isotonic,82
1,0.8527843978231819,0.9,isotonic,82
0,0.40096107859231417,0.30985915492957744,isotonic,82
1,0.9999615974560352,1.0,isotonic,82
1,0.7264683427972727,0.9,isotonic,82
1,0.14342691550179848,0.13793103448275862,isotonic,82
0,0.20049752327037138,0.1452991452991453,isotonic,82
1,0.7264683427972727,0.9,isotonic,82
0,0.3756636637322865,0.29850746268656714,isotonic,82
0,0.2044983776909837,0.1452991452991453,isotonic,82
0,0.5566590482243817,0.5178571428571429,isotonic,82
1,0.9916770292804985,1.0,isotonic,82
0,0.5079907237704671,0.46774193548387094,isotonic,82
1,0.40547902927756757,0.30985915492957744,isotonic,82
0,0.19286755626416047,0.1452991452991453,isotonic,82
0,0.12366064464219309,0.08571428571428572,isotonic,82
0,0.1761125453641915,0.1452991452991453,isotonic,82
1,0.9504596860882515,1.0,isotonic,82
1,0.7227700689004011,0.9,isotonic,82
0,0.4947347942076434,0.4594594594594595,isotonic,82
0,0.2311037908942071,0.1452991452991453,isotonic,82
0,0.5003688141974595,0.46774193548387094,isotonic,82
1,0.9936381138331655,1.0,isotonic,82
0,0.06125628735052758,0.049019607843137254,isotonic,82
1,0.5083798164805039,0.46774193548387094,isotonic,82
0,0.39232442397500084,0.30985915492957744,isotonic,82
0,0.29259205610675654,0.16279069767441862,isotonic,82
0,0.06741073356543624,0.049019607843137254,isotonic,82
0,0.10900705747388766,0.08571428571428572,isotonic,82
0,0.10960075316792367,0.08571428571428572,isotonic,82
1,0.7264683427972727,0.9,isotonic,82
1,0.6374716418884623,0.7272727272727273,isotonic,82
1,0.9988693356525589,1.0,isotonic,82
1,0.9946799500696786,1.0,isotonic,82
1,0.14071201541414152,0.13793103448275862,isotonic,82
0,0.6815178721654833,0.7558139534883721,isotonic,82
1,0.6023493682670186,0.609375,isotonic,82
0,0.2746179680184427,0.16279069767441862,isotonic,82
0,0.6975959907159714,0.7558139534883721,isotonic,82
1,0.8049237007296963,0.9,isotonic,82
0,0.7837251633138669,0.9,isotonic,82
1,0.9918328972070345,1.0,isotonic,82
1,0.743372159633317,0.9,isotonic,82
1,0.6389330831873206,0.7272727272727273,isotonic,82
0,0.5104494209813254,0.46774193548387094,isotonic,82
0,0.3337967016631699,0.23529411764705882,isotonic,82
0,0.5966773321890263,0.609375,isotonic,82
0,0.2772212352708419,0.16279069767441862,isotonic,82
0,0.08599060746595591,0.049019607843137254,isotonic,82
0,0.07272077654088745,0.049019607843137254,isotonic,82
1,0.979595512318913,1.0,isotonic,82
0,0.24536625179057617,0.1452991452991453,isotonic,82
1,0.9413420234826145,0.9836065573770492,isotonic,82
0,0.22633532094768652,0.1452991452991453,isotonic,82
1,0.9996805477847704,1.0,isotonic,82
0,0.35940468464610686,0.24324324324324326,isotonic,82
1,0.9012119305053442,0.9836065573770492,isotonic,82
1,0.6882154723274638,0.7558139534883721,isotonic,82
1,0.9111224141429706,0.9836065573770492,isotonic,82
1,0.999947293060858,1.0,isotonic,82
0,0.20358325980191555,0.1452991452991453,isotonic,82
0,0.1253534861906883,0.08571428571428572,isotonic,82
1,0.9999712609051303,1.0,isotonic,82
1,0.9829560189790935,1.0,isotonic,82
1,0.6751507352980206,0.7558139534883721,isotonic,82
0,0.42506923439784283,0.3684210526315789,isotonic,82
0,0.3300729838269921,0.1643835616438356,isotonic,82
0,0.1359516836826982,0.08571428571428572,isotonic,82
0,0.47574109352862454,0.4094488188976378,isotonic,82
0,0.44600613485452273,0.4094488188976378,isotonic,82
1,0.9821506144119525,1.0,isotonic,82
1,0.4376608113065099,0.4094488188976378,isotonic,82
1,0.7910428402643619,0.9,isotonic,82
1,0.6209757693402391,0.6666666666666666,isotonic,82
1,0.8629969800822956,0.9,isotonic,82
1,0.7713303154570547,0.9,isotonic,82
0,0.10875179528981928,0.08571428571428572,isotonic,82
0,0.13949574133836007,0.13793103448275862,isotonic,82
1,0.9953154102735677,1.0,isotonic,82
1,0.8146978879507353,0.9,isotonic,82
1,0.14527654626866623,0.13793103448275862,isotonic,82
0,0.2500970533308675,0.1452991452991453,isotonic,82
0,0.7124361305579765,0.7558139534883721,isotonic,82
0,0.06960351570594492,0.049019607843137254,isotonic,82
0,0.48034264296656043,0.4094488188976378,isotonic,82
0,0.22322838835707426,0.1452991452991453,isotonic,82
1,0.8475254664492533,0.9,isotonic,82
0,0.21397401714784903,0.1452991452991453,isotonic,82
0,0.518066478063784,0.46774193548387094,isotonic,82
0,0.050437361635105156,0.04,isotonic,82
0,0.044589405597532536,0.0,isotonic,82
0,0.23248966107415697,0.1452991452991453,isotonic,82
1,0.8956153950612513,0.9836065573770492,isotonic,82
1,0.6166116122875577,0.6666666666666666,isotonic,82
0,0.44210060718040906,0.4094488188976378,isotonic,82
1,0.9672137501026418,1.0,isotonic,82
1,0.4967170279186366,0.4594594594594595,isotonic,82
1,0.9999999982519707,1.0,isotonic,82
0,0.208210960888709,0.1452991452991453,isotonic,82
1,0.9735761914805205,1.0,isotonic,82
0,0.15750818263917343,0.1452991452991453,isotonic,82
0,0.41323468038456523,0.30985915492957744,isotonic,82
1,0.9998255303228246,1.0,isotonic,82
1,0.9431554569077556,0.9836065573770492,isotonic,82
0,0.7393097328963669,0.9,isotonic,82
1,0.7035490832782543,0.7558139534883721,isotonic,82
1,0.705317510247478,0.7558139534883721,isotonic,82
1,0.5635266324839674,0.55,isotonic,82
1,0.7264683427972727,0.9,isotonic,82
0,0.09854604014129775,0.08571428571428572,isotonic,82
0,0.4935890417602191,0.4594594594594595,isotonic,82
0,0.146180867631536,0.13793103448275862,isotonic,82
1,0.9774659486857303,1.0,isotonic,82
1,0.9869705098060255,1.0,isotonic,82
1,0.9628014416038507,1.0,isotonic,82
0,0.20299219043102076,0.1452991452991453,isotonic,82
0,0.5474488866967221,0.5178571428571429,isotonic,82
0,0.16893788322036962,0.1452991452991453,isotonic,82
0,0.20158070894551997,0.1452991452991453,isotonic,82
0,0.39493322794483654,0.30985915492957744,isotonic,82
0,0.24035088630354018,0.1452991452991453,isotonic,82
1,0.6383558417423663,0.7272727272727273,isotonic,82
1,0.8681788575139446,0.9836065573770492,isotonic,82
0,0.37445941478574873,0.29850746268656714,isotonic,82
0,0.03710164450874062,0.0,isotonic,82
1,0.6901515459060577,0.7558139534883721,isotonic,82
0,0.28121682991110064,0.16279069767441862,isotonic,82
1,0.739356787799865,0.9,isotonic,82
0,0.4751707641861892,0.4094488188976378,isotonic,82
0,0.49976362494728105,0.46774193548387094,isotonic,82
1,0.9999695240707185,1.0,isotonic,82
1,0.9196610604910406,0.9836065573770492,isotonic,82
0,0.11666156577567952,0.08571428571428572,isotonic,82
1,0.6398922206511698,0.7272727272727273,isotonic,82
0,0.5562112009026994,0.5178571428571429,isotonic,82
1,0.190404900674607,0.1452991452991453,isotonic,82
1,0.9964378059063,1.0,isotonic,82
1,0.8855121318771192,0.9836065573770492,isotonic,82
1,0.9526745551157486,1.0,isotonic,82
0,0.3352257792133019,0.23529411764705882,isotonic,82
0,0.13702269464406402,0.08571428571428572,isotonic,82
0,0.25476786985372446,0.1452991452991453,isotonic,82
1,0.9994498321045642,1.0,isotonic,82
1,0.9043417781682352,0.9836065573770492,isotonic,82
1,0.9870555350012526,1.0,isotonic,82
0,0.20763965604791992,0.1452991452991453,isotonic,82
0,0.5289183205118089,0.5178571428571429,isotonic,82
0,0.4172185103355439,0.30985915492957744,isotonic,82
1,0.9859445745096611,1.0,isotonic,82
0,0.10865958336084976,0.08571428571428572,isotonic,82
0,0.38806583458298777,0.3040770416810849,isotonic,82
0,0.5067487329627441,0.46774193548387094,isotonic,82
1,0.8741752496234978,0.9836065573770492,isotonic,82
1,0.9641760361826833,1.0,isotonic,82
1,0.7264683427972727,0.9,isotonic,82
0,0.27335866584821095,0.16279069767441862,isotonic,82
0,0.227523173966154,0.1452991452991453,isotonic,82
1,0.6292943211016737,0.7272727272727273,isotonic,82
0,0.3515324786687083,0.24324324324324326,isotonic,82
0,0.05739292675112204,0.04,isotonic,82
0,0.5597308272547102,0.5384902444101948,isotonic,82
1,0.7941078191398467,0.9,isotonic,82
1,0.886981549204132,0.9836065573770492,isotonic,82
0,0.29214486979814647,0.16279069767441862,isotonic,82
1,0.3474191008090805,0.24324324324324326,isotonic,82
0,0.4672605702838517,0.4094488188976378,isotonic,82
0,0.46934949157495615,0.4094488188976378,isotonic,82
1,0.9687086893686792,1.0,isotonic,82
1,0.8731007876235839,0.9836065573770492,isotonic,82
0,0.10331345607771451,0.08571428571428572,isotonic,82
1,0.9999999999933722,1.0,isotonic,82
0,0.1376213175538057,0.08571428571428572,isotonic,82
1,0.7264683427972727,0.9,isotonic,82
1,0.9277640138721458,0.9836065573770492,isotonic,82
1,0.9058385094674364,0.9836065573770492,isotonic,82
0,0.523289809303394,0.46774193548387094,isotonic,82
1,0.309689350789886,0.1643835616438356,isotonic,82
1,0.8672124694804487,0.9,isotonic,82
1,0.3414748674218062,0.24324324324324326,isotonic,82
0,0.5165411375823072,0.46774193548387094,isotonic,82
0,0.20771692708613,0.1452991452991453,isotonic,82
1,0.9098915412012332,0.9836065573770492,isotonic,82
1,0.9631613901883901,1.0,isotonic,82
0,0.32238599180845556,0.1643835616438356,isotonic,82
1,0.7264683427972727,0.9,isotonic,82
1,0.9999999906577431,1.0,isotonic,82
0,0.31740583808314765,0.1643835616438356,isotonic,82
0,0.3330980141460266,0.23529411764705882,isotonic,82
0,0.42982250471182054,0.3684210526315789,isotonic,82
0,0.21262963510868024,0.1452991452991453,isotonic,82
0,0.14636059815832717,0.13793103448275862,isotonic,82
0,0.13747520980877054,0.08571428571428572,isotonic,82
1,0.5269098661029527,0.5133098684216731,isotonic,82
1,0.10864093298010961,0.08571428571428572,isotonic,82
1,0.9820754481991949,1.0,isotonic,82
1,0.9012713112945322,0.9836065573770492,isotonic,82
1,0.3788260018331549,0.29850746268656714,isotonic,82
1,0.9184415243292414,0.9836065573770492,isotonic,82
0,0.5538054328264415,0.5178571428571429,isotonic,82
0,0.11796332771627197,0.08571428571428572,isotonic,82
0,0.5194430562931879,0.46774193548387094,isotonic,82
0,0.14678501529749663,0.13793103448275862,isotonic,82
0,0.5817630783310183,0.609375,isotonic,82
1,0.5007054164906698,0.46774193548387094,isotonic,82
0,0.3289334242027865,0.1643835616438356,isotonic,82
1,0.4877590274310295,0.4594594594594595,isotonic,82
1,0.8024660707247636,0.9,isotonic,82
1,0.9966864946562904,1.0,isotonic,82
0,0.5590482316888781,0.5215041882320502,isotonic,82
1,0.4574507226447006,0.4094488188976378,isotonic,82
0,0.20381786443026775,0.1452991452991453,isotonic,82
1,0.4382730090640854,0.4094488188976378,isotonic,82
1,0.03832146465348537,0.0,isotonic,82
0,0.09371108596356573,0.06060606060606061,isotonic,82
1,0.6046238761534032,0.609375,isotonic,82
1,0.9999999329015329,1.0,isotonic,82
1,0.9999999061863675,1.0,isotonic,82
1,0.9947400383650887,1.0,isotonic,82
1,0.5037160843084382,0.46774193548387094,isotonic,82
1,0.8673311709094081,0.9,isotonic,82
0,0.3879374392265221,0.30259919721554496,isotonic,82
1,0.9798493942377605,1.0,isotonic,82
0,0.2699551853372773,0.16279069767441862,isotonic,82
0,0.32549651306673655,0.1643835616438356,isotonic,82
0,0.15112786890702543,0.1452991452991453,isotonic,82
1,0.5466144308768979,0.5178571428571429,isotonic,82
0,0.07256675534223542,0.049019607843137254,isotonic,82
0,0.20554325774153281,0.1452991452991453,isotonic,82
1,0.9563844482475528,1.0,isotonic,82
0,0.13350485907181117,0.08571428571428572,isotonic,82
1,0.7754614633474507,0.9,isotonic,82
1,0.3435386245252693,0.24324324324324326,isotonic,82
1,0.21202369195725262,0.1452991452991453,isotonic,82
1,0.999999999771306,1.0,isotonic,82
1,0.9613433608840096,1.0,isotonic,82
1,0.7725210566549504,0.9,isotonic,82
0,0.29103976071675197,0.16279069767441862,isotonic,82
1,0.8937581621487991,0.9836065573770492,isotonic,82
0,0.34049789992775964,0.24324324324324326,isotonic,82
0,0.2308871923843674,0.1452991452991453,isotonic,82
0,0.023137333703613833,0.0,isotonic,82
0,0.14031057864251922,0.13793103448275862,isotonic,82
0,0.2705019562156945,0.16279069767441862,isotonic,82
1,0.7484833952108482,0.9,isotonic,82
0,0.8328968778162396,0.9,isotonic,82
1,0.5948826139710861,0.609375,isotonic,82
0,0.8345622674230373,0.9,isotonic,82
1,0.7275560620038346,0.9,isotonic,82
0,0.39504066716445707,0.30985915492957744,isotonic,82
0,0.23345584774245107,0.1452991452991453,isotonic,82
0,0.20408726620816783,0.1452991452991453,isotonic,82
0,0.19481874040565442,0.1452991452991453,isotonic,82
1,0.7264683427972727,0.9,isotonic,82
0,0.3295897857280798,0.1643835616438356,isotonic,82
0,0.10673873966362571,0.08571428571428572,isotonic,82
0,0.34667428256121413,0.24324324324324326,isotonic,82
0,0.324649861900286,0.1643835616438356,isotonic,82
1,0.7251329778335535,0.9,isotonic,82
0,0.3304446230197894,0.1643835616438356,isotonic,82
1,0.31669352253919314,0.1643835616438356,isotonic,82
1,0.8110922602853121,0.9,isotonic,82
0,0.658868416334091,0.7558139534883721,isotonic,82
0,0.07673718201172568,0.049019607843137254,isotonic,82
0,0.2329832775091622,0.1452991452991453,isotonic,82
0,0.4329122642732587,0.3684210526315789,isotonic,82
1,0.6498739949830433,0.7558139534883721,isotonic,82
1,0.7264683427972727,0.9,isotonic,82
0,0.3965224059438895,0.30985915492957744,isotonic,82
1,0.9291159677423698,0.9836065573770492,isotonic,82
1,0.9997211534215161,1.0,isotonic,82
0,0.25132769198418087,0.1452991452991453,isotonic,82
1,0.9993288378918865,1.0,isotonic,82
0,0.5335111258001762,0.5178571428571429,isotonic,82
1,0.999269102161967,1.0,isotonic,82
1,0.506808441339543,0.46774193548387094,isotonic,82
1,0.9946753950183128,1.0,isotonic,82
0,0.2749675753015317,0.16279069767441862,isotonic,82
0,0.21731688897489146,0.1452991452991453,isotonic,82
1,0.926555510546907,0.9836065573770492,isotonic,82
1,0.46517140176744565,0.4094488188976378,isotonic,82
0,0.2154004376480135,0.1452991452991453,isotonic,82
1,0.6511176467624388,0.7558139534883721,isotonic,82
1,0.5986434697851069,0.609375,isotonic,82
0,0.1611093951806537,0.1452991452991453,isotonic,82
0,0.09498164600545948,0.06060606060606061,isotonic,82
0,0.3344161715367761,0.23529411764705882,isotonic,82
1,0.9999812234444979,1.0,isotonic,82
1,0.5306722033868337,0.5178571428571429,isotonic,82
1,0.7264683427972727,0.9,isotonic,82
0,0.1400352836617359,0.13793103448275862,isotonic,82
0,0.37267740345230144,0.29850746268656714,isotonic,82
1,0.9999986607381304,1.0,isotonic,82
0,0.4562398813582647,0.4094488188976378,isotonic,82
1,0.2088939354347084,0.1452991452991453,isotonic,82
1,0.8177180102435385,0.9,isotonic,82
1,0.999484677831405,1.0,isotonic,82
0,0.7266561466974953,0.9,isotonic,82
1,0.9320744822065434,0.9836065573770492,isotonic,82
0,0.17358733501619522,0.1452991452991453,isotonic,82
0,0.1476588476971885,0.13793103448275862,isotonic,82
0,0.11792574918494454,0.08571428571428572,isotonic,82
0,0.09932544641041229,0.08571428571428572,isotonic,82
1,0.7264683427972727,0.9,isotonic,82
0,0.13414754050308583,0.08571428571428572,isotonic,82
1,0.9999999696584791,1.0,isotonic,82
1,0.5238857049485878,0.46774193548387094,isotonic,82
1,0.44210892848617633,0.4094488188976378,isotonic,82
0,0.19030516067294825,0.1452991452991453,isotonic,82
0,0.24484680714365675,0.1452991452991453,isotonic,82
0,0.6417465729158665,0.7272727272727273,isotonic,82
0,0.2084024994415267,0.1452991452991453,isotonic,82
0,0.12498247070635782,0.08571428571428572,isotonic,82
1,0.9827093756443784,1.0,isotonic,82
0,0.31077284980804876,0.1643835616438356,isotonic,82
0,0.6046397786175276,0.609375,isotonic,82
1,0.2860983657425405,0.16279069767441862,isotonic,82
1,0.9390098363234961,0.9836065573770492,isotonic,82
1,0.24447270264873386,0.1452991452991453,isotonic,82
1,0.7264683427972727,0.9,isotonic,82
1,0.6672481531718633,0.7558139534883721,isotonic,82
0,0.25331023660467605,0.1452991452991453,isotonic,82
1,0.9945840475779806,1.0,isotonic,82
1,0.3823901521648017,0.29850746268656714,isotonic,82
0,0.30889833061666316,0.1643835616438356,isotonic,82
1,0.41453419285772225,0.30985915492957744,isotonic,82
1,0.8731222387342851,0.9836065573770492,isotonic,82
0,0.11306049132185443,0.08571428571428572,isotonic,82
0,0.018397568005778787,0.0,isotonic,82
1,0.8404069617128759,0.9,isotonic,82
0,0.10119920094472908,0.08571428571428572,isotonic,82
1,0.6872649458556275,0.7558139534883721,isotonic,82
1,0.9874718418432852,1.0,isotonic,82
0,0.38238456473614685,0.29850746268656714,isotonic,82
1,0.6375261675488861,0.7272727272727273,isotonic,82
0,0.226405018104577,0.1452991452991453,isotonic,82
1,0.24127080504999693,0.1452991452991453,isotonic,82
0,0.14146261703983337,0.13793103448275862,isotonic,82
0,0.5740606995356226,0.55,isotonic,82
0,0.14769048340728358,0.13793103448275862,isotonic,82
1,0.5934775577406034,0.609375,isotonic,82
1,0.5323146261460413,0.5178571428571429,isotonic,82
1,0.5401697700656416,0.5178571428571429,isotonic,82
0,0.18302458850000194,0.1452991452991453,isotonic,82
0,0.05053080693126136,0.04,isotonic,82
1,0.9749296074536505,1.0,isotonic,82
0,0.4328476583226216,0.3684210526315789,isotonic,82
0,0.09457136643630641,0.06060606060606061,isotonic,82
0,0.4739912616795738,0.4094488188976378,isotonic,82
1,0.9784057622504166,1.0,isotonic,82
0,0.14593093954357336,0.13793103448275862,isotonic,82
1,0.9432097382437359,0.9836065573770492,isotonic,82
0,0.09123645424063458,0.06060606060606061,isotonic,82
0,0.11478877085055576,0.08571428571428572,isotonic,82
0,0.16743611568726674,0.1452991452991453,isotonic,82
1,0.6086647407981465,0.609375,isotonic,82
0,0.1040620119988429,0.08571428571428572,isotonic,82
0,0.3908445424673116,0.30985915492957744,isotonic,82
0,0.1845382377595314,0.1452991452991453,isotonic,82
1,0.6163260625926171,0.6666666666666666,isotonic,82
1,0.49352259798575776,0.4594594594594595,isotonic,82
1,0.9383752459291098,0.9836065573770492,isotonic,82
1,0.5808937915007216,0.609375,isotonic,82
1,0.5314589633969451,0.5178571428571429,isotonic,82
1,0.7143259798785472,0.7558139534883721,isotonic,82
1,0.9854278181377278,1.0,isotonic,82
0,0.31606001878573126,0.1643835616438356,isotonic,82
1,0.6597304956250687,0.7558139534883721,isotonic,82
1,0.999986005871983,1.0,isotonic,82
0,0.16889462560443558,0.1452991452991453,isotonic,82
0,0.09460357469419121,0.06060606060606061,isotonic,82
0,0.31801798860039765,0.1643835616438356,isotonic,82
1,0.7264683427972727,0.9,isotonic,82
0,0.2191824364123537,0.1452991452991453,isotonic,82
0,0.35350238744341855,0.24324324324324326,isotonic,82
0,0.5769781370508686,0.55,isotonic,82
0,0.505743890122932,0.46774193548387094,isotonic,82
1,0.9797140408904845,1.0,isotonic,82
0,0.37154476985334345,0.29850746268656714,isotonic,82
1,0.6060808873612443,0.609375,isotonic,82
0,0.44545475454612987,0.4094488188976378,isotonic,82
0,0.1332674227651745,0.08571428571428572,isotonic,82
0,0.5527819955498967,0.5178571428571429,isotonic,82
1,0.41543711629205143,0.30985915492957744,isotonic,82
0,0.26402009102098833,0.16279069767441862,isotonic,82
1,0.8995146242244838,0.9836065573770492,isotonic,82
1,0.7721811422805275,0.9,isotonic,82
1,0.36195367314523436,0.24324324324324326,isotonic,82
0,0.21408380163907434,0.1452991452991453,isotonic,82
0,0.7289326945232424,0.9,isotonic,82
1,0.6916494928882123,0.7558139534883721,isotonic,82
0,0.04814243069311148,0.04,isotonic,82
1,0.7949366046388407,0.9,isotonic,82
0,0.02475322316527164,0.0,isotonic,82
0,0.20544014149939388,0.1452991452991453,isotonic,82
1,0.9977217920883834,1.0,isotonic,82
0,0.25689540206431916,0.1452991452991453,isotonic,82
0,0.3039297483148486,0.16279069767441862,isotonic,82
0,0.0760478270647728,0.049019607843137254,isotonic,82
0,0.27531597598962826,0.16279069767441862,isotonic,82
1,0.999764904109154,1.0,isotonic,82
0,0.21558905461987984,0.1452991452991453,isotonic,82
0,0.30668316533375223,0.1643835616438356,isotonic,82
1,0.43791187161904105,0.4094488188976378,isotonic,82
1,0.21456367532465775,0.1452991452991453,isotonic,82
0,0.14592561449313005,0.13793103448275862,isotonic,82
1,0.7264683427972727,0.9,isotonic,82
0,0.09929642057403046,0.08571428571428572,isotonic,82
0,0.12515255384265056,0.08571428571428572,isotonic,82
0,0.523133640257757,0.46774193548387094,isotonic,82
0,0.18489811497934838,0.1452991452991453,isotonic,82
0,0.17600769638591865,0.1452991452991453,isotonic,82
1,0.9457216212813873,1.0,isotonic,82
