y_true,proba,proba_calibrated,calibration_method,seed
0,0.05721245647885945,0.03550295857988166,isotonic,82
1,0.9999436229660785,1.0,isotonic,82
0,0.25181815212900344,0.23717948717948717,isotonic,82
1,0.9785681757504504,1.0,isotonic,82
0,0.05072013476518533,0.03550295857988166,isotonic,82
0,0.014696127061401101,0.0,isotonic,82
1,0.11337055703457889,0.08235294117647059,isotonic,82
1,0.9993769465239695,1.0,isotonic,82
0,0.043679915180362745,0.03550295857988166,isotonic,82
1,0.9988566060095311,1.0,isotonic,82
1,0.9992320512046361,1.0,isotonic,82
0,0.41662357552966495,0.45,isotonic,82
0,0.11531107354124086,0.08235294117647059,isotonic,82
0,0.30415838553083613,0.23717948717948717,isotonic,82
1,0.9997567309426112,1.0,isotonic,82
1,0.1477339533543527,0.1640378548895899,isotonic,82
1,0.3281467458224794,0.34415584415584416,isotonic,82
0,0.6626426462159621,0.6129032258064516,isotonic,82
1,0.9999769549741139,1.0,isotonic,82
0,0.17456532082742027,0.1640378548895899,isotonic,82
0,0.2519193645897404,0.23717948717948717,isotonic,82
0,0.2350597503474742,0.21568627450980393,isotonic,82
1,0.9957881796645124,1.0,isotonic,82
0,0.6021700850367165,0.6129032258064516,isotonic,82
1,0.9980339312031448,1.0,isotonic,82
0,0.3998982018083009,0.45,isotonic,82
0,0.08866541140682803,0.06395348837209303,isotonic,82
0,0.2645772626411386,0.23717948717948717,isotonic,82
1,0.9988190618491505,1.0,isotonic,82
1,0.9998382425434439,1.0,isotonic,82
0,0.2571480533192345,0.23717948717948717,isotonic,82
1,0.523882775058062,0.4915254237288134,isotonic,82
0,0.019347641154416586,0.0,isotonic,82
0,0.011186143120325684,0.0,isotonic,82
0,0.010520298587728441,0.0,isotonic,82
1,0.3422051339647007,0.34415584415584416,isotonic,82
1,0.9737405909858077,1.0,isotonic,82
0,0.11115732629757058,0.08235294117647059,isotonic,82
1,0.5915818868179676,0.6129032258064516,isotonic,82
1,0.9999693778977605,1.0,isotonic,82
1,0.5267036870176778,0.4915254237288134,isotonic,82
0,0.10071437874865492,0.06395348837209303,isotonic,82
1,0.5243947695323327,0.4915254237288134,isotonic,82
0,0.32303823803699017,0.34415584415584416,isotonic,82
1,0.3201352956287192,0.34415584415584416,isotonic,82
1,0.9984637482086193,1.0,isotonic,82
0,0.20986174740359576,0.1640378548895899,isotonic,82
1,0.9998270673508934,1.0,isotonic,82
0,0.6272567854643858,0.6129032258064516,isotonic,82
1,0.9975294370644707,1.0,isotonic,82
0,0.10995338432121442,0.08235294117647059,isotonic,82
0,0.20239392605931886,0.1640378548895899,isotonic,82
0,0.030830793710377273,0.02,isotonic,82
1,0.9994850345818633,1.0,isotonic,82
0,0.054809163994921015,0.03550295857988166,isotonic,82
1,0.2052627427647051,0.1640378548895899,isotonic,82
0,0.14945015190478378,0.1640378548895899,isotonic,82
0,0.1083847397209452,0.08235294117647059,isotonic,82
1,0.3129124331150087,0.23717948717948717,isotonic,82
0,0.03653494717616771,0.02,isotonic,82
0,0.06417380726049607,0.03550295857988166,isotonic,82
1,0.9785681757504504,1.0,isotonic,82
0,0.11889503179398316,0.08235294117647059,isotonic,82
0,0.07583734570855102,0.06395348837209303,isotonic,82
0,0.018837564202004903,0.0,isotonic,82
0,0.15214187906141136,0.1640378548895899,isotonic,82
0,0.10167694090207259,0.06395348837209303,isotonic,82
1,0.9967697345593471,1.0,isotonic,82
1,0.9866121843086303,1.0,isotonic,82
1,0.28234427378950655,0.23717948717948717,isotonic,82
1,0.9985819452749264,1.0,isotonic,82
1,0.9998734226728008,1.0,isotonic,82
0,0.15425744410739095,0.1640378548895899,isotonic,82
1,0.9980666551179497,1.0,isotonic,82
0,0.017407921634084337,0.0,isotonic,82
1,0.999877419762935,1.0,isotonic,82
1,0.9793128079052472,1.0,isotonic,82
1,0.9994182912647259,1.0,isotonic,82
1,0.9984651882168188,1.0,isotonic,82
0,0.47891105886823676,0.4915254237288134,isotonic,82
0,0.22530496797493915,0.1640378548895899,isotonic,82
0,0.10912284843012908,0.08235294117647059,isotonic,82
0,0.047286647591971445,0.03550295857988166,isotonic,82
0,0.675764405013038,0.6129032258064516,isotonic,82
0,0.058528127537441334,0.03550295857988166,isotonic,82
1,0.9998789412839052,1.0,isotonic,82
1,0.48002085380175724,0.4915254237288134,isotonic,82
0,0.5854010622566369,0.6129032258064516,isotonic,82
1,0.9976633410000476,1.0,isotonic,82
1,0.31938869150337945,0.34415584415584416,isotonic,82
1,0.48280847415977807,0.4915254237288134,isotonic,82
0,0.18103180213105685,0.1640378548895899,isotonic,82
0,0.23381659073760136,0.21568627450980393,isotonic,82
0,0.17818386791711452,0.1640378548895899,isotonic,82
1,0.9999104205493982,1.0,isotonic,82
0,0.1381863819733059,0.1640378548895899,isotonic,82
0,0.0948387938503824,0.06395348837209303,isotonic,82
1,0.9973745874906017,1.0,isotonic,82
1,0.9984242839457769,1.0,isotonic,82
0,0.6794560940679087,0.6129032258064516,isotonic,82
0,0.09843260204541569,0.06395348837209303,isotonic,82
1,0.5314018169689654,0.4915254237288134,isotonic,82
1,0.9999160749609453,1.0,isotonic,82
1,0.9975636303158292,1.0,isotonic,82
0,0.06744108609049489,0.043478260869565216,isotonic,82
1,0.4934720172838996,0.4915254237288134,isotonic,82
1,0.3551689115545175,0.34415584415584416,isotonic,82
0,0.11150290336498103,0.08235294117647059,isotonic,82
0,0.10609268624454235,0.08235294117647059,isotonic,82
1,0.9976933449552879,1.0,isotonic,82
0,0.0977382123812033,0.06395348837209303,isotonic,82
1,0.5008742629075675,0.4915254237288134,isotonic,82
1,0.9785681757504504,1.0,isotonic,82
1,0.520833196092784,0.4915254237288134,isotonic,82
0,0.6936342197138026,0.6129032258064516,isotonic,82
0,0.42032827865553596,0.45,isotonic,82
1,0.3460704715386366,0.34415584415584416,isotonic,82
0,0.058528187888793444,0.03550295857988166,isotonic,82
0,0.29697457252891724,0.23717948717948717,isotonic,82
0,0.20467750607748028,0.1640378548895899,isotonic,82
1,0.9999258436470081,1.0,isotonic,82
1,0.9977950484963235,1.0,isotonic,82
0,0.1806164176867585,0.1640378548895899,isotonic,82
1,0.9987538711382702,1.0,isotonic,82
1,0.991655686593035,1.0,isotonic,82
1,0.9980897551296204,1.0,isotonic,82
1,0.9976345487251899,1.0,isotonic,82
1,0.9785681757504504,1.0,isotonic,82
0,0.16038957315543526,0.1640378548895899,isotonic,82
0,0.014198211045261644,0.0,isotonic,82
0,0.07549762783260969,0.06395348837209303,isotonic,82
1,0.4024017505682413,0.45,isotonic,82
0,0.11849057245013929,0.08235294117647059,isotonic,82
1,0.16806648004707667,0.1640378548895899,isotonic,82
0,0.3736726508605931,0.34415584415584416,isotonic,82
0,0.2212982268569655,0.1640378548895899,isotonic,82
1,0.9997988993592014,1.0,isotonic,82
0,0.06148695963242592,0.03550295857988166,isotonic,82
1,0.9999686611306191,1.0,isotonic,82
0,0.3883044602620882,0.34415584415584416,isotonic,82
1,0.9996361723127068,1.0,isotonic,82
0,0.06531489332565381,0.03550295857988166,isotonic,82
0,0.1406310395264874,0.1640378548895899,isotonic,82
0,0.09066381950712403,0.06395348837209303,isotonic,82
1,0.9968725305453264,1.0,isotonic,82
1,0.9985303013471927,1.0,isotonic,82
0,0.3215578373779558,0.34415584415584416,isotonic,82
1,0.9999461222147231,1.0,isotonic,82
0,0.1188454811182089,0.08235294117647059,isotonic,82
1,0.9999081068109669,1.0,isotonic,82
0,0.6385034591261909,0.6129032258064516,isotonic,82
1,0.9921533571964233,1.0,isotonic,82
1,0.997996470626752,1.0,isotonic,82
0,0.11979070662017183,0.08235294117647059,isotonic,82
1,0.9979552583213879,1.0,isotonic,82
1,0.9983251513820547,1.0,isotonic,82
0,0.12008918423076544,0.08235294117647059,isotonic,82
0,0.2126571260049126,0.1640378548895899,isotonic,82
0,0.11030399646815298,0.08235294117647059,isotonic,82
0,0.1389227865705264,0.1640378548895899,isotonic,82
0,0.07368639699546664,0.06395348837209303,isotonic,82
0,0.0539533786802335,0.03550295857988166,isotonic,82
0,0.11814160786419363,0.08235294117647059,isotonic,82
1,0.9981810007580524,1.0,isotonic,82
1,0.9996843551919224,1.0,isotonic,82
1,0.5286135370966731,0.4915254237288134,isotonic,82
0,0.06895991089442917,0.043478260869565216,isotonic,82
0,0.11137017300558448,0.08235294117647059,isotonic,82
1,0.9980729264059276,1.0,isotonic,82
0,0.25876780968462504,0.23717948717948717,isotonic,82
1,0.05153191479175562,0.03550295857988166,isotonic,82
1,0.39704315672338,0.34415584415584416,isotonic,82
1,0.9999490175492777,1.0,isotonic,82
1,0.9785681757504504,1.0,isotonic,82
1,0.23603609122736394,0.21568627450980393,isotonic,82
1,0.9946281197621314,1.0,isotonic,82
1,0.9998511644591145,1.0,isotonic,82
0,0.33435310775736,0.34415584415584416,isotonic,82
1,0.661254346147221,0.6129032258064516,isotonic,82
1,0.9998405668622282,1.0,isotonic,82
0,0.17164319871270634,0.1640378548895899,isotonic,82
0,0.6525015970271634,0.6129032258064516,isotonic,82
0,0.15832206925902942,0.1640378548895899,isotonic,82
0,0.012716144328893196,0.0,isotonic,82
1,0.9999671173662087,1.0,isotonic,82
0,0.18227992758112313,0.1640378548895899,isotonic,82
1,0.998094217347133,1.0,isotonic,82
0,0.2971487911798194,0.23717948717948717,isotonic,82
1,0.9979713387805943,1.0,isotonic,82
1,0.9998437083962222,1.0,isotonic,82
1,0.9989004813302492,1.0,isotonic,82
1,0.9999575269039267,1.0,isotonic,82
1,0.2927739751276627,0.23717948717948717,isotonic,82
1,0.558529414961852,0.4915254237288134,isotonic,82
1,0.998292408804378,1.0,isotonic,82
1,0.997319759358083,1.0,isotonic,82
1,0.9981012387781519,1.0,isotonic,82
0,0.07204257728357816,0.05916542400455398,isotonic,82
0,0.04783189247562967,0.03550295857988166,isotonic,82
1,0.6746846465873324,0.6129032258064516,isotonic,82
1,0.9979228403153279,1.0,isotonic,82
0,0.222914037296188,0.1640378548895899,isotonic,82
0,0.46676608943132,0.4915254237288134,isotonic,82
1,0.9976907098686477,1.0,isotonic,82
1,0.42126141985435755,0.45,isotonic,82
1,0.9963445266275597,1.0,isotonic,82
1,0.9995464908547327,1.0,isotonic,82
1,0.9979336372595994,1.0,isotonic,82
1,0.9999591249122014,1.0,isotonic,82
1,0.9866669006959132,1.0,isotonic,82
0,0.1966750308614022,0.1640378548895899,isotonic,82
1,0.12238295836301168,0.08235294117647059,isotonic,82
0,0.6108928524103447,0.6129032258064516,isotonic,82
0,0.1223986985850145,0.08235294117647059,isotonic,82
1,0.998437886715161,1.0,isotonic,82
0,0.030507097368347544,0.02,isotonic,82
0,0.35494795514259403,0.34415584415584416,isotonic,82
0,0.42611641629667496,0.45,isotonic,82
1,0.9988984964357184,1.0,isotonic,82
0,0.0541962891425872,0.03550295857988166,isotonic,82
1,0.29473450539326684,0.23717948717948717,isotonic,82
0,0.06511318232575357,0.03550295857988166,isotonic,82
0,0.5450144698163563,0.4915254237288134,isotonic,82
0,0.27113625972842287,0.23717948717948717,isotonic,82
1,0.9998078176530807,1.0,isotonic,82
1,0.9983271533016114,1.0,isotonic,82
0,0.0666001237830615,0.043478260869565216,isotonic,82
0,0.06888653850553106,0.043478260869565216,isotonic,82
0,0.11866774896742646,0.08235294117647059,isotonic,82
0,0.10156342543858649,0.06395348837209303,isotonic,82
1,0.9998818055967134,1.0,isotonic,82
0,0.6130253626004787,0.6129032258064516,isotonic,82
0,0.05496052055383763,0.03550295857988166,isotonic,82
0,0.08758748323347444,0.06395348837209303,isotonic,82
0,0.4401893825952657,0.45,isotonic,82
1,0.30021123640643177,0.23717948717948717,isotonic,82
0,0.12246470175934115,0.08235294117647059,isotonic,82
1,0.9785681757504504,1.0,isotonic,82
1,0.9985643171961286,1.0,isotonic,82
0,0.13017682532117308,0.13157894736842105,isotonic,82
1,0.9970517236101155,1.0,isotonic,82
1,0.9997312615660805,1.0,isotonic,82
0,0.09891180217735075,0.06395348837209303,isotonic,82
0,0.03548033791654008,0.02,isotonic,82
1,0.4605639567841252,0.4915254237288134,isotonic,82
0,0.028415119927316344,0.02,isotonic,82
0,0.1054186915634559,0.06395348837209303,isotonic,82
0,0.2457898310671119,0.21568627450980393,isotonic,82
0,0.13666130625602851,0.1640378548895899,isotonic,82
0,0.48671237672096823,0.4915254237288134,isotonic,82
1,0.532874908405998,0.4915254237288134,isotonic,82
0,0.24902882607346702,0.21568627450980393,isotonic,82
1,0.09695006340905661,0.06395348837209303,isotonic,82
1,0.9999537582767726,1.0,isotonic,82
1,0.20427777205475167,0.1640378548895899,isotonic,82
0,0.05130065150366853,0.03550295857988166,isotonic,82
1,0.9998922284426994,1.0,isotonic,82
0,0.06934313393971375,0.043478260869565216,isotonic,82
0,0.052677512821811094,0.03550295857988166,isotonic,82
0,0.17090586806246014,0.1640378548895899,isotonic,82
1,0.07068924518362639,0.043478260869565216,isotonic,82
1,0.2714502598710811,0.23717948717948717,isotonic,82
0,0.18226090039928375,0.1640378548895899,isotonic,82
0,0.14169496179456342,0.1640378548895899,isotonic,82
0,0.05022499765509312,0.03550295857988166,isotonic,82
1,0.9998583308611328,1.0,isotonic,82
1,0.835490066035909,0.6129032258064516,isotonic,82
0,0.18430616116682003,0.1640378548895899,isotonic,82
1,0.48114732536260724,0.4915254237288134,isotonic,82
1,0.9988577841035615,1.0,isotonic,82
0,0.030838418141919698,0.02,isotonic,82
0,0.08456886798602806,0.06395348837209303,isotonic,82
0,0.01750044345913866,0.0,isotonic,82
0,0.09499930316905243,0.06395348837209303,isotonic,82
0,0.09041451664997753,0.06395348837209303,isotonic,82
0,0.6051863417293332,0.6129032258064516,isotonic,82
0,0.18060395604965634,0.1640378548895899,isotonic,82
0,0.05482326132104963,0.03550295857988166,isotonic,82
1,0.9965359188399296,1.0,isotonic,82
0,0.04427261015636642,0.03550295857988166,isotonic,82
0,0.05202430200065069,0.03550295857988166,isotonic,82
0,0.15354471620280355,0.1640378548895899,isotonic,82
1,0.9999139195304054,1.0,isotonic,82
1,0.999911772784695,1.0,isotonic,82
1,0.9980970075495343,1.0,isotonic,82
1,0.9999040896821323,1.0,isotonic,82
1,0.9998892106754146,1.0,isotonic,82
0,0.06226516250778214,0.03550295857988166,isotonic,82
1,0.9977837622195915,1.0,isotonic,82
0,0.1362998541538022,0.1640378548895899,isotonic,82
0,0.01970792917501387,0.0,isotonic,82
1,0.9999593824881271,1.0,isotonic,82
0,0.0679437119298205,0.043478260869565216,isotonic,82
0,0.5067516414345247,0.4915254237288134,isotonic,82
0,0.34498006863924624,0.34415584415584416,isotonic,82
0,0.053012370203081055,0.03550295857988166,isotonic,82
0,0.027699002583107233,0.02,isotonic,82
1,0.17715939030949895,0.1640378548895899,isotonic,82
1,0.28393649064452525,0.23717948717948717,isotonic,82
0,0.07605687192882507,0.06395348837209303,isotonic,82
0,0.21189542391936741,0.1640378548895899,isotonic,82
0,0.3952571345365718,0.34415584415584416,isotonic,82
0,0.26199071005857466,0.23717948717948717,isotonic,82
0,0.060051260445026594,0.03550295857988166,isotonic,82
1,0.9980586704645309,1.0,isotonic,82
0,0.32945643209137215,0.34415584415584416,isotonic,82
0,0.06125551397329172,0.03550295857988166,isotonic,82
1,0.4821464052923925,0.4915254237288134,isotonic,82
1,0.3632134562496281,0.34415584415584416,isotonic,82
0,0.37541344028524937,0.34415584415584416,isotonic,82
0,0.08496127850392399,0.06395348837209303,isotonic,82
1,0.9997295749232264,1.0,isotonic,82
0,0.10000349695929543,0.06395348837209303,isotonic,82
1,0.9977161698990316,1.0,isotonic,82
1,0.9999708330503655,1.0,isotonic,82
0,0.11709452872512453,0.08235294117647059,isotonic,82
0,0.5744165801128747,0.608096261810247,isotonic,82
1,0.9975090837768341,1.0,isotonic,82
1,0.9785681757504504,1.0,isotonic,82
1,0.9966727033812143,1.0,isotonic,82
1,0.9785681757504504,1.0,isotonic,82
1,0.11448903516444049,0.08235294117647059,isotonic,82
1,0.9785681757504504,1.0,isotonic,82
0,0.07291268501579916,0.06395348837209303,isotonic,82
0,0.515834874027892,0.4915254237288134,isotonic,82
1,0.9999593003860265,1.0,isotonic,82
0,0.10708481909055435,0.08235294117647059,isotonic,82
1,0.9999444718604443,1.0,isotonic,82
0,0.12419858112492942,0.08235294117647059,isotonic,82
1,0.9932969012174265,1.0,isotonic,82
0,0.11721797630191354,0.08235294117647059,isotonic,82
0,0.03209052865358395,0.02,isotonic,82
1,0.9999526560337174,1.0,isotonic,82
1,0.12580955891112094,0.125,isotonic,82
1,0.8683410149390465,0.6303196843690071,isotonic,82
1,0.9985406242539079,1.0,isotonic,82
1,0.9981367132716119,1.0,isotonic,82
0,0.6650368057086826,0.6129032258064516,isotonic,82
1,0.09783679027971919,0.06395348837209303,isotonic,82
0,0.06435655467195452,0.03550295857988166,isotonic,82
1,0.9998994570113605,1.0,isotonic,82
0,0.18734570594081612,0.1640378548895899,isotonic,82
1,0.9785681757504504,1.0,isotonic,82
0,0.047034508984847796,0.03550295857988166,isotonic,82
1,0.9999510939262525,1.0,isotonic,82
1,0.9991588170142632,1.0,isotonic,82
0,0.06497893830240759,0.03550295857988166,isotonic,82
0,0.370517677560552,0.34415584415584416,isotonic,82
0,0.490429216236641,0.4915254237288134,isotonic,82
0,0.08866000235311013,0.06395348837209303,isotonic,82
0,0.1894249689251837,0.1640378548895899,isotonic,82
0,0.021632430593017532,0.0,isotonic,82
1,0.9983160362060599,1.0,isotonic,82
0,0.019616885737990912,0.0,isotonic,82
0,0.05959990618959579,0.03550295857988166,isotonic,82
1,0.18431139355716622,0.1640378548895899,isotonic,82
0,0.052769475142270005,0.03550295857988166,isotonic,82
1,0.9998683553035091,1.0,isotonic,82
1,0.9980703696403306,1.0,isotonic,82
0,0.017291617101278196,0.0,isotonic,82
0,0.07021229963956088,0.043478260869565216,isotonic,82
0,0.0670522904791233,0.043478260869565216,isotonic,82
1,0.9988020679554024,1.0,isotonic,82
1,0.9982671349952685,1.0,isotonic,82
0,0.03305226704778229,0.02,isotonic,82
1,0.9999372696054426,1.0,isotonic,82
1,0.9785681757504504,1.0,isotonic,82
1,0.9785681757504504,1.0,isotonic,82
1,0.5099218308986074,0.4915254237288134,isotonic,82
0,0.0272032377974714,0.02,isotonic,82
1,0.9974042505654238,1.0,isotonic,82
0,0.012435072157446584,0.0,isotonic,82
0,0.22789432548160415,0.1640378548895899,isotonic,82
1,0.9999427966536637,1.0,isotonic,82
1,0.14225879377266956,0.1640378548895899,isotonic,82
0,0.03271013106035457,0.02,isotonic,82
1,0.2477500089961409,0.21568627450980393,isotonic,82
1,0.9978831041022616,1.0,isotonic,82
1,0.2889932705619251,0.23717948717948717,isotonic,82
1,0.9785681757504504,1.0,isotonic,82
1,0.2683196809856431,0.23717948717948717,isotonic,82
1,0.9972537012452077,1.0,isotonic,82
1,0.9963073120165817,1.0,isotonic,82
0,0.32836475881873545,0.34415584415584416,isotonic,82
0,0.052402895585931544,0.03550295857988166,isotonic,82
0,0.05972457852274474,0.03550295857988166,isotonic,82
0,0.08753472551013287,0.06395348837209303,isotonic,82
0,0.0790962556958987,0.06395348837209303,isotonic,82
0,0.27375228364009996,0.23717948717948717,isotonic,82
0,0.13613918444949524,0.1640378548895899,isotonic,82
0,0.02988877023260782,0.02,isotonic,82
0,0.11492958647731599,0.08235294117647059,isotonic,82
0,0.06835783304053285,0.043478260869565216,isotonic,82
1,0.9973987311356617,1.0,isotonic,82
0,0.04078267908414971,0.03550295857988166,isotonic,82
0,0.190550497799884,0.1640378548895899,isotonic,82
0,0.3625274382080823,0.34415584415584416,isotonic,82
0,0.07190776838923996,0.05550719134492973,isotonic,82
0,0.3838744363184495,0.34415584415584416,isotonic,82
1,0.9979109062537527,1.0,isotonic,82
1,0.157381242809885,0.1640378548895899,isotonic,82
1,0.9955479161177533,1.0,isotonic,82
1,0.15690189777324404,0.1640378548895899,isotonic,82
1,0.3926203256502013,0.34415584415584416,isotonic,82
1,0.9974941045464719,1.0,isotonic,82
1,0.15421015236323457,0.1640378548895899,isotonic,82
1,0.9981256669723331,1.0,isotonic,82
1,0.9839201864405525,1.0,isotonic,82
1,0.9967325146416782,1.0,isotonic,82
1,0.5435734753480371,0.4915254237288134,isotonic,82
1,0.9999522612489806,1.0,isotonic,82
0,0.26477487321420673,0.23717948717948717,isotonic,82
1,0.9968872074771771,1.0,isotonic,82
0,0.1550426935240898,0.1640378548895899,isotonic,82
1,0.9953934470178561,1.0,isotonic,82
1,0.9967980985674736,1.0,isotonic,82
1,0.9987495397009535,1.0,isotonic,82
0,0.12395112204158107,0.08235294117647059,isotonic,82
1,0.9981248384134914,1.0,isotonic,82
0,0.0745539796056868,0.06395348837209303,isotonic,82
1,0.22831218313910742,0.1640378548895899,isotonic,82
1,0.9999575250646311,1.0,isotonic,82
1,0.9985024188395349,1.0,isotonic,82
0,0.062114864045416954,0.03550295857988166,isotonic,82
1,0.9891039046262128,1.0,isotonic,82
1,0.9999504140788016,1.0,isotonic,82
1,0.5874077536584443,0.6129032258064516,isotonic,82
0,0.44845538004901003,0.4915254237288134,isotonic,82
0,0.29655205855224187,0.23717948717948717,isotonic,82
0,0.07599812876416466,0.06395348837209303,isotonic,82
1,0.6920903924963382,0.6129032258064516,isotonic,82
1,0.9967377203391303,1.0,isotonic,82
1,0.9999708052296434,1.0,isotonic,82
0,0.06432944078787334,0.03550295857988166,isotonic,82
1,0.881096382785892,0.8571428571428571,isotonic,82
1,0.9998906153627399,1.0,isotonic,82
0,0.07955718408179631,0.06395348837209303,isotonic,82
1,0.9980676480280767,1.0,isotonic,82
0,0.336450442434657,0.34415584415584416,isotonic,82
0,0.6166124649070689,0.6129032258064516,isotonic,82
1,0.9971277455168924,1.0,isotonic,82
0,0.25684039616572996,0.23717948717948717,isotonic,82
1,0.9971712575083104,1.0,isotonic,82
0,0.19757985660923563,0.1640378548895899,isotonic,82
0,0.0220460747503694,0.0,isotonic,82
0,0.14451684565575473,0.1640378548895899,isotonic,82
1,0.9891416401724874,1.0,isotonic,82
1,0.9785681757504504,1.0,isotonic,82
0,0.715418507467574,0.6129032258064516,isotonic,82
0,0.07104060288951246,0.043478260869565216,isotonic,82
0,0.012777126985344715,0.0,isotonic,82
0,0.17951750314878753,0.1640378548895899,isotonic,82
0,0.32571646520094916,0.34415584415584416,isotonic,82
0,0.17334271764406017,0.1640378548895899,isotonic,82
1,0.9999761054317767,1.0,isotonic,82
1,0.9957293328976289,1.0,isotonic,82
0,0.0872733247317906,0.06395348837209303,isotonic,82
1,0.9981270908078084,1.0,isotonic,82
0,0.08414446204366507,0.06395348837209303,isotonic,82
1,0.9961351511905909,1.0,isotonic,82
1,0.42651027586547874,0.45,isotonic,82
0,0.10452613897037373,0.06395348837209303,isotonic,82
1,0.9785681757504504,1.0,isotonic,82
1,0.8350929241812715,0.6129032258064516,isotonic,82
1,0.9978899563474275,1.0,isotonic,82
0,0.014752292503142325,0.0,isotonic,82
1,0.9997518377196628,1.0,isotonic,82
0,0.10536600444016743,0.06395348837209303,isotonic,82
0,0.04467009208889936,0.03550295857988166,isotonic,82
1,0.6047197521715062,0.6129032258064516,isotonic,82
0,0.2515259859828754,0.23717948717948717,isotonic,82
1,0.9909173391712104,1.0,isotonic,82
1,0.9952600412456785,1.0,isotonic,82
1,0.9988046554445061,1.0,isotonic,82
1,0.11718352573482324,0.08235294117647059,isotonic,82
1,0.9987491688006961,1.0,isotonic,82
1,0.9979773869224656,1.0,isotonic,82
0,0.16360676146256162,0.1640378548895899,isotonic,82
1,0.9992311915305808,1.0,isotonic,82
1,0.23024614178395827,0.21568627450980393,isotonic,82
0,0.42873276842971075,0.45,isotonic,82
1,0.3474235209164365,0.34415584415584416,isotonic,82
0,0.18068481993291646,0.1640378548895899,isotonic,82
1,0.9996523079079986,1.0,isotonic,82
1,0.9998625194898422,1.0,isotonic,82
0,0.03052346135657327,0.02,isotonic,82
1,0.9997702876342627,1.0,isotonic,82
0,0.0961696518002522,0.06395348837209303,isotonic,82
1,0.9785681757504504,1.0,isotonic,82
0,0.0848496516094531,0.06395348837209303,isotonic,82
0,0.11227985990025881,0.08235294117647059,isotonic,82
1,0.1496124135582479,0.1640378548895899,isotonic,82
0,0.2150453689247989,0.1640378548895899,isotonic,82
1,0.17141430951363268,0.1640378548895899,isotonic,82
0,0.1532216857489752,0.1640378548895899,isotonic,82
0,0.2549762636501848,0.23717948717948717,isotonic,82
0,0.2840734818902724,0.23717948717948717,isotonic,82
0,0.40546171945786963,0.45,isotonic,82
0,0.4774545433407881,0.4915254237288134,isotonic,82
0,0.37656804707402086,0.34415584415584416,isotonic,82
1,0.9998159180319524,1.0,isotonic,82
0,0.14513415203330304,0.1640378548895899,isotonic,82
1,0.9972580432443156,1.0,isotonic,82
0,0.04976062426999162,0.03550295857988166,isotonic,82
0,0.7024703652526864,0.6129032258064516,isotonic,82
1,0.9996625841696495,1.0,isotonic,82
1,0.9785681757504504,1.0,isotonic,82
1,0.2596258849936795,0.23717948717948717,isotonic,82
1,0.998002936598383,1.0,isotonic,82
0,0.16578786135319698,0.1640378548895899,isotonic,82
1,0.9785681757504504,1.0,isotonic,82
0,0.2968833910581654,0.23717948717948717,isotonic,82
0,0.4006928793093733,0.45,isotonic,82
0,0.08919274024475699,0.06395348837209303,isotonic,82
0,0.4560243536492371,0.4915254237288134,isotonic,82
1,0.9976160999135741,1.0,isotonic,82
0,0.036253027550549974,0.02,isotonic,82
1,0.9997948137137022,1.0,isotonic,82
0,0.10808930930868325,0.08235294117647059,isotonic,82
1,0.3820738617486864,0.34415584415584416,isotonic,82
1,0.9785681757504504,1.0,isotonic,82
1,0.9993076489937106,1.0,isotonic,82
0,0.09923264182973866,0.06395348837209303,isotonic,82
0,0.38265289047585055,0.34415584415584416,isotonic,82
0,0.017117948931781264,0.0,isotonic,82
1,0.20268740552794473,0.1640378548895899,isotonic,82
1,0.9931892432739295,1.0,isotonic,82
1,0.34070234306426306,0.34415584415584416,isotonic,82
1,0.7102051065868876,0.6129032258064516,isotonic,82
0,0.9150517404158742,0.8571428571428571,isotonic,82
1,0.9971865418052428,1.0,isotonic,82
0,0.10978841148480158,0.08235294117647059,isotonic,82
1,0.998547259459387,1.0,isotonic,82
0,0.12531177527908882,0.08235294117647059,isotonic,82
1,0.4932628816632997,0.4915254237288134,isotonic,82
1,0.9980486498310371,1.0,isotonic,82
0,0.3547748045249224,0.34415584415584416,isotonic,82
1,0.9785681757504504,1.0,isotonic,82
0,0.10036131728534484,0.06395348837209303,isotonic,82
1,0.9785681757504504,1.0,isotonic,82
1,0.442949112757358,0.45,isotonic,82
0,0.06504330566972033,0.03550295857988166,isotonic,82
1,0.1410256668951496,0.1640378548895899,isotonic,82
0,0.17763844252916228,0.1640378548895899,isotonic,82
1,0.6513439276907714,0.6129032258064516,isotonic,82
1,0.5585948277687561,0.4915254237288134,isotonic,82
0,0.06393386544733747,0.03550295857988166,isotonic,82
1,0.9989291185031007,1.0,isotonic,82
0,0.04922474756365099,0.03550295857988166,isotonic,82
1,0.999848797356095,1.0,isotonic,82
1,0.9996732688248907,1.0,isotonic,82
1,0.9993607614285578,1.0,isotonic,82
1,0.9884582602413569,1.0,isotonic,82
1,0.9963976241522472,1.0,isotonic,82
0,0.11185887384444333,0.08235294117647059,isotonic,82
0,0.10008699911333843,0.06395348837209303,isotonic,82
0,0.03381086895447643,0.02,isotonic,82
1,0.9965542387813356,1.0,isotonic,82
0,0.48419875696083364,0.4915254237288134,isotonic,82
1,0.999865155481665,1.0,isotonic,82
0,0.10487369016404585,0.06395348837209303,isotonic,82
1,0.11345411819344174,0.08235294117647059,isotonic,82
1,0.031243179419516622,0.02,isotonic,82
1,0.9969337747118687,1.0,isotonic,82
0,0.3092919496932286,0.23717948717948717,isotonic,82
0,0.11642656517960526,0.08235294117647059,isotonic,82
1,0.9785681757504504,1.0,isotonic,82
1,0.39637637433927436,0.34415584415584416,isotonic,82
1,0.9998401751191196,1.0,isotonic,82
0,0.4912533750949111,0.4915254237288134,isotonic,82
1,0.9973806129747108,1.0,isotonic,82
1,0.9959129535114962,1.0,isotonic,82
0,0.1557473128624636,0.1640378548895899,isotonic,82
0,0.17047894843097616,0.1640378548895899,isotonic,82
1,0.9987157033837393,1.0,isotonic,82
0,0.08553412440941288,0.06395348837209303,isotonic,82
1,0.99995790871125,1.0,isotonic,82
0,0.018787080583895693,0.0,isotonic,82
1,0.9989795608372067,1.0,isotonic,82
0,0.20434352547570275,0.1640378548895899,isotonic,82
1,0.9785681757504504,1.0,isotonic,82
0,0.3151682928816968,0.34415584415584416,isotonic,82
0,0.02653086998616468,0.02,isotonic,82
1,0.999989676552108,1.0,isotonic,82
0,0.3643553146845859,0.34415584415584416,isotonic,82
0,0.18074383211733122,0.1640378548895899,isotonic,82
0,0.43277329699421696,0.45,isotonic,82
0,0.23034830023715647,0.21568627450980393,isotonic,82
0,0.028788055591456696,0.02,isotonic,82
0,0.0907432228330973,0.06395348837209303,isotonic,82
1,0.9999420857109007,1.0,isotonic,82
1,0.5155582442394763,0.4915254237288134,isotonic,82
0,0.30633001952709826,0.23717948717948717,isotonic,82
1,0.9983676934105453,1.0,isotonic,82
0,0.09696896568176026,0.06395348837209303,isotonic,82
0,0.13420544618583588,0.13157894736842105,isotonic,82
0,0.41356573525568624,0.45,isotonic,82
1,0.9972533008287706,1.0,isotonic,82
0,0.36159758356201405,0.34415584415584416,isotonic,82
0,0.816123736702655,0.6129032258064516,isotonic,82
1,0.9999077386669857,1.0,isotonic,82
0,0.04106068060040419,0.03550295857988166,isotonic,82
0,0.11285529578063826,0.08235294117647059,isotonic,82
1,0.9999277231062986,1.0,isotonic,82
0,0.14515102343044653,0.1640378548895899,isotonic,82
1,0.9785681757504504,1.0,isotonic,82
1,0.9998517246190262,1.0,isotonic,82
0,0.16680231335083864,0.1640378548895899,isotonic,82
0,0.028919003594881455,0.02,isotonic,82
0,0.12364444082551183,0.08235294117647059,isotonic,82
0,0.192799653517011,0.1640378548895899,isotonic,82
0,0.13592404331058258,0.1640378548895899,isotonic,82
0,0.07497580199870425,0.06395348837209303,isotonic,82
1,0.9785681757504504,1.0,isotonic,82
1,0.9965302061688367,1.0,isotonic,82
0,0.46697684137222595,0.4915254237288134,isotonic,82
0,0.10028971535217297,0.06395348837209303,isotonic,82
1,0.9999491462987117,1.0,isotonic,82
0,0.1749075767547348,0.1640378548895899,isotonic,82
1,0.9785681757504504,1.0,isotonic,82
1,0.9999461198084065,1.0,isotonic,82
1,0.9976767950059896,1.0,isotonic,82
0,0.12646369466202423,0.125,isotonic,82
0,0.03916612561787846,0.03550295857988166,isotonic,82
0,0.44324240979674495,0.45,isotonic,82
1,0.9999718376738079,1.0,isotonic,82
0,0.07059737385741001,0.043478260869565216,isotonic,82
0,0.027544802476120227,0.02,isotonic,82
1,0.15644625483433466,0.1640378548895899,isotonic,82
0,0.6766245333744323,0.6129032258064516,isotonic,82
1,0.2804430271992272,0.23717948717948717,isotonic,82
1,0.9999591793803333,1.0,isotonic,82
0,0.2922956590428634,0.23717948717948717,isotonic,82
0,0.05739120594234714,0.03550295857988166,isotonic,82
1,0.9999246317991954,1.0,isotonic,82
1,0.2221819084355556,0.1640378548895899,isotonic,82
0,0.6692035489637268,0.6129032258064516,isotonic,82
0,0.021147159591190148,0.0,isotonic,82
0,0.16926479682616705,0.1640378548895899,isotonic,82
0,0.40149776285448113,0.45,isotonic,82
0,0.06926121079874004,0.043478260869565216,isotonic,82
0,0.0450875980352591,0.03550295857988166,isotonic,82
0,0.38085414800781237,0.34415584415584416,isotonic,82
1,0.6148504929694755,0.6129032258064516,isotonic,82
1,0.998417493978724,1.0,isotonic,82
0,0.10157627983716688,0.06395348837209303,isotonic,82
1,0.49745330811655214,0.4915254237288134,isotonic,82
0,0.005688666533042471,0.0,isotonic,82
1,0.995959016775878,1.0,isotonic,82
1,0.9949720796542844,1.0,isotonic,82
1,0.9997745665605869,1.0,isotonic,82
1,0.9998566597371831,1.0,isotonic,82
1,0.9971172735621199,1.0,isotonic,82
0,0.12763153851859382,0.13157894736842105,isotonic,82
1,0.6179376545848191,0.6129032258064516,isotonic,82
1,0.9928261325020058,1.0,isotonic,82
1,0.9985127401799738,1.0,isotonic,82
0,0.2669264576683073,0.23717948717948717,isotonic,82
0,0.048575562175454716,0.03550295857988166,isotonic,82
1,0.9991227552476448,1.0,isotonic,82
0,0.3365288285675109,0.34415584415584416,isotonic,82
0,0.08553692448786013,0.06395348837209303,isotonic,82
0,0.12092655016007134,0.08235294117647059,isotonic,82
0,0.19785551506398708,0.1640378548895899,isotonic,82
1,0.9999392960958975,1.0,isotonic,82
0,0.08973836878354162,0.06395348837209303,isotonic,82
1,0.9999597408938196,1.0,isotonic,82
1,0.9976275133821627,1.0,isotonic,82
0,0.18955410930084848,0.1640378548895899,isotonic,82
1,0.5922767655686282,0.6129032258064516,isotonic,82
1,0.9785681757504504,1.0,isotonic,82
0,0.06775759709025397,0.043478260869565216,isotonic,82
1,0.42735856732226096,0.45,isotonic,82
1,0.6314474408592446,0.6129032258064516,isotonic,82
0,0.09147911596936494,0.06395348837209303,isotonic,82
0,0.12117331081399083,0.08235294117647059,isotonic,82
1,0.9999777283756586,1.0,isotonic,82
0,0.05675577350445375,0.03550295857988166,isotonic,82
0,0.07329837431877234,0.06395348837209303,isotonic,82
1,0.34902424864171144,0.34415584415584416,isotonic,82
0,0.10532588572239472,0.06395348837209303,isotonic,82
1,0.9785681757504504,1.0,isotonic,82
0,0.1694035378723801,0.1640378548895899,isotonic,82
1,0.9981520285083831,1.0,isotonic,82
0,0.3014712668047569,0.23717948717948717,isotonic,82
0,0.1032889289351504,0.06395348837209303,isotonic,82
0,0.2687144317665531,0.23717948717948717,isotonic,82
0,0.06962319827120109,0.043478260869565216,isotonic,82
0,0.03969380607246616,0.03550295857988166,isotonic,82
0,0.2712661198287391,0.23717948717948717,isotonic,82
0,0.05010286257321986,0.03550295857988166,isotonic,82
1,0.9999102570975075,1.0,isotonic,82
1,0.9998029317494936,1.0,isotonic,82
1,0.20477590364411444,0.1640378548895899,isotonic,82
1,0.5850879416185278,0.6129032258064516,isotonic,82
1,0.044082504153562505,0.03550295857988166,isotonic,82
0,0.17181222255603013,0.1640378548895899,isotonic,82
0,0.042396201206153186,0.03550295857988166,isotonic,82
0,0.03502527269996832,0.02,isotonic,82
0,0.020594722372996765,0.0,isotonic,82
1,0.9990963573134781,1.0,isotonic,82
1,0.9999384682339212,1.0,isotonic,82
0,0.19213037878090955,0.1640378548895899,isotonic,82
0,0.0889982147197298,0.06395348837209303,isotonic,82
0,0.04596278602999576,0.03550295857988166,isotonic,82
1,0.9988955728170826,1.0,isotonic,82
1,0.996609566397885,1.0,isotonic,82
1,0.999817714448049,1.0,isotonic,82
1,0.5749083409784843,0.6129032258064516,isotonic,82
1,0.9927739077900097,1.0,isotonic,82
0,0.04801324413971185,0.03550295857988166,isotonic,82
1,0.20607477924297435,0.1640378548895899,isotonic,82
1,0.9981417545255502,1.0,isotonic,82
1,0.9961307410474385,1.0,isotonic,82
0,0.032267733552819165,0.02,isotonic,82
1,0.9995250739740195,1.0,isotonic,82
0,0.20677668452963024,0.1640378548895899,isotonic,82
0,0.06157241336324332,0.03550295857988166,isotonic,82
0,0.1878439398283489,0.1640378548895899,isotonic,82
0,0.16244507995962637,0.1640378548895899,isotonic,82
1,0.9999122517714404,1.0,isotonic,82
0,0.06198140731354476,0.03550295857988166,isotonic,82
1,0.33071720301026103,0.34415584415584416,isotonic,82
0,0.46924219135396245,0.4915254237288134,isotonic,82
0,0.20956797859882353,0.1640378548895899,isotonic,82
1,0.7882867660437027,0.6129032258064516,isotonic,82
0,0.07079565284347976,0.043478260869565216,isotonic,82
1,0.9999361159879357,1.0,isotonic,82
1,0.4583452643578122,0.4915254237288134,isotonic,82
0,0.02446703400523353,0.0,isotonic,82
1,0.9985866546351693,1.0,isotonic,82
1,0.9975909111650172,1.0,isotonic,82
0,0.1546267429422502,0.1640378548895899,isotonic,82
1,0.9785681757504504,1.0,isotonic,82
0,0.12483771101600444,0.08235294117647059,isotonic,82
0,0.10964341134562947,0.08235294117647059,isotonic,82
1,0.9989843162379219,1.0,isotonic,82
1,0.9999845478829222,1.0,isotonic,82
1,0.5212091174542576,0.4915254237288134,isotonic,82
1,0.9963552014480801,1.0,isotonic,82
1,0.9956229695815756,1.0,isotonic,82
1,0.9955289730338317,1.0,isotonic,82
0,0.11964260624710707,0.08235294117647059,isotonic,82
0,0.15711067190587394,0.1640378548895899,isotonic,82
1,0.9785681757504504,1.0,isotonic,82
1,0.9950343841902933,1.0,isotonic,82
1,0.1756174507234437,0.1640378548895899,isotonic,82
0,0.529453733731655,0.4915254237288134,isotonic,82
0,0.03282873596682571,0.02,isotonic,82
0,0.19081793311603323,0.1640378548895899,isotonic,82
1,0.9997556182372231,1.0,isotonic,82
0,0.7001774837005109,0.6129032258064516,isotonic,82
1,0.18513033620999453,0.1640378548895899,isotonic,82
0,0.08050177525166832,0.06395348837209303,isotonic,82
0,0.33430889764025956,0.34415584415584416,isotonic,82
1,0.9894516103859543,1.0,isotonic,82
0,0.3599834237317421,0.34415584415584416,isotonic,82
1,0.9785681757504504,1.0,isotonic,82
1,0.14603430788812252,0.1640378548895899,isotonic,82
1,0.999946029944667,1.0,isotonic,82
0,0.27845487652008427,0.23717948717948717,isotonic,82
1,0.19026366890613325,0.1640378548895899,isotonic,82
0,0.410141310632083,0.45,isotonic,82
1,0.668718153480089,0.6129032258064516,isotonic,82
1,0.9785681757504504,1.0,isotonic,82
1,0.9965845173944576,1.0,isotonic,82
0,0.254213510834264,0.23717948717948717,isotonic,82
1,0.9785681757504504,1.0,isotonic,82
1,0.09584578770093616,0.06395348837209303,isotonic,82
0,0.062168089689336736,0.03550295857988166,isotonic,82
1,0.9975241207407894,1.0,isotonic,82
1,0.9993032513785082,1.0,isotonic,82
1,0.9981858104266237,1.0,isotonic,82
0,0.13528148590352956,0.1640378548895899,isotonic,82
1,0.9990126763247005,1.0,isotonic,82
1,0.9999318774372826,1.0,isotonic,82
1,0.9771859922890213,1.0,isotonic,82
0,0.05067282902730343,0.03550295857988166,isotonic,82
1,0.9977112830730416,1.0,isotonic,82
1,0.9978533348915571,1.0,isotonic,82
0,0.4782970473164824,0.4915254237288134,isotonic,82
1,0.3115727816488503,0.23717948717948717,isotonic,82
0,0.3842441991473274,0.34415584415584416,isotonic,82
0,0.2534640700794736,0.23717948717948717,isotonic,82
1,0.295141569189188,0.23717948717948717,isotonic,82
0,0.14109454026695317,0.1640378548895899,isotonic,82
0,0.3417269978372499,0.34415584415584416,isotonic,82
0,0.20969796907569413,0.1640378548895899,isotonic,82
1,0.9978153815798763,1.0,isotonic,82
0,0.05730931691756153,0.03550295857988166,isotonic,82
0,0.059240658177102,0.03550295857988166,isotonic,82
0,0.006525104339339216,0.0,isotonic,82
1,0.9975296907567327,1.0,isotonic,82
1,0.9986498846590691,1.0,isotonic,82
1,0.3358251175037403,0.34415584415584416,isotonic,82
0,0.22906297754777588,0.16830861794520902,isotonic,82
1,0.9974557818710963,1.0,isotonic,82
1,0.6917413141363126,0.6129032258064516,isotonic,82
0,0.2110975204129126,0.1640378548895899,isotonic,82
1,0.9983289466062014,1.0,isotonic,82
0,0.08054484134691202,0.06395348837209303,isotonic,82
0,0.0617926260587914,0.03550295857988166,isotonic,82
0,0.437366488999937,0.45,isotonic,82
1,0.5886896005284079,0.6129032258064516,isotonic,82
0,0.3382852821315395,0.34415584415584416,isotonic,82
1,0.9785681757504504,1.0,isotonic,82
1,0.9983822973847482,1.0,isotonic,82
0,0.1402867863437495,0.1640378548895899,isotonic,82
1,0.9984288239775413,1.0,isotonic,82
1,0.9974940011814619,1.0,isotonic,82
1,0.22445518792861316,0.1640378548895899,isotonic,82
0,0.08543879016551738,0.06395348837209303,isotonic,82
0,0.012866899491802105,0.0,isotonic,82
1,0.5205586449100954,0.4915254237288134,isotonic,82
0,0.16085270735576965,0.1640378548895899,isotonic,82
0,0.15634650229607075,0.1640378548895899,isotonic,82
0,0.10427048521186054,0.06395348837209303,isotonic,82
1,0.018467282060692244,0.0,isotonic,82
0,0.10483117626633627,0.06395348837209303,isotonic,82
0,0.13887019236182552,0.1640378548895899,isotonic,82
0,0.16504413791007974,0.1640378548895899,isotonic,82
0,0.3500134895198113,0.34415584415584416,isotonic,82
1,0.08816728239954137,0.06395348837209303,isotonic,82
0,0.11273894943584784,0.08235294117647059,isotonic,82
0,0.066054207926856,0.03550295857988166,isotonic,82
1,0.9999486120580497,1.0,isotonic,82
1,0.997835495841556,1.0,isotonic,82
1,0.9998505672098981,1.0,isotonic,82
1,0.9999629099936532,1.0,isotonic,82
0,0.01183547638188721,0.0,isotonic,82
0,0.015021213377204018,0.0,isotonic,82
0,0.20178933157201426,0.1640378548895899,isotonic,82
0,0.10110418736205184,0.06395348837209303,isotonic,82
1,0.3396340837538439,0.34415584415584416,isotonic,82
1,0.9984898483758526,1.0,isotonic,82
1,0.9983735490381224,1.0,isotonic,82
1,0.9983243902446718,1.0,isotonic,82
1,0.9998448296090103,1.0,isotonic,82
0,0.256645254528481,0.23717948717948717,isotonic,82
1,0.9997331379653185,1.0,isotonic,82
0,0.02980837304044477,0.02,isotonic,82
1,0.14876614178833023,0.1640378548895899,isotonic,82
1,0.9785681757504504,1.0,isotonic,82
0,0.17711260292108924,0.1640378548895899,isotonic,82
1,0.9785681757504504,1.0,isotonic,82
1,0.99718537729559,1.0,isotonic,82
0,0.38660292693031256,0.34415584415584416,isotonic,82
0,0.021240744359732663,0.0,isotonic,82
1,0.5917554316171062,0.6129032258064516,isotonic,82
0,0.05621445941228972,0.03550295857988166,isotonic,82
1,0.9988393318547908,1.0,isotonic,82
1,0.38807929648495354,0.34415584415584416,isotonic,82
1,0.9998875316122628,1.0,isotonic,82
1,0.9998188527088404,1.0,isotonic,82
0,0.05963810572463443,0.03550295857988166,isotonic,82
0,0.3247712772061741,0.34415584415584416,isotonic,82
1,0.9963386620297925,1.0,isotonic,82
1,0.9997392774296565,1.0,isotonic,82
0,0.31014178744875837,0.23717948717948717,isotonic,82
1,0.9998835311867018,1.0,isotonic,82
0,0.044793552454626996,0.03550295857988166,isotonic,82
0,0.132374249849285,0.13157894736842105,isotonic,82
1,0.9970839839730894,1.0,isotonic,82
1,0.9999524523717019,1.0,isotonic,82
0,0.7045979125081101,0.6129032258064516,isotonic,82
1,0.15514046406364906,0.1640378548895899,isotonic,82
0,0.055524903513334486,0.03550295857988166,isotonic,82
0,0.12619886963537152,0.125,isotonic,82
0,0.13667736081106036,0.1640378548895899,isotonic,82
0,0.2063284194603417,0.1640378548895899,isotonic,82
1,0.9998756109315463,1.0,isotonic,82
0,0.46379761751592025,0.4915254237288134,isotonic,82
0,0.04373440639499616,0.03550295857988166,isotonic,82
0,0.021095464854012674,0.0,isotonic,82
1,0.9999041581404232,1.0,isotonic,82
1,0.13507223946695504,0.1640378548895899,isotonic,82
1,0.9983813463419835,1.0,isotonic,82
1,0.994088284643631,1.0,isotonic,82
0,0.8115262015475734,0.6129032258064516,isotonic,82
0,0.13958374045559316,0.1640378548895899,isotonic,82
1,0.6080927404111908,0.6129032258064516,isotonic,82
1,0.999904322659549,1.0,isotonic,82
1,0.9998853423623212,1.0,isotonic,82
1,0.9946472659272231,1.0,isotonic,82
0,0.14349039910385616,0.1640378548895899,isotonic,82
0,0.24619159641643742,0.21568627450980393,isotonic,82
0,0.02420439543400563,0.0,isotonic,82
0,0.008658536613684247,0.0,isotonic,82
0,0.06229778784132796,0.03550295857988166,isotonic,82
0,0.01677568056649139,0.0,isotonic,82
1,0.9999808499329766,1.0,isotonic,82
0,0.025628463506629076,0.0,isotonic,82
0,0.02514571892143872,0.0,isotonic,82
0,0.4279878243611956,0.45,isotonic,82
0,0.5441046608977514,0.4915254237288134,isotonic,82
0,0.09617421164068589,0.06395348837209303,isotonic,82
1,0.9963673070998456,1.0,isotonic,82
1,0.9998997086564931,1.0,isotonic,82
0,0.08302256818603888,0.06395348837209303,isotonic,82
0,0.040839426302648515,0.03550295857988166,isotonic,82
0,0.1570813489456892,0.1640378548895899,isotonic,82
1,0.22911672067322517,0.1731353118442937,isotonic,82
0,0.016327671111375355,0.0,isotonic,82
0,0.07454998042181353,0.06395348837209303,isotonic,82
0,0.5160709964641516,0.4915254237288134,isotonic,82
1,0.9987479424339554,1.0,isotonic,82
0,0.14089729645577925,0.1640378548895899,isotonic,82
0,0.12017089493812062,0.08235294117647059,isotonic,82
0,0.02385337428526594,0.0,isotonic,82
0,0.2299405387711107,0.21568627450980393,isotonic,82
0,0.06412940926599707,0.03550295857988166,isotonic,82
1,0.9999028872826814,1.0,isotonic,82
1,0.9785681757504504,1.0,isotonic,82
1,0.9999044190865155,1.0,isotonic,82
1,0.9978665201290966,1.0,isotonic,82
0,0.11924939546733675,0.08235294117647059,isotonic,82
1,0.9999433522268967,1.0,isotonic,82
1,0.9999516001071694,1.0,isotonic,82
1,0.9785681757504504,1.0,isotonic,82
1,0.9971434756081389,1.0,isotonic,82
0,0.06901017899260682,0.043478260869565216,isotonic,82
1,0.999853490845558,1.0,isotonic,82
1,0.9999870394399835,1.0,isotonic,82
0,0.45819165479188717,0.4915254237288134,isotonic,82
1,0.9999482450817571,1.0,isotonic,82
1,0.2838955755188746,0.23717948717948717,isotonic,82
0,0.12000388093040969,0.08235294117647059,isotonic,82
1,0.9960064016036305,1.0,isotonic,82
1,0.1746807789205801,0.1640378548895899,isotonic,82
0,0.11145904644523133,0.08235294117647059,isotonic,82
1,0.9999237944988255,1.0,isotonic,82
0,0.06261969559839715,0.03550295857988166,isotonic,82
0,0.3788052774334376,0.34415584415584416,isotonic,82
1,0.08128381332509509,0.06395348837209303,isotonic,82
1,0.9963306781109205,1.0,isotonic,82
0,0.027843107457150726,0.02,isotonic,82
1,0.9973417621639804,1.0,isotonic,82
1,0.9978681036921943,1.0,isotonic,82
1,0.9785681757504504,1.0,isotonic,82
1,0.9998450687537231,1.0,isotonic,82
1,0.2676095569275133,0.23717948717948717,isotonic,82
1,0.9785681757504504,1.0,isotonic,82
0,0.6192304796977085,0.6129032258064516,isotonic,82
0,0.1717561920932235,0.1640378548895899,isotonic,82
0,0.11694083776692096,0.08235294117647059,isotonic,82
0,0.021060681452499112,0.0,isotonic,82
0,0.4706868447851353,0.4915254237288134,isotonic,82
0,0.2358390882842771,0.21568627450980393,isotonic,82
0,0.15128783114629488,0.1640378548895899,isotonic,82
1,0.9785681757504504,1.0,isotonic,82
0,0.10971033533137572,0.08235294117647059,isotonic,82
0,0.030021829724358056,0.02,isotonic,82
1,0.9785681757504504,1.0,isotonic,82
0,0.3790081717497543,0.34415584415584416,isotonic,82
1,0.4163558288956089,0.45,isotonic,82
1,0.9964220601219131,1.0,isotonic,82
1,0.9998374941454378,1.0,isotonic,82
0,0.4279294116815912,0.45,isotonic,82
0,0.2093023110787612,0.1640378548895899,isotonic,82
0,0.18297711668102712,0.1640378548895899,isotonic,82
0,0.11974021469736434,0.08235294117647059,isotonic,82
0,0.027923448484189914,0.02,isotonic,82
1,0.9993778145528364,1.0,isotonic,82
1,0.9993495425194829,1.0,isotonic,82
1,0.36223348474494926,0.34415584415584416,isotonic,82
1,0.6531410485256293,0.6129032258064516,isotonic,82
0,0.07649128142665187,0.06395348837209303,isotonic,82
1,0.9985147643168787,1.0,isotonic,82
0,0.03482848859371381,0.02,isotonic,82
1,0.9978294504579359,1.0,isotonic,82
0,0.011426549415906592,0.0,isotonic,82
0,0.08970367403956325,0.06395348837209303,isotonic,82
0,0.10629275608406706,0.08235294117647059,isotonic,82
0,0.1481424680012643,0.1640378548895899,isotonic,82
0,0.44547673666092896,0.4605366767836685,isotonic,82
1,0.9785681757504504,1.0,isotonic,82
0,0.07861467252568358,0.06395348837209303,isotonic,82
1,0.9510644803959005,1.0,isotonic,82
1,0.9982802341005084,1.0,isotonic,82
1,0.2068014309386545,0.1640378548895899,isotonic,82
0,0.21694981550274084,0.1640378548895899,isotonic,82
1,0.2960819035305804,0.23717948717948717,isotonic,82
1,0.9998317150330014,1.0,isotonic,82
1,0.6261456188943315,0.6129032258064516,isotonic,82
1,0.9985734213887673,1.0,isotonic,82
0,0.17683031185680287,0.1640378548895899,isotonic,82
0,0.0694340309972591,0.043478260869565216,isotonic,82
0,0.09662394324570636,0.06395348837209303,isotonic,82
1,0.9999455971091004,1.0,isotonic,82
1,0.99572743134673,1.0,isotonic,82
0,0.21537330839260987,0.1640378548895899,isotonic,82
1,0.998522483928781,1.0,isotonic,82
1,0.9977013931137897,1.0,isotonic,82
0,0.13642845276297194,0.1640378548895899,isotonic,82
0,0.01614954774355119,0.0,isotonic,82
1,0.17973926111003213,0.1640378548895899,isotonic,82
0,0.37603522199107875,0.34415584415584416,isotonic,82
0,0.1167255413410849,0.08235294117647059,isotonic,82
0,0.056099906207725765,0.03550295857988166,isotonic,82
1,0.9951790584192461,1.0,isotonic,82
1,0.9992220606925023,1.0,isotonic,82
1,0.5446537203799717,0.4915254237288134,isotonic,82
1,0.9999078784806968,1.0,isotonic,82
0,0.037122309149495235,0.02,isotonic,82
0,0.1180925549227093,0.08235294117647059,isotonic,82
0,0.03431785153239829,0.02,isotonic,82
0,0.06135868220161675,0.03550295857988166,isotonic,82
1,0.9998984194192677,1.0,isotonic,82
1,0.9785681757504504,1.0,isotonic,82
1,0.8685852522333699,0.6363079624995536,isotonic,82
0,0.23580394267015445,0.21568627450980393,isotonic,82
1,0.1315366521574117,0.13157894736842105,isotonic,82
0,0.0867810250629331,0.06395348837209303,isotonic,82
1,0.9973106828007267,1.0,isotonic,82
0,0.05269417453575763,0.03550295857988166,isotonic,82
1,0.9998754559722217,1.0,isotonic,82
0,0.04314904196500249,0.03550295857988166,isotonic,82
0,0.1426637432292998,0.1640378548895899,isotonic,82
0,0.06126021404403292,0.03550295857988166,isotonic,82
1,0.9999419980721145,1.0,isotonic,82
1,0.9986733311088621,1.0,isotonic,82
0,0.17937669815141252,0.1640378548895899,isotonic,82
0,0.4595546269497237,0.4915254237288134,isotonic,82
0,0.4216469528647739,0.45,isotonic,82
0,0.4692732303263434,0.4915254237288134,isotonic,82
1,0.9785681757504504,1.0,isotonic,82
0,0.058730895329037004,0.03550295857988166,isotonic,82
0,0.7226914349773313,0.6129032258064516,isotonic,82
0,0.1160238482965215,0.08235294117647059,isotonic,82
1,0.5822423702108303,0.6129032258064516,isotonic,82
0,0.11878288242607421,0.08235294117647059,isotonic,82
0,0.08942697955487443,0.06395348837209303,isotonic,82
1,0.9999672638386526,1.0,isotonic,82
0,0.1877997166642296,0.1640378548895899,isotonic,82
1,0.9785681757504504,1.0,isotonic,82
0,0.15828657016281847,0.1640378548895899,isotonic,82
0,0.012826022514690658,0.0,isotonic,82
0,0.1551171658281745,0.1640378548895899,isotonic,82
1,0.33261691563515766,0.34415584415584416,isotonic,82
1,0.11240399287120556,0.08235294117647059,isotonic,82
0,0.14672022196217652,0.1640378548895899,isotonic,82
0,0.31574207238311497,0.34415584415584416,isotonic,82
0,0.15913312026754053,0.1640378548895899,isotonic,82
1,0.9978321805098496,1.0,isotonic,82
0,0.10311181279161676,0.06395348837209303,isotonic,82
1,0.9997351884444698,1.0,isotonic,82
0,0.15406749440057568,0.1640378548895899,isotonic,82
0,0.689288090520275,0.6129032258064516,isotonic,82
1,0.9969376342263595,1.0,isotonic,82
0,0.241757606721792,0.21568627450980393,isotonic,82
1,0.9999536657827351,1.0,isotonic,82
0,0.011548286407871635,0.0,isotonic,82
0,0.20441151847531847,0.1640378548895899,isotonic,82
0,0.10619111327545987,0.08235294117647059,isotonic,82
1,0.4084005048526646,0.45,isotonic,82
0,0.12084195908480165,0.08235294117647059,isotonic,82
0,0.039323320647357746,0.03550295857988166,isotonic,82
0,0.5552337356050357,0.4915254237288134,isotonic,82
0,0.18098135063513213,0.1640378548895899,isotonic,82
1,0.1756113402458577,0.1640378548895899,isotonic,82
1,0.9999589578568598,1.0,isotonic,82
1,0.9972814630222485,1.0,isotonic,82
1,0.19790743865369984,0.1640378548895899,isotonic,82
0,0.1525362835967722,0.1640378548895899,isotonic,82
1,0.9983409463147366,1.0,isotonic,82
1,0.2767493336255507,0.23717948717948717,isotonic,82
0,0.05542106814113516,0.03550295857988166,isotonic,82
0,0.1540105805949516,0.1640378548895899,isotonic,82
1,0.9785681757504504,1.0,isotonic,82
0,0.29803046713778486,0.23717948717948717,isotonic,82
0,0.38016048009172093,0.34415584415584416,isotonic,82
1,0.9946873864897892,1.0,isotonic,82
0,0.07066193628247933,0.043478260869565216,isotonic,82
0,0.1144459663561638,0.08235294117647059,isotonic,82
1,0.9999422518540748,1.0,isotonic,82
0,0.11219971284433321,0.08235294117647059,isotonic,82
0,0.020418040293127236,0.0,isotonic,82
0,0.023008918083965373,0.0,isotonic,82
1,0.9987558645928645,1.0,isotonic,82
0,0.06829331197746533,0.043478260869565216,isotonic,82
0,0.058393106532445664,0.03550295857988166,isotonic,82
1,0.0797497785467353,0.06395348837209303,isotonic,82
1,0.99276935445602,1.0,isotonic,82
1,0.44256933269109777,0.45,isotonic,82
1,0.999837421140537,1.0,isotonic,82
0,0.33854552295405804,0.34415584415584416,isotonic,82
0,0.20453474351378959,0.1640378548895899,isotonic,82
0,0.1542880358544575,0.1640378548895899,isotonic,82
0,0.045844344049641744,0.03550295857988166,isotonic,82
0,0.8440187543670479,0.6129032258064516,isotonic,82
1,0.9785681757504504,1.0,isotonic,82
0,0.11011845316430847,0.08235294117647059,isotonic,82
0,0.6585750667653656,0.6129032258064516,isotonic,82
0,0.41714503376722234,0.45,isotonic,82
1,0.999958069699717,1.0,isotonic,82
0,0.746690052037969,0.6129032258064516,isotonic,82
0,0.4531205730766265,0.4915254237288134,isotonic,82
0,0.11320897982471333,0.08235294117647059,isotonic,82
0,0.25701330261744854,0.23717948717948717,isotonic,82
1,0.9998558691591729,1.0,isotonic,82
1,0.9991003435130258,1.0,isotonic,82
1,0.9999547119806574,1.0,isotonic,82
0,0.1481324159739423,0.1640378548895899,isotonic,82
0,0.1762303256577385,0.1640378548895899,isotonic,82
0,0.19237389837927465,0.1640378548895899,isotonic,82
1,0.9983492190328914,1.0,isotonic,82
0,0.38305170388171395,0.34415584415584416,isotonic,82
0,0.15634421578152438,0.1640378548895899,isotonic,82
0,0.3661926296607845,0.34415584415584416,isotonic,82
0,0.052392971459161664,0.03550295857988166,isotonic,82
1,0.9954967373740536,1.0,isotonic,82
0,0.10512204749806574,0.06395348837209303,isotonic,82
0,0.09593088895347376,0.06395348837209303,isotonic,82
1,0.999848911057424,1.0,isotonic,82
1,0.517677390154896,0.4915254237288134,isotonic,82
1,0.9998828245085382,1.0,isotonic,82
0,0.02262354754475543,0.0,isotonic,82
1,0.9997952284027619,1.0,isotonic,82
1,0.9982489744284494,1.0,isotonic,82
0,0.02150901209829079,0.0,isotonic,82
0,0.06413833406270653,0.03550295857988166,isotonic,82
0,0.03773389091016068,0.03550295857988166,isotonic,82
1,0.559182059946096,0.4915254237288134,isotonic,82
1,0.9997848159119818,1.0,isotonic,82
1,0.052639580857753256,0.03550295857988166,isotonic,82
1,0.9998222036396262,1.0,isotonic,82
1,0.9998961778157662,1.0,isotonic,82
1,0.9927572217486926,1.0,isotonic,82
1,0.9998686040185423,1.0,isotonic,82
0,0.08429544290857695,0.06395348837209303,isotonic,82
1,0.9936711166551763,1.0,isotonic,82
1,0.13634707933139337,0.1640378548895899,isotonic,82
1,0.9785681757504504,1.0,isotonic,82
0,0.09560016856221276,0.06395348837209303,isotonic,82
0,0.38089337775881543,0.34415584415584416,isotonic,82
1,0.9967368601045967,1.0,isotonic,82
0,0.17451865383814275,0.1640378548895899,isotonic,82
0,0.3310087157380399,0.34415584415584416,isotonic,82
1,0.9979127389471049,1.0,isotonic,82
0,0.029019376442498974,0.02,isotonic,82
1,0.9983980637209843,1.0,isotonic,82
1,0.5119870256440308,0.4915254237288134,isotonic,82
1,0.9981217441524267,1.0,isotonic,82
1,0.9998629478119081,1.0,isotonic,82
0,0.15953126564485143,0.1640378548895899,isotonic,82
0,0.1952686134068043,0.1640378548895899,isotonic,82
0,0.11350410128415608,0.08235294117647059,isotonic,82
1,0.17066071099675764,0.1640378548895899,isotonic,82
1,0.9988017565566191,1.0,isotonic,82
0,0.028376927391430197,0.02,isotonic,82
1,0.2719562780250693,0.23717948717948717,isotonic,82
0,0.08625965610050952,0.06395348837209303,isotonic,82
0,0.23548151678992002,0.21568627450980393,isotonic,82
1,0.3168018255220426,0.34415584415584416,isotonic,82
0,0.1231894964275226,0.08235294117647059,isotonic,82
1,0.996991102961803,1.0,isotonic,82
1,0.1795519026757853,0.1640378548895899,isotonic,82
0,0.027067962619159055,0.02,isotonic,82
0,0.049404006273831264,0.03550295857988166,isotonic,82
0,0.40103809582728744,0.45,isotonic,82
1,0.9978183221549648,1.0,isotonic,82
0,0.04547825695783939,0.03550295857988166,isotonic,82
0,0.04918266051897124,0.03550295857988166,isotonic,82
0,0.0867861973365342,0.06395348837209303,isotonic,82
0,0.08842481357855261,0.06395348837209303,isotonic,82
0,0.042554484445515565,0.03550295857988166,isotonic,82
0,0.12715192518122725,0.1284999495915289,isotonic,82
0,0.4331764595593859,0.45,isotonic,82
0,0.11536991438829977,0.08235294117647059,isotonic,82
1,0.3965876557762398,0.34415584415584416,isotonic,82
1,0.9998147698802734,1.0,isotonic,82
0,0.07645912930899812,0.06395348837209303,isotonic,82
0,0.0805022541724113,0.06395348837209303,isotonic,82
1,0.9999525518790968,1.0,isotonic,82
1,0.997923642279703,1.0,isotonic,82
1,0.9999555200362819,1.0,isotonic,82
1,0.9985781706923688,1.0,isotonic,82
1,0.9984238513744966,1.0,isotonic,82
1,0.4069982124333788,0.45,isotonic,82
1,0.8428752360569887,0.6129032258064516,isotonic,82
1,0.9990972988453669,1.0,isotonic,82
0,0.09308271901149431,0.06395348837209303,isotonic,82
1,0.995503971741318,1.0,isotonic,82
1,0.17350556318326044,0.1640378548895899,isotonic,82
0,0.23314405017860113,0.21568627450980393,isotonic,82
0,0.20649007913460332,0.1640378548895899,isotonic,82
1,0.9980965242517605,1.0,isotonic,82
1,0.9990765879227067,1.0,isotonic,82
1,0.9980329295614375,1.0,isotonic,82
0,0.12315262505297873,0.08235294117647059,isotonic,82
0,0.13686150266248082,0.1640378548895899,isotonic,82
1,0.9999084842814727,1.0,isotonic,82
0,0.10399253325302102,0.06395348837209303,isotonic,82
0,0.061424513277512936,0.03550295857988166,isotonic,82
1,0.6663170189023399,0.6129032258064516,isotonic,82
0,0.20640046462260253,0.1640378548895899,isotonic,82
1,0.9960963118227545,1.0,isotonic,82
1,0.998257740086987,1.0,isotonic,82
1,0.9785681757504504,1.0,isotonic,82
1,0.9964911466531935,1.0,isotonic,82
1,0.997610781011901,1.0,isotonic,82
1,0.9998703306859004,1.0,isotonic,82
1,0.9964918414725228,1.0,isotonic,82
1,0.1115052076935351,0.08235294117647059,isotonic,82
0,0.04232132761935963,0.03550295857988166,isotonic,82
0,0.5766718777205356,0.6129032258064516,isotonic,82
1,0.9990174294364258,1.0,isotonic,82
1,0.999823934550196,1.0,isotonic,82
0,0.09972447194210302,0.06395348837209303,isotonic,82
0,0.0895349217977637,0.06395348837209303,isotonic,82
0,0.07972974821262689,0.06395348837209303,isotonic,82
1,0.9999471138032118,1.0,isotonic,82
0,0.048199377282329064,0.03550295857988166,isotonic,82
1,0.31169982212215297,0.23717948717948717,isotonic,82
0,0.1935434282693982,0.1640378548895899,isotonic,82
0,0.11172754509046481,0.08235294117647059,isotonic,82
1,0.1408881849385799,0.1640378548895899,isotonic,82
1,0.9971278868223984,1.0,isotonic,82
1,0.8435075231480105,0.6129032258064516,isotonic,82
1,0.9959159699894805,1.0,isotonic,82
1,0.14612306859172056,0.1640378548895899,isotonic,82
0,0.09665531630733179,0.06395348837209303,isotonic,82
1,0.9785681757504504,1.0,isotonic,82
1,0.9898069114148598,1.0,isotonic,82
0,0.06942530455439094,0.043478260869565216,isotonic,82
0,0.36229656083140543,0.34415584415584416,isotonic,82
1,0.9978582898232693,1.0,isotonic,82
1,0.9998188055462863,1.0,isotonic,82
1,0.9999527070970694,1.0,isotonic,82
1,0.9978732166360634,1.0,isotonic,82
0,0.05250332810722363,0.03550295857988166,isotonic,82
0,0.13555540985300346,0.1640378548895899,isotonic,82
1,0.9981700675489906,1.0,isotonic,82
1,0.346544883503445,0.34415584415584416,isotonic,82
0,0.24339955338010588,0.21568627450980393,isotonic,82
0,0.061157042844849636,0.03550295857988166,isotonic,82
1,0.995451912163061,1.0,isotonic,82
1,0.998061640617305,1.0,isotonic,82
1,0.9999037497583005,1.0,isotonic,82
0,0.2598454472552179,0.23717948717948717,isotonic,82
0,0.11596015213844353,0.08235294117647059,isotonic,82
0,0.24494506252373,0.21568627450980393,isotonic,82
0,0.14067450738727558,0.1640378548895899,isotonic,82
0,0.36117325013864615,0.34415584415584416,isotonic,82
1,0.9999702830089727,1.0,isotonic,82
1,0.9962504142009716,1.0,isotonic,82
1,0.9978586201404012,1.0,isotonic,82
0,0.1357584184917026,0.1640378548895899,isotonic,82
0,0.15247905553860877,0.1640378548895899,isotonic,82
0,0.058759083276661773,0.03550295857988166,isotonic,82
1,0.9999098495550433,1.0,isotonic,82
1,0.9982431763807401,1.0,isotonic,82
0,0.053747442269978,0.03550295857988166,isotonic,82
0,0.070822424935785,0.043478260869565216,isotonic,82
1,0.9785681757504504,1.0,isotonic,82
1,0.24898096707454814,0.21568627450980393,isotonic,82
0,0.04043353768418967,0.03550295857988166,isotonic,82
0,0.47324797643917277,0.4915254237288134,isotonic,82
0,0.06806527468230827,0.043478260869565216,isotonic,82
0,0.017549963428430196,0.0,isotonic,82
0,0.23247660902941655,0.21568627450980393,isotonic,82
0,0.4668907544034077,0.4915254237288134,isotonic,82
0,0.09106433322950934,0.06395348837209303,isotonic,82
0,0.4015329771860705,0.45,isotonic,82
0,0.0492050078209163,0.03550295857988166,isotonic,82
1,0.9974783898597804,1.0,isotonic,82
1,0.9997630000384626,1.0,isotonic,82
0,0.35143509092333725,0.34415584415584416,isotonic,82
1,0.9785681757504504,1.0,isotonic,82
0,0.29622965108344396,0.23717948717948717,isotonic,82
1,0.2072317561003629,0.1640378548895899,isotonic,82
1,0.9979337490219657,1.0,isotonic,82
1,0.9982091799131814,1.0,isotonic,82
1,0.9998041478357271,1.0,isotonic,82
1,0.9999516165395034,1.0,isotonic,82
0,0.024566719956410223,0.0,isotonic,82
1,0.9998888865944527,1.0,isotonic,82
1,0.9999438281038576,1.0,isotonic,82
0,0.2624685480723677,0.23717948717948717,isotonic,82
0,0.019166372325435044,0.0,isotonic,82
0,0.3733423630311177,0.34415584415584416,isotonic,82
1,0.5251824273084084,0.4915254237288134,isotonic,82
1,0.9997012998332242,1.0,isotonic,82
1,0.9999044063610741,1.0,isotonic,82
1,0.9999843132716572,1.0,isotonic,82
0,0.35708600905313703,0.34415584415584416,isotonic,82
0,0.031743897395784676,0.02,isotonic,82
0,0.16195879693241985,0.1640378548895899,isotonic,82
0,0.01947093718074458,0.0,isotonic,82
0,0.1396310725465894,0.1640378548895899,isotonic,82
1,0.9999493912900628,1.0,isotonic,82
1,0.9785681757504504,1.0,isotonic,82
1,0.9998799270594773,1.0,isotonic,82
1,0.9998732168812586,1.0,isotonic,82
0,0.1290266829262626,0.13157894736842105,isotonic,82
1,0.9989559840605193,1.0,isotonic,82
1,0.5175245189488001,0.4915254237288134,isotonic,82
0,0.10927200942885491,0.08235294117647059,isotonic,82
1,0.41385937061391986,0.45,isotonic,82
1,0.5414112714007434,0.4915254237288134,isotonic,82
0,0.04631767160077353,0.03550295857988166,isotonic,82
1,0.9764033223983392,1.0,isotonic,82
0,0.03428458419275608,0.02,isotonic,82
1,0.5460206160724542,0.4915254237288134,isotonic,82
0,0.07397907116012167,0.06395348837209303,isotonic,82
0,0.07285096635207405,0.06395348837209303,isotonic,82
1,0.9946343885981632,1.0,isotonic,82
1,0.4467041325976191,0.48108801025830455,isotonic,82
0,0.027374270691639446,0.02,isotonic,82
1,0.9985269696285302,1.0,isotonic,82
0,0.16849922998552597,0.1640378548895899,isotonic,82
0,0.01680520647580962,0.0,isotonic,82
1,0.9824843569586712,1.0,isotonic,82
0,0.03513723690148547,0.02,isotonic,82
1,0.9977912760789718,1.0,isotonic,82
1,0.09508757702108053,0.06395348837209303,isotonic,82
0,0.46047704788766325,0.4915254237288134,isotonic,82
0,0.03315644172483522,0.02,isotonic,82
1,0.9999281451849937,1.0,isotonic,82
1,0.999904045022673,1.0,isotonic,82
0,0.20018243778772907,0.1640378548895899,isotonic,82
0,0.3787160789905753,0.34415584415584416,isotonic,82
0,0.15719366269556462,0.1640378548895899,isotonic,82
0,0.024711047666912813,0.0,isotonic,82
1,0.9999173984534347,1.0,isotonic,82
1,0.9999090388103746,1.0,isotonic,82
0,0.08470347126255913,0.06395348837209303,isotonic,82
1,0.34787278302496305,0.34415584415584416,isotonic,82
0,0.06634054371847938,0.03641565600988832,isotonic,82
0,0.03597765010934019,0.02,isotonic,82
0,0.11982897470285032,0.08235294117647059,isotonic,82
0,0.21020749724097862,0.1640378548895899,isotonic,82
1,0.13253317713296697,0.13157894736842105,isotonic,82
0,0.298733866872733,0.23717948717948717,isotonic,82
0,0.24304797151715615,0.21568627450980393,isotonic,82
0,0.05991732195238981,0.03550295857988166,isotonic,82
0,0.10202795538999,0.06395348837209303,isotonic,82
1,0.9976093477685204,1.0,isotonic,82
0,0.2296098146668481,0.21568627450980393,isotonic,82
0,0.3388870461792167,0.34415584415584416,isotonic,82
1,0.9982544557962713,1.0,isotonic,82
1,0.9988348863430969,1.0,isotonic,82
0,0.16928016280902328,0.1640378548895899,isotonic,82
0,0.3645640164391942,0.34415584415584416,isotonic,82
0,0.030222290926391317,0.02,isotonic,82
1,0.9990547497802779,1.0,isotonic,82
0,0.1195750328283912,0.08235294117647059,isotonic,82
1,0.20755707530007628,0.1640378548895899,isotonic,82
1,0.9998112043819234,1.0,isotonic,82
1,0.9999851031097539,1.0,isotonic,82
1,0.9972119152060132,1.0,isotonic,82
1,0.9984473743882792,1.0,isotonic,82
0,0.4935624796297906,0.4915254237288134,isotonic,82
0,0.3932515244981521,0.34415584415584416,isotonic,82
0,0.05553769936824713,0.03550295857988166,isotonic,82
1,0.9962693769304612,1.0,isotonic,82
1,0.4966655923115176,0.4915254237288134,isotonic,82
0,0.09263543607591095,0.06395348837209303,isotonic,82
0,0.11114917038161548,0.08235294117647059,isotonic,82
1,0.9979466462180947,1.0,isotonic,82
0,0.15558480612741882,0.1640378548895899,isotonic,82
0,0.10088956215052267,0.06395348837209303,isotonic,82
0,0.5217430472820176,0.4915254237288134,isotonic,82
1,0.47744601119684754,0.4915254237288134,isotonic,82
1,0.9045582778642399,0.8571428571428571,isotonic,82
0,0.322029422413992,0.34415584415584416,isotonic,82
0,0.10495835951597797,0.06395348837209303,isotonic,82
1,0.9933879580794287,1.0,isotonic,82
0,0.1440988746460593,0.1640378548895899,isotonic,82
0,0.033096010572650325,0.02,isotonic,82
1,0.9999916044413587,1.0,isotonic,82
0,0.3756119832637475,0.34415584415584416,isotonic,82
1,0.9964061199535693,1.0,isotonic,82
0,0.07865323626011245,0.06395348837209303,isotonic,82
1,0.9993110020353435,1.0,isotonic,82
1,0.9972893837135718,1.0,isotonic,82
1,0.9997474267296557,1.0,isotonic,82
1,0.998448285331579,1.0,isotonic,82
1,0.999000856909309,1.0,isotonic,82
1,0.8934859940030134,0.8571428571428571,isotonic,82
1,0.9999712370491385,1.0,isotonic,82
1,0.9980490299671196,1.0,isotonic,82
0,0.32804906103165243,0.34415584415584416,isotonic,82
1,0.13619629030626068,0.1640378548895899,isotonic,82
0,0.18919072469356202,0.1640378548895899,isotonic,82
1,0.9998952299472579,1.0,isotonic,82
1,0.9999468526129198,1.0,isotonic,82
1,0.8636562340042391,0.6129032258064516,isotonic,82
1,0.3535648493773381,0.34415584415584416,isotonic,82
0,0.09921706969917439,0.06395348837209303,isotonic,82
0,0.10298220140765522,0.06395348837209303,isotonic,82
0,0.531997090777175,0.4915254237288134,isotonic,82
0,0.0351237099994966,0.02,isotonic,82
1,0.9859512266750159,1.0,isotonic,82
1,0.9970979165057324,1.0,isotonic,82
1,0.9998571426657269,1.0,isotonic,82
1,0.3811142569816318,0.34415584415584416,isotonic,82
0,0.07237962949955269,0.06395348837209303,isotonic,82
1,0.9999859176430321,1.0,isotonic,82
1,0.9373949381637642,1.0,isotonic,82
1,0.9785681757504504,1.0,isotonic,82
0,0.04470366238090123,0.03550295857988166,isotonic,82
0,0.22955666665003205,0.21264705487056182,isotonic,82
1,0.9984169481832134,1.0,isotonic,82
0,0.05565382241158814,0.03550295857988166,isotonic,82
1,0.3583650012182708,0.34415584415584416,isotonic,82
0,0.16345973309026182,0.1640378548895899,isotonic,82
0,0.08084791454066792,0.06395348837209303,isotonic,82
0,0.29748862594238806,0.23717948717948717,isotonic,82
0,0.10326265386977375,0.06395348837209303,isotonic,82
0,0.1435385516356114,0.1640378548895899,isotonic,82
0,0.2429102604694178,0.21568627450980393,isotonic,82
1,0.9996995191874875,1.0,isotonic,82
1,0.9996307925049859,1.0,isotonic,82
0,0.2217170369920064,0.1640378548895899,isotonic,82
1,0.999891608823798,1.0,isotonic,82
1,0.4142873855502228,0.45,isotonic,82
0,0.11626473768241241,0.08235294117647059,isotonic,82
0,0.7553694661282712,0.6129032258064516,isotonic,82
1,0.9974892574849575,1.0,isotonic,82
0,0.7086120666846979,0.6129032258064516,isotonic,82
0,0.2259867016479501,0.1640378548895899,isotonic,82
0,0.11822884466043979,0.08235294117647059,isotonic,82
1,0.33476693976473626,0.34415584415584416,isotonic,82
1,0.9979730668340813,1.0,isotonic,82
0,0.054564192626441396,0.03550295857988166,isotonic,82
0,0.2263565970574024,0.1640378548895899,isotonic,82
0,0.10858155112841594,0.08235294117647059,isotonic,82
0,0.09117703855587452,0.06395348837209303,isotonic,82
0,0.23626131028319314,0.21568627450980393,isotonic,82
0,0.04170972622569281,0.03550295857988166,isotonic,82
1,0.9900735649771922,1.0,isotonic,82
1,0.9983294725630305,1.0,isotonic,82
0,0.05139492355618721,0.03550295857988166,isotonic,82
1,0.999162553300209,1.0,isotonic,82
1,0.25870785266618596,0.23717948717948717,isotonic,82
0,0.0527042910014298,0.03550295857988166,isotonic,82
1,0.9999521777240903,1.0,isotonic,82
0,0.09590982281545492,0.06395348837209303,isotonic,82
0,0.1751846999353549,0.1640378548895899,isotonic,82
1,0.5916683728631467,0.6129032258064516,isotonic,82
1,0.999827390548331,1.0,isotonic,82
0,0.03507886177849529,0.02,isotonic,82
0,0.3334722280697213,0.34415584415584416,isotonic,82
0,0.2875807432872071,0.23717948717948717,isotonic,82
1,0.9999432340404852,1.0,isotonic,82
1,0.9986374748104873,1.0,isotonic,82
0,0.30198196113308623,0.23717948717948717,isotonic,82
1,0.997692844700247,1.0,isotonic,82
0,0.15181311561444955,0.1640378548895899,isotonic,82
1,0.33722855606579855,0.34415584415584416,isotonic,82
0,0.03206865826459676,0.02,isotonic,82
0,0.4171195245252173,0.45,isotonic,82
0,0.0916402163343646,0.06395348837209303,isotonic,82
0,0.46700559218531984,0.4915254237288134,isotonic,82
1,0.8385880860923491,0.6129032258064516,isotonic,82
1,0.9997135016546785,1.0,isotonic,82
1,0.9918398501752294,1.0,isotonic,82
0,0.107911802643,0.08235294117647059,isotonic,82
0,0.6352336476802619,0.6129032258064516,isotonic,82
0,0.14250546769721514,0.1640378548895899,isotonic,82
1,0.9959395369164337,1.0,isotonic,82
1,0.9997464964139202,1.0,isotonic,82
1,0.9953585430619394,1.0,isotonic,82
0,0.1396338433121409,0.1640378548895899,isotonic,82
0,0.051191314241333316,0.03550295857988166,isotonic,82
1,0.9977748412202682,1.0,isotonic,82
1,0.8793248051312316,0.8571428571428571,isotonic,82
0,0.42822901035969746,0.45,isotonic,82
1,0.9999373100282909,1.0,isotonic,82
1,0.999953228027485,1.0,isotonic,82
1,0.9999576446123213,1.0,isotonic,82
0,0.11300755837599298,0.08235294117647059,isotonic,82
1,0.9998872038985989,1.0,isotonic,82
1,0.5305862913415632,0.4915254237288134,isotonic,82
1,0.9988825203298622,1.0,isotonic,82
1,0.9997548667181559,1.0,isotonic,82
0,0.1379396160778467,0.1640378548895899,isotonic,82
0,0.14991983801126393,0.1640378548895899,isotonic,82
1,0.9982231867479935,1.0,isotonic,82
1,0.14047662664387256,0.1640378548895899,isotonic,82
0,0.10015735348503035,0.06395348837209303,isotonic,82
1,0.9999860468094766,1.0,isotonic,82
1,0.9981302710963438,1.0,isotonic,82
1,0.9999447719816119,1.0,isotonic,82
1,0.9982055498090738,1.0,isotonic,82
0,0.4201260935763616,0.45,isotonic,82
0,0.05260261786429131,0.03550295857988166,isotonic,82
0,0.2594284036242757,0.23717948717948717,isotonic,82
1,0.9980629962330574,1.0,isotonic,82
1,0.9785681757504504,1.0,isotonic,82
1,0.9980859125718768,1.0,isotonic,82
0,0.07726959548023207,0.06395348837209303,isotonic,82
0,0.02876595014398097,0.02,isotonic,82
0,0.22171337452509388,0.1640378548895899,isotonic,82
0,0.03578729048991551,0.02,isotonic,82
0,0.39475122224532305,0.34415584415584416,isotonic,82
0,0.14909090564828867,0.1640378548895899,isotonic,82
0,0.03246957846166056,0.02,isotonic,82
0,0.39082585787993934,0.34415584415584416,isotonic,82
0,0.0675038518813361,0.043478260869565216,isotonic,82
0,0.16289503981785183,0.1640378548895899,isotonic,82
0,0.024540473116630206,0.0,isotonic,82
0,0.22472240216348302,0.1640378548895899,isotonic,82
1,0.9980543115481981,1.0,isotonic,82
1,0.9998694197548607,1.0,isotonic,82
1,0.9999469614980068,1.0,isotonic,82
1,0.657576222905487,0.6129032258064516,isotonic,82
1,0.4062763599335246,0.45,isotonic,82
1,0.9998689566109531,1.0,isotonic,82
1,0.6181715793726122,0.6129032258064516,isotonic,82
1,0.9785681757504504,1.0,isotonic,82
1,0.9980314662543073,1.0,isotonic,82
0,0.08148699302233871,0.06395348837209303,isotonic,82
1,0.9693834981096976,1.0,isotonic,82
0,0.07394449216482034,0.06395348837209303,isotonic,82
0,0.2216780188077064,0.1640378548895899,isotonic,82
1,0.9990998596271251,1.0,isotonic,82
1,0.4328704053806893,0.45,isotonic,82
1,0.9976690002911184,1.0,isotonic,82
1,0.9999674666001753,1.0,isotonic,82
1,0.9948976609471282,1.0,isotonic,82
1,0.9941871481279767,1.0,isotonic,82
0,0.030528559590087746,0.02,isotonic,82
1,0.9975013327680134,1.0,isotonic,82
0,0.303359270689609,0.23717948717948717,isotonic,82
0,0.03595072405871166,0.02,isotonic,82
1,0.9785681757504504,1.0,isotonic,82
0,0.3955634654922271,0.34415584415584416,isotonic,82
0,0.20108309815562547,0.1640378548895899,isotonic,82
1,0.9983023688455928,1.0,isotonic,82
1,0.9977860820157121,1.0,isotonic,82
1,0.9785681757504504,1.0,isotonic,82
1,0.9998895512624971,1.0,isotonic,82
1,0.7010476344748993,0.6129032258064516,isotonic,82
0,0.03213118569846658,0.02,isotonic,82
0,0.07569505532765762,0.06395348837209303,isotonic,82
0,0.16859584716904147,0.1640378548895899,isotonic,82
1,0.9785681757504504,1.0,isotonic,82
1,0.4191889708850725,0.45,isotonic,82
1,0.9964716362129667,1.0,isotonic,82
0,0.1990563730216447,0.1640378548895899,isotonic,82
0,0.028234262378089486,0.02,isotonic,82
0,0.4610907133996733,0.4915254237288134,isotonic,82
1,0.9981699341319016,1.0,isotonic,82
1,0.9999627606106642,1.0,isotonic,82
1,0.9929306670024514,1.0,isotonic,82
0,0.026222288715742753,0.02,isotonic,82
0,0.19367412420098323,0.1640378548895899,isotonic,82
0,0.41326130271430567,0.45,isotonic,82
1,0.9998708299226076,1.0,isotonic,82
1,0.9489573940825228,1.0,isotonic,82
1,0.13968489821291993,0.1640378548895899,isotonic,82
1,0.9377594373135719,1.0,isotonic,82
1,0.9999376938678879,1.0,isotonic,82
0,0.3363755558052848,0.34415584415584416,isotonic,82
1,0.9998607758140263,1.0,isotonic,82
0,0.059102042623618366,0.03550295857988166,isotonic,82
0,0.33564242445222797,0.34415584415584416,isotonic,82
0,0.17369835775092912,0.1640378548895899,isotonic,82
1,0.994169741984589,1.0,isotonic,82
1,0.10826885322913199,0.08235294117647059,isotonic,82
1,0.2165590307074241,0.1640378548895899,isotonic,82
0,0.1929330138194508,0.1640378548895899,isotonic,82
1,0.16303778075126293,0.1640378548895899,isotonic,82
1,0.20579961315366063,0.1640378548895899,isotonic,82
1,0.504993237308587,0.4915254237288134,isotonic,82
1,0.6637434547471399,0.6129032258064516,isotonic,82
1,0.9962239711248809,1.0,isotonic,82
1,0.9965405522228322,1.0,isotonic,82
0,0.3771608757306692,0.34415584415584416,isotonic,82
1,0.9989843423540153,1.0,isotonic,82
1,0.9990846307688581,1.0,isotonic,82
1,0.365253845079724,0.34415584415584416,isotonic,82
0,0.13711394549847267,0.1640378548895899,isotonic,82
0,0.15118618255552288,0.1640378548895899,isotonic,82
1,0.9998860163224395,1.0,isotonic,82
0,0.3121935402768834,0.23717948717948717,isotonic,82
0,0.39334458459358074,0.34415584415584416,isotonic,82
0,0.5936458299788069,0.6129032258064516,isotonic,82
1,0.9958130387950905,1.0,isotonic,82
0,0.061637126736236836,0.03550295857988166,isotonic,82
0,0.16968983863174836,0.1640378548895899,isotonic,82
0,0.059020443322950505,0.03550295857988166,isotonic,82
1,0.9979506966722137,1.0,isotonic,82
1,0.9979398729266445,1.0,isotonic,82
0,0.059113058522340126,0.03550295857988166,isotonic,82
1,0.9978867910841079,1.0,isotonic,82
0,0.14529019266758927,0.1640378548895899,isotonic,82
1,0.9999447777874895,1.0,isotonic,82
0,0.052351255703040216,0.03550295857988166,isotonic,82
1,0.9999265519838154,1.0,isotonic,82
1,0.3419019934620359,0.34415584415584416,isotonic,82
0,0.11049560183005815,0.08235294117647059,isotonic,82
1,0.9998209114048028,1.0,isotonic,82
0,0.2514875411198409,0.23717948717948717,isotonic,82
1,0.23256859544917038,0.21568627450980393,isotonic,82
0,0.21073056286309852,0.1640378548895899,isotonic,82
1,0.9970381384254122,1.0,isotonic,82
0,0.20905335886420126,0.1640378548895899,isotonic,82
1,0.9998073376824635,1.0,isotonic,82
0,0.10463477170883852,0.06395348837209303,isotonic,82
0,0.09797435054093788,0.06395348837209303,isotonic,82
1,0.9999851212343569,1.0,isotonic,82
1,0.6970919199567711,0.6129032258064516,isotonic,82
1,0.9785681757504504,1.0,isotonic,82
1,0.9958779784034646,1.0,isotonic,82
1,0.21440378712342134,0.1640378548895899,isotonic,82
1,0.22267885799159481,0.1640378548895899,isotonic,82
0,0.06720868797811966,0.043478260869565216,isotonic,82
0,0.06135985883237432,0.03550295857988166,isotonic,82
0,0.24716041811887296,0.21568627450980393,isotonic,82
1,0.9999289766608802,1.0,isotonic,82
0,0.10178640139566389,0.06395348837209303,isotonic,82
0,0.5044919004760331,0.4915254237288134,isotonic,82
0,0.4267827505808782,0.45,isotonic,82
1,0.9785681757504504,1.0,isotonic,82
1,0.9997478560814836,1.0,isotonic,82
1,0.9998639892094395,1.0,isotonic,82
1,0.9985511896392677,1.0,isotonic,82
0,0.033738917699805,0.02,isotonic,82
0,0.41517346474546474,0.45,isotonic,82
0,0.01831891034655833,0.0,isotonic,82
1,0.9973108572637561,1.0,isotonic,82
0,0.4216057402895769,0.45,isotonic,82
1,0.9985093423224649,1.0,isotonic,82
1,0.9900341470344485,1.0,isotonic,82
0,0.2285199272282116,0.1640378548895899,isotonic,82
0,0.03813381997567321,0.03550295857988166,isotonic,82
0,0.09516998488450586,0.06395348837209303,isotonic,82
1,0.10661590718676012,0.08235294117647059,isotonic,82
1,0.9785681757504504,1.0,isotonic,82
1,0.20724782332453445,0.1640378548895899,isotonic,82
0,0.22056074416215554,0.1640378548895899,isotonic,82
0,0.42248291380706743,0.45,isotonic,82
0,0.35664475982195626,0.34415584415584416,isotonic,82
0,0.3010604819677843,0.23717948717948717,isotonic,82
1,0.9999519896901532,1.0,isotonic,82
1,0.9999570995500937,1.0,isotonic,82
1,0.9983020145842916,1.0,isotonic,82
0,0.4129768566209259,0.45,isotonic,82
0,0.2228321448707325,0.1640378548895899,isotonic,82
1,0.22035854678788552,0.1640378548895899,isotonic,82
1,0.1878622995368002,0.1640378548895899,isotonic,82
0,0.009907813431443084,0.0,isotonic,82
0,0.1271549056931207,0.12857780928853915,isotonic,82
1,0.9997974077962077,1.0,isotonic,82
1,0.24541672720383517,0.21568627450980393,isotonic,82
1,0.9785681757504504,1.0,isotonic,82
1,0.4979325428989683,0.4915254237288134,isotonic,82
0,0.07924137142440142,0.06395348837209303,isotonic,82
1,0.9997688228120202,1.0,isotonic,82
0,0.052649896087613626,0.03550295857988166,isotonic,82
1,0.9999802610716078,1.0,isotonic,82
0,0.3582294434984973,0.34415584415584416,isotonic,82
0,0.11380689276943666,0.08235294117647059,isotonic,82
0,0.215551145258814,0.1640378548895899,isotonic,82
1,0.9785681757504504,1.0,isotonic,82
0,0.06856508255097993,0.043478260869565216,isotonic,82
1,0.9785681757504504,1.0,isotonic,82
1,0.997721084877522,1.0,isotonic,82
0,0.01726106463658079,0.0,isotonic,82
0,0.04926087269701019,0.03550295857988166,isotonic,82
1,0.05178046781174258,0.03550295857988166,isotonic,82
0,0.048643173170602814,0.03550295857988166,isotonic,82
0,0.05564883602416268,0.03550295857988166,isotonic,82
1,0.9981616980599126,1.0,isotonic,82
0,0.027900769261714455,0.02,isotonic,82
1,0.9999703979298168,1.0,isotonic,82
0,0.2923792805237909,0.23717948717948717,isotonic,82
1,0.9983927305398549,1.0,isotonic,82
0,0.09400918230584292,0.06395348837209303,isotonic,82
0,0.06986939659097569,0.043478260869565216,isotonic,82
0,0.060129085093299645,0.03550295857988166,isotonic,82
0,0.6498127747459564,0.6129032258064516,isotonic,82
0,0.6826948879342761,0.6129032258064516,isotonic,82
1,0.9998665704583569,1.0,isotonic,82
0,0.007215104519637234,0.0,isotonic,82
0,0.6111828131580684,0.6129032258064516,isotonic,82
1,0.9999381841345228,1.0,isotonic,82
1,0.9979243616758076,1.0,isotonic,82
1,0.1084419415585888,0.08235294117647059,isotonic,82
0,0.11618254985919946,0.08235294117647059,isotonic,82
1,0.9961489440176757,1.0,isotonic,82
0,0.08711463226093816,0.06395348837209303,isotonic,82
0,0.2781622436685659,0.23717948717948717,isotonic,82
1,0.9956901359581467,1.0,isotonic,82
0,0.19585661370738144,0.1640378548895899,isotonic,82
0,0.14634043445687578,0.1640378548895899,isotonic,82
1,0.32247909260633756,0.34415584415584416,isotonic,82
1,0.998790486003844,1.0,isotonic,82
0,0.020433769721723758,0.0,isotonic,82
0,0.2342695743520405,0.21568627450980393,isotonic,82
0,0.4440753807775796,0.45,isotonic,82
0,0.008616690526266893,0.0,isotonic,82
0,0.6144045906061087,0.6129032258064516,isotonic,82
1,0.9785681757504504,1.0,isotonic,82
1,0.9977892047985032,1.0,isotonic,82
0,0.07016209450735499,0.043478260869565216,isotonic,82
0,0.33845648455778626,0.34415584415584416,isotonic,82
0,0.04632097824313996,0.03550295857988166,isotonic,82
0,0.006255052403726142,0.0,isotonic,82
0,0.19236250150034712,0.1640378548895899,isotonic,82
0,0.2071674571737977,0.1640378548895899,isotonic,82
0,0.4137187917354587,0.45,isotonic,82
0,0.13199153419691645,0.13157894736842105,isotonic,82
0,0.21332461912780154,0.1640378548895899,isotonic,82
0,0.029222900597465847,0.02,isotonic,82
1,0.5886806868829135,0.6129032258064516,isotonic,82
0,0.03287407038117339,0.02,isotonic,82
1,0.9785681757504504,1.0,isotonic,82
1,0.9981805692612157,1.0,isotonic,82
1,0.4893676999005844,0.4915254237288134,isotonic,82
0,0.05594825450160802,0.03550295857988166,isotonic,82
1,0.9970445076174552,1.0,isotonic,82
0,0.07919019474596438,0.06395348837209303,isotonic,82
1,0.9977788786311604,1.0,isotonic,82
1,0.997354481925438,1.0,isotonic,82
1,0.9985027525707529,1.0,isotonic,82
0,0.01642708344956492,0.0,isotonic,82
0,0.1376244388820917,0.1640378548895899,isotonic,82
1,0.9999368664067069,1.0,isotonic,82
0,0.014631905600197113,0.0,isotonic,82
0,0.13670030201277553,0.1640378548895899,isotonic,82
1,0.9998891690436889,1.0,isotonic,82
0,0.20467456018477354,0.1640378548895899,isotonic,82
1,0.3530686742139169,0.34415584415584416,isotonic,82
1,0.8458635397354776,0.6129032258064516,isotonic,82
1,0.9980452340023098,1.0,isotonic,82
0,0.3009273086052033,0.23717948717948717,isotonic,82
1,0.11692036166067303,0.08235294117647059,isotonic,82
1,0.9998739808612926,1.0,isotonic,82
1,0.997390959095868,1.0,isotonic,82
1,0.9785681757504504,1.0,isotonic,82
0,0.11381209770652617,0.08235294117647059,isotonic,82
1,0.9914916659297419,1.0,isotonic,82
0,0.03134889490874433,0.02,isotonic,82
0,0.04364433111146835,0.03550295857988166,isotonic,82
1,0.9998820151796692,1.0,isotonic,82
1,0.36665606274853113,0.34415584415584416,isotonic,82
0,0.04314097572042591,0.03550295857988166,isotonic,82
0,0.6064522260430282,0.6129032258064516,isotonic,82
1,0.9851153272369144,1.0,isotonic,82
0,0.0512525444547898,0.03550295857988166,isotonic,82
1,0.9998752552747153,1.0,isotonic,82
1,0.3673038743268825,0.34415584415584416,isotonic,82
1,0.9985977873040183,1.0,isotonic,82
0,0.11136489851239521,0.08235294117647059,isotonic,82
0,0.18763887326463438,0.1640378548895899,isotonic,82
0,0.03485114041625103,0.02,isotonic,82
1,0.9951355881653177,1.0,isotonic,82
0,0.08154798662937877,0.06395348837209303,isotonic,82
1,0.09778943860339791,0.06395348837209303,isotonic,82
0,0.045372404556464026,0.03550295857988166,isotonic,82
0,0.03288244940543666,0.02,isotonic,82
1,0.9981352023807564,1.0,isotonic,82
1,0.3403080605233628,0.34415584415584416,isotonic,82
1,0.9943326138027825,1.0,isotonic,82
0,0.42438452780148356,0.45,isotonic,82
1,0.9982165104170396,1.0,isotonic,82
1,0.3908923723425287,0.34415584415584416,isotonic,82
0,0.05517577720562192,0.03550295857988166,isotonic,82
0,0.12136509646134037,0.08235294117647059,isotonic,82
1,0.9967432793430838,1.0,isotonic,82
1,0.999368744221454,1.0,isotonic,82
0,0.0758196990705749,0.06395348837209303,isotonic,82
1,0.9785681757504504,1.0,isotonic,82
1,0.999818828562035,1.0,isotonic,82
0,0.11454159807264293,0.08235294117647059,isotonic,82
1,0.014618490882584885,0.0,isotonic,82
0,0.19835809870898416,0.1640378548895899,isotonic,82
1,0.995574187762947,1.0,isotonic,82
0,0.18273250778507888,0.1640378548895899,isotonic,82
0,0.3056295641542637,0.23717948717948717,isotonic,82
0,0.04804287075262163,0.03550295857988166,isotonic,82
1,0.9983263068175567,1.0,isotonic,82
1,0.9976369321300605,1.0,isotonic,82
0,0.1027016119905274,0.06395348837209303,isotonic,82
1,0.9978847493283316,1.0,isotonic,82
1,0.8570216308493337,0.6129032258064516,isotonic,82
0,0.09698539910400464,0.06395348837209303,isotonic,82
1,0.9976773816789914,1.0,isotonic,82
1,0.7176419304985775,0.6129032258064516,isotonic,82
0,0.5392604897662839,0.4915254237288134,isotonic,82
0,0.1795887840865556,0.1640378548895899,isotonic,82
1,0.8412076831973763,0.6129032258064516,isotonic,82
0,0.12043260712992332,0.08235294117647059,isotonic,82
0,0.331820244425859,0.34415584415584416,isotonic,82
0,0.21061701943149325,0.1640378548895899,isotonic,82
1,0.9998859902584784,1.0,isotonic,82
1,0.9970994256465971,1.0,isotonic,82
0,0.26595199483568016,0.23717948717948717,isotonic,82
0,0.2050108370625016,0.1640378548895899,isotonic,82
1,0.9972531219621269,1.0,isotonic,82
1,0.9999261579412185,1.0,isotonic,82
1,0.9998718835203066,1.0,isotonic,82
0,0.242022221425553,0.21568627450980393,isotonic,82
1,0.08964604490656139,0.06395348837209303,isotonic,82
0,0.4122572028566862,0.45,isotonic,82
0,0.23932788341115294,0.21568627450980393,isotonic,82
0,0.12816022377277592,0.13157894736842105,isotonic,82
0,0.030151957245761953,0.02,isotonic,82
1,0.5945706553185027,0.6129032258064516,isotonic,82
1,0.38799280482071946,0.34415584415584416,isotonic,82
0,0.15565149638569048,0.1640378548895899,isotonic,82
1,0.446323856258139,0.4747207202652769,isotonic,82
1,0.9785681757504504,1.0,isotonic,82
1,0.9998647133494358,1.0,isotonic,82
0,0.11700869597523766,0.08235294117647059,isotonic,82
0,0.007337653957653742,0.0,isotonic,82
0,0.11359660497987134,0.08235294117647059,isotonic,82
0,0.30194479711077077,0.23717948717948717,isotonic,82
0,0.40012694595313164,0.45,isotonic,82
1,0.9998471989982551,1.0,isotonic,82
0,0.13190774549373416,0.13157894736842105,isotonic,82
0,0.13941873137591748,0.1640378548895899,isotonic,82
1,0.90082417514853,0.8571428571428571,isotonic,82
0,0.026464839109716802,0.02,isotonic,82
0,0.21860476895309439,0.1640378548895899,isotonic,82
1,0.9961140865213389,1.0,isotonic,82
0,0.17723078741689818,0.1640378548895899,isotonic,82
0,0.19519530446096223,0.1640378548895899,isotonic,82
1,0.6726696995084217,0.6129032258064516,isotonic,82
1,0.9999632480232051,1.0,isotonic,82
1,0.9999433860417648,1.0,isotonic,82
1,0.9980050867767204,1.0,isotonic,82
1,0.9979593569206627,1.0,isotonic,82
1,0.9975712115277799,1.0,isotonic,82
1,0.9982799456429896,1.0,isotonic,82
0,0.30773440375814487,0.23717948717948717,isotonic,82
0,0.08711950599981072,0.06395348837209303,isotonic,82
0,0.08821332453260437,0.06395348837209303,isotonic,82
1,0.9495684610530287,1.0,isotonic,82
0,0.37644852185065647,0.34415584415584416,isotonic,82
0,0.04463547071260168,0.03550295857988166,isotonic,82
0,0.03768959925945508,0.03550295857988166,isotonic,82
1,0.214810085211364,0.1640378548895899,isotonic,82
1,0.9979795532248141,1.0,isotonic,82
1,0.9980084055420936,1.0,isotonic,82
1,0.12548327847077098,0.0833668349570215,isotonic,82
0,0.06851958222422519,0.043478260869565216,isotonic,82
1,0.9965780689432667,1.0,isotonic,82
0,0.18050182745837628,0.1640378548895899,isotonic,82
1,0.9998382198680796,1.0,isotonic,82
0,0.07970598392309403,0.06395348837209303,isotonic,82
1,0.9979293610030717,1.0,isotonic,82
1,0.30761068159336047,0.23717948717948717,isotonic,82
1,0.9999698693120436,1.0,isotonic,82
1,0.4442708559950411,0.45,isotonic,82
1,0.9959048359422076,1.0,isotonic,82
0,0.12440955358235074,0.08235294117647059,isotonic,82
0,0.11082302461963156,0.08235294117647059,isotonic,82
1,0.6309239978569978,0.6129032258064516,isotonic,82
0,0.025370610810935473,0.0,isotonic,82
0,0.17378519211279198,0.1640378548895899,isotonic,82
0,0.14807679532790974,0.1640378548895899,isotonic,82
1,0.11525378686232324,0.08235294117647059,isotonic,82
1,0.9981650202875223,1.0,isotonic,82
0,0.11966896991231579,0.08235294117647059,isotonic,82
0,0.15785561760926933,0.1640378548895899,isotonic,82
1,0.18082281356350735,0.1640378548895899,isotonic,82
0,0.2378025753837016,0.21568627450980393,isotonic,82
0,0.32152078781744536,0.34415584415584416,isotonic,82
0,0.32575939949026095,0.34415584415584416,isotonic,82
0,0.12039151060864851,0.08235294117647059,isotonic,82
0,0.4870663710102347,0.4915254237288134,isotonic,82
0,0.056110239481212736,0.03550295857988166,isotonic,82
0,0.29680572319028287,0.23717948717948717,isotonic,82
0,0.15294417754846884,0.1640378548895899,isotonic,82
1,0.9998752590582441,1.0,isotonic,82
1,0.9976661248153268,1.0,isotonic,82
1,0.28011304816089666,0.23717948717948717,isotonic,82
1,0.24555428783652775,0.21568627450980393,isotonic,82
1,0.18627583452075605,0.1640378548895899,isotonic,82
1,0.3331301889439386,0.34415584415584416,isotonic,82
1,0.994987587088628,1.0,isotonic,82
0,0.37299357910065345,0.34415584415584416,isotonic,82
0,0.18587168049730457,0.1640378548895899,isotonic,82
0,0.04984813427690997,0.03550295857988166,isotonic,82
0,0.10463012120678154,0.06395348837209303,isotonic,82
0,0.33776959931977757,0.34415584415584416,isotonic,82
0,0.0938033219770744,0.06395348837209303,isotonic,82
1,0.9982486201384747,1.0,isotonic,82
1,0.9977463421552659,1.0,isotonic,82
0,0.021887211627727686,0.0,isotonic,82
1,0.3721757845194861,0.34415584415584416,isotonic,82
1,0.27398355981785916,0.23717948717948717,isotonic,82
1,0.9979547744210937,1.0,isotonic,82
0,0.11733302384399515,0.08235294117647059,isotonic,82
0,0.0681120955899193,0.043478260869565216,isotonic,82
0,0.2491628326467074,0.21568627450980393,isotonic,82
1,0.9983089751434331,1.0,isotonic,82
0,0.11934386109833037,0.08235294117647059,isotonic,82
1,0.2473939771239518,0.21568627450980393,isotonic,82
0,0.46158506490303564,0.4915254237288134,isotonic,82
1,0.997494542851757,1.0,isotonic,82
0,0.3186344497705784,0.34415584415584416,isotonic,82
0,0.09608981366262843,0.06395348837209303,isotonic,82
0,0.023521925037901282,0.0,isotonic,82
0,0.1478394970422471,0.1640378548895899,isotonic,82
0,0.045276232897807245,0.03550295857988166,isotonic,82
0,0.02886913145646442,0.02,isotonic,82
0,0.24536915273674942,0.21568627450980393,isotonic,82
1,0.8992228610174815,0.8571428571428571,isotonic,82
1,0.998465268252525,1.0,isotonic,82
1,0.9785681757504504,1.0,isotonic,82
1,0.9953823460569599,1.0,isotonic,82
1,0.08502742479657609,0.06395348837209303,isotonic,82
1,0.9956846961592237,1.0,isotonic,82
1,0.04621571917661558,0.03550295857988166,isotonic,82
1,0.9964720460805676,1.0,isotonic,82
1,0.9998158946113886,1.0,isotonic,82
1,0.9944975631897736,1.0,isotonic,82
1,0.9984154754754216,1.0,isotonic,82
0,0.03137780246834565,0.02,isotonic,82
0,0.20405048257583688,0.1640378548895899,isotonic,82
0,0.1910631934872356,0.1640378548895899,isotonic,82
0,0.5461134670426705,0.4915254237288134,isotonic,82
0,0.012348827278685472,0.0,isotonic,82
1,0.9983090174524397,1.0,isotonic,82
0,0.5674508772015953,0.532228136631854,isotonic,82
0,0.6432729868671945,0.6129032258064516,isotonic,82
0,0.06210087467747869,0.03550295857988166,isotonic,82
0,0.023036552289398216,0.0,isotonic,82
0,0.2757728064948158,0.23717948717948717,isotonic,82
0,0.11143175224376971,0.08235294117647059,isotonic,82
0,0.1451567981755294,0.1640378548895899,isotonic,82
1,0.999847426354169,1.0,isotonic,82
0,0.037263129053503805,0.02,isotonic,82
0,0.028889197760661615,0.02,isotonic,82
1,0.9982625939473286,1.0,isotonic,82
0,0.04075111176747589,0.03550295857988166,isotonic,82
0,0.08047089462675681,0.06395348837209303,isotonic,82
1,0.15425864715190846,0.1640378548895899,isotonic,82
1,0.1676349381261392,0.1640378548895899,isotonic,82
0,0.12952871589543624,0.13157894736842105,isotonic,82
1,0.2942205434361126,0.23717948717948717,isotonic,82
0,0.08809956666246098,0.06395348837209303,isotonic,82
0,0.11616459331060211,0.08235294117647059,isotonic,82
1,0.9932718758456737,1.0,isotonic,82
1,0.9936938799452499,1.0,isotonic,82
0,0.09462705515969952,0.06395348837209303,isotonic,82
1,0.9986496319857705,1.0,isotonic,82
0,0.05779760154269957,0.03550295857988166,isotonic,82
1,0.9281769314239567,0.8571428571428571,isotonic,82
0,0.37862980420722275,0.34415584415584416,isotonic,82
0,0.017868169726847606,0.0,isotonic,82
0,0.19326401069282534,0.1640378548895899,isotonic,82
1,0.9983404737132054,1.0,isotonic,82
1,0.5482622906920186,0.4915254237288134,isotonic,82
1,0.6718313899796555,0.6129032258064516,isotonic,82
1,0.9976896463694318,1.0,isotonic,82
0,0.12055857764955268,0.08235294117647059,isotonic,82
0,0.3278574048920355,0.34415584415584416,isotonic,82
1,0.9982845650705375,1.0,isotonic,82
0,0.28292924541575853,0.23717948717948717,isotonic,82
0,0.03804419920627622,0.03550295857988166,isotonic,82
0,0.4522940228100079,0.4915254237288134,isotonic,82
0,0.04498106366414357,0.03550295857988166,isotonic,82
0,0.07936303383403245,0.06395348837209303,isotonic,82
0,0.10115875219858078,0.06395348837209303,isotonic,82
1,0.9996997202290998,1.0,isotonic,82
0,0.24663497547687466,0.21568627450980393,isotonic,82
0,0.11842116161352485,0.08235294117647059,isotonic,82
0,0.16605050521724407,0.1640378548895899,isotonic,82
0,0.16438332179801482,0.1640378548895899,isotonic,82
0,0.2009289704140555,0.1640378548895899,isotonic,82
1,0.9999294572844573,1.0,isotonic,82
0,0.0870537488579895,0.06395348837209303,isotonic,82
0,0.1367822670817708,0.1640378548895899,isotonic,82
1,0.9973357422420769,1.0,isotonic,82
1,0.20636584246093084,0.1640378548895899,isotonic,82
0,0.10451194743066057,0.06395348837209303,isotonic,82
0,0.061092261583901734,0.03550295857988166,isotonic,82
1,0.9939953203400693,1.0,isotonic,82
1,0.9984567334585215,1.0,isotonic,82
0,0.373588666175891,0.34415584415584416,isotonic,82
0,0.051218424318152954,0.03550295857988166,isotonic,82
0,0.043443529785175926,0.03550295857988166,isotonic,82
1,0.9946800160603736,1.0,isotonic,82
1,0.9998518795397419,1.0,isotonic,82
0,0.14747071936946596,0.1640378548895899,isotonic,82
0,0.19142840584803772,0.1640378548895899,isotonic,82
1,0.1715626121149916,0.1640378548895899,isotonic,82
1,0.9868214852489968,1.0,isotonic,82
1,0.9785681757504504,1.0,isotonic,82
1,0.9982867602003302,1.0,isotonic,82
0,0.053393671953954606,0.03550295857988166,isotonic,82
1,0.28411131221345587,0.23717948717948717,isotonic,82
1,0.998295147982086,1.0,isotonic,82
0,0.2096287990273674,0.1640378548895899,isotonic,82
1,0.23912139114087597,0.21568627450980393,isotonic,82
1,0.9998789556181688,1.0,isotonic,82
1,0.27495333377540704,0.23717948717948717,isotonic,82
1,0.9982886286475812,1.0,isotonic,82
0,0.5845343542180562,0.6129032258064516,isotonic,82
0,0.3054551736014929,0.23717948717948717,isotonic,82
0,0.19057153849034936,0.1640378548895899,isotonic,82
0,0.16499689681628843,0.1640378548895899,isotonic,82
0,0.019263980698670437,0.0,isotonic,82
1,0.9895722855564123,1.0,isotonic,82
1,0.9981508960616249,1.0,isotonic,82
1,0.9973042934044835,1.0,isotonic,82
1,0.9972308536105848,1.0,isotonic,82
1,0.10695048292160866,0.08235294117647059,isotonic,82
0,0.3142660791180263,0.34415584415584416,isotonic,82
1,0.206980459259163,0.1640378548895899,isotonic,82
0,0.09732974791001572,0.06395348837209303,isotonic,82
1,0.18192403292613796,0.1640378548895899,isotonic,82
0,0.11090304050346388,0.08235294117647059,isotonic,82
0,0.10573951286149275,0.08235294117647059,isotonic,82
0,0.09676741724324758,0.06395348837209303,isotonic,82
0,0.09439568568541887,0.06395348837209303,isotonic,82
0,0.2003375067053161,0.1640378548895899,isotonic,82
1,0.9998615749980623,1.0,isotonic,82
1,0.38673135476775233,0.34415584415584416,isotonic,82
1,0.999791508553589,1.0,isotonic,82
1,0.9997581014709387,1.0,isotonic,82
0,0.061513164869211046,0.03550295857988166,isotonic,82
1,0.9919561701726467,1.0,isotonic,82
1,0.9984257435442178,1.0,isotonic,82
1,0.9785681757504504,1.0,isotonic,82
1,0.9998702846227424,1.0,isotonic,82
1,0.9969315978001595,1.0,isotonic,82
0,0.09047572208347116,0.06395348837209303,isotonic,82
0,0.016747473834527186,0.0,isotonic,82
1,0.9990721272112771,1.0,isotonic,82
0,0.18248540345721068,0.1640378548895899,isotonic,82
1,0.9999281064982584,1.0,isotonic,82
0,0.12929075130510512,0.13157894736842105,isotonic,82
0,0.217603108299791,0.1640378548895899,isotonic,82
0,0.17810196897679167,0.1640378548895899,isotonic,82
1,0.45276988161605947,0.4915254237288134,isotonic,82
1,0.49231866084238035,0.4915254237288134,isotonic,82
0,0.01971478349065973,0.0,isotonic,82
1,0.9999023812992244,1.0,isotonic,82
1,0.21953308189153325,0.1640378548895899,isotonic,82
1,0.9983925036236112,1.0,isotonic,82
0,0.11839602860815418,0.08235294117647059,isotonic,82
1,0.9998602441292347,1.0,isotonic,82
1,0.9785681757504504,1.0,isotonic,82
1,0.1166396160384552,0.08235294117647059,isotonic,82
0,0.20225136598659937,0.1640378548895899,isotonic,82
1,0.9785681757504504,1.0,isotonic,82
0,0.3123293391821147,0.23717948717948717,isotonic,82
0,0.3617030944764566,0.34415584415584416,isotonic,82
0,0.5047951625154266,0.4915254237288134,isotonic,82
1,0.998880682019027,1.0,isotonic,82
0,0.41341957148287717,0.45,isotonic,82
1,0.2078721962381919,0.1640378548895899,isotonic,82
0,0.13151359365213258,0.13157894736842105,isotonic,82
0,0.09295598777553697,0.06395348837209303,isotonic,82
0,0.024324930261390154,0.0,isotonic,82
1,0.959083504858873,1.0,isotonic,82
1,0.39592546596745753,0.34415584415584416,isotonic,82
0,0.568302062284239,0.5414989621641092,isotonic,82
0,0.06711520703767955,0.043478260869565216,isotonic,82
0,0.29182722569732183,0.23717948717948717,isotonic,82
1,0.9974117184965144,1.0,isotonic,82
0,0.01176741329798203,0.0,isotonic,82
1,0.9927403523703212,1.0,isotonic,82
0,0.22790939282880396,0.1640378548895899,isotonic,82
0,0.16877636394124568,0.1640378548895899,isotonic,82
0,0.22659078548313288,0.1640378548895899,isotonic,82
0,0.16419871669865269,0.1640378548895899,isotonic,82
0,0.044006553598248926,0.03550295857988166,isotonic,82
1,0.9785681757504504,1.0,isotonic,82
1,0.9955853685842863,1.0,isotonic,82
1,0.9999497582149863,1.0,isotonic,82
1,0.9998363618902318,1.0,isotonic,82
1,0.2457333555984128,0.21568627450980393,isotonic,82
0,0.21312873853155873,0.1640378548895899,isotonic,82
1,0.25347901498943326,0.23717948717948717,isotonic,82
0,0.23499866054239427,0.21568627450980393,isotonic,82
0,0.3565501278766601,0.34415584415584416,isotonic,82
1,0.9936535050821624,1.0,isotonic,82
0,0.39414391971399493,0.34415584415584416,isotonic,82
1,0.9976451089166485,1.0,isotonic,82
1,0.9976480603272677,1.0,isotonic,82
1,0.9973473879322462,1.0,isotonic,82
0,0.47702128834753005,0.4915254237288134,isotonic,82
0,0.09561544812020781,0.06395348837209303,isotonic,82
0,0.1700223673393118,0.1640378548895899,isotonic,82
0,0.3590840171190716,0.34415584415584416,isotonic,82
0,0.09646754357613727,0.06395348837209303,isotonic,82
0,0.05033610948276399,0.03550295857988166,isotonic,82
1,0.9962785801632034,1.0,isotonic,82
0,0.20356829088105272,0.1640378548895899,isotonic,82
1,0.9989548580610691,1.0,isotonic,82
0,0.0962604423776385,0.06395348837209303,isotonic,82
1,0.9998337641257229,1.0,isotonic,82
0,0.2988120487788312,0.23717948717948717,isotonic,82
1,0.9999422342394094,1.0,isotonic,82
1,0.999823333173597,1.0,isotonic,82
1,0.9969133683376826,1.0,isotonic,82
1,0.9999565984106628,1.0,isotonic,82
0,0.12385331385148685,0.08235294117647059,isotonic,82
0,0.24836803636835442,0.21568627450980393,isotonic,82
1,0.9988566309180099,1.0,isotonic,82
1,0.9993777861759288,1.0,isotonic,82
1,0.3644855285925017,0.34415584415584416,isotonic,82
0,0.23236996589371448,0.21568627450980393,isotonic,82
0,0.13836671900844139,0.1640378548895899,isotonic,82
0,0.02529457828983399,0.0,isotonic,82
0,0.2446818175353705,0.21568627450980393,isotonic,82
0,0.15774025229441124,0.1640378548895899,isotonic,82
1,0.9999794899601473,1.0,isotonic,82
1,0.9938963857395857,1.0,isotonic,82
1,0.9979926294430966,1.0,isotonic,82
1,0.9977846571193101,1.0,isotonic,82
1,0.9979225863048392,1.0,isotonic,82
1,0.9967967216810713,1.0,isotonic,82
0,0.008234593834978458,0.0,isotonic,82
0,0.1608704133032654,0.1640378548895899,isotonic,82
1,0.999814957011253,1.0,isotonic,82
1,0.9971211959734039,1.0,isotonic,82
1,0.03912946749960437,0.03550295857988166,isotonic,82
0,0.09913858263027361,0.06395348837209303,isotonic,82
0,0.33372282820865534,0.34415584415584416,isotonic,82
0,0.06050591126577591,0.03550295857988166,isotonic,82
0,0.1844919359990749,0.1640378548895899,isotonic,82
0,0.06323243171807362,0.03550295857988166,isotonic,82
1,0.9997489966830578,1.0,isotonic,82
0,0.09493535121156695,0.06395348837209303,isotonic,82
0,0.3504223128246744,0.34415584415584416,isotonic,82
0,0.009668042996152534,0.0,isotonic,82
0,0.06867338441058762,0.043478260869565216,isotonic,82
0,0.3127253076583111,0.23717948717948717,isotonic,82
1,0.6472696281287326,0.6129032258064516,isotonic,82
1,0.5550306170254674,0.4915254237288134,isotonic,82
0,0.1296671183718839,0.13157894736842105,isotonic,82
1,0.9998434664126619,1.0,isotonic,82
1,0.6466357347451084,0.6129032258064516,isotonic,82
1,0.9999602243402318,1.0,isotonic,82
0,0.1213430887328919,0.08235294117647059,isotonic,82
1,0.9999539722270593,1.0,isotonic,82
0,0.14650792949544683,0.1640378548895899,isotonic,82
0,0.35771465539378244,0.34415584415584416,isotonic,82
1,0.9990923564308595,1.0,isotonic,82
1,0.9999385068130062,1.0,isotonic,82
0,0.270122719248357,0.23717948717948717,isotonic,82
1,0.9990552833406555,1.0,isotonic,82
1,0.9981628934159538,1.0,isotonic,82
1,0.38727164685780957,0.34415584415584416,isotonic,82
1,0.9785681757504504,1.0,isotonic,82
0,0.12443879413561965,0.08235294117647059,isotonic,82
0,0.3967662951918519,0.34415584415584416,isotonic,82
0,0.07467456894050861,0.06395348837209303,isotonic,82
1,0.998724868291522,1.0,isotonic,82
1,0.9990505330662071,1.0,isotonic,82
1,0.9999503082699832,1.0,isotonic,82
0,0.3207698153918579,0.34415584415584416,isotonic,82
0,0.5032852171654904,0.4915254237288134,isotonic,82
0,0.03432295476389879,0.02,isotonic,82
0,0.056780990726749817,0.03550295857988166,isotonic,82
0,0.21100120641833678,0.1640378548895899,isotonic,82
0,0.04460396710764409,0.03550295857988166,isotonic,82
1,0.9999053498711743,1.0,isotonic,82
1,0.9986597238861027,1.0,isotonic,82
0,0.09549743212375532,0.06395348837209303,isotonic,82
0,0.04289744500329966,0.03550295857988166,isotonic,82
1,0.9981808201442106,1.0,isotonic,82
0,0.18191882236641824,0.1640378548895899,isotonic,82
1,0.9972446375297405,1.0,isotonic,82
0,0.20532457657658026,0.1640378548895899,isotonic,82
0,0.18250373087802813,0.1640378548895899,isotonic,82
1,0.9998198699603545,1.0,isotonic,82
1,0.9960359806365011,1.0,isotonic,82
0,0.028842358290475992,0.02,isotonic,82
1,0.4549825522428849,0.4915254237288134,isotonic,82
0,0.27229908999436214,0.23717948717948717,isotonic,82
1,0.14188166596297527,0.1640378548895899,isotonic,82
1,0.9983726616338456,1.0,isotonic,82
1,0.997316340981834,1.0,isotonic,82
1,0.9984961081637795,1.0,isotonic,82
0,0.24220970230165517,0.21568627450980393,isotonic,82
0,0.13232494561899283,0.13157894736842105,isotonic,82
0,0.22582858428365463,0.1640378548895899,isotonic,82
1,0.9999149086401111,1.0,isotonic,82
1,0.9973910029442744,1.0,isotonic,82
1,0.9999426027484414,1.0,isotonic,82
0,0.1919075137356262,0.1640378548895899,isotonic,82
0,0.3022812263985213,0.23717948717948717,isotonic,82
0,0.22988448217083327,0.21568627450980393,isotonic,82
1,0.9973077173843298,1.0,isotonic,82
0,0.15177763814091177,0.1640378548895899,isotonic,82
0,0.15236344099759755,0.1640378548895899,isotonic,82
0,0.08729037958452814,0.06395348837209303,isotonic,82
1,0.9993965194313796,1.0,isotonic,82
1,0.9979908420600617,1.0,isotonic,82
1,0.9785681757504504,1.0,isotonic,82
0,0.08003289259955214,0.06395348837209303,isotonic,82
0,0.14042007917982963,0.1640378548895899,isotonic,82
1,0.6042375603107818,0.6129032258064516,isotonic,82
0,0.1278762521832602,0.13157894736842105,isotonic,82
0,0.030607957889601693,0.02,isotonic,82
0,0.489748587722818,0.4915254237288134,isotonic,82
1,0.7515037706129247,0.6129032258064516,isotonic,82
1,0.997633466762094,1.0,isotonic,82
0,0.21994745052193793,0.1640378548895899,isotonic,82
1,0.15270446582401376,0.1640378548895899,isotonic,82
0,0.19033352180227517,0.1640378548895899,isotonic,82
0,0.46181668465975656,0.4915254237288134,isotonic,82
1,0.9999085927954211,1.0,isotonic,82
1,0.9985215950380231,1.0,isotonic,82
0,0.1594020344859899,0.1640378548895899,isotonic,82
1,0.9999844692791231,1.0,isotonic,82
0,0.11796104855919028,0.08235294117647059,isotonic,82
1,0.9785681757504504,1.0,isotonic,82
1,0.9999299933475738,1.0,isotonic,82
1,0.9975751150144341,1.0,isotonic,82
0,0.29522165920018956,0.23717948717948717,isotonic,82
1,0.1232140554513923,0.08235294117647059,isotonic,82
1,0.5805496101589627,0.6129032258064516,isotonic,82
1,0.5677635239524549,0.5356333813189949,isotonic,82
0,0.2250515410022235,0.1640378548895899,isotonic,82
0,0.14294249636546863,0.1640378548895899,isotonic,82
1,0.9961232437108993,1.0,isotonic,82
1,0.9999359862181818,1.0,isotonic,82
0,0.14469319091540175,0.1640378548895899,isotonic,82
1,0.9785681757504504,1.0,isotonic,82
1,0.9998787706887627,1.0,isotonic,82
0,0.1972349245680675,0.1640378548895899,isotonic,82
0,0.086873625070955,0.06395348837209303,isotonic,82
0,0.15975818160551922,0.1640378548895899,isotonic,82
0,0.17506209841483278,0.1640378548895899,isotonic,82
0,0.12681885612425495,0.125,isotonic,82
0,0.3546340548646976,0.34415584415584416,isotonic,82
1,0.9867706173296775,1.0,isotonic,82
1,0.0755987710665399,0.06395348837209303,isotonic,82
1,0.9999443944569468,1.0,isotonic,82
1,0.9951902884283824,1.0,isotonic,82
1,0.39919092395288935,0.45,isotonic,82
1,0.9999465610437039,1.0,isotonic,82
0,0.3072539266976247,0.23717948717948717,isotonic,82
0,0.1697614299513588,0.1640378548895899,isotonic,82
0,0.23019866325280008,0.21568627450980393,isotonic,82
0,0.11517519787488172,0.08235294117647059,isotonic,82
0,0.3885700661448334,0.34415584415584416,isotonic,82
1,0.5202683515565376,0.4915254237288134,isotonic,82
0,0.30161345640661624,0.23717948717948717,isotonic,82
1,0.7640125355367826,0.6129032258064516,isotonic,82
1,0.9969670571884586,1.0,isotonic,82
1,0.9998986199252937,1.0,isotonic,82
0,0.3922403712361084,0.34415584415584416,isotonic,82
1,0.9969463191960729,1.0,isotonic,82
0,0.10961949676866528,0.08235294117647059,isotonic,82
1,0.4996506280755206,0.4915254237288134,isotonic,82
1,0.03064587892918072,0.02,isotonic,82
0,0.055241054074494964,0.03550295857988166,isotonic,82
1,0.40452128255643727,0.45,isotonic,82
1,0.9985954745216594,1.0,isotonic,82
1,0.9997640566802284,1.0,isotonic,82
1,0.999959801436546,1.0,isotonic,82
1,0.19881268617389325,0.1640378548895899,isotonic,82
1,0.9979208194499012,1.0,isotonic,82
0,0.38708401306990425,0.34415584415584416,isotonic,82
1,0.9974026889922764,1.0,isotonic,82
0,0.02377465642917731,0.0,isotonic,82
0,0.25291978902099477,0.23717948717948717,isotonic,82
0,0.08597115991857993,0.06395348837209303,isotonic,82
1,0.4134211214082421,0.45,isotonic,82
0,0.06883885850467751,0.043478260869565216,isotonic,82
0,0.07158399216104061,0.04672105910771009,isotonic,82
1,0.98342532355969,1.0,isotonic,82
0,0.08532211683290265,0.06395348837209303,isotonic,82
1,0.9923355742456222,1.0,isotonic,82
1,0.17958503785311072,0.1640378548895899,isotonic,82
1,0.08781397058802305,0.06395348837209303,isotonic,82
1,0.999766918814411,1.0,isotonic,82
1,0.9973868010420722,1.0,isotonic,82
1,0.9973310694282044,1.0,isotonic,82
0,0.07331017643091312,0.06395348837209303,isotonic,82
1,0.9983917608178555,1.0,isotonic,82
0,0.12238368213387557,0.08235294117647059,isotonic,82
0,0.27387257539844495,0.23717948717948717,isotonic,82
0,0.0038331006550300917,0.0,isotonic,82
0,0.07870882074635341,0.06395348837209303,isotonic,82
0,0.16713173339597076,0.1640378548895899,isotonic,82
1,0.9965929280883935,1.0,isotonic,82
0,0.2430230535973919,0.21568627450980393,isotonic,82
1,0.9845230483566852,1.0,isotonic,82
0,0.34182959175463273,0.34415584415584416,isotonic,82
1,0.7424995026089781,0.6129032258064516,isotonic,82
0,0.052199683082223905,0.03550295857988166,isotonic,82
0,0.0578160354566267,0.03550295857988166,isotonic,82
0,0.3023777762538834,0.23717948717948717,isotonic,82
0,0.0395360647836948,0.03550295857988166,isotonic,82
1,0.9785681757504504,1.0,isotonic,82
0,0.15352274886607634,0.1640378548895899,isotonic,82
0,0.06899760372723836,0.043478260869565216,isotonic,82
0,0.28576528135592194,0.23717948717948717,isotonic,82
0,0.3676791393498719,0.34415584415584416,isotonic,82
1,0.9976264166753042,1.0,isotonic,82
0,0.10117853442615524,0.06395348837209303,isotonic,82
1,0.778298601564893,0.6129032258064516,isotonic,82
1,0.9987031015528093,1.0,isotonic,82
0,0.2566328016400408,0.23717948717948717,isotonic,82
0,0.10087594501999769,0.06395348837209303,isotonic,82
0,0.19712667528669625,0.1640378548895899,isotonic,82
0,0.33342617137642155,0.34415584415584416,isotonic,82
1,0.9966729627014996,1.0,isotonic,82
1,0.9785681757504504,1.0,isotonic,82
0,0.29142620173824524,0.23717948717948717,isotonic,82
1,0.9994196896280403,1.0,isotonic,82
1,0.9999373567000825,1.0,isotonic,82
0,0.17107813282754633,0.1640378548895899,isotonic,82
1,0.999931811832161,1.0,isotonic,82
0,0.40952939246117975,0.45,isotonic,82
1,0.9999756598670424,1.0,isotonic,82
1,0.43994257494208716,0.45,isotonic,82
1,0.9999546663210898,1.0,isotonic,82
0,0.09797343780721102,0.06395348837209303,isotonic,82
0,0.07209158581758855,0.06049534085163792,isotonic,82
1,0.5798564575425814,0.6129032258064516,isotonic,82
1,0.2618083584550871,0.23717948717948717,isotonic,82
0,0.017259418509525077,0.0,isotonic,82
1,0.9973536036763353,1.0,isotonic,82
1,0.17855730272922096,0.1640378548895899,isotonic,82
0,0.07671437856273261,0.06395348837209303,isotonic,82
0,0.018038411104991166,0.0,isotonic,82
0,0.09766790632360005,0.06395348837209303,isotonic,82
1,0.996707324706762,1.0,isotonic,82
1,0.3066736325087061,0.23717948717948717,isotonic,82
1,0.9785681757504504,1.0,isotonic,82
0,0.01756175293204274,0.0,isotonic,82
0,0.35291328963839086,0.34415584415584416,isotonic,82
1,0.999952669768104,1.0,isotonic,82
0,0.04631992385699016,0.03550295857988166,isotonic,82
1,0.15225487441133365,0.1640378548895899,isotonic,82
1,0.9998611138092769,1.0,isotonic,82
1,0.9984616693335714,1.0,isotonic,82
0,0.17371700221748448,0.1640378548895899,isotonic,82
1,0.9998656547433731,1.0,isotonic,82
0,0.14537762989868847,0.1640378548895899,isotonic,82
0,0.14776404202934432,0.1640378548895899,isotonic,82
0,0.1218070249109267,0.08235294117647059,isotonic,82
0,0.13056449889550498,0.13157894736842105,isotonic,82
1,0.9785681757504504,1.0,isotonic,82
0,0.06508462418862074,0.03550295857988166,isotonic,82
1,0.9998325935851654,1.0,isotonic,82
1,0.9927119441520884,1.0,isotonic,82
1,0.20269704771377717,0.1640378548895899,isotonic,82
0,0.2917989320960284,0.23717948717948717,isotonic,82
0,0.11408040006740544,0.08235294117647059,isotonic,82
0,0.7075881352477965,0.6129032258064516,isotonic,82
0,0.1455582847010608,0.1640378548895899,isotonic,82
0,0.04129723864183681,0.03550295857988166,isotonic,82
1,0.9998024169501217,1.0,isotonic,82
0,0.3111243461296218,0.23717948717948717,isotonic,82
0,0.1593227150713573,0.1640378548895899,isotonic,82
1,0.250470395015003,0.23717948717948717,isotonic,82
1,0.9991153352316745,1.0,isotonic,82
1,0.13162157180672374,0.13157894736842105,isotonic,82
1,0.9785681757504504,1.0,isotonic,82
1,0.5283132208409231,0.4915254237288134,isotonic,82
0,0.3599819805782165,0.34415584415584416,isotonic,82
1,0.9999662472008238,1.0,isotonic,82
1,0.13005415065553033,0.13157894736842105,isotonic,82
0,0.17354058302506617,0.1640378548895899,isotonic,82
1,0.3457116541101426,0.34415584415584416,isotonic,82
1,0.9974376292132434,1.0,isotonic,82
0,0.006071463052848925,0.0,isotonic,82
0,0.012072875223116702,0.0,isotonic,82
1,0.9984242603917598,1.0,isotonic,82
0,0.11493503307196487,0.08235294117647059,isotonic,82
1,0.9980695702854403,1.0,isotonic,82
1,0.9998394572384917,1.0,isotonic,82
0,0.10419854765106698,0.06395348837209303,isotonic,82
1,0.37857848819613693,0.34415584415584416,isotonic,82
0,0.05675963916499421,0.03550295857988166,isotonic,82
1,0.446791240886359,0.4825465383801481,isotonic,82
0,0.15523122707125295,0.1640378548895899,isotonic,82
0,0.274968194664651,0.23717948717948717,isotonic,82
0,0.006943167479547773,0.0,isotonic,82
1,0.9929650846281038,1.0,isotonic,82
1,0.9987028883954148,1.0,isotonic,82
1,0.9766951564779622,1.0,isotonic,82
0,0.029642887211216766,0.02,isotonic,82
0,0.024153255219020738,0.0,isotonic,82
1,0.9999010718076391,1.0,isotonic,82
0,0.5168668279677741,0.4915254237288134,isotonic,82
0,0.09207951431588182,0.06395348837209303,isotonic,82
0,0.24342461197388404,0.21568627450980393,isotonic,82
1,0.9982044977638825,1.0,isotonic,82
0,0.2989977718795301,0.23717948717948717,isotonic,82
1,0.9976908258834519,1.0,isotonic,82
0,0.05231253352079033,0.03550295857988166,isotonic,82
0,0.08403917717112376,0.06395348837209303,isotonic,82
0,0.06755919868176301,0.043478260869565216,isotonic,82
1,0.9976559516683214,1.0,isotonic,82
0,0.03611237852811847,0.02,isotonic,82
0,0.09279010028969191,0.06395348837209303,isotonic,82
0,0.04473047341622659,0.03550295857988166,isotonic,82
1,0.9984456205989789,1.0,isotonic,82
1,0.817564387118938,0.6129032258064516,isotonic,82
1,0.9973757620274111,1.0,isotonic,82
1,0.48361461732022,0.4915254237288134,isotonic,82
1,0.9977515714218875,1.0,isotonic,82
1,0.99619671779667,1.0,isotonic,82
1,0.9956054249658601,1.0,isotonic,82
0,0.23762365836666424,0.21568627450980393,isotonic,82
1,0.9998493372759976,1.0,isotonic,82
1,0.9974811085921663,1.0,isotonic,82
0,0.07777889858962832,0.06395348837209303,isotonic,82
0,0.03370742187278432,0.02,isotonic,82
0,0.4566088303073405,0.4915254237288134,isotonic,82
1,0.9785681757504504,1.0,isotonic,82
0,0.19621580959406965,0.1640378548895899,isotonic,82
0,0.11919627351695893,0.08235294117647059,isotonic,82
0,0.07554813546607574,0.06395348837209303,isotonic,82
0,0.37768893039610474,0.34415584415584416,isotonic,82
1,0.9999161765151043,1.0,isotonic,82
0,0.06880868547672389,0.043478260869565216,isotonic,82
1,0.9998610441325412,1.0,isotonic,82
0,0.13609290674835048,0.1640378548895899,isotonic,82
0,0.018241771256971073,0.0,isotonic,82
0,0.21339455434248764,0.1640378548895899,isotonic,82
1,0.3892237356484525,0.34415584415584416,isotonic,82
0,0.21946855905129517,0.1640378548895899,isotonic,82
1,0.9983155636687611,1.0,isotonic,82
1,0.8636217188077041,0.6129032258064516,isotonic,82
1,0.9789158663189332,1.0,isotonic,82
0,0.127859054951613,0.13157894736842105,isotonic,82
0,0.48428685492886053,0.4915254237288134,isotonic,82
1,0.9945219806488503,1.0,isotonic,82
0,0.04211295008121105,0.03550295857988166,isotonic,82
1,0.9993348786420722,1.0,isotonic,82
0,0.03318652013258715,0.02,isotonic,82
0,0.04274006848402743,0.03550295857988166,isotonic,82
1,0.9984751904381504,1.0,isotonic,82
0,0.248898875187553,0.21568627450980393,isotonic,82
0,0.21544262353341836,0.1640378548895899,isotonic,82
0,0.04292895347993335,0.03550295857988166,isotonic,82
0,0.14179443479462006,0.1640378548895899,isotonic,82
1,0.9974118041791039,1.0,isotonic,82
0,0.16178548394478084,0.1640378548895899,isotonic,82
0,0.18762984919304107,0.1640378548895899,isotonic,82
1,0.9997119499929277,1.0,isotonic,82
1,0.07810249126332112,0.06395348837209303,isotonic,82
0,0.30547124557155303,0.23717948717948717,isotonic,82
1,0.9785681757504504,1.0,isotonic,82
0,0.04053907250814759,0.03550295857988166,isotonic,82
0,0.09143288065327665,0.06395348837209303,isotonic,82
0,0.32300765376498414,0.34415584415584416,isotonic,82
0,0.10277537616314121,0.06395348837209303,isotonic,82
0,0.3970056775257081,0.34415584415584416,isotonic,82
1,0.999804200858127,1.0,isotonic,82
